wind_metric,wind_metric_label,season,interconnectorId,interconnectorName,wind_bucket,direction,level_metric,bin_width_mw,wind_bucket_observations,direction_observations,direction_share_pct,mean_signed_mw,median_signed_mw,mean_import_mw,mean_export_mw,old_summary_mean_level_mw,net_gwh,import_half_hours,export_half_hours,near_zero_half_hours,import_share_pct,export_share_pct,near_zero_share_pct,mean_wind_mw,min_wind_mw,max_wind_mw,mean_level_mw,median_level_mw,min_level_mw,max_level_mw,mode_bin_lower_mw,mode_bin_upper_mw,most_probable_level_mw,mode_bin_count,mode_bin_probability_pct,mode_pdf_density_per_mw
wind_actual_mw,Actual wind output,All,TOTAL_GB_INTERCONNECTORS,GB interconnector fleet total,lowest_20pct,import,import_mw_positive_magnitude_conditional_on_importing,100.0,15712,12931,82.30015274949083,2916.7809317718943,3684.0,3311.9643584521386,395.1834266802444,3311.9643584521386,22914.231,12931,2776,5,82.30015274949083,17.668024439918533,0.03182281059063136,1651.2823973523425,-115.2388,2830.466,4024.2505606681616,4056.0,2.0,9148.0,3700.0,3800.0,3750.0,424.0,3.2789420771788724,0.00032789420771788723
wind_actual_mw,Actual wind output,All,TOTAL_GB_INTERCONNECTORS,GB interconnector fleet total,lowest_20pct,export,export_mw_positive_magnitude_conditional_on_exporting,100.0,15712,2776,17.668024439918533,2916.7809317718943,3684.0,3311.9643584521386,395.1834266802444,395.1834266802444,22914.231,12931,2776,5,82.30015274949083,17.668024439918533,0.03182281059063136,1651.2823973523425,-115.2388,2830.466,2236.715417867435,1985.0,2.0,6350.0,200.0,300.0,250.0,102.0,3.674351585014409,0.0003674351585014409
wind_actual_mw,Actual wind output,All,TOTAL_GB_INTERCONNECTORS,GB interconnector fleet total,20_40pct,import,import_mw_positive_magnitude_conditional_on_importing,100.0,15705,12895,82.10760904170647,2856.055651066539,3472.0,3261.1628143903217,405.10716332378223,3261.1628143903217,22427.177,12895,2806,4,82.10760904170647,17.86692136262337,0.025469595670168738,3893.593370518943,2830.6159999999995,5018.745599999998,3971.815587436991,4066.0,2.0,9230.0,4400.0,4500.0,4450.0,270.0,2.093834819697557,0.00020938348196975572
wind_actual_mw,Actual wind output,All,TOTAL_GB_INTERCONNECTORS,GB interconnector fleet total,20_40pct,export,export_mw_positive_magnitude_conditional_on_exporting,100.0,15705,2806,17.86692136262337,2856.055651066539,3472.0,3261.1628143903217,405.10716332378223,405.10716332378223,22427.177,12895,2806,4,82.10760904170647,17.86692136262337,0.025469595670168738,3893.593370518943,2830.6159999999995,5018.745599999998,2267.35851746258,2075.0,8.0,6584.0,1100.0,1200.0,1150.0,82.0,2.9223093371347115,0.00029223093371347116
wind_actual_mw,Actual wind output,All,TOTAL_GB_INTERCONNECTORS,GB interconnector fleet total,40_60pct,import,import_mw_positive_magnitude_conditional_on_importing,100.0,15712,12487,79.47428716904277,2475.2856415478614,3014.0,2956.9727596741345,481.68711812627294,2956.9727596741345,19445.844,12487,3222,3,79.47428716904277,20.50661914460285,0.019093686354378817,6261.010603245926,5018.818,7611.486599999997,3720.665972611516,3766.0,2.0,9026.0,4200.0,4300.0,4250.0,272.0,2.1782653960118523,0.00021782653960118522
wind_actual_mw,Actual wind output,All,TOTAL_GB_INTERCONNECTORS,GB interconnector fleet total,40_60pct,export,export_mw_positive_magnitude_conditional_on_exporting,100.0,15712,3222,20.50661914460285,2475.2856415478614,3014.0,2956.9727596741345,481.68711812627294,481.68711812627294,19445.844,12487,3222,3,79.47428716904277,20.50661914460285,0.019093686354378817,6261.010603245926,5018.818,7611.486599999997,2348.934823091248,2172.0,2.0,6774.0,200.0,300.0,250.0,101.0,3.134698944754811,0.0003134698944754811
wind_actual_mw,Actual wind output,All,TOTAL_GB_INTERCONNECTORS,GB interconnector fleet total,60_80pct,import,import_mw_positive_magnitude_conditional_on_importing,100.0,15705,11900,75.772047118752,2032.4971665074818,2294.0,2540.4933460681314,507.99617956064947,2540.4933460681314,15960.184,11900,3804,1,75.772047118752,24.221585482330468,0.006367398917542184,9147.22514184018,7611.787199999998,10784.568000000005,3352.810756302521,3280.0,2.0,8832.0,2700.0,2800.0,2750.0,219.0,1.8403361344537814,0.00018403361344537816
wind_actual_mw,Actual wind output,All,TOTAL_GB_INTERCONNECTORS,GB interconnector fleet total,60_80pct,export,export_mw_positive_magnitude_conditional_on_exporting,100.0,15705,3804,24.221585482330468,2032.4971665074818,2294.0,2540.4933460681314,507.99617956064947,507.99617956064947,15960.184,11900,3804,1,75.772047118752,24.221585482330468,0.006367398917542184,9147.22514184018,7611.787199999998,10784.568000000005,2097.287066246057,1685.0,2.0,6302.0,100.0,200.0,150.0,156.0,4.100946372239748,0.00041009463722397477
wind_actual_mw,Actual wind output,All,TOTAL_GB_INTERCONNECTORS,GB interconnector fleet total,highest_20pct,import,import_mw_positive_magnitude_conditional_on_importing,100.0,15710,10810,68.80967536600892,1597.0171865054106,1801.0,2300.727943984723,703.7107574793125,2300.727943984723,12544.57,10810,4894,6,68.80967536600892,31.152132399745387,0.03819223424570337,12713.216694793125,10784.598000000004,17142.889999999996,3343.6111008325624,3180.0,2.0,8530.0,2000.0,2100.0,2050.0,225.0,2.0814061054579094,0.00020814061054579092
wind_actual_mw,Actual wind output,All,TOTAL_GB_INTERCONNECTORS,GB interconnector fleet total,highest_20pct,export,export_mw_positive_magnitude_conditional_on_exporting,100.0,15710,4894,31.152132399745387,1597.0171865054106,1801.0,2300.727943984723,703.7107574793125,703.7107574793125,12544.57,10810,4894,6,68.80967536600892,31.152132399745387,0.03819223424570337,12713.216694793125,10784.598000000004,17142.889999999996,2258.948917041275,2046.0,2.0,7914.0,1100.0,1200.0,1150.0,152.0,3.1058438904781367,0.00031058438904781364
wind_actual_mw,Actual wind output,All,INTELEC,Eleclink (INTELEC),lowest_20pct,import,import_mw_positive_magnitude_conditional_on_importing,100.0,11353,7328,64.54681581960715,393.93605214480755,738.0,546.1752840658856,152.23923192107813,546.1752840658856,2236.1780000000003,7328,2551,1474,64.54681581960715,22.469831762529726,12.98335241786312,1729.5558353915264,-115.2388,2830.466,846.1692139737992,996.0,2.0,1102.0,900.0,1000.0,950.0,4804.0,65.55676855895196,0.006555676855895196
wind_actual_mw,Actual wind output,All,INTELEC,Eleclink (INTELEC),lowest_20pct,export,export_mw_positive_magnitude_conditional_on_exporting,100.0,11353,2551,22.469831762529726,393.93605214480755,738.0,546.1752840658856,152.23923192107813,152.23923192107813,2236.1780000000003,7328,2551,1474,64.54681581960715,22.469831762529726,12.98335241786312,1729.5558353915264,-115.2388,2830.466,677.5272442179537,838.0,2.0,1026.0,1000.0,1100.0,1050.0,625.0,24.50019600156801,0.0024500196001568013
wind_actual_mw,Actual wind output,All,INTELEC,Eleclink (INTELEC),20_40pct,import,import_mw_positive_magnitude_conditional_on_importing,100.0,12862,8811,68.50412066552636,445.8334629140103,850.0,579.3711708909967,133.53770797698647,579.3711708909967,2867.155,8811,2533,1518,68.50412066552636,19.693671279738766,11.802208054734878,3887.8469440211475,2830.6159999999995,5018.745599999998,845.7464532970151,996.0,2.0,1002.0,900.0,1000.0,950.0,5924.0,67.2341391442515,0.00672341391442515
wind_actual_mw,Actual wind output,All,INTELEC,Eleclink (INTELEC),20_40pct,export,export_mw_positive_magnitude_conditional_on_exporting,100.0,12862,2533,19.693671279738766,445.8334629140103,850.0,579.3711708909967,133.53770797698647,133.53770797698647,2867.155,8811,2533,1518,68.50412066552636,19.693671279738766,11.802208054734878,3887.8469440211475,2830.6159999999995,5018.745599999998,678.0742202921437,878.0,2.0,1026.0,1000.0,1100.0,1050.0,853.0,33.6754836162653,0.00336754836162653
wind_actual_mw,Actual wind output,All,INTELEC,Eleclink (INTELEC),40_60pct,import,import_mw_positive_magnitude_conditional_on_importing,100.0,12871,8686,67.4850438971331,408.53158262761247,724.0,550.1623805454121,141.6307979177997,550.1623805454121,2629.1049999999996,8686,2587,1598,67.4850438971331,20.099448372309844,12.415507730557067,6270.893215150338,5018.8512,7611.486599999997,815.2360119732904,994.0,2.0,1258.0,900.0,1000.0,950.0,5417.0,62.36472484457748,0.006236472484457748
wind_actual_mw,Actual wind output,All,INTELEC,Eleclink (INTELEC),40_60pct,export,export_mw_positive_magnitude_conditional_on_exporting,100.0,12871,2587,20.099448372309844,408.53158262761247,724.0,550.1623805454121,141.6307979177997,141.6307979177997,2629.1049999999996,8686,2587,1598,67.4850438971331,20.099448372309844,12.415507730557067,6270.893215150338,5018.8512,7611.486599999997,704.6501739466563,856.0,2.0,1026.0,1000.0,1100.0,1050.0,963.0,37.224584460765364,0.0037224584460765365
wind_actual_mw,Actual wind output,All,INTELEC,Eleclink (INTELEC),60_80pct,import,import_mw_positive_magnitude_conditional_on_importing,100.0,12364,7617,61.60627628599159,337.42025234551926,452.0,482.9838240051763,145.56357165965707,482.9838240051763,2085.9320000000002,7617,2898,1849,61.60627628599159,23.43901649951472,14.954707214493693,9105.177387301845,7611.787199999998,10784.430800000004,783.9847709071813,988.0,2.0,1260.0,900.0,1000.0,950.0,4336.0,56.92529867401864,0.005692529867401864
wind_actual_mw,Actual wind output,All,INTELEC,Eleclink (INTELEC),60_80pct,export,export_mw_positive_magnitude_conditional_on_exporting,100.0,12364,2898,23.43901649951472,337.42025234551926,452.0,482.9838240051763,145.56357165965707,145.56357165965707,2085.9320000000002,7617,2898,1849,61.60627628599159,23.43901649951472,14.954707214493693,9105.177387301845,7611.787199999998,10784.430800000004,621.0310559006211,752.0,2.0,1028.0,1000.0,1100.0,1050.0,711.0,24.53416149068323,0.0024534161490683227
wind_actual_mw,Actual wind output,All,INTELEC,Eleclink (INTELEC),highest_20pct,import,import_mw_positive_magnitude_conditional_on_importing,100.0,13378,7838,58.588727761997305,278.49544027507847,263.0,426.19061145163704,147.69517117655852,426.19061145163704,1862.856,7838,3212,2328,58.588727761997305,24.00956794737629,17.4017042906264,12868.123311346986,10784.7864,17142.889999999996,727.4276601173768,911.0,2.0,1014.0,900.0,1000.0,950.0,3717.0,47.42281194182189,0.004742281194182189
wind_actual_mw,Actual wind output,All,INTELEC,Eleclink (INTELEC),highest_20pct,export,export_mw_positive_magnitude_conditional_on_exporting,100.0,13378,3212,24.00956794737629,278.49544027507847,263.0,426.19061145163704,147.69517117655852,147.69517117655852,1862.856,7838,3212,2328,58.588727761997305,24.00956794737629,17.4017042906264,12868.123311346986,10784.7864,17142.889999999996,615.1513075965131,690.0,2.0,1026.0,1000.0,1100.0,1050.0,950.0,29.576587795765878,0.002957658779576588
wind_actual_mw,Actual wind output,All,INTEW,Ireland(East-West),lowest_20pct,import,import_mw_positive_magnitude_conditional_on_importing,100.0,15712,2140,13.620162932790226,-159.89625763747455,-42.0,31.686608961303463,191.582866598778,31.686608961303463,-1256.1450000000002,2140,8550,5022,13.620162932790226,54.41700610997964,31.962830957230143,1651.2823973523425,-115.2388,2830.466,232.6448598130841,194.0,2.0,504.0,0.0,100.0,50.0,715.0,33.41121495327103,0.003341121495327103
wind_actual_mw,Actual wind output,All,INTEW,Ireland(East-West),lowest_20pct,export,export_mw_positive_magnitude_conditional_on_exporting,100.0,15712,8550,54.41700610997964,-159.89625763747455,-42.0,31.686608961303463,191.582866598778,191.582866598778,-1256.1450000000002,2140,8550,5022,13.620162932790226,54.41700610997964,31.962830957230143,1651.2823973523425,-115.2388,2830.466,352.0643274853801,410.0,2.0,536.0,500.0,600.0,550.0,3499.0,40.92397660818713,0.004092397660818713
wind_actual_mw,Actual wind output,All,INTEW,Ireland(East-West),20_40pct,import,import_mw_positive_magnitude_conditional_on_importing,100.0,15705,2297,14.625915313594396,-166.5447946513849,-66.0,35.004648201209804,201.54944285259472,35.004648201209804,-1307.7930000000001,2297,8876,4532,14.625915313594396,56.51703279210443,28.85705189430118,3893.593370518943,2830.6159999999995,5018.745599999998,239.33304309969526,218.0,2.0,504.0,0.0,100.0,50.0,714.0,31.084022638223768,0.003108402263822377
wind_actual_mw,Actual wind output,All,INTEW,Ireland(East-West),20_40pct,export,export_mw_positive_magnitude_conditional_on_exporting,100.0,15705,8876,56.51703279210443,-166.5447946513849,-66.0,35.004648201209804,201.54944285259472,201.54944285259472,-1307.7930000000001,2297,8876,4532,14.625915313594396,56.51703279210443,28.85705189430118,3893.593370518943,2830.6159999999995,5018.745599999998,356.6171698963497,425.0,2.0,586.0,500.0,600.0,550.0,3720.0,41.91077061739522,0.004191077061739522
wind_actual_mw,Actual wind output,All,INTEW,Ireland(East-West),40_60pct,import,import_mw_positive_magnitude_conditional_on_importing,100.0,15712,3066,19.513747454175153,-140.45812118126273,-18.0,46.79276985743381,187.25089103869655,46.79276985743381,-1103.439,3066,8255,4391,19.513747454175153,52.53946028513238,27.946792260692465,6261.010603245926,5018.818,7611.486599999997,239.79386823222438,204.0,2.0,504.0,0.0,100.0,50.0,950.0,30.984996738421394,0.0030984996738421394
wind_actual_mw,Actual wind output,All,INTEW,Ireland(East-West),40_60pct,export,export_mw_positive_magnitude_conditional_on_exporting,100.0,15712,8255,52.53946028513238,-140.45812118126273,-18.0,46.79276985743381,187.25089103869655,187.25089103869655,-1103.439,3066,8255,4391,19.513747454175153,52.53946028513238,27.946792260692465,6261.010603245926,5018.818,7611.486599999997,356.40048455481525,436.0,2.0,586.0,500.0,600.0,550.0,3604.0,43.65838885523925,0.004365838885523925
wind_actual_mw,Actual wind output,All,INTEW,Ireland(East-West),60_80pct,import,import_mw_positive_magnitude_conditional_on_importing,100.0,15705,3047,19.401464501751033,-142.32766634829673,-28.0,46.71429481056988,189.0419611588666,46.71429481056988,-1117.6280000000002,3047,8457,4201,19.401464501751033,53.84909264565425,26.74944285259471,9147.22514184018,7611.787199999998,10784.568000000005,240.77715786019036,204.0,2.0,504.0,0.0,100.0,50.0,929.0,30.48900557925829,0.003048900557925829
wind_actual_mw,Actual wind output,All,INTEW,Ireland(East-West),60_80pct,export,export_mw_positive_magnitude_conditional_on_exporting,100.0,15705,8457,53.84909264565425,-142.32766634829673,-28.0,46.71429481056988,189.0419611588666,189.0419611588666,-1117.6280000000002,3047,8457,4201,19.401464501751033,53.84909264565425,26.74944285259471,9147.22514184018,7611.787199999998,10784.568000000005,351.05876788459267,434.0,2.0,588.0,500.0,600.0,550.0,3755.0,44.40108785621379,0.004440108785621379
wind_actual_mw,Actual wind output,All,INTEW,Ireland(East-West),highest_20pct,import,import_mw_positive_magnitude_conditional_on_importing,100.0,15710,3631,23.112667091024825,-110.63628262253341,0.0,52.812858052196056,163.44914067472948,52.812858052196056,-869.0480000000001,3631,7688,4391,23.112667091024825,48.93698281349459,27.950350095480587,12713.216694793125,10784.598000000004,17142.889999999996,228.50179014045716,204.0,2.0,504.0,0.0,100.0,50.0,1165.0,32.08482511704764,0.0032084825117047644
wind_actual_mw,Actual wind output,All,INTEW,Ireland(East-West),highest_20pct,export,export_mw_positive_magnitude_conditional_on_exporting,100.0,15710,7688,48.93698281349459,-110.63628262253341,0.0,52.812858052196056,163.44914067472948,163.44914067472948,-869.0480000000001,3631,7688,4391,23.112667091024825,48.93698281349459,27.950350095480587,12713.216694793125,10784.598000000004,17142.889999999996,333.99921956295526,384.0,2.0,542.0,500.0,600.0,550.0,3082.0,40.08844953173777,0.004008844953173777
wind_actual_mw,Actual wind output,All,INTFR,France(IFA),lowest_20pct,import,import_mw_positive_magnitude_conditional_on_importing,100.0,15712,11720,74.59266802443992,835.0773930753564,1002.0,971.6796079429736,136.6022148676171,971.6796079429736,6560.368,11720,3374,618,74.59266802443992,21.474032586558046,3.9332993890020367,1651.2823973523425,-115.2388,2830.466,1302.6476109215016,1358.0,2.0,2548.0,2000.0,2100.0,2050.0,2613.0,22.295221843003414,0.0022295221843003413
wind_actual_mw,Actual wind output,All,INTFR,France(IFA),lowest_20pct,export,export_mw_positive_magnitude_conditional_on_exporting,100.0,15712,3374,21.474032586558046,835.0773930753564,1002.0,971.6796079429736,136.6022148676171,136.6022148676171,6560.368,11720,3374,618,74.59266802443992,21.474032586558046,3.9332993890020367,1651.2823973523425,-115.2388,2830.466,636.127445168939,691.0,2.0,1842.0,1000.0,1100.0,1050.0,937.0,27.771191464137523,0.0027771191464137524
wind_actual_mw,Actual wind output,All,INTFR,France(IFA),20_40pct,import,import_mw_positive_magnitude_conditional_on_importing,100.0,15705,11926,75.9375994906081,840.0096784463547,1002.0,970.0550143266476,130.0453358802929,970.0550143266476,6596.1759999999995,11926,3110,669,75.9375994906081,19.802610633556192,4.259789875835721,3893.593370518943,2830.6159999999995,5018.745599999998,1277.437028341439,1340.0,2.0,2174.0,2000.0,2100.0,2050.0,1954.0,16.38437028341439,0.001638437028341439
wind_actual_mw,Actual wind output,All,INTFR,France(IFA),20_40pct,export,export_mw_positive_magnitude_conditional_on_exporting,100.0,15705,3110,19.802610633556192,840.0096784463547,1002.0,970.0550143266476,130.0453358802929,130.0453358802929,6596.1759999999995,11926,3110,669,75.9375994906081,19.802610633556192,4.259789875835721,3893.593370518943,2830.6159999999995,5018.745599999998,656.708038585209,696.0,2.0,2056.0,1000.0,1100.0,1050.0,765.0,24.59807073954984,0.002459807073954984
wind_actual_mw,Actual wind output,All,INTFR,France(IFA),40_60pct,import,import_mw_positive_magnitude_conditional_on_importing,100.0,15712,11186,71.1939918533605,712.4862525458249,996.0,866.9873981670061,154.50114562118125,866.9873981670061,5597.292,11186,3816,710,71.1939918533605,24.287169042769857,4.518839103869654,6261.010603245926,5018.818,7611.486599999997,1217.7816913999643,1216.0,2.0,2094.0,1000.0,1100.0,1050.0,1738.0,15.537278741283748,0.0015537278741283747
wind_actual_mw,Actual wind output,All,INTFR,France(IFA),40_60pct,export,export_mw_positive_magnitude_conditional_on_exporting,100.0,15712,3816,24.287169042769857,712.4862525458249,996.0,866.9873981670061,154.50114562118125,154.50114562118125,5597.292,11186,3816,710,71.1939918533605,24.287169042769857,4.518839103869654,6261.010603245926,5018.818,7611.486599999997,636.1430817610063,674.0,2.0,2056.0,1000.0,1100.0,1050.0,906.0,23.742138364779876,0.0023742138364779876
wind_actual_mw,Actual wind output,All,INTFR,France(IFA),60_80pct,import,import_mw_positive_magnitude_conditional_on_importing,100.0,15705,10335,65.80706781279846,541.7837631327602,708.0,734.9633874562242,193.17962432346386,734.9633874562242,4254.357000000001,10335,4710,660,65.80706781279846,29.990448901623683,4.202483285577841,9147.22514184018,7611.787199999998,10784.568000000005,1116.8456700532172,1006.0,2.0,2142.0,1000.0,1100.0,1050.0,1475.0,14.271891630382196,0.0014271891630382198
wind_actual_mw,Actual wind output,All,INTFR,France(IFA),60_80pct,export,export_mw_positive_magnitude_conditional_on_exporting,100.0,15705,4710,29.990448901623683,541.7837631327602,708.0,734.9633874562242,193.17962432346386,193.17962432346386,4254.357000000001,10335,4710,660,65.80706781279846,29.990448901623683,4.202483285577841,9147.22514184018,7611.787199999998,10784.568000000005,644.1371549893843,641.0,2.0,2072.0,1000.0,1100.0,1050.0,1073.0,22.78131634819533,0.002278131634819533
wind_actual_mw,Actual wind output,All,INTFR,France(IFA),highest_20pct,import,import_mw_positive_magnitude_conditional_on_importing,100.0,15710,9801,62.38701464035646,398.59083386378103,490.0,650.2611075747931,251.6702737110121,650.2611075747931,3130.9309999999996,9801,5362,547,62.38701464035646,34.13112667091025,3.4818586887332907,12713.216694793125,10784.598000000004,17142.889999999996,1042.3020099989797,1004.0,2.0,2630.0,1500.0,1600.0,1550.0,1376.0,14.039383736353434,0.0014039383736353433
wind_actual_mw,Actual wind output,All,INTFR,France(IFA),highest_20pct,export,export_mw_positive_magnitude_conditional_on_exporting,100.0,15710,5362,34.13112667091025,398.59083386378103,490.0,650.2611075747931,251.6702737110121,251.6702737110121,3130.9309999999996,9801,5362,547,62.38701464035646,34.13112667091025,3.4818586887332907,12713.216694793125,10784.598000000004,17142.889999999996,737.3629242819843,712.0,2.0,2070.0,1000.0,1100.0,1050.0,1124.0,20.962327489742634,0.002096232748974263
wind_actual_mw,Actual wind output,All,INTGRNL,Ireland (Greenlink),lowest_20pct,import,import_mw_positive_magnitude_conditional_on_importing,100.0,2314,144,6.222990492653413,-427.1123595505618,-514.0,7.296456352636128,434.40881590319793,7.296456352636128,-494.169,144,2155,15,6.222990492653413,93.12878133102852,0.648228176318064,1812.2626472774418,15.667399999999992,2829.543599999999,117.25,60.0,4.0,500.0,0.0,100.0,50.0,88.0,61.111111111111114,0.006111111111111111
wind_actual_mw,Actual wind output,All,INTGRNL,Ireland (Greenlink),lowest_20pct,export,export_mw_positive_magnitude_conditional_on_exporting,100.0,2314,2155,93.12878133102852,-427.1123595505618,-514.0,7.296456352636128,434.40881590319793,434.40881590319793,-494.169,144,2155,15,6.222990492653413,93.12878133102852,0.648228176318064,1812.2626472774418,15.667399999999992,2829.543599999999,466.4603248259861,514.0,6.0,516.0,500.0,600.0,550.0,1515.0,70.30162412993039,0.0070301624129930395
wind_actual_mw,Actual wind output,All,INTGRNL,Ireland (Greenlink),20_40pct,import,import_mw_positive_magnitude_conditional_on_importing,100.0,3202,281,8.77576514678326,-388.2704559650219,-514.0,18.422236102435978,406.6926920674578,18.422236102435978,-621.6210000000001,281,2861,60,8.77576514678326,89.35040599625235,1.8738288569643973,3933.523303372892,2830.7489999999984,5018.335199999999,209.92170818505338,216.0,2.0,506.0,0.0,100.0,50.0,103.0,36.654804270462634,0.0036654804270462634
wind_actual_mw,Actual wind output,All,INTGRNL,Ireland (Greenlink),20_40pct,export,export_mw_positive_magnitude_conditional_on_exporting,100.0,3202,2861,89.35040599625235,-388.2704559650219,-514.0,18.422236102435978,406.6926920674578,406.6926920674578,-621.6210000000001,281,2861,60,8.77576514678326,89.35040599625235,1.8738288569643973,3933.523303372892,2830.7489999999984,5018.335199999999,455.16602586508213,514.0,2.0,516.0,500.0,600.0,550.0,1954.0,68.2977979727368,0.0068297797972736805
wind_actual_mw,Actual wind output,All,INTGRNL,Ireland (Greenlink),40_60pct,import,import_mw_positive_magnitude_conditional_on_importing,100.0,3458,440,12.724117987275882,-347.90225563909775,-514.0,34.828224407171774,382.7304800462695,34.828224407171774,-601.523,440,2968,50,12.724117987275882,85.82995951417004,1.4459224985540775,6281.14910746096,5018.8512,7611.486599999997,273.7181818181818,261.0,2.0,506.0,0.0,100.0,50.0,95.0,21.59090909090909,0.002159090909090909
wind_actual_mw,Actual wind output,All,INTGRNL,Ireland (Greenlink),40_60pct,export,export_mw_positive_magnitude_conditional_on_exporting,100.0,3458,2968,85.82995951417004,-347.90225563909775,-514.0,34.828224407171774,382.7304800462695,382.7304800462695,-601.523,440,2968,50,12.724117987275882,85.82995951417004,1.4459224985540775,6281.14910746096,5018.8512,7611.486599999997,445.91711590296495,514.0,2.0,516.0,500.0,600.0,550.0,1930.0,65.02695417789758,0.006502695417789758
wind_actual_mw,Actual wind output,All,INTGRNL,Ireland (Greenlink),60_80pct,import,import_mw_positive_magnitude_conditional_on_importing,100.0,3180,423,13.30188679245283,-341.4050314465409,-514.0,36.77169811320755,378.1767295597484,36.77169811320755,-542.8340000000001,423,2695,62,13.30188679245283,84.74842767295597,1.949685534591195,9071.195174528302,7612.539400000001,10783.756,276.43971631205676,250.0,2.0,506.0,200.0,300.0,250.0,90.0,21.27659574468085,0.002127659574468085
wind_actual_mw,Actual wind output,All,INTGRNL,Ireland (Greenlink),60_80pct,export,export_mw_positive_magnitude_conditional_on_exporting,100.0,3180,2695,84.74842767295597,-341.4050314465409,-514.0,36.77169811320755,378.1767295597484,378.1767295597484,-542.8340000000001,423,2695,62,13.30188679245283,84.74842767295597,1.949685534591195,9071.195174528302,7612.539400000001,10783.756,446.23450834879407,514.0,2.0,516.0,500.0,600.0,550.0,1759.0,65.26901669758813,0.0065269016697588125
wind_actual_mw,Actual wind output,All,INTGRNL,Ireland (Greenlink),highest_20pct,import,import_mw_positive_magnitude_conditional_on_importing,100.0,3830,822,21.462140992167104,-273.20313315926893,-462.0,55.61618798955614,328.81932114882505,55.61618798955614,-523.1840000000002,822,2987,21,21.462140992167104,77.98955613577023,0.5483028720626633,13079.995910652742,10784.7864,17142.889999999996,259.1362530413625,223.0,2.0,506.0,200.0,300.0,250.0,208.0,25.304136253041364,0.0025304136253041366
wind_actual_mw,Actual wind output,All,INTGRNL,Ireland (Greenlink),highest_20pct,export,export_mw_positive_magnitude_conditional_on_exporting,100.0,3830,2987,77.98955613577023,-273.20313315926893,-462.0,55.61618798955614,328.81932114882505,328.81932114882505,-523.1840000000002,822,2987,21,21.462140992167104,77.98955613577023,0.5483028720626633,13079.995910652742,10784.7864,17142.889999999996,421.6196853029796,514.0,4.0,516.0,500.0,600.0,550.0,1745.0,58.41981921660528,0.005841981921660529
wind_actual_mw,Actual wind output,All,INTIFA2,IFA2 (INTIFA2),lowest_20pct,import,import_mw_positive_magnitude_conditional_on_importing,100.0,15712,10671,67.91624236252545,409.24541751527494,715.0,555.2516547861508,146.00623727087577,555.2516547861508,3215.032,10671,5029,12,67.91624236252545,32.00738289205703,0.07637474541751527,1651.2823973523425,-115.2388,2830.466,817.5535563677256,986.0,2.0,1156.0,900.0,1000.0,950.0,6303.0,59.06662918189486,0.005906662918189486
wind_actual_mw,Actual wind output,All,INTIFA2,IFA2 (INTIFA2),lowest_20pct,export,export_mw_positive_magnitude_conditional_on_exporting,100.0,15712,5029,32.00738289205703,409.24541751527494,715.0,555.2516547861508,146.00623727087577,146.00623727087577,3215.032,10671,5029,12,67.91624236252545,32.00738289205703,0.07637474541751527,1651.2823973523425,-115.2388,2830.466,456.16424736528137,376.0,2.0,1030.0,0.0,100.0,50.0,1926.0,38.297872340425535,0.003829787234042553
wind_actual_mw,Actual wind output,All,INTIFA2,IFA2 (INTIFA2),20_40pct,import,import_mw_positive_magnitude_conditional_on_importing,100.0,15705,10372,66.04266157274753,381.01127029608404,680.0,529.5679083094556,148.55663801337153,529.5679083094556,2991.8910000000005,10372,5321,12,66.04266157274753,33.880929640241966,0.07640878701050621,3893.593370518943,2830.6159999999995,5018.745599999998,801.8573081372928,986.0,2.0,994.0,900.0,1000.0,950.0,6217.0,59.94022367913614,0.005994022367913614
wind_actual_mw,Actual wind output,All,INTIFA2,IFA2 (INTIFA2),20_40pct,export,export_mw_positive_magnitude_conditional_on_exporting,100.0,15705,5321,33.880929640241966,381.01127029608404,680.0,529.5679083094556,148.55663801337153,148.55663801337153,2991.8910000000005,10372,5321,12,66.04266157274753,33.880929640241966,0.07640878701050621,3893.593370518943,2830.6159999999995,5018.745599999998,438.4668295433189,256.0,2.0,1030.0,0.0,100.0,50.0,2294.0,43.112196955459495,0.00431121969554595
wind_actual_mw,Actual wind output,All,INTIFA2,IFA2 (INTIFA2),40_60pct,import,import_mw_positive_magnitude_conditional_on_importing,100.0,15712,9297,59.17133401221996,285.31924643584523,380.0,454.71193991853363,169.3926934826884,454.71193991853363,2241.4680000000003,9297,6403,12,59.17133401221996,40.752291242362524,0.07637474541751527,6261.010603245926,5018.818,7611.486599999997,768.4666021297193,946.0,2.0,1398.0,900.0,1000.0,950.0,5037.0,54.17876734430461,0.005417876734430461
wind_actual_mw,Actual wind output,All,INTIFA2,IFA2 (INTIFA2),40_60pct,export,export_mw_positive_magnitude_conditional_on_exporting,100.0,15712,6403,40.752291242362524,285.31924643584523,380.0,454.71193991853363,169.3926934826884,169.3926934826884,2241.4680000000003,9297,6403,12,59.17133401221996,40.752291242362524,0.07637474541751527,6261.010603245926,5018.818,7611.486599999997,415.6642198969233,202.0,2.0,1030.0,0.0,100.0,50.0,2957.0,46.18147743245354,0.004618147743245354
wind_actual_mw,Actual wind output,All,INTIFA2,IFA2 (INTIFA2),60_80pct,import,import_mw_positive_magnitude_conditional_on_importing,100.0,15705,8415,53.581661891117484,205.6686405603311,144.0,399.243935052531,193.57529449219993,399.243935052531,1615.0130000000001,8415,7278,12,53.581661891117484,46.341929321872016,0.07640878701050621,9147.22514184018,7611.787199999998,10784.568000000005,745.1130124777184,904.0,2.0,1178.0,900.0,1000.0,950.0,4236.0,50.338680926916226,0.005033868092691622
wind_actual_mw,Actual wind output,All,INTIFA2,IFA2 (INTIFA2),60_80pct,export,export_mw_positive_magnitude_conditional_on_exporting,100.0,15705,7278,46.341929321872016,205.6686405603311,144.0,399.243935052531,193.57529449219993,193.57529449219993,1615.0130000000001,8415,7278,12,53.581661891117484,46.341929321872016,0.07640878701050621,9147.22514184018,7611.787199999998,10784.568000000005,417.71090959054686,272.0,2.0,1626.0,0.0,100.0,50.0,3041.0,41.78345699367958,0.004178345699367958
wind_actual_mw,Actual wind output,All,INTIFA2,IFA2 (INTIFA2),highest_20pct,import,import_mw_positive_magnitude_conditional_on_importing,100.0,15710,7515,47.83577339274348,128.12132399745386,-2.0,337.8599618077657,209.7386378103119,337.8599618077657,1006.3930000000003,7515,8178,17,47.83577339274348,52.056015276893696,0.10821133036282624,12713.216694793125,10784.598000000004,17142.889999999996,706.2914171656687,858.0,2.0,994.0,900.0,1000.0,950.0,3527.0,46.93280106453759,0.004693280106453759
wind_actual_mw,Actual wind output,All,INTIFA2,IFA2 (INTIFA2),highest_20pct,export,export_mw_positive_magnitude_conditional_on_exporting,100.0,15710,8178,52.056015276893696,128.12132399745386,-2.0,337.8599618077657,209.7386378103119,209.7386378103119,1006.3930000000003,7515,8178,17,47.83577339274348,52.056015276893696,0.10821133036282624,12713.216694793125,10784.598000000004,17142.889999999996,402.9095133284422,209.0,2.0,1030.0,0.0,100.0,50.0,3726.0,45.56126192223037,0.004556126192223038
wind_actual_mw,Actual wind output,All,INTIRL,Northern Ireland(Moyle),lowest_20pct,import,import_mw_positive_magnitude_conditional_on_importing,100.0,15712,3348,21.308553971486763,-205.69551934826885,-278.0,39.079938900203665,244.77545824847252,39.079938900203665,-1615.944,3348,11377,987,21.308553971486763,72.4096232179226,6.281822810590631,1651.2823973523425,-115.2388,2830.466,183.40023894862605,172.0,2.0,404.0,0.0,100.0,50.0,1117.0,33.36320191158901,0.0033363201911589006
wind_actual_mw,Actual wind output,All,INTIRL,Northern Ireland(Moyle),lowest_20pct,export,export_mw_positive_magnitude_conditional_on_exporting,100.0,15712,11377,72.4096232179226,-205.69551934826885,-278.0,39.079938900203665,244.77545824847252,244.77545824847252,-1615.944,3348,11377,987,21.308553971486763,72.4096232179226,6.281822810590631,1651.2823973523425,-115.2388,2830.466,338.04271776390965,404.0,2.0,458.0,400.0,500.0,450.0,5840.0,51.33163399841786,0.005133163399841786
wind_actual_mw,Actual wind output,All,INTIRL,Northern Ireland(Moyle),20_40pct,import,import_mw_positive_magnitude_conditional_on_importing,100.0,15705,3248,20.681311684177015,-206.32537408468642,-302.0,44.362687042343204,250.6880611270296,44.362687042343204,-1620.17,3248,11405,1052,20.681311684177015,72.6201846545686,6.698503661254378,3893.593370518943,2830.6159999999995,5018.745599999998,214.50615763546799,224.0,2.0,500.0,0.0,100.0,50.0,949.0,29.217980295566505,0.0029217980295566503
wind_actual_mw,Actual wind output,All,INTIRL,Northern Ireland(Moyle),20_40pct,export,export_mw_positive_magnitude_conditional_on_exporting,100.0,15705,11405,72.6201846545686,-206.32537408468642,-302.0,44.362687042343204,250.6880611270296,250.6880611270296,-1620.17,3248,11405,1052,20.681311684177015,72.6201846545686,6.698503661254378,3893.593370518943,2830.6159999999995,5018.745599999998,345.2043840420868,420.0,2.0,506.0,400.0,500.0,450.0,6123.0,53.68697939500219,0.0053686979395002185
wind_actual_mw,Actual wind output,All,INTIRL,Northern Ireland(Moyle),40_60pct,import,import_mw_positive_magnitude_conditional_on_importing,100.0,15712,4132,26.29837067209776,-170.48536150712832,-272.0,61.550152749490834,232.03551425661914,61.550152749490834,-1339.333,4132,10689,891,26.29837067209776,68.03080448065172,5.670824847250509,6261.010603245926,5018.818,7611.486599999997,234.0454985479187,246.0,2.0,498.0,200.0,300.0,250.0,1136.0,27.49273959341723,0.0027492739593417232
wind_actual_mw,Actual wind output,All,INTIRL,Northern Ireland(Moyle),40_60pct,export,export_mw_positive_magnitude_conditional_on_exporting,100.0,15712,10689,68.03080448065172,-170.48536150712832,-272.0,61.550152749490834,232.03551425661914,232.03551425661914,-1339.333,4132,10689,891,26.29837067209776,68.03080448065172,5.670824847250509,6261.010603245926,5018.818,7611.486599999997,341.07418841799984,406.0,2.0,458.0,400.0,500.0,450.0,5487.0,51.33314622509122,0.005133314622509122
wind_actual_mw,Actual wind output,All,INTIRL,Northern Ireland(Moyle),60_80pct,import,import_mw_positive_magnitude_conditional_on_importing,100.0,15705,4377,27.87010506208214,-167.8810569882203,-266.0,64.10149633874562,231.98255332696593,64.10149633874562,-1318.2859999999998,4377,10730,598,27.87010506208214,68.32219038522763,3.8077045526902262,9147.22514184018,7611.787199999998,10784.568000000005,230.00091386794608,248.0,2.0,682.0,200.0,300.0,250.0,1342.0,30.66026959104409,0.003066026959104409
wind_actual_mw,Actual wind output,All,INTIRL,Northern Ireland(Moyle),60_80pct,export,export_mw_positive_magnitude_conditional_on_exporting,100.0,15705,10730,68.32219038522763,-167.8810569882203,-266.0,64.10149633874562,231.98255332696593,231.98255332696593,-1318.2859999999998,4377,10730,598,27.87010506208214,68.32219038522763,3.8077045526902262,9147.22514184018,7611.787199999998,10784.568000000005,339.5420316868593,402.0,2.0,592.0,400.0,500.0,450.0,5475.0,51.025163094128615,0.005102516309412861
wind_actual_mw,Actual wind output,All,INTIRL,Northern Ireland(Moyle),highest_20pct,import,import_mw_positive_magnitude_conditional_on_importing,100.0,15710,5267,33.52641629535328,-121.3973265436028,-177.0,78.831190324634,200.2285168682368,78.831190324634,-953.5760000000001,5267,9890,553,33.52641629535328,62.95353278166773,3.520050922978994,12713.216694793125,10784.598000000004,17142.889999999996,235.13157395101575,258.0,2.0,404.0,200.0,300.0,250.0,1562.0,29.656350863869374,0.0029656350863869374
wind_actual_mw,Actual wind output,All,INTIRL,Northern Ireland(Moyle),highest_20pct,export,export_mw_positive_magnitude_conditional_on_exporting,100.0,15710,9890,62.95353278166773,-121.3973265436028,-177.0,78.831190324634,200.2285168682368,200.2285168682368,-953.5760000000001,5267,9890,553,33.52641629535328,62.95353278166773,3.520050922978994,12713.216694793125,10784.598000000004,17142.889999999996,318.05763397371084,358.0,2.0,456.0,400.0,500.0,450.0,4267.0,43.14459049544995,0.0043144590495449945
wind_actual_mw,Actual wind output,All,INTNED,Netherlands(BritNed),lowest_20pct,import,import_mw_positive_magnitude_conditional_on_importing,100.0,15712,10516,66.92973523421588,362.3075356415479,561.0,515.8570519348269,153.54951629327903,515.8570519348269,2846.288,10516,3770,1426,66.92973523421588,23.99439918533605,9.075865580448065,1651.2823973523425,-115.2388,2830.466,770.7441993153291,906.0,2.0,1196.0,1000.0,1100.0,1050.0,4234.0,40.2624572080639,0.00402624572080639
wind_actual_mw,Actual wind output,All,INTNED,Netherlands(BritNed),lowest_20pct,export,export_mw_positive_magnitude_conditional_on_exporting,100.0,15712,3770,23.99439918533605,362.3075356415479,561.0,515.8570519348269,153.54951629327903,153.54951629327903,2846.288,10516,3770,1426,66.92973523421588,23.99439918533605,9.075865580448065,1651.2823973523425,-115.2388,2830.466,639.9389920424403,676.0,2.0,1076.0,1000.0,1100.0,1050.0,822.0,21.80371352785146,0.002180371352785146
wind_actual_mw,Actual wind output,All,INTNED,Netherlands(BritNed),20_40pct,import,import_mw_positive_magnitude_conditional_on_importing,100.0,15705,9680,61.63642152180834,275.74734161095193,404.0,461.8995224450812,186.15218083412927,461.8995224450812,2165.306,9680,4507,1518,61.63642152180834,28.697866921362625,9.665711556829034,3893.593370518943,2830.6159999999995,5018.745599999998,749.3938016528925,876.0,2.0,1078.0,1000.0,1100.0,1050.0,3595.0,37.138429752066116,0.0037138429752066114
wind_actual_mw,Actual wind output,All,INTNED,Netherlands(BritNed),20_40pct,export,export_mw_positive_magnitude_conditional_on_exporting,100.0,15705,4507,28.697866921362625,275.74734161095193,404.0,461.8995224450812,186.15218083412927,186.15218083412927,2165.306,9680,4507,1518,61.63642152180834,28.697866921362625,9.665711556829034,3893.593370518943,2830.6159999999995,5018.745599999998,648.6620812070113,680.0,2.0,1090.0,1000.0,1100.0,1050.0,1004.0,22.27645884180164,0.0022276458841801643
wind_actual_mw,Actual wind output,All,INTNED,Netherlands(BritNed),40_60pct,import,import_mw_positive_magnitude_conditional_on_importing,100.0,15712,9191,58.496690427698574,219.98752545824848,314.0,429.818100814664,209.83057535641547,429.818100814664,1728.2220000000002,9191,4962,1559,58.496690427698574,31.580957230142566,9.92235234215886,6261.010603245926,5018.818,7611.486599999997,734.7733652486128,848.0,2.0,1078.0,1000.0,1100.0,1050.0,3142.0,34.185616363834185,0.0034185616363834187
wind_actual_mw,Actual wind output,All,INTNED,Netherlands(BritNed),40_60pct,export,export_mw_positive_magnitude_conditional_on_exporting,100.0,15712,4962,31.580957230142566,219.98752545824848,314.0,429.818100814664,209.83057535641547,209.83057535641547,1728.2220000000002,9191,4962,1559,58.496690427698574,31.580957230142566,9.92235234215886,6261.010603245926,5018.818,7611.486599999997,664.4212011285772,712.0,2.0,1090.0,1000.0,1100.0,1050.0,1278.0,25.755743651753328,0.002575574365175333
wind_actual_mw,Actual wind output,All,INTNED,Netherlands(BritNed),60_80pct,import,import_mw_positive_magnitude_conditional_on_importing,100.0,15705,9067,57.733205985354985,208.39554282075773,274.0,419.95797516714424,211.56243234638652,419.95797516714424,1636.426,9067,5147,1491,57.733205985354985,32.77300222858962,9.493791786055397,9147.22514184018,7611.787199999998,10784.568000000005,727.4114922245506,838.0,2.0,1402.0,1000.0,1100.0,1050.0,3077.0,33.93625234366384,0.0033936252343663834
wind_actual_mw,Actual wind output,All,INTNED,Netherlands(BritNed),60_80pct,export,export_mw_positive_magnitude_conditional_on_exporting,100.0,15705,5147,32.77300222858962,208.39554282075773,274.0,419.95797516714424,211.56243234638652,211.56243234638652,1636.426,9067,5147,1491,57.733205985354985,32.77300222858962,9.493791786055397,9147.22514184018,7611.787199999998,10784.568000000005,645.5387604429765,664.0,2.0,1092.0,1000.0,1100.0,1050.0,1222.0,23.74198562269283,0.002374198562269283
wind_actual_mw,Actual wind output,All,INTNED,Netherlands(BritNed),highest_20pct,import,import_mw_positive_magnitude_conditional_on_importing,100.0,15710,8265,52.60980267345639,139.60407383831955,104.0,379.9451304901337,240.34105665181414,379.9451304901337,1096.5900000000001,8265,5662,1783,52.60980267345639,36.04073838319542,11.349458943348186,12713.216694793125,10784.598000000004,17142.889999999996,722.194555353902,838.0,2.0,1098.0,1000.0,1100.0,1050.0,2876.0,34.79733817301876,0.0034797338173018755
wind_actual_mw,Actual wind output,All,INTNED,Netherlands(BritNed),highest_20pct,export,export_mw_positive_magnitude_conditional_on_exporting,100.0,15710,5662,36.04073838319542,139.60407383831955,104.0,379.9451304901337,240.34105665181414,240.34105665181414,1096.5900000000001,8265,5662,1783,52.60980267345639,36.04073838319542,11.349458943348186,12713.216694793125,10784.598000000004,17142.889999999996,666.8594136347581,715.0,2.0,1082.0,1000.0,1100.0,1050.0,1538.0,27.163546450017662,0.0027163546450017662
wind_actual_mw,Actual wind output,All,INTNEM,Belgium (Nemolink),lowest_20pct,import,import_mw_positive_magnitude_conditional_on_importing,100.0,15712,12084,76.90936863543789,467.4784877800407,740.0,588.0400967413442,120.56160896130346,588.0400967413442,3672.511,12084,3383,245,76.90936863543789,21.531313645621182,1.5593177189409368,1651.2823973523425,-115.2388,2830.466,764.5883813306853,890.0,2.0,1020.0,1000.0,1100.0,1050.0,3837.0,31.752730883813307,0.0031752730883813306
wind_actual_mw,Actual wind output,All,INTNEM,Belgium (Nemolink),lowest_20pct,export,export_mw_positive_magnitude_conditional_on_exporting,100.0,15712,3383,21.531313645621182,467.4784877800407,740.0,588.0400967413442,120.56160896130346,120.56160896130346,3672.511,12084,3383,245,76.90936863543789,21.531313645621182,1.5593177189409368,1651.2823973523425,-115.2388,2830.466,559.9361513449601,546.0,2.0,1024.0,1000.0,1100.0,1050.0,562.0,16.612474135382797,0.0016612474135382796
wind_actual_mw,Actual wind output,All,INTNEM,Belgium (Nemolink),20_40pct,import,import_mw_positive_magnitude_conditional_on_importing,100.0,15705,11364,72.35912129894938,382.95893027698185,586.0,518.3831900668577,135.42425978987583,518.3831900668577,3007.1849999999995,11364,3963,378,72.35912129894938,25.23400191021968,2.4068767908309456,3893.593370518943,2830.6159999999995,5018.745599999998,716.403379091869,812.0,2.0,1020.0,1000.0,1100.0,1050.0,2939.0,25.862372404083068,0.002586237240408307
wind_actual_mw,Actual wind output,All,INTNEM,Belgium (Nemolink),20_40pct,export,export_mw_positive_magnitude_conditional_on_exporting,100.0,15705,3963,25.23400191021968,382.95893027698185,586.0,518.3831900668577,135.42425978987583,135.42425978987583,3007.1849999999995,11364,3963,378,72.35912129894938,25.23400191021968,2.4068767908309456,3893.593370518943,2830.6159999999995,5018.745599999998,536.6737320211961,514.0,2.0,1024.0,1000.0,1100.0,1050.0,587.0,14.812011102699973,0.0014812011102699973
wind_actual_mw,Actual wind output,All,INTNEM,Belgium (Nemolink),40_60pct,import,import_mw_positive_magnitude_conditional_on_importing,100.0,15712,10423,66.33783095723014,289.78716904276985,453.0,461.99643584521385,172.209266802444,461.99643584521385,2276.5679999999998,10423,4789,500,66.33783095723014,30.47988798370672,3.1822810590631363,6261.010603245926,5018.818,7611.486599999997,696.4298186702484,786.0,2.0,1352.0,1000.0,1100.0,1050.0,2441.0,23.419361028494677,0.0023419361028494674
wind_actual_mw,Actual wind output,All,INTNEM,Belgium (Nemolink),40_60pct,export,export_mw_positive_magnitude_conditional_on_exporting,100.0,15712,4789,30.47988798370672,289.78716904276985,453.0,461.99643584521385,172.209266802444,172.209266802444,2276.5679999999998,10423,4789,500,66.33783095723014,30.47988798370672,3.1822810590631363,6261.010603245926,5018.818,7611.486599999997,564.9931092086031,564.0,2.0,1024.0,1000.0,1100.0,1050.0,815.0,17.01816663186469,0.001701816663186469
wind_actual_mw,Actual wind output,All,INTNEM,Belgium (Nemolink),60_80pct,import,import_mw_positive_magnitude_conditional_on_importing,100.0,15705,10378,66.08086596625279,282.36179560649475,424.0,452.8753900031837,170.51359439668894,452.8753900031837,2217.246,10378,4802,525,66.08086596625279,30.57624960203757,3.3428844317096464,9147.22514184018,7611.787199999998,10784.568000000005,685.3351320100212,770.0,2.0,1366.0,1000.0,1100.0,1050.0,2414.0,23.26074388128734,0.0023260743881287336
wind_actual_mw,Actual wind output,All,INTNEM,Belgium (Nemolink),60_80pct,export,export_mw_positive_magnitude_conditional_on_exporting,100.0,15705,4802,30.57624960203757,282.36179560649475,424.0,452.8753900031837,170.51359439668894,170.51359439668894,2217.246,10378,4802,525,66.08086596625279,30.57624960203757,3.3428844317096464,9147.22514184018,7611.787199999998,10784.568000000005,557.6668054977093,556.0,2.0,1024.0,1000.0,1100.0,1050.0,826.0,17.20116618075802,0.0017201166180758017
wind_actual_mw,Actual wind output,All,INTNEM,Belgium (Nemolink),highest_20pct,import,import_mw_positive_magnitude_conditional_on_importing,100.0,15710,9818,62.49522597071929,229.56575429662635,348.0,434.68669637173775,205.1209420751114,434.68669637173775,1803.2389999999996,9818,5459,433,62.49522597071929,34.748567791215784,2.7562062380649266,12713.216694793125,10784.598000000004,17142.889999999996,695.5518435526584,804.0,2.0,1020.0,1000.0,1100.0,1050.0,2490.0,25.361580770014257,0.002536158077001426
wind_actual_mw,Actual wind output,All,INTNEM,Belgium (Nemolink),highest_20pct,export,export_mw_positive_magnitude_conditional_on_exporting,100.0,15710,5459,34.748567791215784,229.56575429662635,348.0,434.68669637173775,205.1209420751114,205.1209420751114,1803.2389999999996,9818,5459,433,62.49522597071929,34.748567791215784,2.7562062380649266,12713.216694793125,10784.598000000004,17142.889999999996,590.3004213225865,608.0,2.0,1024.0,1000.0,1100.0,1050.0,1044.0,19.124381754900167,0.0019124381754900166
wind_actual_mw,Actual wind output,All,INTNSL,North Sea Link (INTNSL),lowest_20pct,import,import_mw_positive_magnitude_conditional_on_importing,100.0,13349,11893,89.09281594126901,971.6964566634205,1298.0,1013.2540265188404,41.557569855419885,1013.2540265188404,6485.588000000001,11893,1333,123,89.09281594126901,9.985766724099184,0.9214173346318075,1701.0301875196644,-115.2388,2830.466,1137.3016059867148,1396.0,2.0,1474.0,1300.0,1400.0,1350.0,4507.0,37.89624148658875,0.003789624148658875
wind_actual_mw,Actual wind output,All,INTNSL,North Sea Link (INTNSL),lowest_20pct,export,export_mw_positive_magnitude_conditional_on_exporting,100.0,13349,1333,9.985766724099184,971.6964566634205,1298.0,1013.2540265188404,41.557569855419885,41.557569855419885,6485.588000000001,11893,1333,123,89.09281594126901,9.985766724099184,0.9214173346318075,1701.0301875196644,-115.2388,2830.466,416.16804201050263,342.0,2.0,1280.0,0.0,100.0,50.0,420.0,31.50787696924231,0.003150787696924231
wind_actual_mw,Actual wind output,All,INTNSL,North Sea Link (INTNSL),20_40pct,import,import_mw_positive_magnitude_conditional_on_importing,100.0,14691,12890,87.74079368320741,979.1935198420801,1298.0,1029.898032809203,50.70451296712273,1029.898032809203,7192.665999999999,12890,1411,390,87.74079368320741,9.6045197740113,2.654686542781295,3899.859181948131,2830.6159999999995,5018.745599999998,1173.7961210240496,1396.0,2.0,1846.0,1300.0,1400.0,1350.0,5589.0,43.359193173002325,0.004335919317300233
wind_actual_mw,Actual wind output,All,INTNSL,North Sea Link (INTNSL),20_40pct,export,export_mw_positive_magnitude_conditional_on_exporting,100.0,14691,1411,9.6045197740113,979.1935198420801,1298.0,1029.898032809203,50.70451296712273,50.70451296712273,7192.665999999999,12890,1411,390,87.74079368320741,9.6045197740113,2.654686542781295,3899.859181948131,2830.6159999999995,5018.745599999998,527.9234585400425,498.0,2.0,1412.0,0.0,100.0,50.0,379.0,26.860382707299784,0.0026860382707299783
wind_actual_mw,Actual wind output,All,INTNSL,North Sea Link (INTNSL),40_60pct,import,import_mw_positive_magnitude_conditional_on_importing,100.0,15148,12994,85.78030102983892,904.049643517296,1244.0,967.3628201742804,63.31317665698442,967.3628201742804,6847.271999999999,12994,1666,488,85.78030102983892,10.998151571164511,3.2215473989965675,6264.374092170584,5018.818,7611.486599999997,1127.7214098814839,1342.0,2.0,1412.0,1300.0,1400.0,1350.0,5312.0,40.88040634138833,0.004088040634138833
wind_actual_mw,Actual wind output,All,INTNSL,North Sea Link (INTNSL),40_60pct,export,export_mw_positive_magnitude_conditional_on_exporting,100.0,15148,1666,10.998151571164511,904.049643517296,1244.0,967.3628201742804,63.31317665698442,63.31317665698442,6847.271999999999,12994,1666,488,85.78030102983892,10.998151571164511,3.2215473989965675,6264.374092170584,5018.818,7611.486599999997,575.671068427371,601.0,2.0,1454.0,0.0,100.0,50.0,386.0,23.169267707082835,0.002316926770708283
wind_actual_mw,Actual wind output,All,INTNSL,North Sea Link (INTNSL),60_80pct,import,import_mw_positive_magnitude_conditional_on_importing,100.0,15241,12656,83.0391706580933,788.0622006430025,1048.0,862.6032412571353,74.54104061413292,862.6032412571353,6005.428,12656,2114,471,83.0391706580933,13.870480939570895,3.0903484023358048,9151.261751499243,7611.787199999998,10784.568000000005,1038.7907711757268,1096.0,2.0,1420.0,1300.0,1400.0,1350.0,4501.0,35.5641592920354,0.0035564159292035395
wind_actual_mw,Actual wind output,All,INTNSL,North Sea Link (INTNSL),60_80pct,export,export_mw_positive_magnitude_conditional_on_exporting,100.0,15241,2114,13.870480939570895,788.0622006430025,1048.0,862.6032412571353,74.54104061413292,74.54104061413292,6005.428,12656,2114,471,83.0391706580933,13.870480939570895,3.0903484023358048,9151.261751499243,7611.787199999998,10784.568000000005,537.4077578051088,516.0,2.0,1454.0,0.0,100.0,50.0,512.0,24.219489120151373,0.002421948912015137
wind_actual_mw,Actual wind output,All,INTNSL,North Sea Link (INTNSL),highest_20pct,import,import_mw_positive_magnitude_conditional_on_importing,100.0,15653,11643,74.3819076215422,581.1271960646521,740.0,738.2418705679422,157.1146745032901,738.2418705679422,4548.192,11643,3604,406,74.3819076215422,23.024340382035394,2.593751996422411,12717.831889554718,10784.598000000004,17142.889999999996,992.5019324916259,1096.0,2.0,1400.0,1300.0,1400.0,1350.0,4173.0,35.84127802112857,0.0035841278021128574
wind_actual_mw,Actual wind output,All,INTNSL,North Sea Link (INTNSL),highest_20pct,export,export_mw_positive_magnitude_conditional_on_exporting,100.0,15653,3604,23.024340382035394,581.1271960646521,740.0,738.2418705679422,157.1146745032901,157.1146745032901,4548.192,11643,3604,406,74.3819076215422,23.024340382035394,2.593751996422411,12717.831889554718,10784.598000000004,17142.889999999996,682.3851276359601,694.0,2.0,1454.0,1000.0,1100.0,1050.0,453.0,12.569367369589346,0.0012569367369589346
wind_actual_mw,Actual wind output,All,INTVKL,Denmark (Viking link),lowest_20pct,import,import_mw_positive_magnitude_conditional_on_importing,100.0,5535,3898,70.4245709123758,456.9192411924119,698.0,600.7342366757001,143.81499548328816,600.7342366757001,1264.524,3898,1312,325,70.4245709123758,23.703703703703706,5.871725383920506,1770.1069489792233,-114.5882,2829.604,853.0179579271421,942.0,2.0,1428.0,900.0,1000.0,950.0,1116.0,28.63006670087224,0.0028630066700872244
wind_actual_mw,Actual wind output,All,INTVKL,Denmark (Viking link),lowest_20pct,export,export_mw_positive_magnitude_conditional_on_exporting,100.0,5535,1312,23.703703703703706,456.9192411924119,698.0,600.7342366757001,143.81499548328816,143.81499548328816,1264.524,3898,1312,325,70.4245709123758,23.703703703703706,5.871725383920506,1770.1069489792233,-114.5882,2829.604,606.719512195122,605.0,2.0,1250.0,1000.0,1100.0,1050.0,285.0,21.722560975609756,0.002172256097560976
wind_actual_mw,Actual wind output,All,INTVKL,Denmark (Viking link),20_40pct,import,import_mw_positive_magnitude_conditional_on_importing,100.0,6848,4223,61.66764018691588,337.7283878504673,515.0,530.192464953271,192.46407710280374,530.192464953271,1156.382,4223,1999,626,61.66764018691588,29.191004672897197,9.141355140186915,3908.804903329439,2830.7489999999984,5018.455600000001,859.7579919488516,948.0,2.0,1428.0,900.0,1000.0,950.0,1237.0,29.291972531375798,0.00292919725313758
wind_actual_mw,Actual wind output,All,INTVKL,Denmark (Viking link),20_40pct,export,export_mw_positive_magnitude_conditional_on_exporting,100.0,6848,1999,29.191004672897197,337.7283878504673,515.0,530.192464953271,192.46407710280374,192.46407710280374,1156.382,4223,1999,626,61.66764018691588,29.191004672897197,9.141355140186915,3908.804903329439,2830.7489999999984,5018.455600000001,659.3266633316658,700.0,2.0,1454.0,1000.0,1100.0,1050.0,563.0,28.16408204102051,0.002816408204102051
wind_actual_mw,Actual wind output,All,INTVKL,Denmark (Viking link),40_60pct,import,import_mw_positive_magnitude_conditional_on_importing,100.0,7348,4473,60.873707131192155,318.5117038649973,432.0,527.2144801306478,208.70277626565053,527.2144801306478,1170.212,4473,2270,605,60.873707131192155,30.8927599346761,8.233532934131736,6289.545672917801,5018.8512,7611.486599999997,866.0791415157612,926.0,2.0,1430.0,900.0,1000.0,950.0,924.0,20.657276995305164,0.0020657276995305167
wind_actual_mw,Actual wind output,All,INTVKL,Denmark (Viking link),40_60pct,export,export_mw_positive_magnitude_conditional_on_exporting,100.0,7348,2270,30.8927599346761,318.5117038649973,432.0,527.2144801306478,208.70277626565053,208.70277626565053,1170.212,4473,2270,605,60.873707131192155,30.8927599346761,8.233532934131736,6289.545672917801,5018.8512,7611.486599999997,675.5718061674008,696.0,2.0,1454.0,1000.0,1100.0,1050.0,697.0,30.704845814977972,0.003070484581497797
wind_actual_mw,Actual wind output,All,INTVKL,Denmark (Viking link),60_80pct,import,import_mw_positive_magnitude_conditional_on_importing,100.0,7123,4293,60.26954934718517,315.746174364734,450.0,551.3620665449951,235.6158921802611,551.3620665449951,1124.5300000000002,4293,2431,399,60.26954934718517,34.12887828162291,5.601572371191914,9080.46271604661,7612.539400000001,10783.890000000005,914.8269275564872,980.0,2.0,1436.0,1400.0,1500.0,1450.0,1052.0,24.505008152806894,0.0024505008152806897
wind_actual_mw,Actual wind output,All,INTVKL,Denmark (Viking link),60_80pct,export,export_mw_positive_magnitude_conditional_on_exporting,100.0,7123,2431,34.12887828162291,315.746174364734,450.0,551.3620665449951,235.6158921802611,235.6158921802611,1124.5300000000002,4293,2431,399,60.26954934718517,34.12887828162291,5.601572371191914,9080.46271604661,7612.539400000001,10783.890000000005,690.3710407239819,750.0,2.0,1456.0,1000.0,1100.0,1050.0,766.0,31.50966680378445,0.0031509666803784453
wind_actual_mw,Actual wind output,All,INTVKL,Denmark (Viking link),highest_20pct,import,import_mw_positive_magnitude_conditional_on_importing,100.0,8090,5029,62.163164400494445,356.53325092707047,536.0,585.2474660074166,228.7142150803461,585.2474660074166,1442.177,5029,2613,448,62.163164400494445,32.29913473423981,5.53770086526576,12861.887769270706,10784.7864,17142.889999999996,941.4698747265858,986.0,2.0,2480.0,1400.0,1500.0,1450.0,1350.0,26.844303042354344,0.0026844303042354344
wind_actual_mw,Actual wind output,All,INTVKL,Denmark (Viking link),highest_20pct,export,export_mw_positive_magnitude_conditional_on_exporting,100.0,8090,2613,32.29913473423981,356.53325092707047,536.0,585.2474660074166,228.7142150803461,228.7142150803461,1442.177,5029,2613,448,62.163164400494445,32.29913473423981,5.53770086526576,12861.887769270706,10784.7864,17142.889999999996,708.1125143513203,776.0,2.0,1456.0,1000.0,1100.0,1050.0,784.0,30.003827018752393,0.0030003827018752396
wind_actual_mw,Actual wind output,Winter,TOTAL_GB_INTERCONNECTORS,GB interconnector fleet total,lowest_20pct,import,import_mw_positive_magnitude_conditional_on_importing,100.0,3762,3349,89.02179691653376,3403.548644338118,3892.0,3577.3918128654973,173.84316852737905,3577.3918128654973,6402.075000000001,3349,413,0,89.02179691653376,10.97820308346624,0.0,3053.7542703349286,-114.5882,5117.9436,4018.557181248134,4214.0,2.0,8568.0,4600.0,4700.0,4650.0,97.0,2.896386981188414,0.00028963869811884143
wind_actual_mw,Actual wind output,Winter,TOTAL_GB_INTERCONNECTORS,GB interconnector fleet total,lowest_20pct,export,export_mw_positive_magnitude_conditional_on_exporting,100.0,3762,413,10.97820308346624,3403.548644338118,3892.0,3577.3918128654973,173.84316852737905,173.84316852737905,6402.075000000001,3349,413,0,89.02179691653376,10.97820308346624,0.0,3053.7542703349286,-114.5882,5117.9436,1583.5302663438256,1310.0,16.0,6584.0,900.0,1000.0,950.0,24.0,5.811138014527845,0.0005811138014527845
wind_actual_mw,Actual wind output,Winter,TOTAL_GB_INTERCONNECTORS,GB interconnector fleet total,20_40pct,import,import_mw_positive_magnitude_conditional_on_importing,100.0,3760,3163,84.12234042553192,2741.0936170212767,2931.0,3005.70585106383,264.6122340425532,3005.70585106383,5153.255999999999,3163,595,2,84.12234042553192,15.824468085106384,0.05319148936170213,6561.576151489361,5121.379999999999,7990.193400000002,3573.017388555169,3560.0,2.0,8862.0,2700.0,2800.0,2750.0,68.0,2.1498577300031614,0.00021498577300031616
wind_actual_mw,Actual wind output,Winter,TOTAL_GB_INTERCONNECTORS,GB interconnector fleet total,20_40pct,export,export_mw_positive_magnitude_conditional_on_exporting,100.0,3760,595,15.824468085106384,2741.0936170212767,2931.0,3005.70585106383,264.6122340425532,264.6122340425532,5153.255999999999,3163,595,2,84.12234042553192,15.824468085106384,0.05319148936170213,6561.576151489361,5121.379999999999,7990.193400000002,1672.1714285714286,1332.0,4.0,6774.0,100.0,200.0,150.0,34.0,5.714285714285714,0.0005714285714285714
wind_actual_mw,Actual wind output,Winter,TOTAL_GB_INTERCONNECTORS,GB interconnector fleet total,40_60pct,import,import_mw_positive_magnitude_conditional_on_importing,100.0,3757,3122,83.09821666223051,2798.5190311418687,2870.0,3013.510779877562,214.99174873569336,3013.510779877562,5257.018,3122,635,0,83.09821666223051,16.901783337769498,0.0,9312.00615310088,7990.385200000006,10595.528000000002,3626.4445868033313,3565.0,4.0,8366.0,4900.0,5000.0,4950.0,70.0,2.242152466367713,0.00022421524663677128
wind_actual_mw,Actual wind output,Winter,TOTAL_GB_INTERCONNECTORS,GB interconnector fleet total,40_60pct,export,export_mw_positive_magnitude_conditional_on_exporting,100.0,3757,635,16.901783337769498,2798.5190311418687,2870.0,3013.510779877562,214.99174873569336,214.99174873569336,5257.018,3122,635,0,83.09821666223051,16.901783337769498,0.0,9312.00615310088,7990.385200000006,10595.528000000002,1272.0062992125984,1088.0,2.0,6260.0,300.0,400.0,350.0,40.0,6.299212598425196,0.0006299212598425197
wind_actual_mw,Actual wind output,Winter,TOTAL_GB_INTERCONNECTORS,GB interconnector fleet total,60_80pct,import,import_mw_positive_magnitude_conditional_on_importing,100.0,3759,3056,81.29821761106678,2535.4477254588987,2600.0,2808.4059590316574,272.95823357275873,2808.4059590316574,4765.374,3056,701,2,81.29821761106678,18.648576749135408,0.053205639797818574,11607.818522106942,10595.549000000005,12700.330000000002,3454.449607329843,3336.0,8.0,8332.0,2000.0,2100.0,2050.0,68.0,2.225130890052356,0.00022251308900523558
wind_actual_mw,Actual wind output,Winter,TOTAL_GB_INTERCONNECTORS,GB interconnector fleet total,60_80pct,export,export_mw_positive_magnitude_conditional_on_exporting,100.0,3759,701,18.648576749135408,2535.4477254588987,2600.0,2808.4059590316574,272.95823357275873,272.95823357275873,4765.374,3056,701,2,81.29821761106678,18.648576749135408,0.053205639797818574,11607.818522106942,10595.549000000005,12700.330000000002,1463.694721825963,1212.0,2.0,6634.0,0.0,100.0,50.0,43.0,6.134094151212553,0.0006134094151212553
wind_actual_mw,Actual wind output,Winter,TOTAL_GB_INTERCONNECTORS,GB interconnector fleet total,highest_20pct,import,import_mw_positive_magnitude_conditional_on_importing,100.0,3761,2868,76.256314809891,2349.5884073384736,2692.0,2855.3464504121243,505.75804307365064,2855.3464504121243,4418.401,2868,891,2,76.256314809891,23.6905078436586,0.05317734645041213,14043.766074501462,12700.553999999996,17142.889999999996,3744.4065550906557,3908.0,2.0,8438.0,5800.0,5900.0,5850.0,81.0,2.8242677824267783,0.00028242677824267783
wind_actual_mw,Actual wind output,Winter,TOTAL_GB_INTERCONNECTORS,GB interconnector fleet total,highest_20pct,export,export_mw_positive_magnitude_conditional_on_exporting,100.0,3761,891,23.6905078436586,2349.5884073384736,2692.0,2855.3464504121243,505.75804307365064,505.75804307365064,4418.401,2868,891,2,76.256314809891,23.6905078436586,0.05317734645041213,14043.766074501462,12700.553999999996,17142.889999999996,2134.855218855219,1986.0,2.0,5558.0,1400.0,1500.0,1450.0,27.0,3.0303030303030303,0.00030303030303030303
wind_actual_mw,Actual wind output,Winter,INTELEC,Eleclink (INTELEC),lowest_20pct,import,import_mw_positive_magnitude_conditional_on_importing,100.0,2782,1575,56.61394680086269,354.51042415528394,177.0,411.55787203450757,57.04744787922358,411.55787203450757,493.124,1575,377,830,56.61394680086269,13.551401869158877,29.834651329978435,3105.679382099209,-114.5882,5117.9436,726.9549206349207,952.0,2.0,1000.0,900.0,1000.0,950.0,801.0,50.857142857142854,0.005085714285714285
wind_actual_mw,Actual wind output,Winter,INTELEC,Eleclink (INTELEC),lowest_20pct,export,export_mw_positive_magnitude_conditional_on_exporting,100.0,2782,377,13.551401869158877,354.51042415528394,177.0,411.55787203450757,57.04744787922358,57.04744787922358,493.124,1575,377,830,56.61394680086269,13.551401869158877,29.834651329978435,3105.679382099209,-114.5882,5117.9436,420.9708222811671,298.0,2.0,1024.0,0.0,100.0,50.0,83.0,22.015915119363395,0.0022015915119363394
wind_actual_mw,Actual wind output,Winter,INTELEC,Eleclink (INTELEC),20_40pct,import,import_mw_positive_magnitude_conditional_on_importing,100.0,2846,1811,63.63316936050597,365.09768095572736,410.0,462.3323963457484,97.23471539002108,462.3323963457484,519.534,1811,526,509,63.63316936050597,18.48208011243851,17.884750527055516,6603.86430484891,5124.1598,7990.193400000002,726.5588072887907,904.0,2.0,1002.0,900.0,1000.0,950.0,875.0,48.31584759801215,0.004831584759801215
wind_actual_mw,Actual wind output,Winter,INTELEC,Eleclink (INTELEC),20_40pct,export,export_mw_positive_magnitude_conditional_on_exporting,100.0,2846,526,18.48208011243851,365.09768095572736,410.0,462.3323963457484,97.23471539002108,97.23471539002108,519.534,1811,526,509,63.63316936050597,18.48208011243851,17.884750527055516,6603.86430484891,5124.1598,7990.193400000002,526.1026615969582,497.0,2.0,1024.0,1000.0,1100.0,1050.0,114.0,21.673003802281368,0.0021673003802281368
wind_actual_mw,Actual wind output,Winter,INTELEC,Eleclink (INTELEC),40_60pct,import,import_mw_positive_magnitude_conditional_on_importing,100.0,2861,1748,61.0975183502272,340.94582313876265,298.0,437.60782943026913,96.66200629150647,437.60782943026913,487.72299999999996,1748,554,559,61.0975183502272,19.363858790632644,19.538622859140162,9253.601243341489,7990.385200000006,10593.157400000004,716.2448512585812,904.0,2.0,1002.0,900.0,1000.0,950.0,844.0,48.2837528604119,0.00482837528604119
wind_actual_mw,Actual wind output,Winter,INTELEC,Eleclink (INTELEC),40_60pct,export,export_mw_positive_magnitude_conditional_on_exporting,100.0,2861,554,19.363858790632644,340.94582313876265,298.0,437.60782943026913,96.66200629150647,96.66200629150647,487.72299999999996,1748,554,559,61.0975183502272,19.363858790632644,19.538622859140162,9253.601243341489,7990.385200000006,10593.157400000004,499.18772563176896,426.0,2.0,1024.0,1000.0,1100.0,1050.0,116.0,20.938628158844764,0.0020938628158844765
wind_actual_mw,Actual wind output,Winter,INTELEC,Eleclink (INTELEC),60_80pct,import,import_mw_positive_magnitude_conditional_on_importing,100.0,2479,1441,58.128277531262604,342.27027027027026,224.0,416.35901573215006,74.0887454618798,416.35901573215006,424.244,1441,472,566,58.128277531262604,19.039935457845907,22.83178701089149,11605.634068011293,10595.549000000005,12700.3222,716.2761970853574,900.0,2.0,1000.0,900.0,1000.0,950.0,684.0,47.46703678001388,0.004746703678001387
wind_actual_mw,Actual wind output,Winter,INTELEC,Eleclink (INTELEC),60_80pct,export,export_mw_positive_magnitude_conditional_on_exporting,100.0,2479,472,19.039935457845907,342.27027027027026,224.0,416.35901573215006,74.0887454618798,74.0887454618798,424.244,1441,472,566,58.128277531262604,19.039935457845907,22.83178701089149,11605.634068011293,10595.549000000005,12700.3222,389.1228813559322,325.0,2.0,1024.0,0.0,100.0,50.0,90.0,19.06779661016949,0.001906779661016949
wind_actual_mw,Actual wind output,Winter,INTELEC,Eleclink (INTELEC),highest_20pct,import,import_mw_positive_magnitude_conditional_on_importing,100.0,3527,1996,56.59200453643323,301.53671675645023,178.0,402.8789339381911,101.34221718174085,402.8789339381911,531.76,1996,743,788,56.59200453643323,21.06606180890275,22.34193365466402,14108.83938877233,12701.308599999998,17142.889999999996,711.9008016032064,902.0,2.0,1000.0,900.0,1000.0,950.0,982.0,49.19839679358717,0.004919839679358717
wind_actual_mw,Actual wind output,Winter,INTELEC,Eleclink (INTELEC),highest_20pct,export,export_mw_positive_magnitude_conditional_on_exporting,100.0,3527,743,21.06606180890275,301.53671675645023,178.0,402.8789339381911,101.34221718174085,101.34221718174085,531.76,1996,743,788,56.59200453643323,21.06606180890275,22.34193365466402,14108.83938877233,12701.308599999998,17142.889999999996,481.0686406460296,430.0,2.0,1024.0,0.0,100.0,50.0,123.0,16.55450874831763,0.0016554508748317632
wind_actual_mw,Actual wind output,Winter,INTEW,Ireland(East-West),lowest_20pct,import,import_mw_positive_magnitude_conditional_on_importing,100.0,3762,1082,28.761297182349814,-91.30887825624667,0.0,78.71026049973419,170.01913875598086,78.71026049973419,-171.75200000000004,1082,1847,833,28.761297182349814,49.09622541201489,22.1424774056353,3053.7542703349286,-114.5882,5117.9436,273.66728280961183,290.0,2.0,504.0,0.0,100.0,50.0,311.0,28.74306839186691,0.002874306839186691
wind_actual_mw,Actual wind output,Winter,INTEW,Ireland(East-West),lowest_20pct,export,export_mw_positive_magnitude_conditional_on_exporting,100.0,3762,1847,49.09622541201489,-91.30887825624667,0.0,78.71026049973419,170.01913875598086,170.01913875598086,-171.75200000000004,1082,1847,833,28.761297182349814,49.09622541201489,22.1424774056353,3053.7542703349286,-114.5882,5117.9436,346.2977801840823,410.0,2.0,532.0,500.0,600.0,550.0,778.0,42.122360584732,0.0042122360584732
wind_actual_mw,Actual wind output,Winter,INTEW,Ireland(East-West),20_40pct,import,import_mw_positive_magnitude_conditional_on_importing,100.0,3760,978,26.01063829787234,-87.74787234042553,0.0,62.22712765957447,149.975,62.22712765957447,-164.966,978,1774,1008,26.01063829787234,47.180851063829785,26.80851063829787,6561.576151489361,5121.379999999999,7990.193400000002,239.23721881390594,203.0,2.0,504.0,0.0,100.0,50.0,321.0,32.82208588957055,0.003282208588957055
wind_actual_mw,Actual wind output,Winter,INTEW,Ireland(East-West),20_40pct,export,export_mw_positive_magnitude_conditional_on_exporting,100.0,3760,1774,47.180851063829785,-87.74787234042553,0.0,62.22712765957447,149.975,149.975,-164.966,978,1774,1008,26.01063829787234,47.180851063829785,26.80851063829787,6561.576151489361,5121.379999999999,7990.193400000002,317.8726042841037,353.0,2.0,532.0,500.0,600.0,550.0,651.0,36.6967305524239,0.00366967305524239
wind_actual_mw,Actual wind output,Winter,INTEW,Ireland(East-West),40_60pct,import,import_mw_positive_magnitude_conditional_on_importing,100.0,3757,885,23.556028746340164,-111.87543252595155,-8.0,60.48496140537663,172.3603939313282,60.48496140537663,-210.15800000000002,885,1936,936,23.556028746340164,51.53047644397125,24.91349480968858,9312.00615310088,7990.385200000006,10595.528000000002,256.77062146892655,232.0,2.0,504.0,0.0,100.0,50.0,245.0,27.683615819209038,0.002768361581920904
wind_actual_mw,Actual wind output,Winter,INTEW,Ireland(East-West),40_60pct,export,export_mw_positive_magnitude_conditional_on_exporting,100.0,3757,1936,51.53047644397125,-111.87543252595155,-8.0,60.48496140537663,172.3603939313282,172.3603939313282,-210.15800000000002,885,1936,936,23.556028746340164,51.53047644397125,24.91349480968858,9312.00615310088,7990.385200000006,10595.528000000002,334.48243801652893,394.0,2.0,532.0,500.0,600.0,550.0,810.0,41.83884297520662,0.0041838842975206614
wind_actual_mw,Actual wind output,Winter,INTEW,Ireland(East-West),60_80pct,import,import_mw_positive_magnitude_conditional_on_importing,100.0,3759,1045,27.799946794360203,-70.0904495876563,0.0,73.02367650971003,143.11412609736632,73.02367650971003,-131.735,1045,1680,1034,27.799946794360203,44.6927374301676,27.5073157754722,11607.818522106942,10595.549000000005,12700.330000000002,262.6755980861244,254.0,2.0,504.0,0.0,100.0,50.0,320.0,30.62200956937799,0.003062200956937799
wind_actual_mw,Actual wind output,Winter,INTEW,Ireland(East-West),60_80pct,export,export_mw_positive_magnitude_conditional_on_exporting,100.0,3759,1680,44.6927374301676,-70.0904495876563,0.0,73.02367650971003,143.11412609736632,143.11412609736632,-131.735,1045,1680,1034,27.799946794360203,44.6927374301676,27.5073157754722,11607.818522106942,10595.549000000005,12700.330000000002,320.21785714285716,369.0,2.0,532.0,500.0,600.0,550.0,652.0,38.80952380952381,0.003880952380952381
wind_actual_mw,Actual wind output,Winter,INTEW,Ireland(East-West),highest_20pct,import,import_mw_positive_magnitude_conditional_on_importing,100.0,3761,1015,26.987503323584157,-76.02871576708323,0.0,53.98989630417442,130.01861207125765,53.98989630417442,-142.972,1015,1684,1062,26.987503323584157,44.775325711247014,28.23717096516884,14043.766074501462,12700.553999999996,17142.889999999996,200.05517241379312,174.0,2.0,504.0,0.0,100.0,50.0,356.0,35.073891625615765,0.0035073891625615767
wind_actual_mw,Actual wind output,Winter,INTEW,Ireland(East-West),highest_20pct,export,export_mw_positive_magnitude_conditional_on_exporting,100.0,3761,1684,44.775325711247014,-76.02871576708323,0.0,53.98989630417442,130.01861207125765,130.01861207125765,-142.972,1015,1684,1062,26.987503323584157,44.775325711247014,28.23717096516884,14043.766074501462,12700.553999999996,17142.889999999996,290.38004750593825,290.0,2.0,532.0,500.0,600.0,550.0,515.0,30.581947743467936,0.0030581947743467935
wind_actual_mw,Actual wind output,Winter,INTFR,France(IFA),lowest_20pct,import,import_mw_positive_magnitude_conditional_on_importing,100.0,3762,2864,76.1297182349814,778.2769803296119,937.0,906.0398724082935,127.76289207868155,906.0398724082935,1463.939,2864,887,11,76.1297182349814,23.577884104199896,0.29239766081871343,3053.7542703349286,-114.5882,5117.9436,1190.1263966480446,1015.0,2.0,2040.0,2000.0,2100.0,2050.0,489.0,17.074022346368714,0.0017074022346368714
wind_actual_mw,Actual wind output,Winter,INTFR,France(IFA),lowest_20pct,export,export_mw_positive_magnitude_conditional_on_exporting,100.0,3762,887,23.577884104199896,778.2769803296119,937.0,906.0398724082935,127.76289207868155,127.76289207868155,1463.939,2864,887,11,76.1297182349814,23.577884104199896,0.29239766081871343,3053.7542703349286,-114.5882,5117.9436,541.8759864712514,510.0,2.0,2038.0,500.0,600.0,550.0,139.0,15.670800450958286,0.0015670800450958285
wind_actual_mw,Actual wind output,Winter,INTFR,France(IFA),20_40pct,import,import_mw_positive_magnitude_conditional_on_importing,100.0,3760,2678,71.22340425531914,658.0324468085106,774.0,831.7382978723405,173.70585106382978,831.7382978723405,1237.1009999999999,2678,1073,9,71.22340425531914,28.537234042553187,0.23936170212765956,6561.576151489361,5121.379999999999,7990.193400000002,1167.7879014189693,1171.0,2.0,2010.0,2000.0,2100.0,2050.0,312.0,11.650485436893204,0.0011650485436893205
wind_actual_mw,Actual wind output,Winter,INTFR,France(IFA),20_40pct,export,export_mw_positive_magnitude_conditional_on_exporting,100.0,3760,1073,28.537234042553187,658.0324468085106,774.0,831.7382978723405,173.70585106382978,173.70585106382978,1237.1009999999999,2678,1073,9,71.22340425531914,28.537234042553187,0.23936170212765956,6561.576151489361,5121.379999999999,7990.193400000002,608.6989748369059,516.0,2.0,2056.0,500.0,600.0,550.0,151.0,14.07269338303821,0.001407269338303821
wind_actual_mw,Actual wind output,Winter,INTFR,France(IFA),40_60pct,import,import_mw_positive_magnitude_conditional_on_importing,100.0,3757,2658,70.74793718392336,639.409103007719,794.0,805.7391535799841,166.3300505722651,805.7391535799841,1201.13,2658,1092,7,70.74793718392336,29.06574394463668,0.18631887143997872,9312.00615310088,7990.385200000006,10595.528000000002,1138.8871331828443,1140.0,2.0,2018.0,1500.0,1600.0,1550.0,375.0,14.108352144469528,0.0014108352144469526
wind_actual_mw,Actual wind output,Winter,INTFR,France(IFA),40_60pct,export,export_mw_positive_magnitude_conditional_on_exporting,100.0,3757,1092,29.06574394463668,639.409103007719,794.0,805.7391535799841,166.3300505722651,166.3300505722651,1201.13,2658,1092,7,70.74793718392336,29.06574394463668,0.18631887143997872,9312.00615310088,7990.385200000006,10595.528000000002,572.2545787545788,516.0,2.0,2072.0,500.0,600.0,550.0,156.0,14.285714285714285,0.0014285714285714286
wind_actual_mw,Actual wind output,Winter,INTFR,France(IFA),60_80pct,import,import_mw_positive_magnitude_conditional_on_importing,100.0,3759,2350,62.51662676243682,399.2072359670125,476.0,651.8845437616387,252.67730779462622,651.8845437616387,750.3100000000001,2350,1392,17,62.51662676243682,37.031125299281726,0.4522479382814578,11607.818522106942,10595.549000000005,12700.330000000002,1042.7378723404256,1006.0,2.0,2020.0,1500.0,1600.0,1550.0,386.0,16.425531914893618,0.0016425531914893618
wind_actual_mw,Actual wind output,Winter,INTFR,France(IFA),60_80pct,export,export_mw_positive_magnitude_conditional_on_exporting,100.0,3759,1392,37.031125299281726,399.2072359670125,476.0,651.8845437616387,252.67730779462622,252.67730779462622,750.3100000000001,2350,1392,17,62.51662676243682,37.031125299281726,0.4522479382814578,11607.818522106942,10595.549000000005,12700.330000000002,682.3376436781609,542.0,2.0,2070.0,500.0,600.0,550.0,215.0,15.445402298850574,0.0015445402298850574
wind_actual_mw,Actual wind output,Winter,INTFR,France(IFA),highest_20pct,import,import_mw_positive_magnitude_conditional_on_importing,100.0,3761,2542,67.58840733847381,482.005317734645,718.0,778.0824248869982,296.0771071523531,778.0824248869982,906.4110000000001,2542,1216,3,67.58840733847381,32.33182664185057,0.07976601967561818,14043.766074501462,12700.553999999996,17142.889999999996,1151.20692368214,1135.0,2.0,2630.0,1500.0,1600.0,1550.0,366.0,14.398111723052715,0.0014398111723052714
wind_actual_mw,Actual wind output,Winter,INTFR,France(IFA),highest_20pct,export,export_mw_positive_magnitude_conditional_on_exporting,100.0,3761,1216,32.33182664185057,482.005317734645,718.0,778.0824248869982,296.0771071523531,296.0771071523531,906.4110000000001,2542,1216,3,67.58840733847381,32.33182664185057,0.07976601967561818,14043.766074501462,12700.553999999996,17142.889999999996,915.7450657894736,833.0,2.0,2068.0,500.0,600.0,550.0,114.0,9.375,0.0009375
wind_actual_mw,Actual wind output,Winter,INTGRNL,Ireland (Greenlink),lowest_20pct,import,import_mw_positive_magnitude_conditional_on_importing,100.0,374,37,9.893048128342247,-360.47058823529414,-514.0,34.6524064171123,395.1229946524064,34.6524064171123,-67.40800000000002,37,330,7,9.893048128342247,88.23529411764706,1.8716577540106951,3782.847702673797,955.9150000000004,5117.9436,350.27027027027026,374.0,38.0,504.0,500.0,600.0,550.0,13.0,35.13513513513514,0.0035135135135135136
wind_actual_mw,Actual wind output,Winter,INTGRNL,Ireland (Greenlink),lowest_20pct,export,export_mw_positive_magnitude_conditional_on_exporting,100.0,374,330,88.23529411764706,-360.47058823529414,-514.0,34.6524064171123,395.1229946524064,395.1229946524064,-67.40800000000002,37,330,7,9.893048128342247,88.23529411764706,1.8716577540106951,3782.847702673797,955.9150000000004,5117.9436,447.8060606060606,514.0,2.0,514.0,500.0,600.0,550.0,224.0,67.87878787878789,0.006787878787878788
wind_actual_mw,Actual wind output,Winter,INTGRNL,Ireland (Greenlink),20_40pct,import,import_mw_positive_magnitude_conditional_on_importing,100.0,634,147,23.186119873817034,-250.1167192429022,-469.0,68.87381703470031,318.99053627760253,68.87381703470031,-79.287,147,457,30,23.186119873817034,72.08201892744479,4.73186119873817,6753.19440126183,5145.450999999996,7990.193400000002,297.04761904761904,204.0,16.0,504.0,200.0,300.0,250.0,54.0,36.734693877551024,0.0036734693877551023
wind_actual_mw,Actual wind output,Winter,INTGRNL,Ireland (Greenlink),20_40pct,export,export_mw_positive_magnitude_conditional_on_exporting,100.0,634,457,72.08201892744479,-250.1167192429022,-469.0,68.87381703470031,318.99053627760253,318.99053627760253,-79.287,147,457,30,23.186119873817034,72.08201892744479,4.73186119873817,6753.19440126183,5145.450999999996,7990.193400000002,442.5382932166302,514.0,2.0,514.0,500.0,600.0,550.0,295.0,64.55142231947484,0.0064551422319474834
wind_actual_mw,Actual wind output,Winter,INTGRNL,Ireland (Greenlink),40_60pct,import,import_mw_positive_magnitude_conditional_on_importing,100.0,732,123,16.80327868852459,-296.1639344262295,-514.0,58.5655737704918,354.7295081967213,58.5655737704918,-108.39600000000002,123,565,44,16.80327868852459,77.18579234972678,6.0109289617486334,9245.449845355191,7995.868400000005,10589.4422,348.5365853658537,414.0,32.0,506.0,500.0,600.0,550.0,36.0,29.268292682926827,0.002926829268292683
wind_actual_mw,Actual wind output,Winter,INTGRNL,Ireland (Greenlink),40_60pct,export,export_mw_positive_magnitude_conditional_on_exporting,100.0,732,565,77.18579234972678,-296.1639344262295,-514.0,58.5655737704918,354.7295081967213,354.7295081967213,-108.39600000000002,123,565,44,16.80327868852459,77.18579234972678,6.0109289617486334,9245.449845355191,7995.868400000005,10589.4422,459.5787610619469,514.0,2.0,514.0,500.0,600.0,550.0,395.0,69.91150442477876,0.006991150442477876
wind_actual_mw,Actual wind output,Winter,INTGRNL,Ireland (Greenlink),60_80pct,import,import_mw_positive_magnitude_conditional_on_importing,100.0,518,88,16.988416988416986,-279.11196911196913,-462.0,58.17760617760618,337.2895752895753,58.17760617760618,-72.29,88,426,4,16.988416988416986,82.23938223938224,0.7722007722007722,11521.743437065637,10610.3272,12700.017000000003,342.45454545454544,408.0,6.0,506.0,500.0,600.0,550.0,25.0,28.40909090909091,0.002840909090909091
wind_actual_mw,Actual wind output,Winter,INTGRNL,Ireland (Greenlink),60_80pct,export,export_mw_positive_magnitude_conditional_on_exporting,100.0,518,426,82.23938223938224,-279.11196911196913,-462.0,58.17760617760618,337.2895752895753,337.2895752895753,-72.29,88,426,4,16.988416988416986,82.23938223938224,0.7722007722007722,11521.743437065637,10610.3272,12700.017000000003,410.13145539906105,512.0,10.0,514.0,500.0,600.0,550.0,230.0,53.990610328638496,0.00539906103286385
wind_actual_mw,Actual wind output,Winter,INTGRNL,Ireland (Greenlink),highest_20pct,import,import_mw_positive_magnitude_conditional_on_importing,100.0,670,195,29.1044776119403,-236.27462686567165,-381.0,60.343283582089555,296.6179104477612,60.343283582089555,-79.15200000000002,195,474,1,29.1044776119403,70.74626865671641,0.1492537313432836,14126.268300298507,12703.159799999998,17142.889999999996,207.33333333333334,200.0,12.0,504.0,200.0,300.0,250.0,81.0,41.53846153846154,0.004153846153846154
wind_actual_mw,Actual wind output,Winter,INTGRNL,Ireland (Greenlink),highest_20pct,export,export_mw_positive_magnitude_conditional_on_exporting,100.0,670,474,70.74626865671641,-236.27462686567165,-381.0,60.343283582089555,296.6179104477612,296.6179104477612,-79.15200000000002,195,474,1,29.1044776119403,70.74626865671641,0.1492537313432836,14126.268300298507,12703.159799999998,17142.889999999996,419.2700421940928,514.0,6.0,514.0,500.0,600.0,550.0,261.0,55.06329113924051,0.0055063291139240515
wind_actual_mw,Actual wind output,Winter,INTIFA2,IFA2 (INTIFA2),lowest_20pct,import,import_mw_positive_magnitude_conditional_on_importing,100.0,3762,2298,61.08452950558214,328.30728335991495,356.0,446.63370547581076,118.3264221158958,446.63370547581076,617.546,2298,1460,4,61.08452950558214,38.80914407230197,0.10632642211589581,3053.7542703349286,-114.5882,5117.9436,731.1731940818103,898.0,2.0,992.0,900.0,1000.0,950.0,1148.0,49.956483899042645,0.004995648389904264
wind_actual_mw,Actual wind output,Winter,INTIFA2,IFA2 (INTIFA2),lowest_20pct,export,export_mw_positive_magnitude_conditional_on_exporting,100.0,3762,1460,38.80914407230197,328.30728335991495,356.0,446.63370547581076,118.3264221158958,118.3264221158958,617.546,2298,1460,4,61.08452950558214,38.80914407230197,0.10632642211589581,3053.7542703349286,-114.5882,5117.9436,304.8931506849315,121.0,2.0,1028.0,0.0,100.0,50.0,711.0,48.6986301369863,0.00486986301369863
wind_actual_mw,Actual wind output,Winter,INTIFA2,IFA2 (INTIFA2),20_40pct,import,import_mw_positive_magnitude_conditional_on_importing,100.0,3760,1986,52.819148936170215,222.95106382978724,76.0,358.8468085106383,135.89574468085107,358.8468085106383,419.148,1986,1767,7,52.819148936170215,46.99468085106383,0.18617021276595747,6561.576151489361,5121.379999999999,7990.193400000002,679.3877139979859,773.0,2.0,994.0,900.0,1000.0,950.0,820.0,41.289023162134946,0.004128902316213495
wind_actual_mw,Actual wind output,Winter,INTIFA2,IFA2 (INTIFA2),20_40pct,export,export_mw_positive_magnitude_conditional_on_exporting,100.0,3760,1767,46.99468085106383,222.95106382978724,76.0,358.8468085106383,135.89574468085107,135.89574468085107,419.148,1986,1767,7,52.819148936170215,46.99468085106383,0.18617021276595747,6561.576151489361,5121.379999999999,7990.193400000002,289.1726089417091,18.0,2.0,1030.0,0.0,100.0,50.0,966.0,54.66893039049236,0.0054668930390492365
wind_actual_mw,Actual wind output,Winter,INTIFA2,IFA2 (INTIFA2),40_60pct,import,import_mw_positive_magnitude_conditional_on_importing,100.0,3757,1964,52.27575192973117,240.57652382219857,64.0,376.4461006121906,135.869576789992,376.4461006121906,451.923,1964,1793,0,52.27575192973117,47.724248070268835,0.0,9312.00615310088,7990.385200000006,10595.528000000002,720.1160896130347,871.0,2.0,992.0,900.0,1000.0,950.0,925.0,47.09775967413442,0.004709775967413442
wind_actual_mw,Actual wind output,Winter,INTIFA2,IFA2 (INTIFA2),40_60pct,export,export_mw_positive_magnitude_conditional_on_exporting,100.0,3757,1793,47.724248070268835,240.57652382219857,64.0,376.4461006121906,135.869576789992,135.869576789992,451.923,1964,1793,0,52.27575192973117,47.724248070268835,0.0,9312.00615310088,7990.385200000006,10595.528000000002,284.69715560513106,6.0,2.0,1028.0,0.0,100.0,50.0,1006.0,56.10708310094813,0.005610708310094813
wind_actual_mw,Actual wind output,Winter,INTIFA2,IFA2 (INTIFA2),60_80pct,import,import_mw_positive_magnitude_conditional_on_importing,100.0,3759,1741,46.315509444001066,156.4245810055866,-4.0,333.0869912210694,176.66241021548285,333.0869912210694,294.0,1741,2012,6,46.315509444001066,53.524873636605484,0.1596169193934557,11607.818522106942,10595.549000000005,12700.330000000002,719.1694428489374,918.0,2.0,992.0,900.0,1000.0,950.0,903.0,51.86674325100517,0.0051866743251005164
wind_actual_mw,Actual wind output,Winter,INTIFA2,IFA2 (INTIFA2),60_80pct,export,export_mw_positive_magnitude_conditional_on_exporting,100.0,3759,2012,53.524873636605484,156.4245810055866,-4.0,333.0869912210694,176.66241021548285,176.66241021548285,294.0,1741,2012,6,46.315509444001066,53.524873636605484,0.1596169193934557,11607.818522106942,10595.549000000005,12700.330000000002,330.0566600397614,23.0,2.0,1030.0,0.0,100.0,50.0,1071.0,53.23061630218688,0.0053230616302186885
wind_actual_mw,Actual wind output,Winter,INTIFA2,IFA2 (INTIFA2),highest_20pct,import,import_mw_positive_magnitude_conditional_on_importing,100.0,3761,1808,48.07232119117256,203.4325977133741,-2.0,336.5578303642648,133.12523265089072,336.5578303642648,382.555,1808,1950,3,48.07232119117256,51.84791278915182,0.07976601967561818,14043.766074501462,12700.553999999996,17142.889999999996,700.1073008849557,839.0,2.0,992.0,900.0,1000.0,950.0,832.0,46.017699115044245,0.004601769911504424
wind_actual_mw,Actual wind output,Winter,INTIFA2,IFA2 (INTIFA2),highest_20pct,export,export_mw_positive_magnitude_conditional_on_exporting,100.0,3761,1950,51.84791278915182,203.4325977133741,-2.0,336.5578303642648,133.12523265089072,133.12523265089072,382.555,1808,1950,3,48.07232119117256,51.84791278915182,0.07976601967561818,14043.766074501462,12700.553999999996,17142.889999999996,256.76102564102564,4.0,2.0,1028.0,0.0,100.0,50.0,1182.0,60.61538461538461,0.006061538461538462
wind_actual_mw,Actual wind output,Winter,INTIRL,Northern Ireland(Moyle),lowest_20pct,import,import_mw_positive_magnitude_conditional_on_importing,100.0,3762,1454,38.64965443912812,-104.75863902179691,-154.0,98.3418394471026,203.10047846889952,98.3418394471026,-197.051,1454,2224,84,38.64965443912812,59.11749069643807,2.2328548644338118,3053.7542703349286,-114.5882,5117.9436,254.4442916093535,284.0,2.0,404.0,400.0,500.0,450.0,338.0,23.24621733149931,0.002324621733149931
wind_actual_mw,Actual wind output,Winter,INTIRL,Northern Ireland(Moyle),lowest_20pct,export,export_mw_positive_magnitude_conditional_on_exporting,100.0,3762,2224,59.11749069643807,-104.75863902179691,-154.0,98.3418394471026,203.10047846889952,203.10047846889952,-197.051,1454,2224,84,38.64965443912812,59.11749069643807,2.2328548644338118,3053.7542703349286,-114.5882,5117.9436,343.55395683453236,426.0,2.0,456.0,400.0,500.0,450.0,1222.0,54.94604316546763,0.005494604316546763
wind_actual_mw,Actual wind output,Winter,INTIRL,Northern Ireland(Moyle),20_40pct,import,import_mw_positive_magnitude_conditional_on_importing,100.0,3760,1347,35.82446808510638,-114.65957446808511,-170.0,90.08617021276596,204.74574468085106,90.08617021276596,-215.56,1347,2348,65,35.82446808510638,62.4468085106383,1.7287234042553192,6561.576151489361,5121.379999999999,7990.193400000002,251.46547884187083,272.0,2.0,404.0,200.0,300.0,250.0,365.0,27.097253155159613,0.002709725315515961
wind_actual_mw,Actual wind output,Winter,INTIRL,Northern Ireland(Moyle),20_40pct,export,export_mw_positive_magnitude_conditional_on_exporting,100.0,3760,2348,62.4468085106383,-114.65957446808511,-170.0,90.08617021276596,204.74574468085106,204.74574468085106,-215.56,1347,2348,65,35.82446808510638,62.4468085106383,1.7287234042553192,6561.576151489361,5121.379999999999,7990.193400000002,327.87223168654174,395.0,2.0,456.0,400.0,500.0,450.0,1167.0,49.701873935264054,0.004970187393526406
wind_actual_mw,Actual wind output,Winter,INTIRL,Northern Ireland(Moyle),40_60pct,import,import_mw_positive_magnitude_conditional_on_importing,100.0,3757,1248,33.21799307958477,-138.8022358264573,-236.0,80.08677136012776,218.88900718658505,80.08677136012776,-260.74,1248,2431,78,33.21799307958477,64.70588235294117,2.0761245674740483,9312.00615310088,7990.385200000006,10595.528000000002,241.09455128205127,272.0,2.0,402.0,200.0,300.0,250.0,398.0,31.89102564102564,0.003189102564102564
wind_actual_mw,Actual wind output,Winter,INTIRL,Northern Ireland(Moyle),40_60pct,export,export_mw_positive_magnitude_conditional_on_exporting,100.0,3757,2431,64.70588235294117,-138.8022358264573,-236.0,80.08677136012776,218.88900718658505,218.88900718658505,-260.74,1248,2431,78,33.21799307958477,64.70588235294117,2.0761245674740483,9312.00615310088,7990.385200000006,10595.528000000002,338.2830111065405,402.0,2.0,456.0,400.0,500.0,450.0,1248.0,51.33689839572193,0.005133689839572193
wind_actual_mw,Actual wind output,Winter,INTIRL,Northern Ireland(Moyle),60_80pct,import,import_mw_positive_magnitude_conditional_on_importing,100.0,3759,1511,40.19686086725193,-88.3830806065443,-94.0,91.27374301675978,179.65682362330406,91.27374301675978,-166.116,1511,2187,61,40.19686086725193,58.1803671189146,1.6227720138334665,11607.818522106942,10595.549000000005,12700.330000000002,227.06684315023165,272.0,2.0,400.0,200.0,300.0,250.0,654.0,43.28259430840503,0.004328259430840503
wind_actual_mw,Actual wind output,Winter,INTIRL,Northern Ireland(Moyle),60_80pct,export,export_mw_positive_magnitude_conditional_on_exporting,100.0,3759,2187,58.1803671189146,-88.3830806065443,-94.0,91.27374301675978,179.65682362330406,179.65682362330406,-166.116,1511,2187,61,40.19686086725193,58.1803671189146,1.6227720138334665,11607.818522106942,10595.549000000005,12700.330000000002,308.79286694101506,342.0,2.0,456.0,400.0,500.0,450.0,860.0,39.32327389117513,0.003932327389117513
wind_actual_mw,Actual wind output,Winter,INTIRL,Northern Ireland(Moyle),highest_20pct,import,import_mw_positive_magnitude_conditional_on_importing,100.0,3761,1352,35.94788620047859,-96.8258441903749,-114.0,82.64397766551448,179.4698218558894,82.64397766551448,-182.08100000000002,1352,2272,137,35.94788620047859,60.40946556766818,3.6426482318532307,14043.766074501462,12700.553999999996,17142.889999999996,229.89940828402368,244.0,2.0,400.0,200.0,300.0,250.0,334.0,24.70414201183432,0.002470414201183432
wind_actual_mw,Actual wind output,Winter,INTIRL,Northern Ireland(Moyle),highest_20pct,export,export_mw_positive_magnitude_conditional_on_exporting,100.0,3761,2272,60.40946556766818,-96.8258441903749,-114.0,82.64397766551448,179.4698218558894,179.4698218558894,-182.08100000000002,1352,2272,137,35.94788620047859,60.40946556766818,3.6426482318532307,14043.766074501462,12700.553999999996,17142.889999999996,297.08890845070425,338.0,2.0,456.0,400.0,500.0,450.0,874.0,38.46830985915493,0.003846830985915493
wind_actual_mw,Actual wind output,Winter,INTNED,Netherlands(BritNed),lowest_20pct,import,import_mw_positive_magnitude_conditional_on_importing,100.0,3762,2883,76.6347687400319,525.0520999468367,662.0,566.2376395534291,41.185539606592236,566.2376395534291,987.6229999999999,2883,298,581,76.6347687400319,7.9213184476342375,15.443912812333865,3053.7542703349286,-114.5882,5117.9436,738.8782518210197,888.0,2.0,1078.0,1000.0,1100.0,1050.0,1085.0,37.634408602150536,0.0037634408602150535
wind_actual_mw,Actual wind output,Winter,INTNED,Netherlands(BritNed),lowest_20pct,export,export_mw_positive_magnitude_conditional_on_exporting,100.0,3762,298,7.9213184476342375,525.0520999468367,662.0,566.2376395534291,41.185539606592236,41.185539606592236,987.6229999999999,2883,298,581,76.6347687400319,7.9213184476342375,15.443912812333865,3053.7542703349286,-114.5882,5117.9436,519.9328859060403,468.0,82.0,1090.0,100.0,200.0,150.0,53.0,17.78523489932886,0.0017785234899328859
wind_actual_mw,Actual wind output,Winter,INTNED,Netherlands(BritNed),20_40pct,import,import_mw_positive_magnitude_conditional_on_importing,100.0,3760,2648,70.42553191489361,404.2691489361702,521.0,503.34840425531917,99.07925531914894,503.34840425531917,760.026,2648,662,450,70.42553191489361,17.606382978723403,11.96808510638298,6561.576151489361,5121.379999999999,7990.193400000002,714.7243202416919,798.0,2.0,1074.0,1000.0,1100.0,1050.0,828.0,31.268882175226587,0.0031268882175226587
wind_actual_mw,Actual wind output,Winter,INTNED,Netherlands(BritNed),20_40pct,export,export_mw_positive_magnitude_conditional_on_exporting,100.0,3760,662,17.606382978723403,404.2691489361702,521.0,503.34840425531917,99.07925531914894,99.07925531914894,760.026,2648,662,450,70.42553191489361,17.606382978723403,11.96808510638298,6561.576151489361,5121.379999999999,7990.193400000002,562.7462235649547,520.0,50.0,1092.0,1000.0,1100.0,1050.0,118.0,17.82477341389728,0.0017824773413897279
wind_actual_mw,Actual wind output,Winter,INTNED,Netherlands(BritNed),40_60pct,import,import_mw_positive_magnitude_conditional_on_importing,100.0,3757,2610,69.47032206547777,406.850146393399,544.0,512.8171413361724,105.9669949427735,512.8171413361724,764.268,2610,674,473,69.47032206547777,17.93984562150652,12.589832313015703,9312.00615310088,7990.385200000006,10595.528000000002,738.1816091954023,858.0,2.0,1074.0,1000.0,1100.0,1050.0,947.0,36.28352490421456,0.003628352490421456
wind_actual_mw,Actual wind output,Winter,INTNED,Netherlands(BritNed),40_60pct,export,export_mw_positive_magnitude_conditional_on_exporting,100.0,3757,674,17.93984562150652,406.850146393399,544.0,512.8171413361724,105.9669949427735,105.9669949427735,764.268,2610,674,473,69.47032206547777,17.93984562150652,12.589832313015703,9312.00615310088,7990.385200000006,10595.528000000002,590.6795252225519,595.0,2.0,1092.0,1000.0,1100.0,1050.0,104.0,15.43026706231454,0.001543026706231454
wind_actual_mw,Actual wind output,Winter,INTNED,Netherlands(BritNed),60_80pct,import,import_mw_positive_magnitude_conditional_on_importing,100.0,3759,2641,70.25804735301942,437.4615589252461,556.0,527.4328278797552,89.97126895450918,527.4328278797552,822.209,2641,673,445,70.25804735301942,17.903697791965946,11.838254855014632,11607.818522106942,10595.549000000005,12700.330000000002,750.7080651268459,888.0,2.0,1076.0,1000.0,1100.0,1050.0,1028.0,38.924649753881106,0.0038924649753881106
wind_actual_mw,Actual wind output,Winter,INTNED,Netherlands(BritNed),60_80pct,export,export_mw_positive_magnitude_conditional_on_exporting,100.0,3759,673,17.903697791965946,437.4615589252461,556.0,527.4328278797552,89.97126895450918,89.97126895450918,822.209,2641,673,445,70.25804735301942,17.903697791965946,11.838254855014632,11607.818522106942,10595.549000000005,12700.330000000002,502.5289747399703,450.0,24.0,1070.0,100.0,200.0,150.0,131.0,19.46508172362556,0.0019465081723625557
wind_actual_mw,Actual wind output,Winter,INTNED,Netherlands(BritNed),highest_20pct,import,import_mw_positive_magnitude_conditional_on_importing,100.0,3761,2170,57.69742089869716,255.16617920765754,218.0,402.58760967827703,147.42143047061953,402.58760967827703,479.84000000000003,2170,937,654,57.69742089869716,24.913586812018078,17.388992289284765,14043.766074501462,12700.553999999996,17142.889999999996,697.7566820276497,825.0,2.0,1098.0,1000.0,1100.0,1050.0,685.0,31.566820276497698,0.0031566820276497697
wind_actual_mw,Actual wind output,Winter,INTNED,Netherlands(BritNed),highest_20pct,export,export_mw_positive_magnitude_conditional_on_exporting,100.0,3761,937,24.913586812018078,255.16617920765754,218.0,402.58760967827703,147.42143047061953,147.42143047061953,479.84000000000003,2170,937,654,57.69742089869716,24.913586812018078,17.388992289284765,14043.766074501462,12700.553999999996,17142.889999999996,591.7310565635005,584.0,2.0,1080.0,1000.0,1100.0,1050.0,133.0,14.194236926360727,0.0014194236926360726
wind_actual_mw,Actual wind output,Winter,INTNEM,Belgium (Nemolink),lowest_20pct,import,import_mw_positive_magnitude_conditional_on_importing,100.0,3762,3173,84.34343434343434,564.2083997873472,793.0,638.022860180755,73.81446039340776,638.022860180755,1061.2759999999998,3173,571,18,84.34343434343434,15.178096757044127,0.4784688995215311,3053.7542703349286,-114.5882,5117.9436,756.458241411913,898.0,2.0,1020.0,1000.0,1100.0,1050.0,1005.0,31.67349511503309,0.003167349511503309
wind_actual_mw,Actual wind output,Winter,INTNEM,Belgium (Nemolink),lowest_20pct,export,export_mw_positive_magnitude_conditional_on_exporting,100.0,3762,571,15.178096757044127,564.2083997873472,793.0,638.022860180755,73.81446039340776,73.81446039340776,1061.2759999999998,3173,571,18,84.34343434343434,15.178096757044127,0.4784688995215311,3053.7542703349286,-114.5882,5117.9436,486.32224168126095,460.0,2.0,1024.0,400.0,500.0,450.0,70.0,12.259194395796849,0.0012259194395796847
wind_actual_mw,Actual wind output,Winter,INTNEM,Belgium (Nemolink),20_40pct,import,import_mw_positive_magnitude_conditional_on_importing,100.0,3760,2668,70.95744680851064,353.9622340425532,511.0,487.25159574468086,133.28936170212765,487.25159574468086,665.4490000000001,2668,1050,42,70.95744680851064,27.925531914893615,1.1170212765957448,6561.576151489361,5121.379999999999,7990.193400000002,686.6814092953523,778.0,2.0,1020.0,1000.0,1100.0,1050.0,588.0,22.038980509745127,0.0022038980509745125
wind_actual_mw,Actual wind output,Winter,INTNEM,Belgium (Nemolink),20_40pct,export,export_mw_positive_magnitude_conditional_on_exporting,100.0,3760,1050,27.925531914893615,353.9622340425532,511.0,487.25159574468086,133.28936170212765,133.28936170212765,665.4490000000001,2668,1050,42,70.95744680851064,27.925531914893615,1.1170212765957448,6561.576151489361,5121.379999999999,7990.193400000002,477.30285714285714,414.0,2.0,1024.0,0.0,100.0,50.0,154.0,14.666666666666666,0.0014666666666666667
wind_actual_mw,Actual wind output,Winter,INTNEM,Belgium (Nemolink),40_60pct,import,import_mw_positive_magnitude_conditional_on_importing,100.0,3757,2738,72.87729571466596,395.3627894596753,568.0,509.99095022624437,114.62816076656907,509.99095022624437,742.689,2738,920,99,72.87729571466596,24.48762310354006,2.6350811817939848,9312.00615310088,7990.385200000006,10595.528000000002,699.7940102264427,797.0,2.0,1020.0,1000.0,1100.0,1050.0,659.0,24.068663257852446,0.002406866325785245
wind_actual_mw,Actual wind output,Winter,INTNEM,Belgium (Nemolink),40_60pct,export,export_mw_positive_magnitude_conditional_on_exporting,100.0,3757,920,24.48762310354006,395.3627894596753,568.0,509.99095022624437,114.62816076656907,114.62816076656907,742.689,2738,920,99,72.87729571466596,24.48762310354006,2.6350811817939848,9312.00615310088,7990.385200000006,10595.528000000002,468.1065217391304,402.0,2.0,1024.0,0.0,100.0,50.0,137.0,14.891304347826088,0.0014891304347826088
wind_actual_mw,Actual wind output,Winter,INTNEM,Belgium (Nemolink),60_80pct,import,import_mw_positive_magnitude_conditional_on_importing,100.0,3759,2938,78.15908486299547,472.54535780792764,676.0,565.2061718542166,92.6608140462889,565.2061718542166,888.149,2938,741,80,78.15908486299547,19.71268954509178,2.128225591912743,11607.818522106942,10595.549000000005,12700.330000000002,723.1484002722941,848.0,2.0,1020.0,1000.0,1100.0,1050.0,844.0,28.727025187202177,0.002872702518720218
wind_actual_mw,Actual wind output,Winter,INTNEM,Belgium (Nemolink),60_80pct,export,export_mw_positive_magnitude_conditional_on_exporting,100.0,3759,741,19.71268954509178,472.54535780792764,676.0,565.2061718542166,92.6608140462889,92.6608140462889,888.149,2938,741,80,78.15908486299547,19.71268954509178,2.128225591912743,11607.818522106942,10595.549000000005,12700.330000000002,470.05668016194335,418.0,2.0,1024.0,0.0,100.0,50.0,104.0,14.035087719298245,0.0014035087719298245
wind_actual_mw,Actual wind output,Winter,INTNEM,Belgium (Nemolink),highest_20pct,import,import_mw_positive_magnitude_conditional_on_importing,100.0,3761,2459,65.3815474607817,279.18000531773464,426.0,463.4496144642382,184.2696091465036,463.4496144642382,524.998,2459,1250,52,65.3815474607817,33.235841531507575,1.3826110077107152,14043.766074501462,12700.553999999996,17142.889999999996,708.8385522570151,822.0,2.0,1020.0,1000.0,1100.0,1050.0,718.0,29.198861325742172,0.0029198861325742172
wind_actual_mw,Actual wind output,Winter,INTNEM,Belgium (Nemolink),highest_20pct,export,export_mw_positive_magnitude_conditional_on_exporting,100.0,3761,1250,33.235841531507575,279.18000531773464,426.0,463.4496144642382,184.2696091465036,184.2696091465036,524.998,2459,1250,52,65.3815474607817,33.235841531507575,1.3826110077107152,14043.766074501462,12700.553999999996,17142.889999999996,554.4304,545.0,2.0,1024.0,1000.0,1100.0,1050.0,152.0,12.16,0.001216
wind_actual_mw,Actual wind output,Winter,INTNSL,North Sea Link (INTNSL),lowest_20pct,import,import_mw_positive_magnitude_conditional_on_importing,100.0,3762,3601,95.7203615098352,1003.7400318979267,1256.0,1011.2599681020733,7.51993620414673,1011.2599681020733,1888.035,3601,160,1,95.7203615098352,4.253056884635832,0.026581605528973953,3053.7542703349286,-114.5882,5117.9436,1056.4732018883644,1258.0,2.0,1400.0,1300.0,1400.0,1350.0,1447.0,40.18328242154957,0.004018328242154957
wind_actual_mw,Actual wind output,Winter,INTNSL,North Sea Link (INTNSL),lowest_20pct,export,export_mw_positive_magnitude_conditional_on_exporting,100.0,3762,160,4.253056884635832,1003.7400318979267,1256.0,1011.2599681020733,7.51993620414673,7.51993620414673,1888.035,3601,160,1,95.7203615098352,4.253056884635832,0.026581605528973953,3053.7542703349286,-114.5882,5117.9436,176.8125,41.0,2.0,964.0,0.0,100.0,50.0,94.0,58.75,0.005875
wind_actual_mw,Actual wind output,Winter,INTNSL,North Sea Link (INTNSL),20_40pct,import,import_mw_positive_magnitude_conditional_on_importing,100.0,3760,3502,93.13829787234043,947.2372340425532,1096.0,975.7069148936171,28.46968085106383,975.7069148936171,1780.806,3502,253,5,93.13829787234043,6.7287234042553195,0.13297872340425532,6561.576151489361,5121.379999999999,7990.193400000002,1047.5893774985723,1146.0,2.0,1400.0,1300.0,1400.0,1350.0,1137.0,32.46716162193032,0.003246716162193032
wind_actual_mw,Actual wind output,Winter,INTNSL,North Sea Link (INTNSL),20_40pct,export,export_mw_positive_magnitude_conditional_on_exporting,100.0,3760,253,6.7287234042553195,947.2372340425532,1096.0,975.7069148936171,28.46968085106383,28.46968085106383,1780.806,3502,253,5,93.13829787234043,6.7287234042553195,0.13297872340425532,6561.576151489361,5121.379999999999,7990.193400000002,423.10671936758894,262.0,2.0,1452.0,0.0,100.0,50.0,99.0,39.130434782608695,0.00391304347826087
wind_actual_mw,Actual wind output,Winter,INTNSL,North Sea Link (INTNSL),40_60pct,import,import_mw_positive_magnitude_conditional_on_importing,100.0,3757,3407,90.68405642800107,919.055097151983,1096.0,955.6907106734096,36.63561352142667,955.6907106734096,1726.445,3407,346,4,90.68405642800107,9.209475645461804,0.10646792653713069,9312.00615310088,7990.385200000006,10595.528000000002,1053.8685060170237,1096.0,2.0,1400.0,1300.0,1400.0,1350.0,1281.0,37.59906075726446,0.003759906075726446
wind_actual_mw,Actual wind output,Winter,INTNSL,North Sea Link (INTNSL),40_60pct,export,export_mw_positive_magnitude_conditional_on_exporting,100.0,3757,346,9.209475645461804,919.055097151983,1096.0,955.6907106734096,36.63561352142667,36.63561352142667,1726.445,3407,346,4,90.68405642800107,9.209475645461804,0.10646792653713069,9312.00615310088,7990.385200000006,10595.528000000002,397.8034682080925,206.0,2.0,1454.0,0.0,100.0,50.0,136.0,39.30635838150289,0.00393063583815029
wind_actual_mw,Actual wind output,Winter,INTNSL,North Sea Link (INTNSL),60_80pct,import,import_mw_positive_magnitude_conditional_on_importing,100.0,3759,3120,83.00079808459697,741.8222931630753,1048.0,843.7924980047885,101.97020484171323,843.7924980047885,1394.2549999999999,3120,609,30,83.00079808459697,16.201117318435752,0.7980845969672785,11607.818522106942,10595.549000000005,12700.330000000002,1016.6076923076923,1048.0,2.0,1400.0,1300.0,1400.0,1350.0,1127.0,36.12179487179487,0.003612179487179487
wind_actual_mw,Actual wind output,Winter,INTNSL,North Sea Link (INTNSL),60_80pct,export,export_mw_positive_magnitude_conditional_on_exporting,100.0,3759,609,16.201117318435752,741.8222931630753,1048.0,843.7924980047885,101.97020484171323,101.97020484171323,1394.2549999999999,3120,609,30,83.00079808459697,16.201117318435752,0.7980845969672785,11607.818522106942,10595.549000000005,12700.330000000002,629.4022988505748,630.0,2.0,1454.0,0.0,100.0,50.0,119.0,19.54022988505747,0.0019540229885057474
wind_actual_mw,Actual wind output,Winter,INTNSL,North Sea Link (INTNSL),highest_20pct,import,import_mw_positive_magnitude_conditional_on_importing,100.0,3761,3036,80.7232119117256,705.4926881148631,1058.0,839.2778516352034,133.78516352034035,839.2778516352034,1326.679,3036,721,4,80.7232119117256,19.17043339537357,0.10635469290082426,14043.766074501462,12700.553999999996,17142.889999999996,1039.6982872200263,1096.0,2.0,1400.0,1300.0,1400.0,1350.0,1293.0,42.58893280632411,0.004258893280632411
wind_actual_mw,Actual wind output,Winter,INTNSL,North Sea Link (INTNSL),highest_20pct,export,export_mw_positive_magnitude_conditional_on_exporting,100.0,3761,721,19.17043339537357,705.4926881148631,1058.0,839.2778516352034,133.78516352034035,133.78516352034035,1326.679,3036,721,4,80.7232119117256,19.17043339537357,0.10635469290082426,14043.766074501462,12700.553999999996,17142.889999999996,697.872399445215,678.0,2.0,1454.0,1000.0,1100.0,1050.0,122.0,16.920943134535367,0.0016920943134535369
wind_actual_mw,Actual wind output,Winter,INTVKL,Denmark (Viking link),lowest_20pct,import,import_mw_positive_magnitude_conditional_on_importing,100.0,1571,1103,70.21005728835136,415.9681731381286,674.0,550.995544239338,135.0273711012094,550.995544239338,326.743,1103,389,79,70.21005728835136,24.761298535964354,5.028644175684278,3043.072138255888,-114.5882,5117.9436,784.7815049864007,700.0,4.0,1424.0,700.0,800.0,750.0,230.0,20.852221214868543,0.0020852221214868543
wind_actual_mw,Actual wind output,Winter,INTVKL,Denmark (Viking link),lowest_20pct,export,export_mw_positive_magnitude_conditional_on_exporting,100.0,1571,389,24.761298535964354,415.9681731381286,674.0,550.995544239338,135.0273711012094,135.0273711012094,326.743,1103,389,79,70.21005728835136,24.761298535964354,5.028644175684278,3043.072138255888,-114.5882,5117.9436,545.3161953727506,562.0,2.0,1098.0,600.0,700.0,650.0,49.0,12.596401028277635,0.0012596401028277635
wind_actual_mw,Actual wind output,Winter,INTVKL,Denmark (Viking link),20_40pct,import,import_mw_positive_magnitude_conditional_on_importing,100.0,1751,1115,63.67789834380354,263.8549400342661,436.0,482.97658480868074,219.12164477441462,482.97658480868074,231.005,1115,585,51,63.67789834380354,33.40948029697316,2.912621359223301,6665.027415648201,5136.513000000004,7990.193400000002,758.4681614349776,754.0,2.0,1426.0,700.0,800.0,750.0,220.0,19.730941704035875,0.0019730941704035874
wind_actual_mw,Actual wind output,Winter,INTVKL,Denmark (Viking link),20_40pct,export,export_mw_positive_magnitude_conditional_on_exporting,100.0,1751,585,33.40948029697316,263.8549400342661,436.0,482.97658480868074,219.12164477441462,219.12164477441462,231.005,1115,585,51,63.67789834380354,33.40948029697316,2.912621359223301,6665.027415648201,5136.513000000004,7990.193400000002,655.8666666666667,684.0,2.0,1402.0,1000.0,1100.0,1050.0,162.0,27.692307692307693,0.0027692307692307695
wind_actual_mw,Actual wind output,Winter,INTVKL,Denmark (Viking link),40_60pct,import,import_mw_positive_magnitude_conditional_on_importing,100.0,1832,1330,72.59825327510917,504.5131004366812,698.0,671.6746724890829,167.16157205240174,671.6746724890829,462.134,1330,460,42,72.59825327510917,25.109170305676855,2.292576419213974,9272.734869759826,7990.679,10593.157400000004,925.193984962406,933.0,2.0,1426.0,1400.0,1500.0,1450.0,326.0,24.51127819548872,0.0024511278195488723
wind_actual_mw,Actual wind output,Winter,INTVKL,Denmark (Viking link),40_60pct,export,export_mw_positive_magnitude_conditional_on_exporting,100.0,1832,460,25.109170305676855,504.5131004366812,698.0,671.6746724890829,167.16157205240174,167.16157205240174,462.134,1330,460,42,72.59825327510917,25.109170305676855,2.292576419213974,9272.734869759826,7990.679,10593.157400000004,665.7391304347826,709.0,2.0,1098.0,1000.0,1100.0,1050.0,135.0,29.347826086956523,0.0029347826086956524
wind_actual_mw,Actual wind output,Winter,INTVKL,Denmark (Viking link),60_80pct,import,import_mw_positive_magnitude_conditional_on_importing,100.0,1625,1301,80.06153846153846,692.1206153846153,800.0,789.1458461538462,97.02523076923077,789.1458461538462,562.348,1301,283,41,80.06153846153846,17.415384615384617,2.523076923076923,11622.219901292308,10598.752600000003,12700.3222,985.674096848578,1052.0,2.0,1426.0,1400.0,1500.0,1450.0,406.0,31.206764027671024,0.0031206764027671024
wind_actual_mw,Actual wind output,Winter,INTVKL,Denmark (Viking link),60_80pct,export,export_mw_positive_magnitude_conditional_on_exporting,100.0,1625,283,17.415384615384617,692.1206153846153,800.0,789.1458461538462,97.02523076923077,97.02523076923077,562.348,1301,283,41,80.06153846153846,17.415384615384617,2.523076923076923,11622.219901292308,10598.752600000003,12700.3222,557.1236749116608,520.0,2.0,1096.0,1000.0,1100.0,1050.0,50.0,17.6678445229682,0.0017667844522968198
wind_actual_mw,Actual wind output,Winter,INTVKL,Denmark (Viking link),highest_20pct,import,import_mw_positive_magnitude_conditional_on_importing,100.0,2005,1534,76.50872817955113,668.6912718204488,826.0,783.3266832917706,114.63541147132169,783.3266832917706,670.363,1534,343,128,76.50872817955113,17.1072319201995,6.384039900249376,13976.057876408977,12701.308599999998,17142.889999999996,1023.8396349413299,1152.0,2.0,1426.0,1400.0,1500.0,1450.0,510.0,33.24641460234681,0.003324641460234681
wind_actual_mw,Actual wind output,Winter,INTVKL,Denmark (Viking link),highest_20pct,export,export_mw_positive_magnitude_conditional_on_exporting,100.0,2005,343,17.1072319201995,668.6912718204488,826.0,783.3266832917706,114.63541147132169,114.63541147132169,670.363,1534,343,128,76.50872817955113,17.1072319201995,6.384039900249376,13976.057876408977,12701.308599999998,17142.889999999996,670.0991253644315,712.0,6.0,1100.0,1000.0,1100.0,1050.0,113.0,32.94460641399417,0.003294460641399417
wind_actual_mw,Actual wind output,Spring,TOTAL_GB_INTERCONNECTORS,GB interconnector fleet total,lowest_20pct,import,import_mw_positive_magnitude_conditional_on_importing,100.0,3504,2925,83.47602739726028,3128.166095890411,3913.0,3581.185502283105,453.01940639269407,3581.185502283105,5480.5470000000005,2925,579,0,83.47602739726028,16.523972602739725,0.0,1525.7028317351599,-4.5900000000000025,2553.4480000000003,4290.076581196581,4576.0,2.0,9148.0,6300.0,6400.0,6350.0,88.0,3.0085470085470085,0.00030085470085470086
wind_actual_mw,Actual wind output,Spring,TOTAL_GB_INTERCONNECTORS,GB interconnector fleet total,lowest_20pct,export,export_mw_positive_magnitude_conditional_on_exporting,100.0,3504,579,16.523972602739725,3128.166095890411,3913.0,3581.185502283105,453.01940639269407,453.01940639269407,5480.5470000000005,2925,579,0,83.47602739726028,16.523972602739725,0.0,1525.7028317351599,-4.5900000000000025,2553.4480000000003,2741.588946459413,2688.0,8.0,5196.0,4700.0,4800.0,4750.0,28.0,4.8359240069084635,0.0004835924006908463
wind_actual_mw,Actual wind output,Spring,TOTAL_GB_INTERCONNECTORS,GB interconnector fleet total,20_40pct,import,import_mw_positive_magnitude_conditional_on_importing,100.0,3503,3095,88.352840422495,3598.1872680559522,4230.0,3860.0274050813587,261.8401370254068,3860.0274050813587,6302.225,3095,406,2,88.352840422495,11.590065658007422,0.05709391949757351,3461.8124653154437,2553.864,4352.303999999999,4368.877544426495,4620.0,4.0,9224.0,6000.0,6100.0,6050.0,73.0,2.358642972536349,0.00023586429725363492
wind_actual_mw,Actual wind output,Spring,TOTAL_GB_INTERCONNECTORS,GB interconnector fleet total,20_40pct,export,export_mw_positive_magnitude_conditional_on_exporting,100.0,3503,406,11.590065658007422,3598.1872680559522,4230.0,3860.0274050813587,261.8401370254068,261.8401370254068,6302.225,3095,406,2,88.352840422495,11.590065658007422,0.05709391949757351,3461.8124653154437,2553.864,4352.303999999999,2259.177339901478,2215.0,2.0,5148.0,0.0,100.0,50.0,21.0,5.172413793103448,0.0005172413793103448
wind_actual_mw,Actual wind output,Spring,TOTAL_GB_INTERCONNECTORS,GB interconnector fleet total,40_60pct,import,import_mw_positive_magnitude_conditional_on_importing,100.0,3503,2983,85.15558093063089,3309.498144447616,4082.0,3667.4912931772765,357.9931487296603,3667.4912931772765,5796.585999999999,2983,518,2,85.15558093063089,14.787325149871538,0.05709391949757351,5341.144905395377,4353.709599999999,6476.090200000001,4306.812604760308,4458.0,2.0,9230.0,4200.0,4300.0,4250.0,84.0,2.8159570901776734,0.00028159570901776734
wind_actual_mw,Actual wind output,Spring,TOTAL_GB_INTERCONNECTORS,GB interconnector fleet total,40_60pct,export,export_mw_positive_magnitude_conditional_on_exporting,100.0,3503,518,14.787325149871538,3309.498144447616,4082.0,3667.4912931772765,357.9931487296603,357.9931487296603,5796.585999999999,2983,518,2,85.15558093063089,14.787325149871538,0.05709391949757351,5341.144905395377,4353.709599999999,6476.090200000001,2420.945945945946,2489.0,20.0,5676.0,3200.0,3300.0,3250.0,39.0,7.5289575289575295,0.000752895752895753
wind_actual_mw,Actual wind output,Spring,TOTAL_GB_INTERCONNECTORS,GB interconnector fleet total,60_80pct,import,import_mw_positive_magnitude_conditional_on_importing,100.0,3503,3075,87.78190122751927,3264.4093634027977,3608.0,3524.6719954324863,260.26263202968886,3524.6719954324863,5717.612999999999,3075,428,0,87.78190122751927,12.21809877248073,0.0,7992.565153525549,6476.137999999999,9680.048999999995,4015.2604878048783,4032.0,4.0,8488.0,6200.0,6300.0,6250.0,66.0,2.1463414634146343,0.00021463414634146342
wind_actual_mw,Actual wind output,Spring,TOTAL_GB_INTERCONNECTORS,GB interconnector fleet total,60_80pct,export,export_mw_positive_magnitude_conditional_on_exporting,100.0,3503,428,12.21809877248073,3264.4093634027977,3608.0,3524.6719954324863,260.26263202968886,260.26263202968886,5717.612999999999,3075,428,0,87.78190122751927,12.21809877248073,0.0,7992.565153525549,6476.137999999999,9680.048999999995,2130.1401869158876,2033.0,18.0,4916.0,400.0,500.0,450.0,24.0,5.607476635514018,0.0005607476635514019
wind_actual_mw,Actual wind output,Spring,TOTAL_GB_INTERCONNECTORS,GB interconnector fleet total,highest_20pct,import,import_mw_positive_magnitude_conditional_on_importing,100.0,3504,2533,72.28881278538812,1912.9714611872146,2029.0,2513.7819634703196,600.810502283105,2513.7819634703196,3351.526,2533,971,0,72.28881278538812,27.711187214611872,0.0,11597.604688755706,9681.368000000006,15163.815399999994,3477.4149230161865,3256.0,2.0,8388.0,2000.0,2100.0,2050.0,55.0,2.1713383339913146,0.00021713383339913147
wind_actual_mw,Actual wind output,Spring,TOTAL_GB_INTERCONNECTORS,GB interconnector fleet total,highest_20pct,export,export_mw_positive_magnitude_conditional_on_exporting,100.0,3504,971,27.711187214611872,1912.9714611872146,2029.0,2513.7819634703196,600.810502283105,600.810502283105,3351.526,2533,971,0,72.28881278538812,27.711187214611872,0.0,11597.604688755706,9681.368000000006,15163.815399999994,2168.1153450051493,1940.0,2.0,6746.0,100.0,200.0,150.0,37.0,3.810504634397528,0.00038105046343975285
wind_actual_mw,Actual wind output,Spring,INTELEC,Eleclink (INTELEC),lowest_20pct,import,import_mw_positive_magnitude_conditional_on_importing,100.0,2400,2164,90.16666666666666,791.2191666666666,996.0,816.4316666666666,25.2125,816.4316666666666,949.4630000000002,2164,145,91,90.16666666666666,6.041666666666667,3.791666666666667,1614.6716468333334,52.42120000000001,2553.4480000000003,905.4695009242145,996.0,6.0,1000.0,900.0,1000.0,950.0,1727.0,79.80591497227357,0.007980591497227357
wind_actual_mw,Actual wind output,Spring,INTELEC,Eleclink (INTELEC),lowest_20pct,export,export_mw_positive_magnitude_conditional_on_exporting,100.0,2400,145,6.041666666666667,791.2191666666666,996.0,816.4316666666666,25.2125,25.2125,949.4630000000002,2164,145,91,90.16666666666666,6.041666666666667,3.791666666666667,1614.6716468333334,52.42120000000001,2553.4480000000003,417.3103448275862,368.0,2.0,1026.0,0.0,100.0,50.0,31.0,21.379310344827587,0.0021379310344827587
wind_actual_mw,Actual wind output,Spring,INTELEC,Eleclink (INTELEC),20_40pct,import,import_mw_positive_magnitude_conditional_on_importing,100.0,2792,2480,88.82521489971347,754.1031518624642,996.0,780.5315186246419,26.42836676217765,780.5315186246419,1052.728,2480,181,131,88.82521489971347,6.482808022922636,4.691977077363897,3483.3729297994273,2554.945,4352.303999999999,878.7274193548387,996.0,6.0,1000.0,900.0,1000.0,950.0,1806.0,72.8225806451613,0.007282258064516129
wind_actual_mw,Actual wind output,Spring,INTELEC,Eleclink (INTELEC),20_40pct,export,export_mw_positive_magnitude_conditional_on_exporting,100.0,2792,181,6.482808022922636,754.1031518624642,996.0,780.5315186246419,26.42836676217765,26.42836676217765,1052.728,2480,181,131,88.82521489971347,6.482808022922636,4.691977077363897,3483.3729297994273,2554.945,4352.303999999999,407.6685082872928,374.0,12.0,1022.0,100.0,200.0,150.0,31.0,17.12707182320442,0.0017127071823204421
wind_actual_mw,Actual wind output,Spring,INTELEC,Eleclink (INTELEC),40_60pct,import,import_mw_positive_magnitude_conditional_on_importing,100.0,2719,2284,84.00147112909157,690.8370724531078,994.0,728.4104450165502,37.57337256344244,728.4104450165502,939.1930000000001,2284,204,231,84.00147112909157,7.502758367046708,8.495770503861714,5355.345404781169,4353.709599999999,6476.090200000001,867.1401050788091,996.0,2.0,1000.0,900.0,1000.0,950.0,1654.0,72.4168126094571,0.007241681260945709
wind_actual_mw,Actual wind output,Spring,INTELEC,Eleclink (INTELEC),40_60pct,export,export_mw_positive_magnitude_conditional_on_exporting,100.0,2719,204,7.502758367046708,690.8370724531078,994.0,728.4104450165502,37.57337256344244,37.57337256344244,939.1930000000001,2284,204,231,84.00147112909157,7.502758367046708,8.495770503861714,5355.345404781169,4353.709599999999,6476.090200000001,500.79411764705884,425.0,34.0,1024.0,200.0,300.0,250.0,36.0,17.647058823529413,0.0017647058823529412
wind_actual_mw,Actual wind output,Spring,INTELEC,Eleclink (INTELEC),60_80pct,import,import_mw_positive_magnitude_conditional_on_importing,100.0,2794,2475,88.58267716535433,750.5790980672871,996.0,780.444523979957,29.865425912670005,780.444523979957,1048.5590000000002,2475,193,126,88.58267716535433,6.907659269863994,4.5096635647816745,7936.52631381532,6477.953199999998,9680.048999999995,881.0351515151515,996.0,4.0,1260.0,900.0,1000.0,950.0,1843.0,74.46464646464646,0.007446464646464646
wind_actual_mw,Actual wind output,Spring,INTELEC,Eleclink (INTELEC),60_80pct,export,export_mw_positive_magnitude_conditional_on_exporting,100.0,2794,193,6.907659269863994,750.5790980672871,996.0,780.444523979957,29.865425912670005,29.865425912670005,1048.5590000000002,2475,193,126,88.58267716535433,6.907659269863994,4.5096635647816745,7936.52631381532,6477.953199999998,9680.048999999995,432.3523316062176,326.0,6.0,1024.0,0.0,100.0,50.0,46.0,23.83419689119171,0.002383419689119171
wind_actual_mw,Actual wind output,Spring,INTELEC,Eleclink (INTELEC),highest_20pct,import,import_mw_positive_magnitude_conditional_on_importing,100.0,2737,2200,80.3799780781878,581.2064303982463,874.0,642.1001096090611,60.89367921081476,642.1001096090611,795.3810000000001,2200,330,207,80.3799780781878,12.05699671172817,7.563025210084033,11726.087826598465,9681.368000000006,15163.815399999994,798.8309090909091,990.0,2.0,1014.0,900.0,1000.0,950.0,1308.0,59.45454545454546,0.005945454545454546
wind_actual_mw,Actual wind output,Spring,INTELEC,Eleclink (INTELEC),highest_20pct,export,export_mw_positive_magnitude_conditional_on_exporting,100.0,2737,330,12.05699671172817,581.2064303982463,874.0,642.1001096090611,60.89367921081476,60.89367921081476,795.3810000000001,2200,330,207,80.3799780781878,12.05699671172817,7.563025210084033,11726.087826598465,9681.368000000006,15163.815399999994,505.04848484848486,526.0,2.0,1014.0,800.0,900.0,850.0,89.0,26.969696969696972,0.0026969696969696972
wind_actual_mw,Actual wind output,Spring,INTEW,Ireland(East-West),lowest_20pct,import,import_mw_positive_magnitude_conditional_on_importing,100.0,3504,155,4.42351598173516,-145.89954337899545,0.0,8.409817351598173,154.3093607305936,8.409817351598173,-255.61599999999999,155,1440,1909,4.42351598173516,41.0958904109589,54.48059360730594,1525.7028317351599,-4.5900000000000025,2553.4480000000003,190.11612903225807,134.0,2.0,504.0,0.0,100.0,50.0,72.0,46.45161290322581,0.004645161290322581
wind_actual_mw,Actual wind output,Spring,INTEW,Ireland(East-West),lowest_20pct,export,export_mw_positive_magnitude_conditional_on_exporting,100.0,3504,1440,41.0958904109589,-145.89954337899545,0.0,8.409817351598173,154.3093607305936,154.3093607305936,-255.61599999999999,155,1440,1909,4.42351598173516,41.0958904109589,54.48059360730594,1525.7028317351599,-4.5900000000000025,2553.4480000000003,375.4861111111111,460.0,2.0,532.0,500.0,600.0,550.0,664.0,46.111111111111114,0.004611111111111111
wind_actual_mw,Actual wind output,Spring,INTEW,Ireland(East-West),20_40pct,import,import_mw_positive_magnitude_conditional_on_importing,100.0,3503,207,5.909220667998858,-173.56836996859835,0.0,12.033114473308594,185.60148444190693,12.033114473308594,-304.005,207,1730,1566,5.909220667998858,49.386240365401086,44.704538966600055,3461.8124653154437,2553.864,4352.303999999999,203.6328502415459,126.0,2.0,504.0,0.0,100.0,50.0,96.0,46.3768115942029,0.00463768115942029
wind_actual_mw,Actual wind output,Spring,INTEW,Ireland(East-West),20_40pct,export,export_mw_positive_magnitude_conditional_on_exporting,100.0,3503,1730,49.386240365401086,-173.56836996859835,0.0,12.033114473308594,185.60148444190693,185.60148444190693,-304.005,207,1730,1566,5.909220667998858,49.386240365401086,44.704538966600055,3461.8124653154437,2553.864,4352.303999999999,375.81618497109827,462.0,2.0,584.0,500.0,600.0,550.0,793.0,45.83815028901734,0.004583815028901734
wind_actual_mw,Actual wind output,Spring,INTEW,Ireland(East-West),40_60pct,import,import_mw_positive_magnitude_conditional_on_importing,100.0,3503,388,11.076220382529261,-150.78504139309163,0.0,24.9129317727662,175.69797316585783,24.9129317727662,-264.1,388,1648,1467,11.076220382529261,47.04538966600057,41.87838995147017,5341.144905395377,4353.709599999999,6476.090200000001,224.92268041237114,211.0,2.0,504.0,0.0,100.0,50.0,117.0,30.15463917525773,0.003015463917525773
wind_actual_mw,Actual wind output,Spring,INTEW,Ireland(East-West),40_60pct,export,export_mw_positive_magnitude_conditional_on_exporting,100.0,3503,1648,47.04538966600057,-150.78504139309163,0.0,24.9129317727662,175.69797316585783,175.69797316585783,-264.1,388,1648,1467,11.076220382529261,47.04538966600057,41.87838995147017,5341.144905395377,4353.709599999999,6476.090200000001,373.4648058252427,462.0,2.0,586.0,500.0,600.0,550.0,761.0,46.17718446601942,0.004617718446601942
wind_actual_mw,Actual wind output,Spring,INTEW,Ireland(East-West),60_80pct,import,import_mw_positive_magnitude_conditional_on_importing,100.0,3503,315,8.992292320867827,-153.03111618612618,0.0,17.869825863545532,170.9009420496717,17.869825863545532,-268.034,315,1689,1499,8.992292320867827,48.215815015700834,42.79189266343135,7992.565153525549,6476.137999999999,9680.048999999995,198.72380952380954,152.0,2.0,504.0,0.0,100.0,50.0,125.0,39.682539682539684,0.003968253968253968
wind_actual_mw,Actual wind output,Spring,INTEW,Ireland(East-West),60_80pct,export,export_mw_positive_magnitude_conditional_on_exporting,100.0,3503,1689,48.215815015700834,-153.03111618612618,0.0,17.869825863545532,170.9009420496717,170.9009420496717,-268.034,315,1689,1499,8.992292320867827,48.215815015700834,42.79189266343135,7992.565153525549,6476.137999999999,9680.048999999995,354.4499703966844,430.0,2.0,588.0,500.0,600.0,550.0,727.0,43.043220840734165,0.004304322084073417
wind_actual_mw,Actual wind output,Spring,INTEW,Ireland(East-West),highest_20pct,import,import_mw_positive_magnitude_conditional_on_importing,100.0,3504,581,16.581050228310502,-117.80536529680366,0.0,36.62614155251141,154.43150684931507,36.62614155251141,-206.395,581,1602,1321,16.581050228310502,45.71917808219178,37.699771689497716,11597.604688755706,9681.368000000006,15163.815399999994,220.89156626506025,204.0,2.0,504.0,0.0,100.0,50.0,177.0,30.46471600688468,0.003046471600688468
wind_actual_mw,Actual wind output,Spring,INTEW,Ireland(East-West),highest_20pct,export,export_mw_positive_magnitude_conditional_on_exporting,100.0,3504,1602,45.71917808219178,-117.80536529680366,0.0,36.62614155251141,154.43150684931507,154.43150684931507,-206.395,581,1602,1321,16.581050228310502,45.71917808219178,37.699771689497716,11597.604688755706,9681.368000000006,15163.815399999994,337.78277153558054,397.0,2.0,532.0,500.0,600.0,550.0,647.0,40.387016229712856,0.004038701622971286
wind_actual_mw,Actual wind output,Spring,INTFR,France(IFA),lowest_20pct,import,import_mw_positive_magnitude_conditional_on_importing,100.0,3504,2594,74.0296803652968,743.7962328767123,1002.0,886.6227168949772,142.82648401826484,886.6227168949772,1303.131,2594,900,10,74.0296803652968,25.684931506849317,0.28538812785388123,1525.7028317351599,-4.5900000000000025,2553.4480000000003,1197.6584425597532,1006.0,2.0,2012.0,1000.0,1100.0,1050.0,877.0,33.80878951426369,0.0033808789514263686
wind_actual_mw,Actual wind output,Spring,INTFR,France(IFA),lowest_20pct,export,export_mw_positive_magnitude_conditional_on_exporting,100.0,3504,900,25.684931506849317,743.7962328767123,1002.0,886.6227168949772,142.82648401826484,142.82648401826484,1303.131,2594,900,10,74.0296803652968,25.684931506849317,0.28538812785388123,1525.7028317351599,-4.5900000000000025,2553.4480000000003,556.0711111111111,557.0,2.0,1752.0,1000.0,1100.0,1050.0,206.0,22.88888888888889,0.002288888888888889
wind_actual_mw,Actual wind output,Spring,INTFR,France(IFA),20_40pct,import,import_mw_positive_magnitude_conditional_on_importing,100.0,3503,2845,81.21610048529831,947.127033970882,1006.0,1058.726805595204,111.59977162432202,1058.726805595204,1658.893,2845,658,0,81.21610048529831,18.783899514701684,0.0,3461.8124653154437,2553.864,4352.303999999999,1303.592267135325,1362.0,2.0,2012.0,1000.0,1100.0,1050.0,619.0,21.757469244288224,0.0021757469244288227
wind_actual_mw,Actual wind output,Spring,INTFR,France(IFA),20_40pct,export,export_mw_positive_magnitude_conditional_on_exporting,100.0,3503,658,18.783899514701684,947.127033970882,1006.0,1058.726805595204,111.59977162432202,111.59977162432202,1658.893,2845,658,0,81.21610048529831,18.783899514701684,0.0,3461.8124653154437,2553.864,4352.303999999999,594.1246200607902,605.0,2.0,2036.0,0.0,100.0,50.0,123.0,18.693009118541035,0.0018693009118541035
wind_actual_mw,Actual wind output,Spring,INTFR,France(IFA),40_60pct,import,import_mw_positive_magnitude_conditional_on_importing,100.0,3503,2728,77.87610619469027,834.6074793034542,1004.0,983.3017413645447,148.69426206109048,983.3017413645447,1461.815,2728,768,7,77.87610619469027,21.92406508706823,0.19982871824150727,5341.144905395377,4353.709599999999,6476.090200000001,1262.6488269794722,1348.0,2.0,2012.0,1000.0,1100.0,1050.0,552.0,20.234604105571847,0.0020234604105571845
wind_actual_mw,Actual wind output,Spring,INTFR,France(IFA),40_60pct,export,export_mw_positive_magnitude_conditional_on_exporting,100.0,3503,768,21.92406508706823,834.6074793034542,1004.0,983.3017413645447,148.69426206109048,148.69426206109048,1461.815,2728,768,7,77.87610619469027,21.92406508706823,0.19982871824150727,5341.144905395377,4353.709599999999,6476.090200000001,678.2239583333334,719.0,2.0,2056.0,1000.0,1100.0,1050.0,170.0,22.135416666666664,0.0022135416666666666
wind_actual_mw,Actual wind output,Spring,INTFR,France(IFA),60_80pct,import,import_mw_positive_magnitude_conditional_on_importing,100.0,3503,2731,77.96174707393662,828.5897801884099,1002.0,942.4927205252641,113.90294033685413,942.4927205252641,1451.2749999999999,2731,759,13,77.96174707393662,21.66714244932915,0.3711104767342278,7992.565153525549,6476.137999999999,9680.048999999995,1208.9168802636398,1006.0,2.0,2142.0,1000.0,1100.0,1050.0,515.0,18.857561332845112,0.0018857561332845114
wind_actual_mw,Actual wind output,Spring,INTFR,France(IFA),60_80pct,export,export_mw_positive_magnitude_conditional_on_exporting,100.0,3503,759,21.66714244932915,828.5897801884099,1002.0,942.4927205252641,113.90294033685413,113.90294033685413,1451.2749999999999,2731,759,13,77.96174707393662,21.66714244932915,0.3711104767342278,7992.565153525549,6476.137999999999,9680.048999999995,525.6943346508564,506.0,2.0,2054.0,0.0,100.0,50.0,211.0,27.79973649538867,0.002779973649538867
wind_actual_mw,Actual wind output,Spring,INTFR,France(IFA),highest_20pct,import,import_mw_positive_magnitude_conditional_on_importing,100.0,3504,2390,68.20776255707763,531.7100456621005,718.0,754.9235159817351,223.2134703196347,754.9235159817351,931.556,2390,1110,4,68.20776255707763,31.67808219178082,0.1141552511415525,11597.604688755706,9681.368000000006,15163.815399999994,1106.8,1004.0,2.0,2024.0,1000.0,1100.0,1050.0,290.0,12.133891213389122,0.001213389121338912
wind_actual_mw,Actual wind output,Spring,INTFR,France(IFA),highest_20pct,export,export_mw_positive_magnitude_conditional_on_exporting,100.0,3504,1110,31.67808219178082,531.7100456621005,718.0,754.9235159817351,223.2134703196347,223.2134703196347,931.556,2390,1110,4,68.20776255707763,31.67808219178082,0.1141552511415525,11597.604688755706,9681.368000000006,15163.815399999994,704.6306306306307,777.0,2.0,1986.0,1000.0,1100.0,1050.0,383.0,34.5045045045045,0.0034504504504504502
wind_actual_mw,Actual wind output,Spring,INTGRNL,Ireland (Greenlink),lowest_20pct,import,import_mw_positive_magnitude_conditional_on_importing,100.0,691,61,8.827785817655572,-425.80607814761214,-514.0,9.464544138929089,435.27062228654125,9.464544138929089,-147.11600000000004,61,626,4,8.827785817655572,90.59334298118668,0.5788712011577424,1739.153986107091,52.42120000000001,2551.936000000002,107.21311475409836,4.0,4.0,398.0,0.0,100.0,50.0,37.0,60.65573770491803,0.0060655737704918035
wind_actual_mw,Actual wind output,Spring,INTGRNL,Ireland (Greenlink),lowest_20pct,export,export_mw_positive_magnitude_conditional_on_exporting,100.0,691,626,90.59334298118668,-425.80607814761214,-514.0,9.464544138929089,435.27062228654125,435.27062228654125,-147.11600000000004,61,626,4,8.827785817655572,90.59334298118668,0.5788712011577424,1739.153986107091,52.42120000000001,2551.936000000002,480.4664536741214,514.0,10.0,516.0,500.0,600.0,550.0,481.0,76.8370607028754,0.007683706070287541
wind_actual_mw,Actual wind output,Spring,INTGRNL,Ireland (Greenlink),20_40pct,import,import_mw_positive_magnitude_conditional_on_importing,100.0,932,136,14.592274678111588,-374.1030042918455,-514.0,23.07510729613734,397.1781115879828,23.07510729613734,-174.33200000000005,136,780,16,14.592274678111588,83.69098712446352,1.7167381974248928,3447.063194635193,2556.8860000000004,4351.464000000003,158.13235294117646,72.0,2.0,506.0,0.0,100.0,50.0,71.0,52.20588235294118,0.005220588235294118
wind_actual_mw,Actual wind output,Spring,INTGRNL,Ireland (Greenlink),20_40pct,export,export_mw_positive_magnitude_conditional_on_exporting,100.0,932,780,83.69098712446352,-374.1030042918455,-514.0,23.07510729613734,397.1781115879828,397.1781115879828,-174.33200000000005,136,780,16,14.592274678111588,83.69098712446352,1.7167381974248928,3447.063194635193,2556.8860000000004,4351.464000000003,474.5769230769231,514.0,4.0,516.0,500.0,600.0,550.0,593.0,76.02564102564102,0.007602564102564102
wind_actual_mw,Actual wind output,Spring,INTGRNL,Ireland (Greenlink),40_60pct,import,import_mw_positive_magnitude_conditional_on_importing,100.0,1008,81,8.035714285714286,-395.43650793650795,-514.0,16.34325396825397,411.7797619047619,16.34325396825397,-199.3,81,916,11,8.035714285714286,90.87301587301587,1.0912698412698412,5304.608092063492,4353.951999999999,6470.110000000001,203.3827160493827,214.0,2.0,504.0,300.0,400.0,350.0,29.0,35.80246913580247,0.0035802469135802466
wind_actual_mw,Actual wind output,Spring,INTGRNL,Ireland (Greenlink),40_60pct,export,export_mw_positive_magnitude_conditional_on_exporting,100.0,1008,916,90.87301587301587,-395.43650793650795,-514.0,16.34325396825397,411.7797619047619,411.7797619047619,-199.3,81,916,11,8.035714285714286,90.87301587301587,1.0912698412698412,5304.608092063492,4353.951999999999,6470.110000000001,453.1375545851528,514.0,4.0,516.0,500.0,600.0,550.0,632.0,68.99563318777294,0.006899563318777293
wind_actual_mw,Actual wind output,Spring,INTGRNL,Ireland (Greenlink),60_80pct,import,import_mw_positive_magnitude_conditional_on_importing,100.0,976,87,8.913934426229508,-391.077868852459,-512.0,19.204918032786885,410.2827868852459,19.204918032786885,-190.84600000000003,87,888,1,8.913934426229508,90.98360655737704,0.10245901639344263,7794.25589692623,6478.128000000003,9659.684,215.44827586206895,222.0,4.0,504.0,0.0,100.0,50.0,25.0,28.735632183908045,0.0028735632183908046
wind_actual_mw,Actual wind output,Spring,INTGRNL,Ireland (Greenlink),60_80pct,export,export_mw_positive_magnitude_conditional_on_exporting,100.0,976,888,90.98360655737704,-391.077868852459,-512.0,19.204918032786885,410.2827868852459,410.2827868852459,-190.84600000000003,87,888,1,8.913934426229508,90.98360655737704,0.10245901639344263,7794.25589692623,6478.128000000003,9659.684,450.94144144144144,514.0,6.0,516.0,500.0,600.0,550.0,567.0,63.85135135135135,0.006385135135135135
wind_actual_mw,Actual wind output,Spring,INTGRNL,Ireland (Greenlink),highest_20pct,import,import_mw_positive_magnitude_conditional_on_importing,100.0,665,110,16.541353383458645,-320.1203007518797,-502.0,39.783458646616545,359.9037593984962,39.783458646616545,-106.44000000000001,110,554,1,16.541353383458645,83.30827067669173,0.15037593984962408,11768.48217744361,9681.368000000006,15163.815399999994,240.5090909090909,200.0,4.0,506.0,100.0,200.0,150.0,27.0,24.545454545454547,0.0024545454545454545
wind_actual_mw,Actual wind output,Spring,INTGRNL,Ireland (Greenlink),highest_20pct,export,export_mw_positive_magnitude_conditional_on_exporting,100.0,665,554,83.30827067669173,-320.1203007518797,-502.0,39.783458646616545,359.9037593984962,359.9037593984962,-106.44000000000001,110,554,1,16.541353383458645,83.30827067669173,0.15037593984962408,11768.48217744361,9681.368000000006,15163.815399999994,432.014440433213,514.0,18.0,516.0,500.0,600.0,550.0,336.0,60.64981949458483,0.006064981949458484
wind_actual_mw,Actual wind output,Spring,INTIFA2,IFA2 (INTIFA2),lowest_20pct,import,import_mw_positive_magnitude_conditional_on_importing,100.0,3504,2511,71.66095890410958,436.8167808219178,908.0,601.0365296803653,164.2197488584475,601.0365296803653,765.3030000000001,2511,992,1,71.66095890410958,28.31050228310502,0.028538812785388126,1525.7028317351599,-4.5900000000000025,2553.4480000000003,838.7224213460772,992.0,6.0,994.0,900.0,1000.0,950.0,1761.0,70.13142174432497,0.007013142174432497
wind_actual_mw,Actual wind output,Spring,INTIFA2,IFA2 (INTIFA2),lowest_20pct,export,export_mw_positive_magnitude_conditional_on_exporting,100.0,3504,992,28.31050228310502,436.8167808219178,908.0,601.0365296803653,164.2197488584475,164.2197488584475,765.3030000000001,2511,992,1,71.66095890410958,28.31050228310502,0.028538812785388126,1525.7028317351599,-4.5900000000000025,2553.4480000000003,580.0665322580645,619.0,2.0,1030.0,1000.0,1100.0,1050.0,271.0,27.318548387096776,0.0027318548387096774
wind_actual_mw,Actual wind output,Spring,INTIFA2,IFA2 (INTIFA2),20_40pct,import,import_mw_positive_magnitude_conditional_on_importing,100.0,3503,2771,79.1036254638881,550.8575506708536,950.0,665.1778475592349,114.32029688838139,665.1778475592349,964.8270000000001,2771,728,4,79.1036254638881,20.782186697116757,0.11418783899514702,3461.8124653154437,2553.864,4352.303999999999,840.8942619992782,992.0,2.0,994.0,900.0,1000.0,950.0,1877.0,67.73727896066401,0.006773727896066402
wind_actual_mw,Actual wind output,Spring,INTIFA2,IFA2 (INTIFA2),20_40pct,export,export_mw_positive_magnitude_conditional_on_exporting,100.0,3503,728,20.782186697116757,550.8575506708536,950.0,665.1778475592349,114.32029688838139,114.32029688838139,964.8270000000001,2771,728,4,79.1036254638881,20.782186697116757,0.11418783899514702,3461.8124653154437,2553.864,4352.303999999999,550.0879120879121,550.0,2.0,1028.0,1000.0,1100.0,1050.0,175.0,24.03846153846154,0.002403846153846154
wind_actual_mw,Actual wind output,Spring,INTIFA2,IFA2 (INTIFA2),40_60pct,import,import_mw_positive_magnitude_conditional_on_importing,100.0,3503,2572,73.42278047387953,459.23893805309734,920.0,620.0890665144162,160.85012846131886,620.0890665144162,804.3570000000001,2572,926,5,73.42278047387953,26.434484727376535,0.14273479874393377,5341.144905395377,4353.709599999999,6476.090200000001,844.5458786936236,992.0,2.0,994.0,900.0,1000.0,950.0,1793.0,69.71228615863141,0.006971228615863142
wind_actual_mw,Actual wind output,Spring,INTIFA2,IFA2 (INTIFA2),40_60pct,export,export_mw_positive_magnitude_conditional_on_exporting,100.0,3503,926,26.434484727376535,459.23893805309734,920.0,620.0890665144162,160.85012846131886,160.85012846131886,804.3570000000001,2572,926,5,73.42278047387953,26.434484727376535,0.14273479874393377,5341.144905395377,4353.709599999999,6476.090200000001,608.4859611231102,720.0,2.0,1028.0,1000.0,1100.0,1050.0,341.0,36.82505399568035,0.0036825053995680345
wind_actual_mw,Actual wind output,Spring,INTIFA2,IFA2 (INTIFA2),60_80pct,import,import_mw_positive_magnitude_conditional_on_importing,100.0,3503,2623,74.87867542106765,474.894661718527,886.0,614.4670282614901,139.57236654296318,614.4670282614901,831.7780000000002,2623,875,5,74.87867542106765,24.978589780188408,0.14273479874393377,7992.565153525549,6476.137999999999,9680.048999999995,820.616850934045,992.0,4.0,1178.0,900.0,1000.0,950.0,1710.0,65.19252764010675,0.006519252764010675
wind_actual_mw,Actual wind output,Spring,INTIFA2,IFA2 (INTIFA2),60_80pct,export,export_mw_positive_magnitude_conditional_on_exporting,100.0,3503,875,24.978589780188408,474.894661718527,886.0,614.4670282614901,139.57236654296318,139.57236654296318,831.7780000000002,2623,875,5,74.87867542106765,24.978589780188408,0.14273479874393377,7992.565153525549,6476.137999999999,9680.048999999995,558.768,564.0,2.0,1626.0,1000.0,1100.0,1050.0,312.0,35.65714285714286,0.0035657142857142858
wind_actual_mw,Actual wind output,Spring,INTIFA2,IFA2 (INTIFA2),highest_20pct,import,import_mw_positive_magnitude_conditional_on_importing,100.0,3504,2387,68.12214611872146,284.4046803652968,587.0,507.0262557077626,222.62157534246575,507.0262557077626,498.27700000000004,2387,1116,1,68.12214611872146,31.84931506849315,0.028538812785388126,11597.604688755706,9681.368000000006,15163.815399999994,744.2899036447424,900.0,2.0,994.0,900.0,1000.0,950.0,1197.0,50.146627565982406,0.00501466275659824
wind_actual_mw,Actual wind output,Spring,INTIFA2,IFA2 (INTIFA2),highest_20pct,export,export_mw_positive_magnitude_conditional_on_exporting,100.0,3504,1116,31.84931506849315,284.4046803652968,587.0,507.0262557077626,222.62157534246575,222.62157534246575,498.27700000000004,2387,1116,1,68.12214611872146,31.84931506849315,0.028538812785388126,11597.604688755706,9681.368000000006,15163.815399999994,698.983870967742,906.0,2.0,1028.0,1000.0,1100.0,1050.0,495.0,44.354838709677416,0.004435483870967742
wind_actual_mw,Actual wind output,Spring,INTIRL,Northern Ireland(Moyle),lowest_20pct,import,import_mw_positive_magnitude_conditional_on_importing,100.0,3504,698,19.920091324200914,-228.425799086758,-314.0,39.7134703196347,268.1392694063927,39.7134703196347,-400.20200000000006,698,2742,64,19.920091324200914,78.25342465753424,1.82648401826484,1525.7028317351599,-4.5900000000000025,2553.4480000000003,199.36389684813753,183.0,2.0,404.0,0.0,100.0,50.0,203.0,29.083094555873924,0.0029083094555873924
wind_actual_mw,Actual wind output,Spring,INTIRL,Northern Ireland(Moyle),lowest_20pct,export,export_mw_positive_magnitude_conditional_on_exporting,100.0,3504,2742,78.25342465753424,-228.425799086758,-314.0,39.7134703196347,268.1392694063927,268.1392694063927,-400.20200000000006,698,2742,64,19.920091324200914,78.25342465753424,1.82648401826484,1525.7028317351599,-4.5900000000000025,2553.4480000000003,342.654996353027,402.0,2.0,456.0,400.0,500.0,450.0,1398.0,50.984682713347915,0.0050984682713347915
wind_actual_mw,Actual wind output,Spring,INTIRL,Northern Ireland(Moyle),20_40pct,import,import_mw_positive_magnitude_conditional_on_importing,100.0,3503,576,16.44304881530117,-252.42877533542676,-380.0,34.91921210391094,287.3479874393377,34.91921210391094,-442.12899999999996,576,2820,107,16.44304881530117,80.50242649157865,3.0545246931201824,3461.8124653154437,2553.864,4352.303999999999,212.36458333333334,220.0,2.0,404.0,0.0,100.0,50.0,176.0,30.555555555555557,0.0030555555555555557
wind_actual_mw,Actual wind output,Spring,INTIRL,Northern Ireland(Moyle),20_40pct,export,export_mw_positive_magnitude_conditional_on_exporting,100.0,3503,2820,80.50242649157865,-252.42877533542676,-380.0,34.91921210391094,287.3479874393377,287.3479874393377,-442.12899999999996,576,2820,107,16.44304881530117,80.50242649157865,3.0545246931201824,3461.8124653154437,2553.864,4352.303999999999,356.9432624113475,448.0,2.0,456.0,400.0,500.0,450.0,1666.0,59.07801418439716,0.005907801418439717
wind_actual_mw,Actual wind output,Spring,INTIRL,Northern Ireland(Moyle),40_60pct,import,import_mw_positive_magnitude_conditional_on_importing,100.0,3503,821,23.437053953753924,-204.5526691407365,-330.0,53.824150727947476,258.376819868684,53.824150727947476,-358.274,821,2573,109,23.437053953753924,73.45132743362832,3.111618612617756,5341.144905395377,4353.709599999999,6476.090200000001,229.65408038976858,244.0,2.0,404.0,200.0,300.0,250.0,242.0,29.476248477466505,0.0029476248477466505
wind_actual_mw,Actual wind output,Spring,INTIRL,Northern Ireland(Moyle),40_60pct,export,export_mw_positive_magnitude_conditional_on_exporting,100.0,3503,2573,73.45132743362832,-204.5526691407365,-330.0,53.824150727947476,258.376819868684,258.376819868684,-358.274,821,2573,109,23.437053953753924,73.45132743362832,3.111618612617756,5341.144905395377,4353.709599999999,6476.090200000001,351.76603186941315,438.0,2.0,458.0,400.0,500.0,450.0,1469.0,57.09288767975126,0.005709288767975126
wind_actual_mw,Actual wind output,Spring,INTIRL,Northern Ireland(Moyle),60_80pct,import,import_mw_positive_magnitude_conditional_on_importing,100.0,3503,689,19.668855266914072,-218.37796174707393,-330.0,44.97916071938339,263.3571224664573,44.97916071938339,-382.489,689,2703,111,19.668855266914072,77.1624322009706,3.1687125321153293,7992.565153525549,6476.137999999999,9680.048999999995,228.6821480406386,246.0,2.0,682.0,200.0,300.0,250.0,195.0,28.30188679245283,0.002830188679245283
wind_actual_mw,Actual wind output,Spring,INTIRL,Northern Ireland(Moyle),60_80pct,export,export_mw_positive_magnitude_conditional_on_exporting,100.0,3503,2703,77.1624322009706,-218.37796174707393,-330.0,44.97916071938339,263.3571224664573,263.3571224664573,-382.489,689,2703,111,19.668855266914072,77.1624322009706,3.1687125321153293,7992.565153525549,6476.137999999999,9680.048999999995,341.3022567517573,402.0,2.0,592.0,400.0,500.0,450.0,1389.0,51.38734739178691,0.005138734739178691
wind_actual_mw,Actual wind output,Spring,INTIRL,Northern Ireland(Moyle),highest_20pct,import,import_mw_positive_magnitude_conditional_on_importing,100.0,3504,1070,30.536529680365298,-146.5964611872146,-226.0,71.68093607305936,218.27739726027397,71.68093607305936,-256.837,1070,2341,93,30.536529680365298,66.8093607305936,2.654109589041096,11597.604688755706,9681.368000000006,15163.815399999994,234.73831775700936,248.0,4.0,404.0,200.0,300.0,250.0,319.0,29.813084112149536,0.0029813084112149534
wind_actual_mw,Actual wind output,Spring,INTIRL,Northern Ireland(Moyle),highest_20pct,export,export_mw_positive_magnitude_conditional_on_exporting,100.0,3504,2341,66.8093607305936,-146.5964611872146,-226.0,71.68093607305936,218.27739726027397,218.27739726027397,-256.837,1070,2341,93,30.536529680365298,66.8093607305936,2.654109589041096,11597.604688755706,9681.368000000006,15163.815399999994,326.71678769756517,376.0,2.0,456.0,400.0,500.0,450.0,1079.0,46.09141392567279,0.004609141392567279
wind_actual_mw,Actual wind output,Spring,INTNED,Netherlands(BritNed),lowest_20pct,import,import_mw_positive_magnitude_conditional_on_importing,100.0,3504,2329,66.46689497716895,320.6478310502283,507.0,508.1689497716895,187.5211187214612,508.1689497716895,561.775,2329,1029,146,66.46689497716895,29.36643835616438,4.166666666666666,1525.7028317351599,-4.5900000000000025,2553.4480000000003,764.5444396736797,936.0,2.0,1062.0,1000.0,1100.0,1050.0,1013.0,43.49506225848003,0.004349506225848003
wind_actual_mw,Actual wind output,Spring,INTNED,Netherlands(BritNed),lowest_20pct,export,export_mw_positive_magnitude_conditional_on_exporting,100.0,3504,1029,29.36643835616438,320.6478310502283,507.0,508.1689497716895,187.5211187214612,187.5211187214612,561.775,2329,1029,146,66.46689497716895,29.36643835616438,4.166666666666666,1525.7028317351599,-4.5900000000000025,2553.4480000000003,638.555879494655,638.0,98.0,1076.0,1000.0,1100.0,1050.0,274.0,26.62779397473275,0.002662779397473275
wind_actual_mw,Actual wind output,Spring,INTNED,Netherlands(BritNed),20_40pct,import,import_mw_positive_magnitude_conditional_on_importing,100.0,3503,2425,69.22637739080788,384.6280331144733,590.0,536.3562660576648,151.72823294319156,536.3562660576648,673.6759999999999,2425,829,249,69.22637739080788,23.66542963174422,7.108192977447903,3461.8124653154437,2553.864,4352.303999999999,774.7859793814433,938.0,2.0,1076.0,1000.0,1100.0,1050.0,1065.0,43.91752577319588,0.004391752577319588
wind_actual_mw,Actual wind output,Spring,INTNED,Netherlands(BritNed),20_40pct,export,export_mw_positive_magnitude_conditional_on_exporting,100.0,3503,829,23.66542963174422,384.6280331144733,590.0,536.3562660576648,151.72823294319156,151.72823294319156,673.6759999999999,2425,829,249,69.22637739080788,23.66542963174422,7.108192977447903,3461.8124653154437,2553.864,4352.303999999999,641.1387213510253,676.0,102.0,1074.0,1000.0,1100.0,1050.0,173.0,20.86851628468034,0.002086851628468034
wind_actual_mw,Actual wind output,Spring,INTNED,Netherlands(BritNed),40_60pct,import,import_mw_positive_magnitude_conditional_on_importing,100.0,3503,2297,65.57236654296318,348.0131316014844,482.0,499.92349414787327,151.9103625463888,499.92349414787327,609.5450000000001,2297,874,332,65.57236654296318,24.95004282043962,9.477590636597203,5341.144905395377,4353.709599999999,6476.090200000001,762.3996517196343,940.0,2.0,1078.0,1000.0,1100.0,1050.0,1004.0,43.709185894645195,0.004370918589464519
wind_actual_mw,Actual wind output,Spring,INTNED,Netherlands(BritNed),40_60pct,export,export_mw_positive_magnitude_conditional_on_exporting,100.0,3503,874,24.95004282043962,348.0131316014844,482.0,499.92349414787327,151.9103625463888,151.9103625463888,609.5450000000001,2297,874,332,65.57236654296318,24.95004282043962,9.477590636597203,5341.144905395377,4353.709599999999,6476.090200000001,608.8581235697941,592.0,100.0,1078.0,1000.0,1100.0,1050.0,203.0,23.226544622425628,0.0023226544622425628
wind_actual_mw,Actual wind output,Spring,INTNED,Netherlands(BritNed),60_80pct,import,import_mw_positive_magnitude_conditional_on_importing,100.0,3503,2244,64.05937767627748,300.35112760491006,450.0,481.7430773622609,181.39194975735083,481.7430773622609,526.065,2244,1009,250,64.05937767627748,28.803882386525835,7.136739937196689,7992.565153525549,6476.137999999999,9680.048999999995,752.0258467023173,896.0,2.0,1076.0,1000.0,1100.0,1050.0,885.0,39.43850267379679,0.00394385026737968
wind_actual_mw,Actual wind output,Spring,INTNED,Netherlands(BritNed),60_80pct,export,export_mw_positive_magnitude_conditional_on_exporting,100.0,3503,1009,28.803882386525835,300.35112760491006,450.0,481.7430773622609,181.39194975735083,181.39194975735083,526.065,2244,1009,250,64.05937767627748,28.803882386525835,7.136739937196689,7992.565153525549,6476.137999999999,9680.048999999995,629.7482656095144,664.0,16.0,1078.0,1000.0,1100.0,1050.0,248.0,24.578790882061448,0.0024578790882061447
wind_actual_mw,Actual wind output,Spring,INTNED,Netherlands(BritNed),highest_20pct,import,import_mw_positive_magnitude_conditional_on_importing,100.0,3504,2019,57.619863013698634,162.0005707762557,320.0,432.83504566210047,270.83447488584477,432.83504566210047,283.825,2019,1319,166,57.619863013698634,37.64269406392694,4.737442922374429,11597.604688755706,9681.368000000006,15163.815399999994,751.1906884596335,876.0,2.0,1076.0,1000.0,1100.0,1050.0,757.0,37.49380881624567,0.003749380881624567
wind_actual_mw,Actual wind output,Spring,INTNED,Netherlands(BritNed),highest_20pct,export,export_mw_positive_magnitude_conditional_on_exporting,100.0,3504,1319,37.64269406392694,162.0005707762557,320.0,432.83504566210047,270.83447488584477,270.83447488584477,283.825,2019,1319,166,57.619863013698634,37.64269406392694,4.737442922374429,11597.604688755706,9681.368000000006,15163.815399999994,719.4874905231236,850.0,54.0,1078.0,1000.0,1100.0,1050.0,486.0,36.84609552691433,0.003684609552691433
wind_actual_mw,Actual wind output,Spring,INTNEM,Belgium (Nemolink),lowest_20pct,import,import_mw_positive_magnitude_conditional_on_importing,100.0,3504,2638,75.28538812785388,403.06278538812785,631.0,545.8932648401826,142.8304794520548,545.8932648401826,706.1659999999999,2638,854,12,75.28538812785388,24.37214611872146,0.3424657534246575,1525.7028317351599,-4.5900000000000025,2553.4480000000003,725.0985595147839,836.0,2.0,1020.0,1000.0,1100.0,1050.0,741.0,28.089461713419254,0.0028089461713419256
wind_actual_mw,Actual wind output,Spring,INTNEM,Belgium (Nemolink),lowest_20pct,export,export_mw_positive_magnitude_conditional_on_exporting,100.0,3504,854,24.37214611872146,403.06278538812785,631.0,545.8932648401826,142.8304794520548,142.8304794520548,706.1659999999999,2638,854,12,75.28538812785388,24.37214611872146,0.3424657534246575,1525.7028317351599,-4.5900000000000025,2553.4480000000003,586.03981264637,567.0,4.0,1022.0,1000.0,1100.0,1050.0,210.0,24.59016393442623,0.0024590163934426227
wind_actual_mw,Actual wind output,Spring,INTNEM,Belgium (Nemolink),20_40pct,import,import_mw_positive_magnitude_conditional_on_importing,100.0,3503,2716,77.53354267770483,437.4753068798173,620.0,544.4892948900942,107.0139880102769,544.4892948900942,766.238,2716,767,20,77.53354267770483,21.89551812731944,0.5709391949757351,3461.8124653154437,2553.864,4352.303999999999,702.2628865979382,784.0,2.0,1020.0,1000.0,1100.0,1050.0,721.0,26.54639175257732,0.002654639175257732
wind_actual_mw,Actual wind output,Spring,INTNEM,Belgium (Nemolink),20_40pct,export,export_mw_positive_magnitude_conditional_on_exporting,100.0,3503,767,21.89551812731944,437.4753068798173,620.0,544.4892948900942,107.0139880102769,107.0139880102769,766.238,2716,767,20,77.53354267770483,21.89551812731944,0.5709391949757351,3461.8124653154437,2553.864,4352.303999999999,488.748370273794,394.0,2.0,1024.0,1000.0,1100.0,1050.0,132.0,17.209908735332462,0.0017209908735332463
wind_actual_mw,Actual wind output,Spring,INTNEM,Belgium (Nemolink),40_60pct,import,import_mw_positive_magnitude_conditional_on_importing,100.0,3503,2634,75.19269197830431,413.64887239508994,648.0,550.3990864972881,136.75021410219813,550.3990864972881,724.5060000000001,2634,853,16,75.19269197830431,24.3505566657151,0.4567513559805881,5341.144905395377,4353.709599999999,6476.090200000001,731.9848139711465,839.0,2.0,1020.0,1000.0,1100.0,1050.0,720.0,27.33485193621868,0.002733485193621868
wind_actual_mw,Actual wind output,Spring,INTNEM,Belgium (Nemolink),40_60pct,export,export_mw_positive_magnitude_conditional_on_exporting,100.0,3503,853,24.3505566657151,413.64887239508994,648.0,550.3990864972881,136.75021410219813,136.75021410219813,724.5060000000001,2634,853,16,75.19269197830431,24.3505566657151,0.4567513559805881,5341.144905395377,4353.709599999999,6476.090200000001,561.5896834701055,558.0,2.0,1024.0,1000.0,1100.0,1050.0,200.0,23.446658851113718,0.0023446658851113715
wind_actual_mw,Actual wind output,Spring,INTNEM,Belgium (Nemolink),60_80pct,import,import_mw_positive_magnitude_conditional_on_importing,100.0,3503,2595,74.07936054810162,387.3388524122181,558.0,515.459891521553,128.12103910933484,515.459891521553,678.424,2595,878,30,74.07936054810162,25.06423065943477,0.8564087924636026,7992.565153525549,6476.137999999999,9680.048999999995,695.8211946050096,804.0,2.0,1366.0,1000.0,1100.0,1050.0,723.0,27.861271676300582,0.002786127167630058
wind_actual_mw,Actual wind output,Spring,INTNEM,Belgium (Nemolink),60_80pct,export,export_mw_positive_magnitude_conditional_on_exporting,100.0,3503,878,25.06423065943477,387.3388524122181,558.0,515.459891521553,128.12103910933484,128.12103910933484,678.424,2595,878,30,74.07936054810162,25.06423065943477,0.8564087924636026,7992.565153525549,6476.137999999999,9680.048999999995,511.1708428246014,454.0,2.0,1024.0,1000.0,1100.0,1050.0,151.0,17.198177676537586,0.0017198177676537585
wind_actual_mw,Actual wind output,Spring,INTNEM,Belgium (Nemolink),highest_20pct,import,import_mw_positive_magnitude_conditional_on_importing,100.0,3504,2231,63.67009132420092,220.38413242009133,384.0,439.25399543378995,218.86986301369862,439.25399543378995,386.113,2231,1252,21,63.67009132420092,35.73059360730594,0.5993150684931506,11597.604688755706,9681.368000000006,15163.815399999994,689.8906320035859,782.0,2.0,1020.0,1000.0,1100.0,1050.0,566.0,25.369789332138055,0.0025369789332138053
wind_actual_mw,Actual wind output,Spring,INTNEM,Belgium (Nemolink),highest_20pct,export,export_mw_positive_magnitude_conditional_on_exporting,100.0,3504,1252,35.73059360730594,220.38413242009133,384.0,439.25399543378995,218.86986301369862,218.86986301369862,386.113,2231,1252,21,63.67009132420092,35.73059360730594,0.5993150684931506,11597.604688755706,9681.368000000006,15163.815399999994,612.555910543131,686.0,2.0,1024.0,1000.0,1100.0,1050.0,319.0,25.47923322683706,0.0025479233226837063
wind_actual_mw,Actual wind output,Spring,INTNSL,North Sea Link (INTNSL),lowest_20pct,import,import_mw_positive_magnitude_conditional_on_importing,100.0,3504,3128,89.26940639269407,929.6763698630137,1096.0,973.5433789954338,43.867009132420094,973.5433789954338,1628.7930000000001,3128,374,2,89.26940639269407,10.67351598173516,0.05707762557077625,1525.7028317351599,-4.5900000000000025,2553.4480000000003,1090.5677749360614,1296.0,2.0,1400.0,1300.0,1400.0,1350.0,862.0,27.55754475703325,0.002755754475703325
wind_actual_mw,Actual wind output,Spring,INTNSL,North Sea Link (INTNSL),lowest_20pct,export,export_mw_positive_magnitude_conditional_on_exporting,100.0,3504,374,10.67351598173516,929.6763698630137,1096.0,973.5433789954338,43.867009132420094,43.867009132420094,1628.7930000000001,3128,374,2,89.26940639269407,10.67351598173516,0.05707762557077625,1525.7028317351599,-4.5900000000000025,2553.4480000000003,410.98930481283423,424.0,2.0,740.0,700.0,800.0,750.0,135.0,36.096256684491976,0.003609625668449198
wind_actual_mw,Actual wind output,Spring,INTNSL,North Sea Link (INTNSL),20_40pct,import,import_mw_positive_magnitude_conditional_on_importing,100.0,3503,3194,91.17898943762489,1018.7542106765629,1296.0,1052.3408506994006,33.58664002283757,1052.3408506994006,1784.348,3194,298,11,91.17898943762489,8.506994005138454,0.3140165572366543,3461.8124653154437,2553.864,4352.303999999999,1154.1484032561052,1296.0,2.0,1400.0,1300.0,1400.0,1350.0,1031.0,32.27927363807138,0.0032279273638071383
wind_actual_mw,Actual wind output,Spring,INTNSL,North Sea Link (INTNSL),20_40pct,export,export_mw_positive_magnitude_conditional_on_exporting,100.0,3503,298,8.506994005138454,1018.7542106765629,1296.0,1052.3408506994006,33.58664002283757,33.58664002283757,1784.348,3194,298,11,91.17898943762489,8.506994005138454,0.3140165572366543,3461.8124653154437,2553.864,4352.303999999999,394.81208053691273,422.0,2.0,740.0,700.0,800.0,750.0,98.0,32.88590604026846,0.003288590604026846
wind_actual_mw,Actual wind output,Spring,INTNSL,North Sea Link (INTNSL),40_60pct,import,import_mw_positive_magnitude_conditional_on_importing,100.0,3503,3098,88.43848130174136,987.9406223237226,1260.0,1040.279189266343,52.33856694262061,1040.279189266343,1730.3780000000002,3098,392,13,88.43848130174136,11.190408221524407,0.3711104767342278,5341.144905395377,4353.709599999999,6476.090200000001,1176.2743705616526,1296.0,10.0,1400.0,1300.0,1400.0,1350.0,1176.0,37.959974176888316,0.0037959974176888316
wind_actual_mw,Actual wind output,Spring,INTNSL,North Sea Link (INTNSL),40_60pct,export,export_mw_positive_magnitude_conditional_on_exporting,100.0,3503,392,11.190408221524407,987.9406223237226,1260.0,1040.279189266343,52.33856694262061,52.33856694262061,1730.3780000000002,3098,392,13,88.43848130174136,11.190408221524407,0.3711104767342278,5341.144905395377,4353.709599999999,6476.090200000001,467.7091836734694,662.0,2.0,834.0,700.0,800.0,750.0,182.0,46.42857142857143,0.004642857142857143
wind_actual_mw,Actual wind output,Spring,INTNSL,North Sea Link (INTNSL),60_80pct,import,import_mw_positive_magnitude_conditional_on_importing,100.0,3503,3201,91.3788181558664,968.0919212103911,1096.0,1004.3094490436769,36.21752783328576,1004.3094490436769,1695.613,3201,296,6,91.3788181558664,8.449900085640879,0.17128175849272054,7992.565153525549,6476.137999999999,9680.048999999995,1099.061543267729,1096.0,4.0,1400.0,1300.0,1400.0,1350.0,1031.0,32.20868478600437,0.003220868478600437
wind_actual_mw,Actual wind output,Spring,INTNSL,North Sea Link (INTNSL),60_80pct,export,export_mw_positive_magnitude_conditional_on_exporting,100.0,3503,296,8.449900085640879,968.0919212103911,1096.0,1004.3094490436769,36.21752783328576,36.21752783328576,1695.613,3201,296,6,91.3788181558664,8.449900085640879,0.17128175849272054,7992.565153525549,6476.137999999999,9680.048999999995,428.61486486486484,449.0,2.0,1454.0,700.0,800.0,750.0,98.0,33.108108108108105,0.003310810810810811
wind_actual_mw,Actual wind output,Spring,INTNSL,North Sea Link (INTNSL),highest_20pct,import,import_mw_positive_magnitude_conditional_on_importing,100.0,3504,2613,74.57191780821918,522.8966894977169,698.0,687.4275114155251,164.53082191780823,687.4275114155251,916.115,2613,878,13,74.57191780821918,25.057077625570777,0.3710045662100456,11597.604688755706,9681.368000000006,15163.815399999994,921.8316111748948,1028.0,2.0,1400.0,1000.0,1100.0,1050.0,717.0,27.439724454649827,0.002743972445464983
wind_actual_mw,Actual wind output,Spring,INTNSL,North Sea Link (INTNSL),highest_20pct,export,export_mw_positive_magnitude_conditional_on_exporting,100.0,3504,878,25.057077625570777,522.8966894977169,698.0,687.4275114155251,164.53082191780823,164.53082191780823,916.115,2613,878,13,74.57191780821918,25.057077625570777,0.3710045662100456,11597.604688755706,9681.368000000006,15163.815399999994,656.624145785877,681.0,2.0,1454.0,700.0,800.0,750.0,173.0,19.70387243735763,0.001970387243735763
wind_actual_mw,Actual wind output,Spring,INTVKL,Denmark (Viking link),lowest_20pct,import,import_mw_positive_magnitude_conditional_on_importing,100.0,1537,1102,71.69811320754717,479.960962914769,748.0,615.0357839947951,135.07482108002603,615.0357839947951,368.85,1102,357,78,71.69811320754717,23.227065712426807,5.074821080026025,1613.6571938841898,52.42120000000001,2553.4480000000003,857.8130671506352,796.0,8.0,1424.0,700.0,800.0,750.0,253.0,22.95825771324864,0.002295825771324864
wind_actual_mw,Actual wind output,Spring,INTVKL,Denmark (Viking link),lowest_20pct,export,export_mw_positive_magnitude_conditional_on_exporting,100.0,1537,357,23.227065712426807,479.960962914769,748.0,615.0357839947951,135.07482108002603,135.07482108002603,368.85,1102,357,78,71.69811320754717,23.227065712426807,5.074821080026025,1613.6571938841898,52.42120000000001,2553.4480000000003,581.5406162464986,528.0,4.0,1100.0,1000.0,1100.0,1050.0,69.0,19.327731092436977,0.0019327731092436975
wind_actual_mw,Actual wind output,Spring,INTVKL,Denmark (Viking link),20_40pct,import,import_mw_positive_magnitude_conditional_on_importing,100.0,1544,1033,66.90414507772022,417.0738341968912,658.0,558.7538860103627,141.6800518134715,558.7538860103627,321.981,1033,378,133,66.90414507772022,24.481865284974095,8.6139896373057,3434.216428756477,2556.8860000000004,4351.464000000003,835.1558567279768,872.0,2.0,1424.0,900.0,1000.0,950.0,293.0,28.36398838334947,0.002836398838334947
wind_actual_mw,Actual wind output,Spring,INTVKL,Denmark (Viking link),20_40pct,export,export_mw_positive_magnitude_conditional_on_exporting,100.0,1544,378,24.481865284974095,417.0738341968912,658.0,558.7538860103627,141.6800518134715,141.6800518134715,321.981,1033,378,133,66.90414507772022,24.481865284974095,8.6139896373057,3434.216428756477,2556.8860000000004,4351.464000000003,578.7142857142857,555.0,2.0,1098.0,1000.0,1100.0,1050.0,70.0,18.51851851851852,0.0018518518518518517
wind_actual_mw,Actual wind output,Spring,INTVKL,Denmark (Viking link),40_60pct,import,import_mw_positive_magnitude_conditional_on_importing,100.0,1751,1048,59.85151342090235,398.0194174757282,386.0,528.5836664762993,130.5642490005711,528.5836664762993,348.466,1048,400,303,59.85151342090235,22.84408909194746,17.3043974871502,5350.258403769275,4353.951999999999,6474.0756,883.1583969465648,961.0,4.0,1426.0,900.0,1000.0,950.0,213.0,20.32442748091603,0.002032442748091603
wind_actual_mw,Actual wind output,Spring,INTVKL,Denmark (Viking link),40_60pct,export,export_mw_positive_magnitude_conditional_on_exporting,100.0,1751,400,22.84408909194746,398.0194174757282,386.0,528.5836664762993,130.5642490005711,130.5642490005711,348.466,1048,400,303,59.85151342090235,22.84408909194746,17.3043974871502,5350.258403769275,4353.951999999999,6474.0756,571.545,592.0,2.0,1098.0,1000.0,1100.0,1050.0,81.0,20.25,0.0020250000000000003
wind_actual_mw,Actual wind output,Spring,INTVKL,Denmark (Viking link),60_80pct,import,import_mw_positive_magnitude_conditional_on_importing,100.0,2015,1175,58.31265508684863,324.8317617866005,344.0,502.1558312655087,177.3240694789082,502.1558312655087,327.26800000000003,1175,633,207,58.31265508684863,31.414392059553347,10.272952853598015,7913.047132903225,6477.953199999998,9680.048999999995,861.143829787234,822.0,2.0,1424.0,1400.0,1500.0,1450.0,210.0,17.872340425531917,0.0017872340425531916
wind_actual_mw,Actual wind output,Spring,INTVKL,Denmark (Viking link),60_80pct,export,export_mw_positive_magnitude_conditional_on_exporting,100.0,2015,633,31.414392059553347,324.8317617866005,344.0,502.1558312655087,177.3240694789082,177.3240694789082,327.26800000000003,1175,633,207,58.31265508684863,31.414392059553347,10.272952853598015,7913.047132903225,6477.953199999998,9680.048999999995,564.4676145339653,552.0,4.0,1098.0,1000.0,1100.0,1050.0,102.0,16.113744075829384,0.0016113744075829384
wind_actual_mw,Actual wind output,Spring,INTVKL,Denmark (Viking link),highest_20pct,import,import_mw_positive_magnitude_conditional_on_importing,100.0,1841,807,43.83487235198262,119.4253123302553,0.0,381.2590983161325,261.8337859858772,381.2590983161325,109.931,807,767,267,43.83487235198262,41.662140141227596,14.502987506789788,11806.628988049973,9681.368000000006,15163.815399999994,869.7620817843866,826.0,6.0,1426.0,1400.0,1500.0,1450.0,160.0,19.82651796778191,0.001982651796778191
wind_actual_mw,Actual wind output,Spring,INTVKL,Denmark (Viking link),highest_20pct,export,export_mw_positive_magnitude_conditional_on_exporting,100.0,1841,767,41.662140141227596,119.4253123302553,0.0,381.2590983161325,261.8337859858772,261.8337859858772,109.931,807,767,267,43.83487235198262,41.662140141227596,14.502987506789788,11806.628988049973,9681.368000000006,15163.815399999994,628.4693611473273,696.0,2.0,1456.0,700.0,800.0,750.0,187.0,24.38070404172099,0.002438070404172099
wind_actual_mw,Actual wind output,Summer,TOTAL_GB_INTERCONNECTORS,GB interconnector fleet total,lowest_20pct,import,import_mw_positive_magnitude_conditional_on_importing,100.0,4100,3222,78.58536585365854,2811.298536585366,3766.0,3285.4629268292683,474.16439024390246,3285.4629268292683,5763.161999999999,3222,878,0,78.58536585365854,21.414634146341463,0.0,1098.341454097561,-54.174,1976.46,4180.756672873991,4070.0,6.0,8712.0,3700.0,3800.0,3750.0,220.0,6.828057107386716,0.0006828057107386716
wind_actual_mw,Actual wind output,Summer,TOTAL_GB_INTERCONNECTORS,GB interconnector fleet total,lowest_20pct,export,export_mw_positive_magnitude_conditional_on_exporting,100.0,4100,878,21.414634146341463,2811.298536585366,3766.0,3285.4629268292683,474.16439024390246,474.16439024390246,5763.161999999999,3222,878,0,78.58536585365854,21.414634146341463,0.0,1098.341454097561,-54.174,1976.46,2214.2072892938495,1895.0,18.0,6112.0,800.0,900.0,850.0,35.0,3.986332574031891,0.00039863325740318906
wind_actual_mw,Actual wind output,Summer,TOTAL_GB_INTERCONNECTORS,GB interconnector fleet total,20_40pct,import,import_mw_positive_magnitude_conditional_on_importing,100.0,4096,3156,77.05078125,2642.0400390625,3497.0,3129.380859375,487.3408203125,3129.380859375,5410.898000000001,3156,936,4,77.05078125,22.8515625,0.09765625,2678.8660093750004,1976.836,3387.111999999999,4061.45247148289,4117.0,4.0,8248.0,4100.0,4200.0,4150.0,100.0,3.1685678073510775,0.00031685678073510777
wind_actual_mw,Actual wind output,Summer,TOTAL_GB_INTERCONNECTORS,GB interconnector fleet total,20_40pct,export,export_mw_positive_magnitude_conditional_on_exporting,100.0,4096,936,22.8515625,2642.0400390625,3497.0,3129.380859375,487.3408203125,487.3408203125,5410.898000000001,3156,936,4,77.05078125,22.8515625,0.09765625,2678.8660093750004,1976.836,3387.111999999999,2132.636752136752,1929.0,8.0,6126.0,200.0,300.0,250.0,38.0,4.05982905982906,0.000405982905982906
wind_actual_mw,Actual wind output,Summer,TOTAL_GB_INTERCONNECTORS,GB interconnector fleet total,40_60pct,import,import_mw_positive_magnitude_conditional_on_importing,100.0,4098,3242,79.11176183504148,2774.4816983894584,3579.0,3250.816495851635,476.33479746217665,3250.816495851635,5684.913,3242,855,1,79.11176183504148,20.863836017569547,0.02440214738897023,4165.115019619327,3387.3943999999974,5078.734000000002,4109.144355336212,4217.0,8.0,8730.0,4100.0,4200.0,4150.0,80.0,2.4676125848241828,0.00024676125848241827
wind_actual_mw,Actual wind output,Summer,TOTAL_GB_INTERCONNECTORS,GB interconnector fleet total,40_60pct,export,export_mw_positive_magnitude_conditional_on_exporting,100.0,4098,855,20.863836017569547,2774.4816983894584,3579.0,3250.816495851635,476.33479746217665,476.33479746217665,5684.913,3242,855,1,79.11176183504148,20.863836017569547,0.02440214738897023,4165.115019619327,3387.3943999999974,5078.734000000002,2283.06432748538,2114.0,8.0,6314.0,1700.0,1800.0,1750.0,33.0,3.8596491228070176,0.00038596491228070175
wind_actual_mw,Actual wind output,Summer,TOTAL_GB_INTERCONNECTORS,GB interconnector fleet total,60_80pct,import,import_mw_positive_magnitude_conditional_on_importing,100.0,4099,3082,75.18907050500123,2155.4462063918027,2854.0,2750.0239082703097,594.5777018785069,2750.0239082703097,4417.5869999999995,3082,1017,0,75.18907050500123,24.810929494998778,0.0,6176.71482737253,5080.3744000000015,7478.050800000002,3657.478260869565,3760.0,2.0,8902.0,4200.0,4300.0,4250.0,73.0,2.3685918234912395,0.00023685918234912396
wind_actual_mw,Actual wind output,Summer,TOTAL_GB_INTERCONNECTORS,GB interconnector fleet total,60_80pct,export,export_mw_positive_magnitude_conditional_on_exporting,100.0,4099,1017,24.810929494998778,2155.4462063918027,2854.0,2750.0239082703097,594.5777018785069,594.5777018785069,4417.5869999999995,3082,1017,0,75.18907050500123,24.810929494998778,0.0,6176.71482737253,5080.3744000000015,7478.050800000002,2396.434611602753,2150.0,2.0,6330.0,100.0,200.0,150.0,40.0,3.933136676499508,0.0003933136676499508
wind_actual_mw,Actual wind output,Summer,TOTAL_GB_INTERCONNECTORS,GB interconnector fleet total,highest_20pct,import,import_mw_positive_magnitude_conditional_on_importing,100.0,4099,2323,56.67235911197853,514.4122956818736,602.0,1608.631861429617,1094.2195657477434,1608.631861429617,1054.2880000000002,2323,1776,0,56.67235911197853,43.32764088802147,0.0,9598.023078604536,7478.265000000002,15266.269800000004,2838.476969436074,2738.0,2.0,7692.0,600.0,700.0,650.0,56.0,2.410675850193715,0.00024106758501937152
wind_actual_mw,Actual wind output,Summer,TOTAL_GB_INTERCONNECTORS,GB interconnector fleet total,highest_20pct,export,export_mw_positive_magnitude_conditional_on_exporting,100.0,4099,1776,43.32764088802147,514.4122956818736,602.0,1608.631861429617,1094.2195657477434,1094.2195657477434,1054.2880000000002,2323,1776,0,56.67235911197853,43.32764088802147,0.0,9598.023078604536,7478.265000000002,15266.269800000004,2525.453828828829,2446.0,2.0,7914.0,1100.0,1200.0,1150.0,50.0,2.815315315315315,0.00028153153153153153
wind_actual_mw,Actual wind output,Summer,INTELEC,Eleclink (INTELEC),lowest_20pct,import,import_mw_positive_magnitude_conditional_on_importing,100.0,2876,1685,58.58831710709318,237.94784422809457,517.0,494.3240611961057,256.37621696801114,494.3240611961057,342.169,1685,1081,110,58.58831710709318,37.58692628650904,3.8247566063977745,1202.6239276077886,-40.40199999999999,1976.41,843.7246290801187,996.0,2.0,1002.0,900.0,1000.0,950.0,1095.0,64.98516320474778,0.006498516320474778
wind_actual_mw,Actual wind output,Summer,INTELEC,Eleclink (INTELEC),lowest_20pct,export,export_mw_positive_magnitude_conditional_on_exporting,100.0,2876,1081,37.58692628650904,237.94784422809457,517.0,494.3240611961057,256.37621696801114,256.37621696801114,342.169,1685,1081,110,58.58831710709318,37.58692628650904,3.8247566063977745,1202.6239276077886,-40.40199999999999,1976.41,682.0888066604996,854.0,2.0,1026.0,900.0,1000.0,950.0,264.0,24.421831637372804,0.0024421831637372804
wind_actual_mw,Actual wind output,Summer,INTELEC,Eleclink (INTELEC),20_40pct,import,import_mw_positive_magnitude_conditional_on_importing,100.0,3495,2222,63.576537911301855,299.283547925608,642.0,529.5290414878398,230.24549356223176,529.5290414878398,522.998,2222,1081,192,63.576537911301855,30.92989985693848,5.493562231759657,2685.1816281545066,1976.836,3387.111999999999,832.9000900090009,996.0,4.0,1102.0,900.0,1000.0,950.0,1417.0,63.77137713771377,0.006377137713771377
wind_actual_mw,Actual wind output,Summer,INTELEC,Eleclink (INTELEC),20_40pct,export,export_mw_positive_magnitude_conditional_on_exporting,100.0,3495,1081,30.92989985693848,299.283547925608,642.0,529.5290414878398,230.24549356223176,230.24549356223176,522.998,2222,1081,192,63.576537911301855,30.92989985693848,5.493562231759657,2685.1816281545066,1976.836,3387.111999999999,744.4107308048103,906.0,2.0,1026.0,900.0,1000.0,950.0,328.0,30.3422756706753,0.00303422756706753
wind_actual_mw,Actual wind output,Summer,INTELEC,Eleclink (INTELEC),40_60pct,import,import_mw_positive_magnitude_conditional_on_importing,100.0,3604,2573,71.39289678135405,434.88568257491676,894.0,602.9495005549389,168.0638179800222,602.9495005549389,783.6640000000001,2573,809,222,71.39289678135405,22.4472807991121,6.159822419533851,4154.405944617092,3387.3943999999974,5078.734000000002,844.5511076564322,996.0,2.0,1000.0,900.0,1000.0,950.0,1739.0,67.586474931986,0.0067586474931986005
wind_actual_mw,Actual wind output,Summer,INTELEC,Eleclink (INTELEC),40_60pct,export,export_mw_positive_magnitude_conditional_on_exporting,100.0,3604,809,22.4472807991121,434.88568257491676,894.0,602.9495005549389,168.0638179800222,168.0638179800222,783.6640000000001,2573,809,222,71.39289678135405,22.4472807991121,6.159822419533851,4154.405944617092,3387.3943999999974,5078.734000000002,748.7045735475896,908.0,2.0,1026.0,1000.0,1100.0,1050.0,252.0,31.1495673671199,0.0031149567367119903
wind_actual_mw,Actual wind output,Summer,INTELEC,Eleclink (INTELEC),60_80pct,import,import_mw_positive_magnitude_conditional_on_importing,100.0,3698,2601,70.33531638723635,377.8171984856679,748.0,559.5987020010816,181.78150351541373,559.5987020010816,698.584,2601,931,166,70.33531638723635,25.175770686857764,4.488912925905895,6181.675561763116,5080.3744000000015,7478.050800000002,795.6155324875048,992.0,2.0,1014.0,900.0,1000.0,950.0,1573.0,60.47673971549404,0.006047673971549404
wind_actual_mw,Actual wind output,Summer,INTELEC,Eleclink (INTELEC),60_80pct,export,export_mw_positive_magnitude_conditional_on_exporting,100.0,3698,931,25.175770686857764,377.8171984856679,748.0,559.5987020010816,181.78150351541373,181.78150351541373,698.584,2601,931,166,70.33531638723635,25.175770686857764,4.488912925905895,6181.675561763116,5080.3744000000015,7478.050800000002,722.0494092373791,820.0,2.0,1026.0,1000.0,1100.0,1050.0,246.0,26.423200859291086,0.0026423200859291085
wind_actual_mw,Actual wind output,Summer,INTELEC,Eleclink (INTELEC),highest_20pct,import,import_mw_positive_magnitude_conditional_on_importing,100.0,3843,2379,61.904761904761905,271.1787665886026,334.0,438.64845173041897,167.46968514181629,438.64845173041897,521.07,2379,1173,291,61.904761904761905,30.52302888368462,7.572209211553474,9657.120334946656,7478.265000000002,15266.269800000004,708.5859604875998,874.0,4.0,1000.0,900.0,1000.0,950.0,1119.0,47.03656998738966,0.004703656998738966
wind_actual_mw,Actual wind output,Summer,INTELEC,Eleclink (INTELEC),highest_20pct,export,export_mw_positive_magnitude_conditional_on_exporting,100.0,3843,1173,30.52302888368462,271.1787665886026,334.0,438.64845173041897,167.46968514181629,167.46968514181629,521.07,2379,1173,291,61.904761904761905,30.52302888368462,7.572209211553474,9657.120334946656,7478.265000000002,15266.269800000004,548.6666666666666,632.0,4.0,1026.0,800.0,900.0,850.0,357.0,30.434782608695656,0.0030434782608695656
wind_actual_mw,Actual wind output,Summer,INTEW,Ireland(East-West),lowest_20pct,import,import_mw_positive_magnitude_conditional_on_importing,100.0,4100,605,14.75609756097561,-185.7341463414634,-120.0,32.220975609756096,217.95512195121952,32.220975609756096,-380.75500000000005,605,2490,1005,14.75609756097561,60.731707317073166,24.51219512195122,1098.341454097561,-54.174,1976.46,218.35702479338843,184.0,2.0,504.0,0.0,100.0,50.0,197.0,32.56198347107438,0.003256198347107438
wind_actual_mw,Actual wind output,Summer,INTEW,Ireland(East-West),lowest_20pct,export,export_mw_positive_magnitude_conditional_on_exporting,100.0,4100,2490,60.731707317073166,-185.7341463414634,-120.0,32.220975609756096,217.95512195121952,217.95512195121952,-380.75500000000005,605,2490,1005,14.75609756097561,60.731707317073166,24.51219512195122,1098.341454097561,-54.174,1976.46,358.8819277108434,420.0,2.0,536.0,500.0,600.0,550.0,1034.0,41.52610441767068,0.004152610441767068
wind_actual_mw,Actual wind output,Summer,INTEW,Ireland(East-West),20_40pct,import,import_mw_positive_magnitude_conditional_on_importing,100.0,4096,583,14.2333984375,-178.4541015625,-116.0,32.234375,210.6884765625,32.234375,-365.474,583,2487,1026,14.2333984375,60.7177734375,25.048828125,2678.8660093750004,1976.836,3387.111999999999,226.46998284734133,204.0,2.0,504.0,0.0,100.0,50.0,176.0,30.18867924528302,0.0030188679245283017
wind_actual_mw,Actual wind output,Summer,INTEW,Ireland(East-West),20_40pct,export,export_mw_positive_magnitude_conditional_on_exporting,100.0,4096,2487,60.7177734375,-178.4541015625,-116.0,32.234375,210.6884765625,210.6884765625,-365.474,583,2487,1026,14.2333984375,60.7177734375,25.048828125,2678.8660093750004,1976.836,3387.111999999999,346.99638118214716,396.0,2.0,536.0,500.0,600.0,550.0,958.0,38.52030558906313,0.003852030558906313
wind_actual_mw,Actual wind output,Summer,INTEW,Ireland(East-West),40_60pct,import,import_mw_positive_magnitude_conditional_on_importing,100.0,4098,561,13.689604685212299,-201.9526598340654,-184.0,33.8838457784285,235.8365056124939,33.8838457784285,-413.80100000000004,561,2686,851,13.689604685212299,65.54416788677403,20.766227428013664,4165.115019619327,3387.3943999999974,5078.734000000002,247.5151515151515,228.0,2.0,504.0,0.0,100.0,50.0,156.0,27.807486631016044,0.0027807486631016044
wind_actual_mw,Actual wind output,Summer,INTEW,Ireland(East-West),40_60pct,export,export_mw_positive_magnitude_conditional_on_exporting,100.0,4098,2686,65.54416788677403,-201.9526598340654,-184.0,33.8838457784285,235.8365056124939,235.8365056124939,-413.80100000000004,561,2686,851,13.689604685212299,65.54416788677403,20.766227428013664,4165.115019619327,3387.3943999999974,5078.734000000002,359.81310498883096,425.0,2.0,536.0,500.0,600.0,550.0,1136.0,42.2933730454207,0.00422933730454207
wind_actual_mw,Actual wind output,Summer,INTEW,Ireland(East-West),60_80pct,import,import_mw_positive_magnitude_conditional_on_importing,100.0,4099,806,19.66333252012686,-170.75920956330813,-124.0,49.292998292266404,220.05220785557452,49.292998292266404,-349.971,806,2432,861,19.66333252012686,59.33154427909246,21.00512320078068,6176.71482737253,5080.3744000000015,7478.050800000002,250.6848635235732,226.0,2.0,504.0,0.0,100.0,50.0,205.0,25.43424317617866,0.0025434243176178663
wind_actual_mw,Actual wind output,Summer,INTEW,Ireland(East-West),60_80pct,export,export_mw_positive_magnitude_conditional_on_exporting,100.0,4099,2432,59.33154427909246,-170.75920956330813,-124.0,49.292998292266404,220.05220785557452,220.05220785557452,-349.971,806,2432,861,19.66333252012686,59.33154427909246,21.00512320078068,6176.71482737253,5080.3744000000015,7478.050800000002,370.8856907894737,464.0,2.0,536.0,500.0,600.0,550.0,1128.0,46.381578947368425,0.004638157894736842
wind_actual_mw,Actual wind output,Summer,INTEW,Ireland(East-West),highest_20pct,import,import_mw_positive_magnitude_conditional_on_importing,100.0,4099,751,18.321541839473042,-194.06489387655526,-182.0,47.8472798243474,241.91217370090266,47.8472798243474,-397.7360000000001,751,2593,755,18.321541839473042,63.25933154427909,18.419126616247866,9598.023078604536,7478.265000000002,15266.269800000004,261.1531291611185,246.0,2.0,504.0,0.0,100.0,50.0,179.0,23.834886817576564,0.0023834886817576564
wind_actual_mw,Actual wind output,Summer,INTEW,Ireland(East-West),highest_20pct,export,export_mw_positive_magnitude_conditional_on_exporting,100.0,4099,2593,63.25933154427909,-194.06489387655526,-182.0,47.8472798243474,241.91217370090266,241.91217370090266,-397.7360000000001,751,2593,755,18.321541839473042,63.25933154427909,18.419126616247866,9598.023078604536,7478.265000000002,15266.269800000004,382.41342074816816,508.0,2.0,536.0,500.0,600.0,550.0,1343.0,51.793289625915925,0.005179328962591593
wind_actual_mw,Actual wind output,Summer,INTFR,France(IFA),lowest_20pct,import,import_mw_positive_magnitude_conditional_on_importing,100.0,4100,3044,74.2439024390244,950.8160975609757,1370.0,1144.8673170731706,194.05121951219513,1144.8673170731706,1949.173,3044,1051,5,74.2439024390244,25.634146341463413,0.12195121951219512,1098.341454097561,-54.174,1976.46,1542.035479632063,1710.0,2.0,2050.0,2000.0,2100.0,2050.0,1056.0,34.69119579500657,0.0034691195795006568
wind_actual_mw,Actual wind output,Summer,INTFR,France(IFA),lowest_20pct,export,export_mw_positive_magnitude_conditional_on_exporting,100.0,4100,1051,25.634146341463413,950.8160975609757,1370.0,1144.8673170731706,194.05121951219513,194.05121951219513,1949.173,3044,1051,5,74.2439024390244,25.634146341463413,0.12195121951219512,1098.341454097561,-54.174,1976.46,757.0028544243578,876.0,2.0,1126.0,1000.0,1100.0,1050.0,397.0,37.773549000951476,0.0037773549000951474
wind_actual_mw,Actual wind output,Summer,INTFR,France(IFA),20_40pct,import,import_mw_positive_magnitude_conditional_on_importing,100.0,4096,3069,74.9267578125,886.40966796875,1258.0,1063.5810546875,177.17138671875,1063.5810546875,1815.367,3069,1019,8,74.9267578125,24.8779296875,0.1953125,2678.8660093750004,1976.836,3387.111999999999,1419.4942978168785,1508.0,2.0,2548.0,2000.0,2100.0,2050.0,796.0,25.936787227109807,0.0025936787227109808
wind_actual_mw,Actual wind output,Summer,INTFR,France(IFA),20_40pct,export,export_mw_positive_magnitude_conditional_on_exporting,100.0,4096,1019,24.8779296875,886.40966796875,1258.0,1063.5810546875,177.17138671875,177.17138671875,1815.367,3069,1019,8,74.9267578125,24.8779296875,0.1953125,2678.8660093750004,1976.836,3387.111999999999,712.162904808636,812.0,2.0,1162.0,1000.0,1100.0,1050.0,369.0,36.21197252208047,0.003621197252208047
wind_actual_mw,Actual wind output,Summer,INTFR,France(IFA),40_60pct,import,import_mw_positive_magnitude_conditional_on_importing,100.0,4098,3276,79.94143484626647,999.0600292825769,1355.0,1148.0361151781358,148.9760858955588,1148.0361151781358,2047.074,3276,819,3,79.94143484626647,19.98535871156662,0.07320644216691069,4165.115019619327,3387.3943999999974,5078.734000000002,1436.096459096459,1502.0,2.0,2174.0,2000.0,2100.0,2050.0,769.0,23.473748473748472,0.0023473748473748475
wind_actual_mw,Actual wind output,Summer,INTFR,France(IFA),40_60pct,export,export_mw_positive_magnitude_conditional_on_exporting,100.0,4098,819,19.98535871156662,999.0600292825769,1355.0,1148.0361151781358,148.9760858955588,148.9760858955588,2047.074,3276,819,3,79.94143484626647,19.98535871156662,0.07320644216691069,4165.115019619327,3387.3943999999974,5078.734000000002,745.4261294261295,854.0,2.0,1444.0,1000.0,1100.0,1050.0,332.0,40.537240537240535,0.004053724053724054
wind_actual_mw,Actual wind output,Summer,INTFR,France(IFA),60_80pct,import,import_mw_positive_magnitude_conditional_on_importing,100.0,4099,3101,75.65259819468163,831.1388143449622,1170.0,1009.531105147597,178.3922908026348,1009.531105147597,1703.419,3101,995,3,75.65259819468163,24.274213222737252,0.07318858258111735,6176.71482737253,5080.3744000000015,7478.050800000002,1334.4301838116737,1360.0,2.0,2010.0,2000.0,2100.0,2050.0,554.0,17.865204772653982,0.0017865204772653984
wind_actual_mw,Actual wind output,Summer,INTFR,France(IFA),60_80pct,export,export_mw_positive_magnitude_conditional_on_exporting,100.0,4099,995,24.274213222737252,831.1388143449622,1170.0,1009.531105147597,178.3922908026348,178.3922908026348,1703.419,3101,995,3,75.65259819468163,24.274213222737252,0.07318858258111735,6176.71482737253,5080.3744000000015,7478.050800000002,734.9045226130653,850.0,2.0,1690.0,1000.0,1100.0,1050.0,366.0,36.78391959798995,0.003678391959798995
wind_actual_mw,Actual wind output,Summer,INTFR,France(IFA),highest_20pct,import,import_mw_positive_magnitude_conditional_on_importing,100.0,4099,2623,63.99121737009027,457.2627470114662,600.0,736.0034154671871,278.7406684557209,736.0034154671871,937.16,2623,1464,12,63.99121737009027,35.71602829958527,0.2927543303244694,9598.023078604536,7478.265000000002,15266.269800000004,1150.1631719405261,1272.0,2.0,2010.0,1300.0,1400.0,1350.0,369.0,14.067861227601982,0.0014067861227601982
wind_actual_mw,Actual wind output,Summer,INTFR,France(IFA),highest_20pct,export,export_mw_positive_magnitude_conditional_on_exporting,100.0,4099,1464,35.71602829958527,457.2627470114662,600.0,736.0034154671871,278.7406684557209,278.7406684557209,937.16,2623,1464,12,63.99121737009027,35.71602829958527,0.2927543303244694,9598.023078604536,7478.265000000002,15266.269800000004,780.4357923497267,908.0,2.0,2054.0,1000.0,1100.0,1050.0,519.0,35.450819672131146,0.0035450819672131146
wind_actual_mw,Actual wind output,Summer,INTGRNL,Ireland (Greenlink),lowest_20pct,import,import_mw_positive_magnitude_conditional_on_importing,100.0,561,29,5.169340463458111,-411.4081996434938,-512.0,3.6720142602495542,415.0802139037433,3.6720142602495542,-115.4,29,529,3,5.169340463458111,94.29590017825312,0.53475935828877,1236.3317568627451,28.636199999999945,1974.2684,71.03448275862068,40.0,4.0,302.0,0.0,100.0,50.0,24.0,82.75862068965517,0.008275862068965517
wind_actual_mw,Actual wind output,Summer,INTGRNL,Ireland (Greenlink),lowest_20pct,export,export_mw_positive_magnitude_conditional_on_exporting,100.0,561,529,94.29590017825312,-411.4081996434938,-512.0,3.6720142602495542,415.0802139037433,415.0802139037433,-115.4,29,529,3,5.169340463458111,94.29590017825312,0.53475935828877,1236.3317568627451,28.636199999999945,1974.2684,440.1890359168242,514.0,6.0,514.0,500.0,600.0,550.0,303.0,57.27788279773157,0.005727788279773157
wind_actual_mw,Actual wind output,Summer,INTGRNL,Ireland (Greenlink),20_40pct,import,import_mw_positive_magnitude_conditional_on_importing,100.0,732,33,4.508196721311475,-423.0,-514.0,7.967213114754099,430.9672131147541,7.967213114754099,-154.81800000000004,33,689,10,4.508196721311475,94.12568306010928,1.366120218579235,2700.5869803278692,1976.9558000000009,3382.7330000000006,176.72727272727272,130.0,8.0,500.0,0.0,100.0,50.0,13.0,39.39393939393939,0.00393939393939394
wind_actual_mw,Actual wind output,Summer,INTGRNL,Ireland (Greenlink),20_40pct,export,export_mw_positive_magnitude_conditional_on_exporting,100.0,732,689,94.12568306010928,-423.0,-514.0,7.967213114754099,430.9672131147541,430.9672131147541,-154.81800000000004,33,689,10,4.508196721311475,94.12568306010928,1.366120218579235,2700.5869803278692,1976.9558000000009,3382.7330000000006,457.86357039187226,514.0,16.0,514.0,500.0,600.0,550.0,446.0,64.73149492017417,0.006473149492017417
wind_actual_mw,Actual wind output,Summer,INTGRNL,Ireland (Greenlink),40_60pct,import,import_mw_positive_magnitude_conditional_on_importing,100.0,934,52,5.567451820128479,-397.7837259100642,-514.0,10.73661670235546,408.5203426124197,10.73661670235546,-185.76500000000004,52,878,4,5.567451820128479,94.00428265524626,0.4282655246252677,4160.263683297644,3387.3943999999974,5078.5128,192.84615384615384,165.0,4.0,506.0,0.0,100.0,50.0,19.0,36.53846153846153,0.003653846153846154
wind_actual_mw,Actual wind output,Summer,INTGRNL,Ireland (Greenlink),40_60pct,export,export_mw_positive_magnitude_conditional_on_exporting,100.0,934,878,94.00428265524626,-397.7837259100642,-514.0,10.73661670235546,408.5203426124197,408.5203426124197,-185.76500000000004,52,878,4,5.567451820128479,94.00428265524626,0.4282655246252677,4160.263683297644,3387.3943999999974,5078.5128,434.5763097949886,514.0,4.0,514.0,500.0,600.0,550.0,512.0,58.31435079726651,0.005831435079726651
wind_actual_mw,Actual wind output,Summer,INTGRNL,Ireland (Greenlink),60_80pct,import,import_mw_positive_magnitude_conditional_on_importing,100.0,947,95,10.03167898627244,-359.9387539598733,-510.0,26.631467793030623,386.57022175290393,26.631467793030623,-170.431,95,839,13,10.03167898627244,88.59556494192185,1.3727560718057021,6092.921719957761,5080.3744000000015,7478.050800000002,265.4736842105263,250.0,2.0,506.0,0.0,100.0,50.0,31.0,32.631578947368425,0.0032631578947368424
wind_actual_mw,Actual wind output,Summer,INTGRNL,Ireland (Greenlink),60_80pct,export,export_mw_positive_magnitude_conditional_on_exporting,100.0,947,839,88.59556494192185,-359.9387539598733,-510.0,26.631467793030623,386.57022175290393,386.57022175290393,-170.431,95,839,13,10.03167898627244,88.59556494192185,1.3727560718057021,6092.921719957761,5080.3744000000015,7478.050800000002,436.33134684147797,514.0,10.0,516.0,500.0,600.0,550.0,511.0,60.905840286054826,0.006090584028605482
wind_actual_mw,Actual wind output,Summer,INTGRNL,Ireland (Greenlink),highest_20pct,import,import_mw_positive_magnitude_conditional_on_importing,100.0,1242,172,13.848631239935589,-331.4170692431562,-510.0,39.36231884057971,370.7793880837359,39.36231884057971,-205.81000000000003,172,1067,3,13.848631239935589,85.90982286634461,0.24154589371980675,10146.900971497584,7478.265000000002,15266.269800000004,284.2325581395349,307.0,2.0,506.0,0.0,100.0,50.0,37.0,21.511627906976745,0.0021511627906976743
wind_actual_mw,Actual wind output,Summer,INTGRNL,Ireland (Greenlink),highest_20pct,export,export_mw_positive_magnitude_conditional_on_exporting,100.0,1242,1067,85.90982286634461,-331.4170692431562,-510.0,39.36231884057971,370.7793880837359,370.7793880837359,-205.81000000000003,172,1067,3,13.848631239935589,85.90982286634461,0.24154589371980675,10146.900971497584,7478.265000000002,15266.269800000004,431.59137769447045,514.0,2.0,516.0,500.0,600.0,550.0,665.0,62.32427366447985,0.006232427366447984
wind_actual_mw,Actual wind output,Summer,INTIFA2,IFA2 (INTIFA2),lowest_20pct,import,import_mw_positive_magnitude_conditional_on_importing,100.0,4100,2794,68.14634146341464,391.79756097560977,704.0,554.4624390243903,162.66487804878048,554.4624390243903,803.185,2794,1304,2,68.14634146341464,31.804878048780488,0.04878048780487805,1098.341454097561,-54.174,1976.46,813.6349319971367,894.0,6.0,994.0,900.0,1000.0,950.0,1365.0,48.854688618468145,0.004885468861846815
wind_actual_mw,Actual wind output,Summer,INTIFA2,IFA2 (INTIFA2),lowest_20pct,export,export_mw_positive_magnitude_conditional_on_exporting,100.0,4100,1304,31.804878048780488,391.79756097560977,704.0,554.4624390243903,162.66487804878048,162.66487804878048,803.185,2794,1304,2,68.14634146341464,31.804878048780488,0.04878048780487805,1098.341454097561,-54.174,1976.46,511.4463190184049,503.0,2.0,1030.0,0.0,100.0,50.0,446.0,34.20245398773007,0.0034202453987730065
wind_actual_mw,Actual wind output,Summer,INTIFA2,IFA2 (INTIFA2),20_40pct,import,import_mw_positive_magnitude_conditional_on_importing,100.0,4096,2789,68.0908203125,368.412109375,702.0,545.79443359375,177.38232421875,545.79443359375,754.5080000000002,2789,1302,5,68.0908203125,31.787109375,0.1220703125,2678.8660093750004,1976.836,3387.111999999999,801.5683040516315,966.0,2.0,1156.0,900.0,1000.0,950.0,1555.0,55.75475080674077,0.0055754750806740775
wind_actual_mw,Actual wind output,Summer,INTIFA2,IFA2 (INTIFA2),20_40pct,export,export_mw_positive_magnitude_conditional_on_exporting,100.0,4096,1302,31.787109375,368.412109375,702.0,545.79443359375,177.38232421875,177.38232421875,754.5080000000002,2789,1302,5,68.0908203125,31.787109375,0.1220703125,2678.8660093750004,1976.836,3387.111999999999,558.0322580645161,610.0,2.0,1030.0,1000.0,1100.0,1050.0,474.0,36.405529953917046,0.003640552995391705
wind_actual_mw,Actual wind output,Summer,INTIFA2,IFA2 (INTIFA2),40_60pct,import,import_mw_positive_magnitude_conditional_on_importing,100.0,4098,2804,68.42362127867251,392.0004880429478,702.0,554.5734504636408,162.57296242069302,554.5734504636408,803.2090000000001,2804,1291,3,68.42362127867251,31.50317227916057,0.07320644216691069,4165.115019619327,3387.3943999999974,5078.734000000002,810.5,982.0,2.0,994.0,900.0,1000.0,950.0,1664.0,59.34379457917262,0.0059343794579172614
wind_actual_mw,Actual wind output,Summer,INTIFA2,IFA2 (INTIFA2),40_60pct,export,export_mw_positive_magnitude_conditional_on_exporting,100.0,4098,1291,31.50317227916057,392.0004880429478,702.0,554.5734504636408,162.57296242069302,162.57296242069302,803.2090000000001,2804,1291,3,68.42362127867251,31.50317227916057,0.07320644216691069,4165.115019619327,3387.3943999999974,5078.734000000002,516.0526723470178,534.0,2.0,1030.0,0.0,100.0,50.0,523.0,40.51123160340821,0.004051123160340821
wind_actual_mw,Actual wind output,Summer,INTIFA2,IFA2 (INTIFA2),60_80pct,import,import_mw_positive_magnitude_conditional_on_importing,100.0,4099,2655,64.77189558428886,323.24664552329835,566.0,491.28519151012443,168.03854598682605,491.28519151012443,662.4939999999999,2655,1443,1,64.77189558428886,35.203708221517445,0.02439619419370578,6176.71482737253,5080.3744000000015,7478.050800000002,758.4851224105462,906.0,2.0,994.0,900.0,1000.0,950.0,1346.0,50.696798493408664,0.005069679849340866
wind_actual_mw,Actual wind output,Summer,INTIFA2,IFA2 (INTIFA2),60_80pct,export,export_mw_positive_magnitude_conditional_on_exporting,100.0,4099,1443,35.203708221517445,323.24664552329835,566.0,491.28519151012443,168.03854598682605,168.03854598682605,662.4939999999999,2655,1443,1,64.77189558428886,35.203708221517445,0.02439619419370578,6176.71482737253,5080.3744000000015,7478.050800000002,477.33194733194733,360.0,2.0,1030.0,0.0,100.0,50.0,589.0,40.81774081774082,0.004081774081774081
wind_actual_mw,Actual wind output,Summer,INTIFA2,IFA2 (INTIFA2),highest_20pct,import,import_mw_positive_magnitude_conditional_on_importing,100.0,4099,2267,55.306172237131015,156.197609172969,166.0,377.25445230544034,221.05684313247133,377.25445230544034,320.12700000000007,2267,1830,2,55.306172237131015,44.64503537448158,0.04879238838741156,9598.023078604536,7478.265000000002,15266.269800000004,682.119982355536,798.0,2.0,992.0,900.0,1000.0,950.0,913.0,40.27348919276577,0.004027348919276577
wind_actual_mw,Actual wind output,Summer,INTIFA2,IFA2 (INTIFA2),highest_20pct,export,export_mw_positive_magnitude_conditional_on_exporting,100.0,4099,1830,44.64503537448158,156.197609172969,166.0,377.25445230544034,221.05684313247133,221.05684313247133,320.12700000000007,2267,1830,2,55.306172237131015,44.64503537448158,0.04879238838741156,9598.023078604536,7478.265000000002,15266.269800000004,495.1431693989071,414.0,2.0,1030.0,1000.0,1100.0,1050.0,536.0,29.2896174863388,0.0029289617486338796
wind_actual_mw,Actual wind output,Summer,INTIRL,Northern Ireland(Moyle),lowest_20pct,import,import_mw_positive_magnitude_conditional_on_importing,100.0,4100,767,18.70731707317073,-211.99951219512195,-254.0,28.12439024390244,240.1239024390244,28.12439024390244,-434.59900000000005,767,2892,441,18.70731707317073,70.53658536585365,10.75609756097561,1098.341454097561,-54.174,1976.46,150.33898305084745,146.0,2.0,404.0,0.0,100.0,50.0,273.0,35.59322033898305,0.003559322033898305
wind_actual_mw,Actual wind output,Summer,INTIRL,Northern Ireland(Moyle),lowest_20pct,export,export_mw_positive_magnitude_conditional_on_exporting,100.0,4100,2892,70.53658536585365,-211.99951219512195,-254.0,28.12439024390244,240.1239024390244,240.1239024390244,-434.59900000000005,767,2892,441,18.70731707317073,70.53658536585365,10.75609756097561,1098.341454097561,-54.174,1976.46,340.4246196403873,412.0,2.0,458.0,400.0,500.0,450.0,1504.0,52.00553250345782,0.0052005532503457816
wind_actual_mw,Actual wind output,Summer,INTIRL,Northern Ireland(Moyle),20_40pct,import,import_mw_positive_magnitude_conditional_on_importing,100.0,4096,700,17.08984375,-193.345703125,-234.0,26.2587890625,219.6044921875,26.2587890625,-395.9719999999999,700,2815,581,17.08984375,68.7255859375,14.1845703125,2678.8660093750004,1976.836,3387.111999999999,153.65142857142857,148.0,2.0,402.0,0.0,100.0,50.0,274.0,39.14285714285714,0.003914285714285714
wind_actual_mw,Actual wind output,Summer,INTIRL,Northern Ireland(Moyle),20_40pct,export,export_mw_positive_magnitude_conditional_on_exporting,100.0,4096,2815,68.7255859375,-193.345703125,-234.0,26.2587890625,219.6044921875,219.6044921875,-395.9719999999999,700,2815,581,17.08984375,68.7255859375,14.1845703125,2678.8660093750004,1976.836,3387.111999999999,319.53818827708704,362.0,2.0,458.0,400.0,500.0,450.0,1226.0,43.55239786856128,0.0043552397868561275
wind_actual_mw,Actual wind output,Summer,INTIRL,Northern Ireland(Moyle),40_60pct,import,import_mw_positive_magnitude_conditional_on_importing,100.0,4098,516,12.591508052708638,-226.42752562225476,-296.0,20.765739385065885,247.19326500732063,20.765739385065885,-463.95000000000005,516,2995,587,12.591508052708638,73.08443142996583,14.324060517325524,4165.115019619327,3387.3943999999974,5078.734000000002,164.91860465116278,170.0,2.0,402.0,0.0,100.0,50.0,192.0,37.2093023255814,0.0037209302325581393
wind_actual_mw,Actual wind output,Summer,INTIRL,Northern Ireland(Moyle),40_60pct,export,export_mw_positive_magnitude_conditional_on_exporting,100.0,4098,2995,73.08443142996583,-226.42752562225476,-296.0,20.765739385065885,247.19326500732063,247.19326500732063,-463.95000000000005,516,2995,587,12.591508052708638,73.08443142996583,14.324060517325524,4165.115019619327,3387.3943999999974,5078.734000000002,338.2297161936561,400.0,2.0,458.0,400.0,500.0,450.0,1506.0,50.28380634390651,0.005028380634390651
wind_actual_mw,Actual wind output,Summer,INTIRL,Northern Ireland(Moyle),60_80pct,import,import_mw_positive_magnitude_conditional_on_importing,100.0,4099,756,18.44352281044157,-192.0487923883874,-272.0,37.45547694559649,229.5042693339839,37.45547694559649,-393.60400000000004,756,2758,585,18.44352281044157,67.28470358624054,14.271773603317882,6176.71482737253,5080.3744000000015,7478.050800000002,203.08201058201058,227.0,2.0,402.0,200.0,300.0,250.0,291.0,38.492063492063494,0.0038492063492063496
wind_actual_mw,Actual wind output,Summer,INTIRL,Northern Ireland(Moyle),60_80pct,export,export_mw_positive_magnitude_conditional_on_exporting,100.0,4099,2758,67.28470358624054,-192.0487923883874,-272.0,37.45547694559649,229.5042693339839,229.5042693339839,-393.60400000000004,756,2758,585,18.44352281044157,67.28470358624054,14.271773603317882,6176.71482737253,5080.3744000000015,7478.050800000002,341.0942712110225,379.0,2.0,456.0,400.0,500.0,450.0,1286.0,46.62799129804206,0.004662799129804206
wind_actual_mw,Actual wind output,Summer,INTIRL,Northern Ireland(Moyle),highest_20pct,import,import_mw_positive_magnitude_conditional_on_importing,100.0,4099,815,19.88289826787021,-199.23786289338864,-282.0,38.76604049768236,238.003903391071,38.76604049768236,-408.33799999999997,815,2874,410,19.88289826787021,70.11466211271042,10.00243961941937,9598.023078604536,7478.265000000002,15266.269800000004,194.9717791411043,208.0,2.0,402.0,200.0,300.0,250.0,334.0,40.98159509202454,0.004098159509202454
wind_actual_mw,Actual wind output,Summer,INTIRL,Northern Ireland(Moyle),highest_20pct,export,export_mw_positive_magnitude_conditional_on_exporting,100.0,4099,2874,70.11466211271042,-199.23786289338864,-282.0,38.76604049768236,238.003903391071,238.003903391071,-408.33799999999997,815,2874,410,19.88289826787021,70.11466211271042,10.00243961941937,9598.023078604536,7478.265000000002,15266.269800000004,339.44954766875435,378.0,2.0,454.0,400.0,500.0,450.0,1351.0,47.00765483646486,0.004700765483646486
wind_actual_mw,Actual wind output,Summer,INTNED,Netherlands(BritNed),lowest_20pct,import,import_mw_positive_magnitude_conditional_on_importing,100.0,4100,2853,69.58536585365853,422.99658536585366,694.0,552.6375609756097,129.6409756097561,552.6375609756097,867.1429999999999,2853,825,422,69.58536585365853,20.121951219512198,10.292682926829269,1098.341454097561,-54.174,1976.46,794.1864703820539,932.0,2.0,1196.0,1000.0,1100.0,1050.0,1189.0,41.67542937259026,0.004167542937259025
wind_actual_mw,Actual wind output,Summer,INTNED,Netherlands(BritNed),lowest_20pct,export,export_mw_positive_magnitude_conditional_on_exporting,100.0,4100,825,20.121951219512198,422.99658536585366,694.0,552.6375609756097,129.6409756097561,129.6409756097561,867.1429999999999,2853,825,422,69.58536585365853,20.121951219512198,10.292682926829269,1098.341454097561,-54.174,1976.46,644.2763636363636,692.0,28.0,1076.0,1000.0,1100.0,1050.0,147.0,17.81818181818182,0.001781818181818182
wind_actual_mw,Actual wind output,Summer,INTNED,Netherlands(BritNed),20_40pct,import,import_mw_positive_magnitude_conditional_on_importing,100.0,4096,2375,57.9833984375,227.11474609375,336.0,429.2900390625,202.17529296875,429.2900390625,465.131,2375,1280,441,57.9833984375,31.25,10.7666015625,2678.8660093750004,1976.836,3387.111999999999,740.3671578947368,856.0,2.0,1062.0,1000.0,1100.0,1050.0,808.0,34.02105263157895,0.0034021052631578947
wind_actual_mw,Actual wind output,Summer,INTNED,Netherlands(BritNed),20_40pct,export,export_mw_positive_magnitude_conditional_on_exporting,100.0,4096,1280,31.25,227.11474609375,336.0,429.2900390625,202.17529296875,202.17529296875,465.131,2375,1280,441,57.9833984375,31.25,10.7666015625,2678.8660093750004,1976.836,3387.111999999999,646.9609375,682.0,102.0,1076.0,1000.0,1100.0,1050.0,234.0,18.28125,0.0018281249999999999
wind_actual_mw,Actual wind output,Summer,INTNED,Netherlands(BritNed),40_60pct,import,import_mw_positive_magnitude_conditional_on_importing,100.0,4098,2116,51.634943875061,144.47535383113714,104.0,381.79062957540265,237.3152757442655,381.79062957540265,296.03,2116,1424,558,51.634943875061,34.74865788189361,13.616398243045388,4165.115019619327,3387.3943999999974,5078.734000000002,739.4035916824197,856.0,2.0,1066.0,1000.0,1100.0,1050.0,728.0,34.40453686200378,0.003440453686200378
wind_actual_mw,Actual wind output,Summer,INTNED,Netherlands(BritNed),40_60pct,export,export_mw_positive_magnitude_conditional_on_exporting,100.0,4098,1424,34.74865788189361,144.47535383113714,104.0,381.79062957540265,237.3152757442655,237.3152757442655,296.03,2116,1424,558,51.634943875061,34.74865788189361,13.616398243045388,4165.115019619327,3387.3943999999974,5078.734000000002,682.9480337078652,738.0,102.0,1076.0,1000.0,1100.0,1050.0,345.0,24.22752808988764,0.002422752808988764
wind_actual_mw,Actual wind output,Summer,INTNED,Netherlands(BritNed),60_80pct,import,import_mw_positive_magnitude_conditional_on_importing,100.0,4099,1858,45.328128811905344,34.30104903635033,0.0,327.8238594779214,293.5228104415711,327.8238594779214,70.29999999999998,1858,1699,542,45.328128811905344,41.449133935106126,13.222737252988534,6176.71482737253,5080.3744000000015,7478.050800000002,723.2238966630786,813.0,2.0,1062.0,1000.0,1100.0,1050.0,583.0,31.377825618945103,0.0031377825618945105
wind_actual_mw,Actual wind output,Summer,INTNED,Netherlands(BritNed),60_80pct,export,export_mw_positive_magnitude_conditional_on_exporting,100.0,4099,1699,41.449133935106126,34.30104903635033,0.0,327.8238594779214,293.5228104415711,293.5228104415711,70.29999999999998,1858,1699,542,45.328128811905344,41.449133935106126,13.222737252988534,6176.71482737253,5080.3744000000015,7478.050800000002,708.1518540317834,772.0,102.0,1080.0,1000.0,1100.0,1050.0,456.0,26.839317245438494,0.0026839317245438495
wind_actual_mw,Actual wind output,Summer,INTNED,Netherlands(BritNed),highest_20pct,import,import_mw_positive_magnitude_conditional_on_importing,100.0,4099,1316,32.10539155891681,-199.01341790680655,-258.0,213.0612344474262,412.07465235423274,213.0612344474262,-407.87800000000004,1316,2290,493,32.10539155891681,55.867284703586236,12.02732373749695,9598.023078604536,7478.265000000002,15266.269800000004,663.6306990881459,738.0,2.0,1062.0,1000.0,1100.0,1050.0,300.0,22.796352583586625,0.0022796352583586625
wind_actual_mw,Actual wind output,Summer,INTNED,Netherlands(BritNed),highest_20pct,export,export_mw_positive_magnitude_conditional_on_exporting,100.0,4099,2290,55.867284703586236,-199.01341790680655,-258.0,213.0612344474262,412.07465235423274,412.07465235423274,-407.87800000000004,1316,2290,493,32.10539155891681,55.867284703586236,12.02732373749695,9598.023078604536,7478.265000000002,15266.269800000004,737.5956331877729,822.0,4.0,1082.0,1000.0,1100.0,1050.0,755.0,32.96943231441048,0.003296943231441048
wind_actual_mw,Actual wind output,Summer,INTNEM,Belgium (Nemolink),lowest_20pct,import,import_mw_positive_magnitude_conditional_on_importing,100.0,4100,3184,77.65853658536585,491.0687804878049,804.0,617.5751219512196,126.50634146341463,617.5751219512196,1006.6909999999998,3184,891,25,77.65853658536585,21.73170731707317,0.6097560975609756,1098.341454097561,-54.174,1976.46,795.2443467336683,918.0,2.0,1020.0,1000.0,1100.0,1050.0,1131.0,35.5213567839196,0.00355213567839196
wind_actual_mw,Actual wind output,Summer,INTNEM,Belgium (Nemolink),lowest_20pct,export,export_mw_positive_magnitude_conditional_on_exporting,100.0,4100,891,21.73170731707317,491.0687804878049,804.0,617.5751219512196,126.50634146341463,126.50634146341463,1006.6909999999998,3184,891,25,77.65853658536585,21.73170731707317,0.6097560975609756,1098.341454097561,-54.174,1976.46,582.1279461279461,582.0,4.0,1022.0,1000.0,1100.0,1050.0,152.0,17.059483726150393,0.0017059483726150392
wind_actual_mw,Actual wind output,Summer,INTNEM,Belgium (Nemolink),20_40pct,import,import_mw_positive_magnitude_conditional_on_importing,100.0,4096,2927,71.4599609375,363.39013671875,602.0,511.70947265625,148.3193359375,511.70947265625,744.223,2927,1135,34,71.4599609375,27.7099609375,0.830078125,2678.8660093750004,1976.836,3387.111999999999,716.0785787495729,804.0,2.0,1020.0,1000.0,1100.0,1050.0,714.0,24.393577041339253,0.0024393577041339253
wind_actual_mw,Actual wind output,Summer,INTNEM,Belgium (Nemolink),20_40pct,export,export_mw_positive_magnitude_conditional_on_exporting,100.0,4096,1135,27.7099609375,363.39013671875,602.0,511.70947265625,148.3193359375,148.3193359375,744.223,2927,1135,34,71.4599609375,27.7099609375,0.830078125,2678.8660093750004,1976.836,3387.111999999999,535.2563876651982,520.0,2.0,1024.0,1000.0,1100.0,1050.0,136.0,11.98237885462555,0.001198237885462555
wind_actual_mw,Actual wind output,Summer,INTNEM,Belgium (Nemolink),40_60pct,import,import_mw_positive_magnitude_conditional_on_importing,100.0,4098,2770,67.59394826744753,296.74524158125917,487.0,471.2650073206442,174.51976573938506,471.2650073206442,608.031,2770,1298,30,67.59394826744753,31.673987310883355,0.7320644216691069,4165.115019619327,3387.3943999999974,5078.734000000002,697.2,782.0,2.0,1020.0,1000.0,1100.0,1050.0,653.0,23.574007220216604,0.0023574007220216607
wind_actual_mw,Actual wind output,Summer,INTNEM,Belgium (Nemolink),40_60pct,export,export_mw_positive_magnitude_conditional_on_exporting,100.0,4098,1298,31.673987310883355,296.74524158125917,487.0,471.2650073206442,174.51976573938506,174.51976573938506,608.031,2770,1298,30,67.59394826744753,31.673987310883355,0.7320644216691069,4165.115019619327,3387.3943999999974,5078.734000000002,550.9876733436056,552.0,2.0,1024.0,1000.0,1100.0,1050.0,166.0,12.788906009244993,0.0012788906009244994
wind_actual_mw,Actual wind output,Summer,INTNEM,Belgium (Nemolink),60_80pct,import,import_mw_positive_magnitude_conditional_on_importing,100.0,4099,2447,59.69748719199804,153.99707245669674,242.0,386.7216394242498,232.72456696755307,386.7216394242498,315.61699999999996,2447,1626,26,59.69748719199804,39.6682117589656,0.6343010490363503,6176.71482737253,5080.3744000000015,7478.050800000002,647.8022067838169,692.0,2.0,1020.0,1000.0,1100.0,1050.0,455.0,18.594196975888842,0.0018594196975888844
wind_actual_mw,Actual wind output,Summer,INTNEM,Belgium (Nemolink),60_80pct,export,export_mw_positive_magnitude_conditional_on_exporting,100.0,4099,1626,39.6682117589656,153.99707245669674,242.0,386.7216394242498,232.72456696755307,232.72456696755307,315.61699999999996,2447,1626,26,59.69748719199804,39.6682117589656,0.6343010490363503,6176.71482737253,5080.3744000000015,7478.050800000002,586.6777367773677,610.0,2.0,1024.0,1000.0,1100.0,1050.0,307.0,18.880688806888067,0.001888068880688807
wind_actual_mw,Actual wind output,Summer,INTNEM,Belgium (Nemolink),highest_20pct,import,import_mw_positive_magnitude_conditional_on_importing,100.0,4099,1874,45.71846791900464,-75.14954867040741,-100.0,278.54696267382286,353.6965113442303,278.54696267382286,-154.019,1874,2195,30,45.71846791900464,53.54964625518419,0.7318858258111735,9598.023078604536,7478.265000000002,15266.269800000004,609.2657417289221,684.0,2.0,1020.0,1000.0,1100.0,1050.0,265.0,14.140875133404482,0.0014140875133404481
wind_actual_mw,Actual wind output,Summer,INTNEM,Belgium (Nemolink),highest_20pct,export,export_mw_positive_magnitude_conditional_on_exporting,100.0,4099,2195,53.54964625518419,-75.14954867040741,-100.0,278.54696267382286,353.6965113442303,353.6965113442303,-154.019,1874,2195,30,45.71846791900464,53.54964625518419,0.7318858258111735,9598.023078604536,7478.265000000002,15266.269800000004,660.5020501138952,726.0,2.0,1024.0,1000.0,1100.0,1050.0,583.0,26.560364464692483,0.0026560364464692484
wind_actual_mw,Actual wind output,Summer,INTNSL,North Sea Link (INTNSL),lowest_20pct,import,import_mw_positive_magnitude_conditional_on_importing,100.0,2876,2526,87.83031988873435,969.9561891515995,1396.0,1014.3970792767733,44.44089012517385,1014.3970792767733,1394.797,2526,326,24,87.83031988873435,11.33518776077886,0.8344923504867872,1202.6239276077886,-40.40199999999999,1976.41,1154.950910530483,1396.0,2.0,1474.0,1300.0,1400.0,1350.0,967.0,38.2818685669042,0.00382818685669042
wind_actual_mw,Actual wind output,Summer,INTNSL,North Sea Link (INTNSL),lowest_20pct,export,export_mw_positive_magnitude_conditional_on_exporting,100.0,2876,326,11.33518776077886,969.9561891515995,1396.0,1014.3970792767733,44.44089012517385,44.44089012517385,1394.797,2526,326,24,87.83031988873435,11.33518776077886,0.8344923504867872,1202.6239276077886,-40.40199999999999,1976.41,392.06134969325154,301.0,2.0,1188.0,0.0,100.0,50.0,120.0,36.809815950920246,0.0036809815950920245
wind_actual_mw,Actual wind output,Summer,INTNSL,North Sea Link (INTNSL),20_40pct,import,import_mw_positive_magnitude_conditional_on_importing,100.0,3495,3100,88.69814020028612,1015.6,1396.0,1056.7708154506438,41.17081545064378,1056.7708154506438,1774.7610000000004,3100,374,21,88.69814020028612,10.701001430615165,0.6008583690987125,2685.1816281545066,1976.836,3387.111999999999,1191.423870967742,1396.0,2.0,1846.0,1300.0,1400.0,1350.0,1266.0,40.83870967741935,0.004083870967741935
wind_actual_mw,Actual wind output,Summer,INTNSL,North Sea Link (INTNSL),20_40pct,export,export_mw_positive_magnitude_conditional_on_exporting,100.0,3495,374,10.701001430615165,1015.6,1396.0,1056.7708154506438,41.17081545064378,41.17081545064378,1774.7610000000004,3100,374,21,88.69814020028612,10.701001430615165,0.6008583690987125,2685.1816281545066,1976.836,3387.111999999999,384.7379679144385,297.0,2.0,1188.0,0.0,100.0,50.0,124.0,33.155080213903744,0.0033155080213903743
wind_actual_mw,Actual wind output,Summer,INTNSL,North Sea Link (INTNSL),40_60pct,import,import_mw_positive_magnitude_conditional_on_importing,100.0,3604,3195,88.65149833518313,1041.476692563818,1396.0,1079.9400665926748,38.463374028856826,1079.9400665926748,1876.7410000000002,3195,335,74,88.65149833518313,9.295227524972253,2.0532741398446173,4154.405944617092,3387.3943999999974,5078.734000000002,1218.1859154929577,1396.0,2.0,1428.0,1300.0,1400.0,1350.0,1542.0,48.262910798122064,0.004826291079812206
wind_actual_mw,Actual wind output,Summer,INTNSL,North Sea Link (INTNSL),40_60pct,export,export_mw_positive_magnitude_conditional_on_exporting,100.0,3604,335,9.295227524972253,1041.476692563818,1396.0,1079.9400665926748,38.463374028856826,38.463374028856826,1876.7410000000002,3195,335,74,88.65149833518313,9.295227524972253,2.0532741398446173,4154.405944617092,3387.3943999999974,5078.734000000002,413.79701492537316,294.0,2.0,1236.0,0.0,100.0,50.0,119.0,35.52238805970149,0.0035522388059701492
wind_actual_mw,Actual wind output,Summer,INTNSL,North Sea Link (INTNSL),60_80pct,import,import_mw_positive_magnitude_conditional_on_importing,100.0,3698,3127,84.559221200649,906.7479718766901,1320.0,970.8891292590589,64.14115738236885,970.8891292590589,1676.577,3127,449,122,84.559221200649,12.141698215251488,3.299080584099513,6181.675561763116,5080.3744000000015,7478.050800000002,1148.1765270227054,1396.0,2.0,1408.0,1300.0,1400.0,1350.0,1287.0,41.15765909817717,0.004115765909817717
wind_actual_mw,Actual wind output,Summer,INTNSL,North Sea Link (INTNSL),60_80pct,export,export_mw_positive_magnitude_conditional_on_exporting,100.0,3698,449,12.141698215251488,906.7479718766901,1320.0,970.8891292590589,64.14115738236885,64.14115738236885,1676.577,3127,449,122,84.559221200649,12.141698215251488,3.299080584099513,6181.675561763116,5080.3744000000015,7478.050800000002,528.271714922049,496.0,2.0,1412.0,0.0,100.0,50.0,111.0,24.721603563474385,0.0024721603563474387
wind_actual_mw,Actual wind output,Summer,INTNSL,North Sea Link (INTNSL),highest_20pct,import,import_mw_positive_magnitude_conditional_on_importing,100.0,3843,2567,66.7967733541504,497.1751236013531,686.0,666.9898516783762,169.81472807702315,666.9898516783762,955.3220000000001,2567,1089,187,66.7967733541504,28.337236533957842,4.865990111891751,9657.120334946656,7478.265000000002,15266.269800000004,998.5360342812621,1198.0,2.0,1420.0,1300.0,1400.0,1350.0,844.0,32.87884690299961,0.003287884690299961
wind_actual_mw,Actual wind output,Summer,INTNSL,North Sea Link (INTNSL),highest_20pct,export,export_mw_positive_magnitude_conditional_on_exporting,100.0,3843,1089,28.337236533957842,497.1751236013531,686.0,666.9898516783762,169.81472807702315,169.81472807702315,955.3220000000001,2567,1089,187,66.7967733541504,28.337236533957842,4.865990111891751,9657.120334946656,7478.265000000002,15266.269800000004,599.2635445362719,644.0,2.0,1454.0,700.0,800.0,750.0,178.0,16.345270890725434,0.0016345270890725436
wind_actual_mw,Actual wind output,Summer,INTVKL,Denmark (Viking link),lowest_20pct,import,import_mw_positive_magnitude_conditional_on_importing,100.0,1086,860,79.18968692449356,609.1307550644567,920.0,700.1068139963168,90.97605893186004,700.1068139963168,330.75800000000004,860,160,66,79.18968692449356,14.732965009208105,6.077348066298343,1239.751729097606,28.636199999999945,1974.2684,884.0883720930233,988.0,16.0,1428.0,900.0,1000.0,950.0,357.0,41.51162790697674,0.004151162790697675
wind_actual_mw,Actual wind output,Summer,INTVKL,Denmark (Viking link),lowest_20pct,export,export_mw_positive_magnitude_conditional_on_exporting,100.0,1086,160,14.732965009208105,609.1307550644567,920.0,700.1068139963168,90.97605893186004,90.97605893186004,330.75800000000004,860,160,66,79.18968692449356,14.732965009208105,6.077348066298343,1239.751729097606,28.636199999999945,1974.2684,617.5,636.0,8.0,1098.0,1000.0,1100.0,1050.0,43.0,26.875,0.0026875
wind_actual_mw,Actual wind output,Summer,INTVKL,Denmark (Viking link),20_40pct,import,import_mw_positive_magnitude_conditional_on_importing,100.0,1492,920,61.66219839142091,335.3538873994638,533.0,525.9798927613941,190.62600536193028,525.9798927613941,250.17399999999998,920,432,140,61.66219839142091,28.9544235924933,9.383378016085791,2721.9973943699733,1976.9558000000009,3386.997800000001,853.0021739130435,986.0,6.0,1428.0,900.0,1000.0,950.0,355.0,38.58695652173913,0.003858695652173913
wind_actual_mw,Actual wind output,Summer,INTVKL,Denmark (Viking link),20_40pct,export,export_mw_positive_magnitude_conditional_on_exporting,100.0,1492,432,28.9544235924933,335.3538873994638,533.0,525.9798927613941,190.62600536193028,190.62600536193028,250.17399999999998,920,432,140,61.66219839142091,28.9544235924933,9.383378016085791,2721.9973943699733,1976.9558000000009,3386.997800000001,658.3657407407408,680.0,2.0,1098.0,1000.0,1100.0,1050.0,126.0,29.166666666666668,0.002916666666666667
wind_actual_mw,Actual wind output,Summer,INTVKL,Denmark (Viking link),40_60pct,import,import_mw_positive_magnitude_conditional_on_importing,100.0,1978,1160,58.64509605662285,337.39130434782606,402.0,514.8331648129424,177.4418604651163,514.8331648129424,333.68,1160,559,259,58.64509605662285,28.26086956521739,13.094034378159758,4183.147842467139,3387.3943999999974,5078.734000000002,877.8793103448276,986.0,2.0,1426.0,900.0,1000.0,950.0,381.0,32.8448275862069,0.0032844827586206897
wind_actual_mw,Actual wind output,Summer,INTVKL,Denmark (Viking link),40_60pct,export,export_mw_positive_magnitude_conditional_on_exporting,100.0,1978,559,28.26086956521739,337.39130434782606,402.0,514.8331648129424,177.4418604651163,177.4418604651163,333.68,1160,559,259,58.64509605662285,28.26086956521739,13.094034378159758,4183.147842467139,3387.3943999999974,5078.734000000002,627.871198568873,674.0,2.0,1098.0,1000.0,1100.0,1050.0,140.0,25.044722719141323,0.002504472271914132
wind_actual_mw,Actual wind output,Summer,INTVKL,Denmark (Viking link),60_80pct,import,import_mw_positive_magnitude_conditional_on_importing,100.0,1938,1057,54.540763673890616,211.14757481940146,167.0,456.92776057791536,245.78018575851394,456.92776057791536,204.60200000000003,1057,673,208,54.540763673890616,34.726522187822496,10.732714138286893,6140.147692156862,5080.3744000000015,7478.050800000002,837.7729422894986,944.0,4.0,1430.0,900.0,1000.0,950.0,292.0,27.625354777672655,0.0027625354777672654
wind_actual_mw,Actual wind output,Summer,INTVKL,Denmark (Viking link),60_80pct,export,export_mw_positive_magnitude_conditional_on_exporting,100.0,1938,673,34.726522187822496,211.14757481940146,167.0,456.92776057791536,245.78018575851394,245.78018575851394,204.60200000000003,1057,673,208,54.540763673890616,34.726522187822496,10.732714138286893,6140.147692156862,5080.3744000000015,7478.050800000002,707.7592867756315,810.0,6.0,1098.0,1000.0,1100.0,1050.0,230.0,34.17533432392273,0.0034175334323922734
wind_actual_mw,Actual wind output,Summer,INTVKL,Denmark (Viking link),highest_20pct,import,import_mw_positive_magnitude_conditional_on_importing,100.0,2338,885,37.85286569717707,-90.34217279726262,-54.0,302.5175363558597,392.8597091531223,302.5175363558597,-105.61000000000003,885,1210,243,37.85286569717707,51.75363558597091,10.39349871685201,9940.621495808384,7478.265000000002,15266.269800000004,799.193220338983,868.0,2.0,1436.0,900.0,1000.0,950.0,175.0,19.774011299435028,0.0019774011299435027
wind_actual_mw,Actual wind output,Summer,INTVKL,Denmark (Viking link),highest_20pct,export,export_mw_positive_magnitude_conditional_on_exporting,100.0,2338,1210,51.75363558597091,-90.34217279726262,-54.0,302.5175363558597,392.8597091531223,392.8597091531223,-105.61000000000003,885,1210,243,37.85286569717707,51.75363558597091,10.39349871685201,9940.621495808384,7478.265000000002,15266.269800000004,759.095867768595,906.0,2.0,1098.0,1000.0,1100.0,1050.0,515.0,42.561983471074385,0.004256198347107438
wind_actual_mw,Actual wind output,Autumn,TOTAL_GB_INTERCONNECTORS,GB interconnector fleet total,lowest_20pct,import,import_mw_positive_magnitude_conditional_on_importing,100.0,4345,3712,85.43153049482164,2673.2391254315303,3248.0,2938.099424626007,264.8602991944764,2938.099424626007,5807.612,3712,633,0,85.43153049482164,14.568469505178367,0.0,1972.1786551438436,-115.2388,3295.3670000000006,3439.127693965517,3596.0,10.0,7872.0,4000.0,4100.0,4050.0,145.0,3.90625,0.000390625
wind_actual_mw,Actual wind output,Autumn,TOTAL_GB_INTERCONNECTORS,GB interconnector fleet total,lowest_20pct,export,export_mw_positive_magnitude_conditional_on_exporting,100.0,4345,633,14.568469505178367,2673.2391254315303,3248.0,2938.099424626007,264.8602991944764,264.8602991944764,5807.612,3712,633,0,85.43153049482164,14.568469505178367,0.0,1972.1786551438436,-115.2388,3295.3670000000006,1818.0379146919431,1506.0,6.0,6350.0,200.0,300.0,250.0,39.0,6.161137440758294,0.0006161137440758293
wind_actual_mw,Actual wind output,Autumn,TOTAL_GB_INTERCONNECTORS,GB interconnector fleet total,20_40pct,import,import_mw_positive_magnitude_conditional_on_importing,100.0,4346,3210,73.8610216290842,1730.054302807179,2449.0,2447.5467096180396,717.4924068108605,2447.5467096180396,3759.4080000000004,3210,1135,1,73.8610216290842,26.11596870685688,0.02300966405890474,4538.139454855039,3296.2160000000003,5846.744000000002,3313.719003115265,3320.0,2.0,8088.0,3500.0,3600.0,3550.0,89.0,2.7725856697819315,0.0002772585669781932
wind_actual_mw,Actual wind output,Autumn,TOTAL_GB_INTERCONNECTORS,GB interconnector fleet total,20_40pct,export,export_mw_positive_magnitude_conditional_on_exporting,100.0,4346,1135,26.11596870685688,1730.054302807179,2449.0,2447.5467096180396,717.4924068108605,717.4924068108605,3759.4080000000004,3210,1135,1,73.8610216290842,26.11596870685688,0.02300966405890474,4538.139454855039,3296.2160000000003,5846.744000000002,2747.332158590308,2742.0,6.0,6254.0,2100.0,2200.0,2150.0,30.0,2.643171806167401,0.0002643171806167401
wind_actual_mw,Actual wind output,Autumn,TOTAL_GB_INTERCONNECTORS,GB interconnector fleet total,40_60pct,import,import_mw_positive_magnitude_conditional_on_importing,100.0,4347,3274,75.31631009891879,1876.9694041867956,2416.0,2499.75845410628,622.7890499194847,2499.75845410628,4079.593,3274,1073,0,75.31631009891879,24.683689901081205,0.0,7123.523665884519,5847.556,8409.117999999999,3319.0134392180817,3320.0,6.0,8736.0,3400.0,3500.0,3450.0,86.0,2.626756261453879,0.0002626756261453879
wind_actual_mw,Actual wind output,Autumn,TOTAL_GB_INTERCONNECTORS,GB interconnector fleet total,40_60pct,export,export_mw_positive_magnitude_conditional_on_exporting,100.0,4347,1073,24.683689901081205,1876.9694041867956,2416.0,2499.75845410628,622.7890499194847,622.7890499194847,4079.593,3274,1073,0,75.31631009891879,24.683689901081205,0.0,7123.523665884519,5847.556,8409.117999999999,2523.0792171481826,2354.0,10.0,6360.0,500.0,600.0,550.0,43.0,4.007455731593663,0.00040074557315936625
wind_actual_mw,Actual wind output,Autumn,TOTAL_GB_INTERCONNECTORS,GB interconnector fleet total,60_80pct,import,import_mw_positive_magnitude_conditional_on_importing,100.0,4349,3132,72.0165555300069,1439.410439181421,1642.0,2068.4681535985283,629.0577144171074,2068.4681535985283,3129.998,3132,1215,2,72.0165555300069,27.937456886640604,0.04598758335249483,9881.675903012187,8409.8856,11391.267599999992,2872.2120051085567,2768.0,2.0,8280.0,1200.0,1300.0,1250.0,74.0,2.362707535121328,0.0002362707535121328
wind_actual_mw,Actual wind output,Autumn,TOTAL_GB_INTERCONNECTORS,GB interconnector fleet total,60_80pct,export,export_mw_positive_magnitude_conditional_on_exporting,100.0,4349,1215,27.937456886640604,1439.410439181421,1642.0,2068.4681535985283,629.0577144171074,629.0577144171074,3129.998,3132,1215,2,72.0165555300069,27.937456886640604,0.04598758335249483,9881.675903012187,8409.8856,11391.267599999992,2251.6641975308644,1888.0,4.0,6302.0,200.0,300.0,250.0,49.0,4.032921810699588,0.00040329218106995886
wind_actual_mw,Actual wind output,Autumn,TOTAL_GB_INTERCONNECTORS,GB interconnector fleet total,highest_20pct,import,import_mw_positive_magnitude_conditional_on_importing,100.0,4349,2501,57.507472982294786,708.1747528167394,816.0,1739.6325592090136,1031.457806392274,1739.6325592090136,1539.9259999999997,2501,1847,1,57.507472982294786,42.46953322602897,0.022993791676247415,13105.11319199816,11391.305000000004,16861.473400000003,3025.0547780887646,2872.0,2.0,8530.0,2000.0,2100.0,2050.0,61.0,2.4390243902439024,0.00024390243902439024
wind_actual_mw,Actual wind output,Autumn,TOTAL_GB_INTERCONNECTORS,GB interconnector fleet total,highest_20pct,export,export_mw_positive_magnitude_conditional_on_exporting,100.0,4349,1847,42.46953322602897,708.1747528167394,816.0,1739.6325592090136,1031.457806392274,1031.457806392274,1539.9259999999997,2501,1847,1,57.507472982294786,42.46953322602897,0.022993791676247415,13105.11319199816,11391.305000000004,16861.473400000003,2428.700595560368,2292.0,4.0,5996.0,1100.0,1200.0,1150.0,57.0,3.086085544125609,0.00030860855441256093
wind_actual_mw,Actual wind output,Autumn,INTELEC,Eleclink (INTELEC),lowest_20pct,import,import_mw_positive_magnitude_conditional_on_importing,100.0,3086,1625,52.657161373946856,274.6202203499676,142.0,413.51198963058977,138.89176928062216,413.51198963058977,423.739,1625,639,822,52.657161373946856,20.70641607258587,26.63642255346727,1976.9919580686976,-115.2388,3295.3670000000006,785.291076923077,988.0,2.0,1002.0,900.0,1000.0,950.0,790.0,48.61538461538461,0.004861538461538461
wind_actual_mw,Actual wind output,Autumn,INTELEC,Eleclink (INTELEC),lowest_20pct,export,export_mw_positive_magnitude_conditional_on_exporting,100.0,3086,639,20.70641607258587,274.6202203499676,142.0,413.51198963058977,138.89176928062216,138.89176928062216,423.739,1625,639,822,52.657161373946856,20.70641607258587,26.63642255346727,1976.9919580686976,-115.2388,3295.3670000000006,670.7668231611893,848.0,2.0,1026.0,1000.0,1100.0,1050.0,275.0,43.03599374021909,0.004303599374021909
wind_actual_mw,Actual wind output,Autumn,INTELEC,Eleclink (INTELEC),20_40pct,import,import_mw_positive_magnitude_conditional_on_importing,100.0,3491,1668,47.780005729017475,174.67373245488398,0.0,421.35720423947294,246.68347178458893,421.35720423947294,304.8929999999999,1668,1108,715,47.780005729017475,31.73875680320825,20.481237467774278,4537.546557662561,3296.92,5845.433399999999,881.8693045563549,996.0,4.0,1000.0,900.0,1000.0,950.0,1152.0,69.06474820143885,0.006906474820143885
wind_actual_mw,Actual wind output,Autumn,INTELEC,Eleclink (INTELEC),20_40pct,export,export_mw_positive_magnitude_conditional_on_exporting,100.0,3491,1108,31.73875680320825,174.67373245488398,0.0,421.35720423947294,246.68347178458893,246.68347178458893,304.8929999999999,1668,1108,715,47.780005729017475,31.73875680320825,20.481237467774278,4537.546557662561,3296.92,5845.433399999999,777.231046931408,1022.0,2.0,1024.0,1000.0,1100.0,1050.0,658.0,59.38628158844765,0.005938628158844765
wind_actual_mw,Actual wind output,Autumn,INTELEC,Eleclink (INTELEC),40_60pct,import,import_mw_positive_magnitude_conditional_on_importing,100.0,3482,1807,51.895462377943716,235.14072372199885,186.0,441.68753589890866,206.5468121769098,441.68753589890866,409.38,1807,871,804,51.895462377943716,25.01435956346927,23.090178058587018,7095.967412291786,5847.720199999998,8409.117999999999,851.1101272827891,996.0,2.0,1000.0,900.0,1000.0,950.0,1143.0,63.254012174875484,0.006325401217487548
wind_actual_mw,Actual wind output,Autumn,INTELEC,Eleclink (INTELEC),40_60pct,export,export_mw_positive_magnitude_conditional_on_exporting,100.0,3482,871,25.01435956346927,235.14072372199885,186.0,441.68753589890866,206.5468121769098,206.5468121769098,409.38,1807,871,804,51.895462377943716,25.01435956346927,23.090178058587018,7095.967412291786,5847.720199999998,8409.117999999999,825.7129735935706,1022.0,2.0,1028.0,1000.0,1100.0,1050.0,524.0,60.160734787600454,0.006016073478760046
wind_actual_mw,Actual wind output,Autumn,INTELEC,Eleclink (INTELEC),60_80pct,import,import_mw_positive_magnitude_conditional_on_importing,100.0,3283,1510,45.994517209869024,129.02528175449285,0.0,362.61468169357295,233.5893999390801,362.61468169357295,211.795,1510,1023,750,45.994517209869024,31.16052391105696,22.844958879074017,9907.965869083157,8409.8856,11391.267599999992,788.3867549668875,983.0,2.0,1002.0,900.0,1000.0,950.0,758.0,50.198675496688736,0.005019867549668874
wind_actual_mw,Actual wind output,Autumn,INTELEC,Eleclink (INTELEC),60_80pct,export,export_mw_positive_magnitude_conditional_on_exporting,100.0,3283,1023,31.16052391105696,129.02528175449285,0.0,362.61468169357295,233.5893999390801,233.5893999390801,211.795,1510,1023,750,45.994517209869024,31.16052391105696,22.844958879074017,9907.965869083157,8409.8856,11391.267599999992,749.6324535679374,936.0,2.0,1026.0,1000.0,1100.0,1050.0,450.0,43.988269794721404,0.00439882697947214
wind_actual_mw,Actual wind output,Autumn,INTELEC,Eleclink (INTELEC),highest_20pct,import,import_mw_positive_magnitude_conditional_on_importing,100.0,4033,2036,50.483511033969755,109.7074138358542,16.0,373.877510538061,264.1700967022068,373.877510538061,221.22499999999997,2036,1340,657,50.483511033969755,33.225886436895614,16.29060252913464,13201.580963054797,11391.305000000004,16861.473400000003,740.5933202357564,932.0,2.0,1002.0,900.0,1000.0,950.0,888.0,43.614931237721024,0.004361493123772102
wind_actual_mw,Actual wind output,Autumn,INTELEC,Eleclink (INTELEC),highest_20pct,export,export_mw_positive_magnitude_conditional_on_exporting,100.0,4033,1340,33.225886436895614,109.7074138358542,16.0,373.877510538061,264.1700967022068,264.1700967022068,221.22499999999997,2036,1340,657,50.483511033969755,33.225886436895614,16.29060252913464,13201.580963054797,11391.305000000004,16861.473400000003,795.0731343283583,1020.0,2.0,1026.0,1000.0,1100.0,1050.0,738.0,55.07462686567164,0.005507462686567164
wind_actual_mw,Actual wind output,Autumn,INTEW,Ireland(East-West),lowest_20pct,import,import_mw_positive_magnitude_conditional_on_importing,100.0,4345,593,13.647871116225547,-172.7866513233602,-94.0,28.59470655926352,201.38135788262372,28.59470655926352,-375.379,593,2659,1093,13.647871116225547,61.19677790563867,25.155350978135786,1972.1786551438436,-115.2388,3295.3670000000006,209.5177065767285,154.0,2.0,504.0,0.0,100.0,50.0,233.0,39.29173693086003,0.003929173693086003
wind_actual_mw,Actual wind output,Autumn,INTEW,Ireland(East-West),lowest_20pct,export,export_mw_positive_magnitude_conditional_on_exporting,100.0,4345,2659,61.19677790563867,-172.7866513233602,-94.0,28.59470655926352,201.38135788262372,201.38135788262372,-375.379,593,2659,1093,13.647871116225547,61.19677790563867,25.155350978135786,1972.1786551438436,-115.2388,3295.3670000000006,329.07183151560736,372.0,2.0,532.0,500.0,600.0,550.0,985.0,37.04400150432494,0.0037044001504324938
wind_actual_mw,Actual wind output,Autumn,INTEW,Ireland(East-West),20_40pct,import,import_mw_positive_magnitude_conditional_on_importing,100.0,4346,864,19.880349746893692,-143.798435342844,-35.0,48.793833410032214,192.5922687528762,48.793833410032214,-312.47400000000005,864,2371,1111,19.880349746893692,54.55591348366314,25.563736769443167,4538.139454855039,3296.2160000000003,5846.744000000002,245.4375,224.0,2.0,504.0,0.0,100.0,50.0,249.0,28.819444444444443,0.0028819444444444444
wind_actual_mw,Actual wind output,Autumn,INTEW,Ireland(East-West),20_40pct,export,export_mw_positive_magnitude_conditional_on_exporting,100.0,4346,2371,54.55591348366314,-143.798435342844,-35.0,48.793833410032214,192.5922687528762,192.5922687528762,-312.47400000000005,864,2371,1111,19.880349746893692,54.55591348366314,25.563736769443167,4538.139454855039,3296.2160000000003,5846.744000000002,353.01813580767606,416.0,2.0,532.0,500.0,600.0,550.0,963.0,40.6157739350485,0.0040615773935048505
wind_actual_mw,Actual wind output,Autumn,INTEW,Ireland(East-West),40_60pct,import,import_mw_positive_magnitude_conditional_on_importing,100.0,4347,934,21.486082355647575,-151.07246376811594,-42.0,49.35311709224753,200.42558086036348,49.35311709224753,-328.356,934,2399,1014,21.486082355647575,55.18748562226823,23.326432022084195,7123.523665884519,5847.556,8409.117999999999,229.6980728051392,172.0,2.0,504.0,0.0,100.0,50.0,327.0,35.01070663811563,0.003501070663811563
wind_actual_mw,Actual wind output,Autumn,INTEW,Ireland(East-West),40_60pct,export,export_mw_positive_magnitude_conditional_on_exporting,100.0,4347,2399,55.18748562226823,-151.07246376811594,-42.0,49.35311709224753,200.42558086036348,200.42558086036348,-328.356,934,2399,1014,21.486082355647575,55.18748562226823,23.326432022084195,7123.523665884519,5847.556,8409.117999999999,363.17215506461025,464.0,2.0,532.0,500.0,600.0,550.0,1100.0,45.85243851604835,0.004585243851604835
wind_actual_mw,Actual wind output,Autumn,INTEW,Ireland(East-West),60_80pct,import,import_mw_positive_magnitude_conditional_on_importing,100.0,4349,880,20.234536675097722,-153.74292940905954,-54.0,45.73235226488848,199.47528167394805,45.73235226488848,-334.314,880,2490,979,20.234536675097722,57.25454127385606,22.51092205104622,9881.675903012187,8409.8856,11391.267599999992,226.01136363636363,176.0,2.0,504.0,0.0,100.0,50.0,305.0,34.659090909090914,0.003465909090909091
wind_actual_mw,Actual wind output,Autumn,INTEW,Ireland(East-West),60_80pct,export,export_mw_positive_magnitude_conditional_on_exporting,100.0,4349,2490,57.25454127385606,-153.74292940905954,-54.0,45.73235226488848,199.47528167394805,199.47528167394805,-334.314,880,2490,979,20.234536675097722,57.25454127385606,22.51092205104622,9881.675903012187,8409.8856,11391.267599999992,348.40080321285143,434.0,2.0,532.0,500.0,600.0,550.0,1108.0,44.497991967871485,0.004449799196787149
wind_actual_mw,Actual wind output,Autumn,INTEW,Ireland(East-West),highest_20pct,import,import_mw_positive_magnitude_conditional_on_importing,100.0,4349,953,21.913083467463785,-126.95332260289722,-2.0,48.41342837433893,175.36675097723614,48.41342837433893,-276.06,953,2189,1207,21.913083467463785,50.333409979305586,27.75350655323063,13105.11319199816,11391.305000000004,16861.473400000003,220.93389296956977,190.0,2.0,504.0,0.0,100.0,50.0,306.0,32.10912906610703,0.003210912906610703
wind_actual_mw,Actual wind output,Autumn,INTEW,Ireland(East-West),highest_20pct,export,export_mw_positive_magnitude_conditional_on_exporting,100.0,4349,2189,50.333409979305586,-126.95332260289722,-2.0,48.41342837433893,175.36675097723614,175.36675097723614,-276.06,953,2189,1207,21.913083467463785,50.333409979305586,27.75350655323063,13105.11319199816,11391.305000000004,16861.473400000003,348.41023298309733,414.0,2.0,542.0,500.0,600.0,550.0,907.0,41.43444495203289,0.0041434444952032886
wind_actual_mw,Actual wind output,Autumn,INTFR,France(IFA),lowest_20pct,import,import_mw_positive_magnitude_conditional_on_importing,100.0,4345,3226,74.24626006904488,752.868584579977,832.0,797.3238204833142,44.45523590333717,797.3238204833142,1635.607,3226,409,710,74.24626006904488,9.413118527042577,16.340621403912543,1972.1786551438436,-115.2388,3295.3670000000006,1073.8908865468072,998.0,2.0,2010.0,900.0,1000.0,950.0,593.0,18.381897086174828,0.0018381897086174829
wind_actual_mw,Actual wind output,Autumn,INTFR,France(IFA),lowest_20pct,export,export_mw_positive_magnitude_conditional_on_exporting,100.0,4345,409,9.413118527042577,752.868584579977,832.0,797.3238204833142,44.45523590333717,44.45523590333717,1635.607,3226,409,710,74.24626006904488,9.413118527042577,16.340621403912543,1972.1786551438436,-115.2388,3295.3670000000006,472.26894865525674,408.0,2.0,1032.0,0.0,100.0,50.0,77.0,18.82640586797066,0.0018826405867970661
wind_actual_mw,Actual wind output,Autumn,INTFR,France(IFA),20_40pct,import,import_mw_positive_magnitude_conditional_on_importing,100.0,4346,2648,60.929590427979754,523.9631845375058,660.0,646.1596870685688,122.19650253106305,646.1596870685688,1138.572,2648,886,812,60.929590427979754,20.3865623561896,18.68384721583065,4538.139454855039,3296.2160000000003,5846.744000000002,1060.5022658610271,1000.0,2.0,2008.0,1000.0,1100.0,1050.0,697.0,26.321752265861026,0.002632175226586103
wind_actual_mw,Actual wind output,Autumn,INTFR,France(IFA),20_40pct,export,export_mw_positive_magnitude_conditional_on_exporting,100.0,4346,886,20.3865623561896,523.9631845375058,660.0,646.1596870685688,122.19650253106305,122.19650253106305,1138.572,2648,886,812,60.929590427979754,20.3865623561896,18.68384721583065,4538.139454855039,3296.2160000000003,5846.744000000002,599.3972911963882,530.0,2.0,1532.0,1000.0,1100.0,1050.0,205.0,23.13769751693002,0.0023137697516930024
wind_actual_mw,Actual wind output,Autumn,INTFR,France(IFA),40_60pct,import,import_mw_positive_magnitude_conditional_on_importing,100.0,4347,2732,62.84794110881068,527.4221302047389,758.0,671.0227743271222,143.60064412238324,671.0227743271222,1146.352,2732,1065,550,62.84794110881068,24.499654934437544,12.652403956751781,7123.523665884519,5847.556,8409.117999999999,1067.6925329428989,1000.0,2.0,2008.0,1000.0,1100.0,1050.0,758.0,27.74524158125915,0.002774524158125915
wind_actual_mw,Actual wind output,Autumn,INTFR,France(IFA),40_60pct,export,export_mw_positive_magnitude_conditional_on_exporting,100.0,4347,1065,24.499654934437544,527.4221302047389,758.0,671.0227743271222,143.60064412238324,143.60064412238324,1146.352,2732,1065,550,62.84794110881068,24.499654934437544,12.652403956751781,7123.523665884519,5847.556,8409.117999999999,586.1333333333333,612.0,2.0,1034.0,1000.0,1100.0,1050.0,222.0,20.845070422535212,0.002084507042253521
wind_actual_mw,Actual wind output,Autumn,INTFR,France(IFA),60_80pct,import,import_mw_positive_magnitude_conditional_on_importing,100.0,4349,2397,55.11611864796505,335.9664290641527,288.0,532.0160956541733,196.0496665900207,532.0160956541733,730.559,2397,1344,608,55.11611864796505,30.903656012876525,13.980225339158428,9881.675903012187,8409.8856,11391.267599999992,965.2640801001252,998.0,2.0,2008.0,1000.0,1100.0,1050.0,504.0,21.026282853566958,0.002102628285356696
wind_actual_mw,Actual wind output,Autumn,INTFR,France(IFA),60_80pct,export,export_mw_positive_magnitude_conditional_on_exporting,100.0,4349,1344,30.903656012876525,335.9664290641527,288.0,532.0160956541733,196.0496665900207,196.0496665900207,730.559,2397,1344,608,55.11611864796505,30.903656012876525,13.980225339158428,9881.675903012187,8409.8856,11391.267599999992,634.389880952381,641.0,2.0,1032.0,1000.0,1100.0,1050.0,278.0,20.684523809523807,0.002068452380952381
wind_actual_mw,Actual wind output,Autumn,INTFR,France(IFA),highest_20pct,import,import_mw_positive_magnitude_conditional_on_importing,100.0,4349,2472,56.84065302368361,308.24557369510234,290.0,533.9701080708209,225.72453437571855,533.9701080708209,670.28,2472,1465,412,56.84065302368361,33.685904805702464,9.473442170613934,13105.11319199816,11391.305000000004,16861.473400000003,939.415857605178,996.0,2.0,2010.0,1500.0,1600.0,1550.0,432.0,17.475728155339805,0.0017475728155339806
wind_actual_mw,Actual wind output,Autumn,INTFR,France(IFA),highest_20pct,export,export_mw_positive_magnitude_conditional_on_exporting,100.0,4349,1465,33.685904805702464,308.24557369510234,290.0,533.9701080708209,225.72453437571855,225.72453437571855,670.28,2472,1465,412,56.84065302368361,33.685904805702464,9.473442170613934,13105.11319199816,11391.305000000004,16861.473400000003,670.0860068259385,746.0,2.0,1038.0,1000.0,1100.0,1050.0,467.0,31.877133105802045,0.003187713310580205
wind_actual_mw,Actual wind output,Autumn,INTGRNL,Ireland (Greenlink),lowest_20pct,import,import_mw_positive_magnitude_conditional_on_importing,100.0,516,15,2.9069767441860463,-450.8992248062016,-514.0,5.941860465116279,456.8410852713178,5.941860465116279,-116.33200000000002,15,493,8,2.9069767441860463,95.54263565891473,1.550387596899225,1971.9117306201551,15.667399999999992,3291.8124,204.4,174.0,4.0,504.0,0.0,100.0,50.0,6.0,40.0,0.004
wind_actual_mw,Actual wind output,Autumn,INTGRNL,Ireland (Greenlink),lowest_20pct,export,export_mw_positive_magnitude_conditional_on_exporting,100.0,516,493,95.54263565891473,-450.8992248062016,-514.0,5.941860465116279,456.8410852713178,456.8410852713178,-116.33200000000002,15,493,8,2.9069767441860463,95.54263565891473,1.550387596899225,1971.9117306201551,15.667399999999992,3291.8124,478.15415821501017,514.0,20.0,516.0,500.0,600.0,550.0,395.0,80.12170385395537,0.008012170385395537
wind_actual_mw,Actual wind output,Autumn,INTGRNL,Ireland (Greenlink),20_40pct,import,import_mw_positive_magnitude_conditional_on_importing,100.0,666,66,9.90990990990991,-383.3453453453453,-514.0,27.93093093093093,411.2762762762763,27.93093093093093,-127.65400000000002,66,578,22,9.90990990990991,86.78678678678679,3.303303303303303,4599.569150150151,3304.4994000000006,5845.433399999999,281.8484848484849,294.0,4.0,506.0,500.0,600.0,550.0,18.0,27.27272727272727,0.002727272727272727
wind_actual_mw,Actual wind output,Autumn,INTGRNL,Ireland (Greenlink),20_40pct,export,export_mw_positive_magnitude_conditional_on_exporting,100.0,666,578,86.78678678678679,-383.3453453453453,-514.0,27.93093093093093,411.2762762762763,411.2762762762763,-127.65400000000002,66,578,22,9.90990990990991,86.78678678678679,3.303303303303303,4599.569150150151,3304.4994000000006,5845.433399999999,473.89273356401384,514.0,4.0,516.0,500.0,600.0,550.0,443.0,76.64359861591696,0.0076643598615916955
wind_actual_mw,Actual wind output,Autumn,INTGRNL,Ireland (Greenlink),40_60pct,import,import_mw_positive_magnitude_conditional_on_importing,100.0,833,146,17.52701080432173,-311.2172869147659,-498.0,49.308523409363744,360.5258103241297,49.308523409363744,-129.622,146,681,6,17.52701080432173,81.75270108043217,0.7202881152460985,7102.444302761104,5847.720199999998,8407.065000000002,281.32876712328766,286.0,2.0,506.0,300.0,400.0,350.0,28.0,19.17808219178082,0.0019178082191780822
wind_actual_mw,Actual wind output,Autumn,INTGRNL,Ireland (Greenlink),40_60pct,export,export_mw_positive_magnitude_conditional_on_exporting,100.0,833,681,81.75270108043217,-311.2172869147659,-498.0,49.308523409363744,360.5258103241297,360.5258103241297,-129.622,146,681,6,17.52701080432173,81.75270108043217,0.7202881152460985,7102.444302761104,5847.720199999998,8407.065000000002,440.9955947136564,514.0,4.0,514.0,500.0,600.0,550.0,416.0,61.08663729809104,0.006108663729809104
wind_actual_mw,Actual wind output,Autumn,INTGRNL,Ireland (Greenlink),60_80pct,import,import_mw_positive_magnitude_conditional_on_importing,100.0,720,83,11.527777777777779,-361.1111111111111,-514.0,29.65,390.7611111111111,29.65,-130.0,83,631,6,11.527777777777779,87.63888888888889,0.8333333333333334,9875.77688611111,8409.8856,11391.267599999992,257.2048192771084,250.0,8.0,506.0,200.0,300.0,250.0,21.0,25.301204819277107,0.0025301204819277107
wind_actual_mw,Actual wind output,Autumn,INTGRNL,Ireland (Greenlink),60_80pct,export,export_mw_positive_magnitude_conditional_on_exporting,100.0,720,631,87.63888888888889,-361.1111111111111,-514.0,29.65,390.7611111111111,390.7611111111111,-130.0,83,631,6,11.527777777777779,87.63888888888889,0.8333333333333334,9875.77688611111,8409.8856,11391.267599999992,445.87638668779715,514.0,2.0,514.0,500.0,600.0,550.0,433.0,68.62123613312204,0.0068621236133122035
wind_actual_mw,Actual wind output,Autumn,INTGRNL,Ireland (Greenlink),highest_20pct,import,import_mw_positive_magnitude_conditional_on_importing,100.0,1633,354,21.677893447642376,-273.03368034292714,-476.0,55.32884262094305,328.36252296387016,55.32884262094305,-222.93200000000002,354,1265,14,21.677893447642376,77.46478873239437,0.8573178199632578,13670.492944274341,11392.599999999991,16861.473400000003,255.2316384180791,250.0,2.0,504.0,300.0,400.0,350.0,95.0,26.836158192090398,0.00268361581920904
wind_actual_mw,Actual wind output,Autumn,INTGRNL,Ireland (Greenlink),highest_20pct,export,export_mw_positive_magnitude_conditional_on_exporting,100.0,1633,1265,77.46478873239437,-273.03368034292714,-476.0,55.32884262094305,328.36252296387016,328.36252296387016,-222.93200000000002,354,1265,14,21.677893447642376,77.46478873239437,0.8573178199632578,13670.492944274341,11392.599999999991,16861.473400000003,423.88616600790516,514.0,8.0,516.0,500.0,600.0,550.0,765.0,60.47430830039525,0.006047430830039525
wind_actual_mw,Actual wind output,Autumn,INTIFA2,IFA2 (INTIFA2),lowest_20pct,import,import_mw_positive_magnitude_conditional_on_importing,100.0,4345,2821,64.92520138089758,426.2131185270426,590.0,518.3691599539701,92.1560414269275,518.3691599539701,925.9480000000001,2821,1522,2,64.92520138089758,35.028768699654776,0.04602991944764096,1972.1786551438436,-115.2388,3295.3670000000006,798.4097837646225,972.0,2.0,994.0,900.0,1000.0,950.0,1648.0,58.41900035448423,0.0058419000354484225
wind_actual_mw,Actual wind output,Autumn,INTIFA2,IFA2 (INTIFA2),lowest_20pct,export,export_mw_positive_magnitude_conditional_on_exporting,100.0,4345,1522,35.028768699654776,426.2131185270426,590.0,518.3691599539701,92.1560414269275,92.1560414269275,925.9480000000001,2821,1522,2,64.92520138089758,35.028768699654776,0.04602991944764096,1972.1786551438436,-115.2388,3295.3670000000006,263.08672798948754,4.0,2.0,1030.0,0.0,100.0,50.0,972.0,63.86333771353482,0.006386333771353482
wind_actual_mw,Actual wind output,Autumn,INTIFA2,IFA2 (INTIFA2),20_40pct,import,import_mw_positive_magnitude_conditional_on_importing,100.0,4346,2034,46.80165669581224,162.28716060745512,-2.0,375.4597330878969,213.17257248044177,375.4597330878969,352.65000000000003,2034,2310,2,46.80165669581224,53.15232397606995,0.04601932811780948,4538.139454855039,3296.2160000000003,5846.744000000002,802.23598820059,982.0,4.0,992.0,900.0,1000.0,950.0,1206.0,59.29203539823009,0.005929203539823009
wind_actual_mw,Actual wind output,Autumn,INTIFA2,IFA2 (INTIFA2),20_40pct,export,export_mw_positive_magnitude_conditional_on_exporting,100.0,4346,2310,53.15232397606995,162.28716060745512,-2.0,375.4597330878969,213.17257248044177,213.17257248044177,352.65000000000003,2034,2310,2,46.80165669581224,53.15232397606995,0.04601932811780948,4538.139454855039,3296.2160000000003,5846.744000000002,401.05974025974024,36.0,2.0,1030.0,0.0,100.0,50.0,1184.0,51.25541125541125,0.005125541125541125
wind_actual_mw,Actual wind output,Autumn,INTIFA2,IFA2 (INTIFA2),40_60pct,import,import_mw_positive_magnitude_conditional_on_importing,100.0,4347,2048,47.112951460777545,168.59489302967563,-2.0,367.8697952610996,199.27490223142397,367.8697952610996,366.441,2048,2299,0,47.112951460777545,52.88704853922245,0.0,7123.523665884519,5847.556,8409.117999999999,780.8251953125,942.0,2.0,1398.0,900.0,1000.0,950.0,1095.0,53.466796875,0.0053466796875
wind_actual_mw,Actual wind output,Autumn,INTIFA2,IFA2 (INTIFA2),40_60pct,export,export_mw_positive_magnitude_conditional_on_exporting,100.0,4347,2299,52.88704853922245,168.59489302967563,-2.0,367.8697952610996,199.27490223142397,199.27490223142397,366.441,2048,2299,0,47.112951460777545,52.88704853922245,0.0,7123.523665884519,5847.556,8409.117999999999,376.79338842975204,4.0,2.0,1030.0,0.0,100.0,50.0,1225.0,53.284036537625056,0.005328403653762506
wind_actual_mw,Actual wind output,Autumn,INTIFA2,IFA2 (INTIFA2),60_80pct,import,import_mw_positive_magnitude_conditional_on_importing,100.0,4349,1659,38.14670039089446,29.398022533915842,-2.0,278.8673258220281,249.4693032881122,278.8673258220281,63.92599999999993,1659,2684,6,38.14670039089446,61.71533685904805,0.13796275005748448,9881.675903012187,8409.8856,11391.267599999992,731.0391802290536,868.0,2.0,992.0,900.0,1000.0,950.0,766.0,46.17239300783604,0.004617239300783604
wind_actual_mw,Actual wind output,Autumn,INTIFA2,IFA2 (INTIFA2),60_80pct,export,export_mw_positive_magnitude_conditional_on_exporting,100.0,4349,2684,61.71533685904805,29.398022533915842,-2.0,278.8673258220281,249.4693032881122,249.4693032881122,63.92599999999993,1659,2684,6,38.14670039089446,61.71533685904805,0.13796275005748448,9881.675903012187,8409.8856,11391.267599999992,404.225782414307,273.0,2.0,1030.0,0.0,100.0,50.0,1206.0,44.93293591654247,0.004493293591654247
wind_actual_mw,Actual wind output,Autumn,INTIFA2,IFA2 (INTIFA2),highest_20pct,import,import_mw_positive_magnitude_conditional_on_importing,100.0,4349,1738,39.963209933318005,-5.7047597148769835,-2.0,282.03724994251553,287.7420096573925,282.03724994251553,-12.404999999999973,1738,2605,6,39.963209933318005,59.89882731662451,0.13796275005748448,13105.11319199816,11391.305000000004,16861.473400000003,705.7422324510932,848.0,2.0,992.0,900.0,1000.0,950.0,796.0,45.79976985040276,0.004579976985040276
wind_actual_mw,Actual wind output,Autumn,INTIFA2,IFA2 (INTIFA2),highest_20pct,export,export_mw_positive_magnitude_conditional_on_exporting,100.0,4349,2605,59.89882731662451,-5.7047597148769835,-2.0,282.03724994251553,287.7420096573925,287.7420096573925,-12.404999999999973,1738,2605,6,39.963209933318005,59.89882731662451,0.13796275005748448,13105.11319199816,11391.305000000004,16861.473400000003,480.38003838771596,388.0,2.0,1030.0,0.0,100.0,50.0,1068.0,40.99808061420345,0.004099808061420345
wind_actual_mw,Actual wind output,Autumn,INTIRL,Northern Ireland(Moyle),lowest_20pct,import,import_mw_positive_magnitude_conditional_on_importing,100.0,4345,874,20.115074798619105,-230.99240506329113,-326.0,33.136478711162255,264.1288837744534,33.136478711162255,-501.83099999999996,874,3383,88,20.115074798619105,77.8596087456847,2.0253164556962027,1972.1786551438436,-115.2388,3295.3670000000006,164.7345537757437,120.0,2.0,404.0,0.0,100.0,50.0,387.0,44.279176201373,0.0044279176201373
wind_actual_mw,Actual wind output,Autumn,INTIRL,Northern Ireland(Moyle),lowest_20pct,export,export_mw_positive_magnitude_conditional_on_exporting,100.0,4345,3383,77.8596087456847,-230.99240506329113,-326.0,33.136478711162255,264.1288837744534,264.1288837744534,-501.83099999999996,874,3383,88,20.115074798619105,77.8596087456847,2.0253164556962027,1972.1786551438436,-115.2388,3295.3670000000006,339.23736328702336,412.0,2.0,470.0,400.0,500.0,450.0,1763.0,52.113508720070946,0.005211350872007094
wind_actual_mw,Actual wind output,Autumn,INTIRL,Northern Ireland(Moyle),20_40pct,import,import_mw_positive_magnitude_conditional_on_importing,100.0,4346,1190,27.381500230096638,-182.3193741371376,-302.0,63.13897837091579,245.4583525080534,63.13897837091579,-396.18,1190,3053,103,27.381500230096638,70.24850437183618,2.3699953980671884,4538.139454855039,3296.2160000000003,5846.744000000002,230.58991596638654,236.0,2.0,500.0,0.0,100.0,50.0,310.0,26.05042016806723,0.002605042016806723
wind_actual_mw,Actual wind output,Autumn,INTIRL,Northern Ireland(Moyle),20_40pct,export,export_mw_positive_magnitude_conditional_on_exporting,100.0,4346,3053,70.24850437183618,-182.3193741371376,-302.0,63.13897837091579,245.4583525080534,245.4583525080534,-396.18,1190,3053,103,27.381500230096638,70.24850437183618,2.3699953980671884,4538.139454855039,3296.2160000000003,5846.744000000002,349.41434654438257,432.0,2.0,506.0,400.0,500.0,450.0,1712.0,56.07599082869309,0.005607599082869309
wind_actual_mw,Actual wind output,Autumn,INTIRL,Northern Ireland(Moyle),40_60pct,import,import_mw_positive_magnitude_conditional_on_importing,100.0,4347,1319,30.342765125373823,-164.02116402116403,-288.0,69.61352657004831,233.63469059121232,69.61352657004831,-356.49999999999994,1319,2935,93,30.342765125373823,67.5178283873936,2.139406487232574,7123.523665884519,5847.556,8409.117999999999,229.42380591357087,238.0,2.0,498.0,0.0,100.0,50.0,321.0,24.3366186504928,0.0024336618650492798
wind_actual_mw,Actual wind output,Autumn,INTIRL,Northern Ireland(Moyle),40_60pct,export,export_mw_positive_magnitude_conditional_on_exporting,100.0,4347,2935,67.5178283873936,-164.02116402116403,-288.0,69.61352657004831,233.63469059121232,233.63469059121232,-356.49999999999994,1319,2935,93,30.342765125373823,67.5178283873936,2.139406487232574,7123.523665884519,5847.556,8409.117999999999,346.03407155025553,426.0,2.0,456.0,400.0,500.0,450.0,1599.0,54.48040885860307,0.0054480408858603065
wind_actual_mw,Actual wind output,Autumn,INTIRL,Northern Ireland(Moyle),60_80pct,import,import_mw_positive_magnitude_conditional_on_importing,100.0,4349,1262,29.018165095424237,-172.04736721085308,-300.0,68.53621522189009,240.58358243274316,68.53621522189009,-374.117,1262,3029,58,29.018165095424237,69.64819498735342,1.33363991722235,9881.675903012187,8409.8856,11391.267599999992,236.1838351822504,254.0,2.0,404.0,0.0,100.0,50.0,317.0,25.118858954041208,0.002511885895404121
wind_actual_mw,Actual wind output,Autumn,INTIRL,Northern Ireland(Moyle),60_80pct,export,export_mw_positive_magnitude_conditional_on_exporting,100.0,4349,3029,69.64819498735342,-172.04736721085308,-300.0,68.53621522189009,240.58358243274316,240.58358243274316,-374.117,1262,3029,58,29.018165095424237,69.64819498735342,1.33363991722235,9881.675903012187,8409.8856,11391.267599999992,345.4268735556289,418.0,2.0,456.0,400.0,500.0,450.0,1623.0,53.582040277319244,0.0053582040277319245
wind_actual_mw,Actual wind output,Autumn,INTIRL,Northern Ireland(Moyle),highest_20pct,import,import_mw_positive_magnitude_conditional_on_importing,100.0,4349,1407,32.35226488848011,-119.90756495746149,-190.0,83.0692113129455,202.976776270407,83.0692113129455,-260.739,1407,2716,226,32.35226488848011,62.45113819268797,5.196596918831915,13105.11319199816,11391.305000000004,16861.473400000003,256.7647476901208,272.0,2.0,400.0,400.0,500.0,450.0,385.0,27.363184079601986,0.0027363184079601988
wind_actual_mw,Actual wind output,Autumn,INTIRL,Northern Ireland(Moyle),highest_20pct,export,export_mw_positive_magnitude_conditional_on_exporting,100.0,4349,2716,62.45113819268797,-119.90756495746149,-190.0,83.0692113129455,202.976776270407,202.976776270407,-260.739,1407,2716,226,32.35226488848011,62.45113819268797,5.196596918831915,13105.11319199816,11391.305000000004,16861.473400000003,325.0169366715758,376.0,2.0,456.0,400.0,500.0,450.0,1250.0,46.02356406480118,0.004602356406480118
wind_actual_mw,Actual wind output,Autumn,INTNED,Netherlands(BritNed),lowest_20pct,import,import_mw_positive_magnitude_conditional_on_importing,100.0,4345,2843,65.43153049482163,329.3298043728424,568.0,508.01426927502877,178.68446490218642,508.01426927502877,715.469,2843,1241,261,65.43153049482163,28.56156501726122,6.006904487917146,1972.1786551438436,-115.2388,3295.3670000000006,776.4059092507914,892.0,2.0,1062.0,1000.0,1100.0,1050.0,1034.0,36.37003165670067,0.003637003165670067
wind_actual_mw,Actual wind output,Autumn,INTNED,Netherlands(BritNed),lowest_20pct,export,export_mw_positive_magnitude_conditional_on_exporting,100.0,4345,1241,28.56156501726122,329.3298043728424,568.0,508.01426927502877,178.68446490218642,178.68446490218642,715.469,2843,1241,261,65.43153049482163,28.56156501726122,6.006904487917146,1972.1786551438436,-115.2388,3295.3670000000006,625.6116035455278,654.0,2.0,1076.0,1000.0,1100.0,1050.0,277.0,22.320709105560034,0.002232070910556003
wind_actual_mw,Actual wind output,Autumn,INTNED,Netherlands(BritNed),20_40pct,import,import_mw_positive_magnitude_conditional_on_importing,100.0,4346,2449,56.3506672802577,162.6723423838012,266.0,416.26967326277037,253.59733087896916,416.26967326277037,353.487,2449,1628,269,56.3506672802577,37.45973308789692,6.189599631845375,4538.139454855039,3296.2160000000003,5846.744000000002,738.7129440587995,832.0,2.0,1064.0,1000.0,1100.0,1050.0,794.0,32.421396488362596,0.0032421396488362597
wind_actual_mw,Actual wind output,Autumn,INTNED,Netherlands(BritNed),20_40pct,export,export_mw_positive_magnitude_conditional_on_exporting,100.0,4346,1628,37.45973308789692,162.6723423838012,266.0,416.26967326277037,253.59733087896916,253.59733087896916,353.487,2449,1628,269,56.3506672802577,37.45973308789692,6.189599631845375,4538.139454855039,3296.2160000000003,5846.744000000002,676.9864864864865,723.0,2.0,1076.0,1000.0,1100.0,1050.0,446.0,27.395577395577398,0.00273955773955774
wind_actual_mw,Actual wind output,Autumn,INTNED,Netherlands(BritNed),40_60pct,import,import_mw_positive_magnitude_conditional_on_importing,100.0,4347,2445,56.245686680469284,169.20450885668276,234.0,419.0720036806993,249.86749482401657,419.0720036806993,367.766,2445,1654,248,56.245686680469284,38.04922935357718,5.7050839659535315,7123.523665884519,5847.556,8409.117999999999,745.0740286298568,888.0,2.0,1402.0,1000.0,1100.0,1050.0,868.0,35.50102249488752,0.0035501022494887524
wind_actual_mw,Actual wind output,Autumn,INTNED,Netherlands(BritNed),40_60pct,export,export_mw_positive_magnitude_conditional_on_exporting,100.0,4347,1654,38.04922935357718,169.20450885668276,234.0,419.0720036806993,249.86749482401657,249.86749482401657,367.766,2445,1654,248,56.245686680469284,38.04922935357718,5.7050839659535315,7123.523665884519,5847.556,8409.117999999999,656.695284159613,698.0,2.0,1076.0,1000.0,1100.0,1050.0,452.0,27.327690447400244,0.0027327690447400245
wind_actual_mw,Actual wind output,Autumn,INTNED,Netherlands(BritNed),60_80pct,import,import_mw_positive_magnitude_conditional_on_importing,100.0,4349,2469,56.771671648654866,188.1071510692113,204.0,407.7810991032421,219.67394803403081,407.7810991032421,409.039,2469,1522,358,56.771671648654866,34.996550931248564,8.231777420096574,9881.675903012187,8409.8856,11391.267599999992,718.2827055488052,822.0,2.0,1064.0,1000.0,1100.0,1050.0,805.0,32.60429323612799,0.0032604293236127985
wind_actual_mw,Actual wind output,Autumn,INTNED,Netherlands(BritNed),60_80pct,export,export_mw_positive_magnitude_conditional_on_exporting,100.0,4349,1522,34.996550931248564,188.1071510692113,204.0,407.7810991032421,219.67394803403081,219.67394803403081,409.039,2469,1522,358,56.771671648654866,34.996550931248564,8.231777420096574,9881.675903012187,8409.8856,11391.267599999992,627.7017082785808,621.0,88.0,1076.0,1000.0,1100.0,1050.0,339.0,22.273324572930356,0.0022273324572930357
wind_actual_mw,Actual wind output,Autumn,INTNED,Netherlands(BritNed),highest_20pct,import,import_mw_positive_magnitude_conditional_on_importing,100.0,4349,1729,39.75626580823178,-60.93676707289032,-100.0,275.5658772131525,336.50264428604277,275.5658772131525,-132.507,1729,2181,439,39.75626580823178,50.14945964589561,10.094274545872613,13105.11319199816,11391.305000000004,16861.473400000003,693.1382301908618,796.0,2.0,1062.0,1000.0,1100.0,1050.0,518.0,29.959514170040485,0.0029959514170040486
wind_actual_mw,Actual wind output,Autumn,INTNED,Netherlands(BritNed),highest_20pct,export,export_mw_positive_magnitude_conditional_on_exporting,100.0,4349,2181,50.14945964589561,-60.93676707289032,-100.0,275.5658772131525,336.50264428604277,336.50264428604277,-132.507,1729,2181,439,39.75626580823178,50.14945964589561,10.094274545872613,13105.11319199816,11391.305000000004,16861.473400000003,670.9995414947272,720.0,2.0,1076.0,1000.0,1100.0,1050.0,580.0,26.593305823016966,0.0026593305823016966
wind_actual_mw,Actual wind output,Autumn,INTNEM,Belgium (Nemolink),lowest_20pct,import,import_mw_positive_magnitude_conditional_on_importing,100.0,4345,3327,76.57077100115075,499.83014959723823,762.0,595.6768699654775,95.84672036823936,595.6768699654775,1085.881,3327,787,231,76.57077100115075,18.11277330264672,5.3164556962025316,1972.1786551438436,-115.2388,3295.3670000000006,777.9428914938383,900.0,2.0,1020.0,1000.0,1100.0,1050.0,1051.0,31.59002103997595,0.003159002103997595
wind_actual_mw,Actual wind output,Autumn,INTNEM,Belgium (Nemolink),lowest_20pct,export,export_mw_positive_magnitude_conditional_on_exporting,100.0,4345,787,18.11277330264672,499.83014959723823,762.0,595.6768699654775,95.84672036823936,95.84672036823936,1085.881,3327,787,231,76.57077100115075,18.11277330264672,5.3164556962025316,1972.1786551438436,-115.2388,3295.3670000000006,529.1664548919949,524.0,4.0,1022.0,1000.0,1100.0,1050.0,91.0,11.56289707750953,0.0011562897077509531
wind_actual_mw,Actual wind output,Autumn,INTNEM,Belgium (Nemolink),20_40pct,import,import_mw_positive_magnitude_conditional_on_importing,100.0,4346,2719,62.56327657616198,290.6258628624022,454.0,461.35895075931893,170.73308789691671,461.35895075931893,631.53,2719,1236,391,62.56327657616198,28.439944776806257,8.996778647031753,4538.139454855039,3296.2160000000003,5846.744000000002,737.4277307833762,844.0,2.0,1020.0,1000.0,1100.0,1050.0,724.0,26.627436557557928,0.0026627436557557925
wind_actual_mw,Actual wind output,Autumn,INTNEM,Belgium (Nemolink),20_40pct,export,export_mw_positive_magnitude_conditional_on_exporting,100.0,4346,1236,28.439944776806257,290.6258628624022,454.0,461.35895075931893,170.73308789691671,170.73308789691671,631.53,2719,1236,391,62.56327657616198,28.439944776806257,8.996778647031753,4538.139454855039,3296.2160000000003,5846.744000000002,600.3284789644013,635.0,2.0,1022.0,1000.0,1100.0,1050.0,235.0,19.01294498381877,0.001901294498381877
wind_actual_mw,Actual wind output,Autumn,INTNEM,Belgium (Nemolink),40_60pct,import,import_mw_positive_magnitude_conditional_on_importing,100.0,4347,2782,63.99815965033356,301.66137566137564,458.0,465.51000690131127,163.8486312399356,465.51000690131127,655.6610000000001,2782,1190,375,63.99815965033356,27.375201288244767,8.62663906142167,7123.523665884519,5847.556,8409.117999999999,727.3803019410497,822.0,2.0,1020.0,1000.0,1100.0,1050.0,744.0,26.74335010783609,0.0026743350107836087
wind_actual_mw,Actual wind output,Autumn,INTNEM,Belgium (Nemolink),40_60pct,export,export_mw_positive_magnitude_conditional_on_exporting,100.0,4347,1190,27.375201288244767,301.66137566137564,458.0,465.51000690131127,163.8486312399356,163.8486312399356,655.6610000000001,2782,1190,375,63.99815965033356,27.375201288244767,8.62663906142167,7123.523665884519,5847.556,8409.117999999999,598.5294117647059,636.0,2.0,1022.0,1000.0,1100.0,1050.0,219.0,18.403361344537817,0.0018403361344537816
wind_actual_mw,Actual wind output,Autumn,INTNEM,Belgium (Nemolink),60_80pct,import,import_mw_positive_magnitude_conditional_on_importing,100.0,4349,2948,67.78569786157738,338.25339158427226,474.0,473.54518280064383,135.2917912163716,473.54518280064383,735.5319999999999,2948,1085,316,67.78569786157738,24.948263968728444,7.266038169694182,9881.675903012187,8409.8856,11391.267599999992,698.5915875169607,788.0,2.0,1020.0,1000.0,1100.0,1050.0,672.0,22.795115332428765,0.0022795115332428766
wind_actual_mw,Actual wind output,Autumn,INTNEM,Belgium (Nemolink),60_80pct,export,export_mw_positive_magnitude_conditional_on_exporting,100.0,4349,1085,24.948263968728444,338.25339158427226,474.0,473.54518280064383,135.2917912163716,135.2917912163716,735.5319999999999,2948,1085,316,67.78569786157738,24.948263968728444,7.266038169694182,9881.675903012187,8409.8856,11391.267599999992,542.289400921659,524.0,2.0,1022.0,1000.0,1100.0,1050.0,133.0,12.258064516129032,0.0012258064516129032
wind_actual_mw,Actual wind output,Autumn,INTNEM,Belgium (Nemolink),highest_20pct,import,import_mw_positive_magnitude_conditional_on_importing,100.0,4349,2299,52.8627270636928,93.62796045067832,96.0,347.02736261209475,253.39940216141642,347.02736261209475,203.594,2299,1817,233,52.8627270636928,41.77971947574155,5.357553460565647,13105.11319199816,11391.305000000004,16861.473400000003,656.4688995215311,738.0,2.0,1020.0,1000.0,1100.0,1050.0,427.0,18.57329273597216,0.001857329273597216
wind_actual_mw,Actual wind output,Autumn,INTNEM,Belgium (Nemolink),highest_20pct,export,export_mw_positive_magnitude_conditional_on_exporting,100.0,4349,1817,41.77971947574155,93.62796045067832,96.0,347.02736261209475,253.39940216141642,253.39940216141642,203.594,2299,1817,233,52.8627270636928,41.77971947574155,5.357553460565647,13105.11319199816,11391.305000000004,16861.473400000003,606.5129334067144,634.0,2.0,1022.0,1000.0,1100.0,1050.0,385.0,21.18877270225647,0.002118877270225647
wind_actual_mw,Actual wind output,Autumn,INTNSL,North Sea Link (INTNSL),lowest_20pct,import,import_mw_positive_magnitude_conditional_on_importing,100.0,3482,3046,87.4784606547961,1025.586444572085,1398.0,1069.120620333142,43.534175761056865,1069.120620333142,1785.546,3046,291,145,87.4784606547961,8.35726593911545,4.164273406088455,1999.8123654796095,-115.2388,3295.3670000000006,1222.1529875246224,1398.0,2.0,1400.0,1300.0,1400.0,1350.0,1534.0,50.36112934996717,0.005036112934996717
wind_actual_mw,Actual wind output,Autumn,INTNSL,North Sea Link (INTNSL),lowest_20pct,export,export_mw_positive_magnitude_conditional_on_exporting,100.0,3482,291,8.35726593911545,1025.586444572085,1398.0,1069.120620333142,43.534175761056865,43.534175761056865,1785.546,3046,291,145,87.4784606547961,8.35726593911545,4.164273406088455,1999.8123654796095,-115.2388,3295.3670000000006,520.9140893470791,382.0,2.0,1280.0,0.0,100.0,50.0,105.0,36.08247422680412,0.003608247422680412
wind_actual_mw,Actual wind output,Autumn,INTNSL,North Sea Link (INTNSL),20_40pct,import,import_mw_positive_magnitude_conditional_on_importing,100.0,4086,3072,75.18355359765052,739.059716103769,1258.0,875.41458639256,136.354870288791,875.41458639256,1509.899,3072,692,322,75.18355359765052,16.93587860988742,7.880567792462066,4556.22709319628,3296.2160000000003,5846.744000000002,1164.3697916666667,1398.0,2.0,1400.0,1300.0,1400.0,1350.0,1577.0,51.334635416666664,0.005133463541666666
wind_actual_mw,Actual wind output,Autumn,INTNSL,North Sea Link (INTNSL),20_40pct,export,export_mw_positive_magnitude_conditional_on_exporting,100.0,4086,692,16.93587860988742,739.059716103769,1258.0,875.41458639256,136.354870288791,136.354870288791,1509.899,3072,692,322,75.18355359765052,16.93587860988742,7.880567792462066,4556.22709319628,3296.2160000000003,5846.744000000002,805.1242774566474,945.0,2.0,1454.0,1100.0,1200.0,1150.0,260.0,37.57225433526011,0.0037572254335260114
wind_actual_mw,Actual wind output,Autumn,INTNSL,North Sea Link (INTNSL),40_60pct,import,import_mw_positive_magnitude_conditional_on_importing,100.0,4230,3306,78.15602836879432,780.2983451536643,1096.0,873.3858156028368,93.08747044917257,873.3858156028368,1650.331,3306,575,349,78.15602836879432,13.59338061465721,8.250591016548462,7123.035649550828,5847.556,8409.117999999999,1117.4900181488204,1398.0,2.0,1400.0,1300.0,1400.0,1350.0,1724.0,52.147610405323654,0.005214761040532365
wind_actual_mw,Actual wind output,Autumn,INTNSL,North Sea Link (INTNSL),40_60pct,export,export_mw_positive_magnitude_conditional_on_exporting,100.0,4230,575,13.59338061465721,780.2983451536643,1096.0,873.3858156028368,93.08747044917257,93.08747044917257,1650.331,3306,575,349,78.15602836879432,13.59338061465721,8.250591016548462,7123.035649550828,5847.556,8409.117999999999,684.8,730.0,2.0,1454.0,1100.0,1200.0,1150.0,163.0,28.347826086956523,0.002834782608695652
wind_actual_mw,Actual wind output,Autumn,INTNSL,North Sea Link (INTNSL),60_80pct,import,import_mw_positive_magnitude_conditional_on_importing,100.0,4133,3267,79.04669731429954,714.7311879990322,698.0,804.8458746673119,90.1146866682797,804.8458746673119,1476.992,3267,574,292,79.04669731429954,13.888216791676747,7.065085894023712,9891.550233776918,8409.8856,11391.267599999992,1018.1903887358433,1096.0,2.0,1400.0,1300.0,1400.0,1350.0,1254.0,38.38383838383838,0.003838383838383838
wind_actual_mw,Actual wind output,Autumn,INTNSL,North Sea Link (INTNSL),60_80pct,export,export_mw_positive_magnitude_conditional_on_exporting,100.0,4133,574,13.888216791676747,714.7311879990322,698.0,804.8458746673119,90.1146866682797,90.1146866682797,1476.992,3267,574,292,79.04669731429954,13.888216791676747,7.065085894023712,9891.550233776918,8409.8856,11391.267599999992,648.8571428571429,686.0,2.0,1454.0,0.0,100.0,50.0,119.0,20.73170731707317,0.002073170731707317
wind_actual_mw,Actual wind output,Autumn,INTNSL,North Sea Link (INTNSL),highest_20pct,import,import_mw_positive_magnitude_conditional_on_importing,100.0,4319,2970,68.76591803658255,512.4857605927298,694.0,688.8048159296134,176.31905533688354,688.8048159296134,1106.7130000000002,2970,1096,253,68.76591803658255,25.376244501041906,5.85783746237555,13114.7708983561,11391.305000000004,16861.473400000003,1001.6659932659933,1096.0,2.0,1400.0,1300.0,1400.0,1350.0,1183.0,39.83164983164983,0.0039831649831649826
wind_actual_mw,Actual wind output,Autumn,INTNSL,North Sea Link (INTNSL),highest_20pct,export,export_mw_positive_magnitude_conditional_on_exporting,100.0,4319,1096,25.376244501041906,512.4857605927298,694.0,688.8048159296134,176.31905533688354,176.31905533688354,1106.7130000000002,2970,1096,253,68.76591803658255,25.376244501041906,5.85783746237555,13114.7708983561,11391.305000000004,16861.473400000003,694.8193430656934,711.0,2.0,1454.0,1000.0,1100.0,1050.0,173.0,15.784671532846714,0.0015784671532846715
wind_actual_mw,Actual wind output,Autumn,INTVKL,Denmark (Viking link),lowest_20pct,import,import_mw_positive_magnitude_conditional_on_importing,100.0,1455,915,62.88659793814433,314.727147766323,420.0,549.8625429553265,235.13539518900345,549.8625429553265,228.96399999999997,915,494,46,62.88659793814433,33.95189003436426,3.161512027491409,2071.7501063917525,15.667399999999992,3292.668,874.3715846994536,982.0,2.0,1426.0,900.0,1000.0,950.0,260.0,28.415300546448087,0.0028415300546448087
wind_actual_mw,Actual wind output,Autumn,INTVKL,Denmark (Viking link),lowest_20pct,export,export_mw_positive_magnitude_conditional_on_exporting,100.0,1455,494,33.95189003436426,314.727147766323,420.0,549.8625429553265,235.13539518900345,235.13539518900345,228.96399999999997,915,494,46,62.88659793814433,33.95189003436426,3.161512027491409,2071.7501063917525,15.667399999999992,3292.668,692.5546558704453,786.0,4.0,1336.0,1000.0,1100.0,1050.0,145.0,29.352226720647774,0.0029352226720647774
wind_actual_mw,Actual wind output,Autumn,INTVKL,Denmark (Viking link),20_40pct,import,import_mw_positive_magnitude_conditional_on_importing,100.0,1735,1126,64.89913544668588,351.2219020172911,698.0,598.8046109510086,247.58270893371758,598.8046109510086,304.685,1126,547,62,64.89913544668588,31.52737752161383,3.5734870317002883,4499.461929913545,3296.92,5845.433399999999,922.6696269982237,986.0,8.0,1428.0,900.0,1000.0,950.0,395.0,35.07992895204263,0.003507992895204263
wind_actual_mw,Actual wind output,Autumn,INTVKL,Denmark (Viking link),20_40pct,export,export_mw_positive_magnitude_conditional_on_exporting,100.0,1735,547,31.52737752161383,351.2219020172911,698.0,598.8046109510086,247.58270893371758,247.58270893371758,304.685,1126,547,62,64.89913544668588,31.52737752161383,3.5734870317002883,4499.461929913545,3296.92,5845.433399999999,785.2943327239489,938.0,2.0,1454.0,1000.0,1100.0,1050.0,245.0,44.78976234003657,0.004478976234003657
wind_actual_mw,Actual wind output,Autumn,INTVKL,Denmark (Viking link),40_60pct,import,import_mw_positive_magnitude_conditional_on_importing,100.0,1784,1125,63.06053811659192,334.23766816143495,594.0,609.4047085201794,275.1670403587444,609.4047085201794,298.14,1125,622,37,63.06053811659192,34.865470852017935,2.0739910313901344,7097.3469088565025,5847.720199999998,8409.117999999999,966.3804444444445,990.0,6.0,1428.0,1400.0,1500.0,1450.0,329.0,29.244444444444444,0.0029244444444444444
wind_actual_mw,Actual wind output,Autumn,INTVKL,Denmark (Viking link),40_60pct,export,export_mw_positive_magnitude_conditional_on_exporting,100.0,1784,622,34.865470852017935,334.23766816143495,594.0,609.4047085201794,275.1670403587444,275.1670403587444,298.14,1125,622,37,63.06053811659192,34.865470852017935,2.0739910313901344,7097.3469088565025,5847.720199999998,8409.117999999999,789.225080385852,953.0,2.0,1454.0,1000.0,1100.0,1050.0,262.0,42.12218649517685,0.004212218649517685
wind_actual_mw,Actual wind output,Autumn,INTVKL,Denmark (Viking link),60_80pct,import,import_mw_positive_magnitude_conditional_on_importing,100.0,1501,999,66.55562958027981,453.81212524983346,744.0,677.8707528314457,224.05862758161226,677.8707528314457,340.586,999,495,7,66.55562958027981,32.978014656895404,0.4663557628247834,9907.682160826116,8409.8856,11391.267599999992,1018.5025025025025,1008.0,2.0,1428.0,1400.0,1500.0,1450.0,353.0,35.33533533533533,0.0035335335335335335
wind_actual_mw,Actual wind output,Autumn,INTVKL,Denmark (Viking link),60_80pct,export,export_mw_positive_magnitude_conditional_on_exporting,100.0,1501,495,32.978014656895404,453.81212524983346,744.0,677.8707528314457,224.05862758161226,224.05862758161226,340.586,999,495,7,66.55562958027981,32.978014656895404,0.4663557628247834,9907.682160826116,8409.8856,11391.267599999992,679.4181818181818,690.0,2.0,1452.0,1000.0,1100.0,1050.0,139.0,28.08080808080808,0.0028080808080808077
wind_actual_mw,Actual wind output,Autumn,INTVKL,Denmark (Viking link),highest_20pct,import,import_mw_positive_magnitude_conditional_on_importing,100.0,2165,1321,61.01616628175519,224.25588914549652,388.0,531.115935334873,306.8600461893764,531.115935334873,242.757,1321,838,6,61.01616628175519,38.70669745958429,0.27713625866050806,13467.95842069284,11392.599999999991,16861.473400000003,870.4511733535201,948.0,2.0,2480.0,1400.0,1500.0,1450.0,271.0,20.51476154428463,0.002051476154428463
wind_actual_mw,Actual wind output,Autumn,INTVKL,Denmark (Viking link),highest_20pct,export,export_mw_positive_magnitude_conditional_on_exporting,100.0,2165,838,38.70669745958429,224.25588914549652,388.0,531.115935334873,306.8600461893764,306.8600461893764,242.757,1321,838,6,61.01616628175519,38.70669745958429,0.27713625866050806,13467.95842069284,11392.599999999991,16861.473400000003,792.782816229117,929.0,2.0,1454.0,1000.0,1100.0,1050.0,326.0,38.902147971360385,0.0038902147971360385
wind_before_curtailment_mw,Wind before curtailment proxy,All,TOTAL_GB_INTERCONNECTORS,GB interconnector fleet total,lowest_20pct,import,import_mw_positive_magnitude_conditional_on_importing,100.0,15712,12923,82.24923625254583,2910.665733197556,3685.0,3308.563900203666,397.89816700611,3308.563900203666,22866.190000000002,12923,2784,5,82.24923625254583,17.718940936863543,0.03182281059063136,1666.26861771336,-115.2388,2888.24,4022.607444091929,4056.0,2.0,9148.0,3700.0,3800.0,3750.0,431.0,3.335138899636307,0.0003335138899636307
wind_before_curtailment_mw,Wind before curtailment proxy,All,TOTAL_GB_INTERCONNECTORS,GB interconnector fleet total,lowest_20pct,export,export_mw_positive_magnitude_conditional_on_exporting,100.0,15712,2784,17.718940936863543,2910.665733197556,3685.0,3308.563900203666,397.89816700611,397.89816700611,22866.190000000002,12923,2784,5,82.24923625254583,17.718940936863543,0.03182281059063136,1666.26861771336,-115.2388,2888.24,2245.609195402299,1992.0,2.0,6350.0,200.0,300.0,250.0,96.0,3.4482758620689653,0.0003448275862068965
wind_before_curtailment_mw,Wind before curtailment proxy,All,TOTAL_GB_INTERCONNECTORS,GB interconnector fleet total,20_40pct,import,import_mw_positive_magnitude_conditional_on_importing,100.0,15705,12749,81.1779687997453,2802.9402101241644,3470.0,3241.4673034065586,438.52709328239416,3241.4673034065586,22010.087999999996,12749,2952,4,81.1779687997453,18.79656160458453,0.025469595670168738,4043.541077855964,2888.8560000000007,5299.334,3993.038199074437,4104.0,2.0,9230.0,4400.0,4500.0,4450.0,267.0,2.094281904463095,0.00020942819044630952
wind_before_curtailment_mw,Wind before curtailment proxy,All,TOTAL_GB_INTERCONNECTORS,GB interconnector fleet total,20_40pct,export,export_mw_positive_magnitude_conditional_on_exporting,100.0,15705,2952,18.79656160458453,2802.9402101241644,3470.0,3241.4673034065586,438.52709328239416,438.52709328239416,22010.087999999996,12749,2952,4,81.1779687997453,18.79656160458453,0.025469595670168738,4043.541077855964,2888.8560000000007,5299.334,2333.0176151761516,2162.0,8.0,6584.0,1100.0,1200.0,1150.0,85.0,2.8794037940379402,0.00028794037940379406
wind_before_curtailment_mw,Wind before curtailment proxy,All,TOTAL_GB_INTERCONNECTORS,GB interconnector fleet total,40_60pct,import,import_mw_positive_magnitude_conditional_on_importing,100.0,15711,12551,79.88670358347655,2522.955763477818,3062.0,3000.9903888994972,478.0346254216791,3000.9903888994972,19819.079,12551,3157,3,79.88670358347655,20.0942015148622,0.019094901661256446,6708.135708516417,5299.447999999998,8257.739600000003,3756.5580431838102,3788.0,2.0,8932.0,4200.0,4300.0,4250.0,275.0,2.1910604732690624,0.00021910604732690623
wind_before_curtailment_mw,Wind before curtailment proxy,All,TOTAL_GB_INTERCONNECTORS,GB interconnector fleet total,40_60pct,export,export_mw_positive_magnitude_conditional_on_exporting,100.0,15711,3157,20.0942015148622,2522.955763477818,3062.0,3000.9903888994972,478.0346254216791,478.0346254216791,19819.079,12551,3157,3,79.88670358347655,20.0942015148622,0.019094901661256446,6708.135708516417,5299.447999999998,8257.739600000003,2378.968007602154,2172.0,2.0,6774.0,100.0,200.0,150.0,108.0,3.4209692746278115,0.0003420969274627812
wind_before_curtailment_mw,Wind before curtailment proxy,All,TOTAL_GB_INTERCONNECTORS,GB interconnector fleet total,60_80pct,import,import_mw_positive_magnitude_conditional_on_importing,100.0,15706,12235,77.90016554183114,2219.0259773335033,2519.0,2678.1885903476377,459.1626130141347,2678.1885903476377,17426.011,12235,3469,2,77.90016554183114,22.08710047115752,0.012733987011333249,10082.047673879415,8257.972000000005,12054.916999999996,3437.975480179812,3372.0,2.0,8488.0,2700.0,2800.0,2750.0,224.0,1.8308132407029016,0.00018308132407029017
wind_before_curtailment_mw,Wind before curtailment proxy,All,TOTAL_GB_INTERCONNECTORS,GB interconnector fleet total,60_80pct,export,export_mw_positive_magnitude_conditional_on_exporting,100.0,15706,3469,22.08710047115752,2219.0259773335033,2519.0,2678.1885903476377,459.1626130141347,459.1626130141347,17426.011,12235,3469,2,77.90016554183114,22.08710047115752,0.012733987011333249,10082.047673879415,8257.972000000005,12054.916999999996,2078.8722974920724,1696.0,2.0,6634.0,400.0,500.0,450.0,132.0,3.8051311617180743,0.00038051311617180744
wind_before_curtailment_mw,Wind before curtailment proxy,All,TOTAL_GB_INTERCONNECTORS,GB interconnector fleet total,highest_20pct,import,import_mw_positive_magnitude_conditional_on_importing,100.0,15710,10565,67.25015913430936,1422.1054105665182,1556.0,2142.1639719923614,720.0585614258434,2142.1639719923614,11170.638,10565,5140,5,67.25015913430936,32.71801400381922,0.031826861871419476,14657.12997007133,12055.246000000005,20950.5694666664,3185.3663984855657,2978.0,2.0,8530.0,2000.0,2100.0,2050.0,224.0,2.12020823473734,0.00021202082347373402
wind_before_curtailment_mw,Wind before curtailment proxy,All,TOTAL_GB_INTERCONNECTORS,GB interconnector fleet total,highest_20pct,export,export_mw_positive_magnitude_conditional_on_exporting,100.0,15710,5140,32.71801400381922,1422.1054105665182,1556.0,2142.1639719923614,720.0585614258434,720.0585614258434,11170.638,10565,5140,5,67.25015913430936,32.71801400381922,0.031826861871419476,14657.12997007133,12055.246000000005,20950.5694666664,2200.8015564202333,1995.0,2.0,7914.0,100.0,200.0,150.0,159.0,3.093385214007782,0.0003093385214007782
wind_before_curtailment_mw,Wind before curtailment proxy,All,INTELEC,Eleclink (INTELEC),lowest_20pct,import,import_mw_positive_magnitude_conditional_on_importing,100.0,11331,7300,64.42502868237578,391.52219574618306,736.0,544.7235018974495,153.20130615126644,544.7235018974495,2218.169,7300,2571,1460,64.42502868237578,22.68996558114906,12.885005736475158,1744.1608888458488,-115.2388,2888.24,845.5153424657534,996.0,2.0,1102.0,900.0,1000.0,950.0,4800.0,65.75342465753424,0.006575342465753424
wind_before_curtailment_mw,Wind before curtailment proxy,All,INTELEC,Eleclink (INTELEC),lowest_20pct,export,export_mw_positive_magnitude_conditional_on_exporting,100.0,11331,2571,22.68996558114906,391.52219574618306,736.0,544.7235018974495,153.20130615126644,153.20130615126644,2218.169,7300,2571,1460,64.42502868237578,22.68996558114906,12.885005736475158,1744.1608888458488,-115.2388,2888.24,675.1940879035395,840.0,2.0,1026.0,1000.0,1100.0,1050.0,632.0,24.58187475690393,0.002458187475690393
wind_before_curtailment_mw,Wind before curtailment proxy,All,INTELEC,Eleclink (INTELEC),20_40pct,import,import_mw_positive_magnitude_conditional_on_importing,100.0,12695,8612,67.83773139031115,429.26979125640014,824.0,572.3325718786924,143.06278062229225,572.3325718786924,2724.79,8612,2628,1455,67.83773139031115,20.70106341079165,11.461205198897204,4036.1911742991656,2888.9742,5299.1068000000005,843.6788202508128,996.0,2.0,1084.0,900.0,1000.0,950.0,5751.0,66.7789131444496,0.0066778913144449606
wind_before_curtailment_mw,Wind before curtailment proxy,All,INTELEC,Eleclink (INTELEC),20_40pct,export,export_mw_positive_magnitude_conditional_on_exporting,100.0,12695,2628,20.70106341079165,429.26979125640014,824.0,572.3325718786924,143.06278062229225,143.06278062229225,2724.79,8612,2628,1455,67.83773139031115,20.70106341079165,11.461205198897204,4036.1911742991656,2888.9742,5299.1068000000005,691.0890410958904,906.0,2.0,1026.0,1000.0,1100.0,1050.0,943.0,35.882800608828006,0.0035882800608828007
wind_before_curtailment_mw,Wind before curtailment proxy,All,INTELEC,Eleclink (INTELEC),40_60pct,import,import_mw_positive_magnitude_conditional_on_importing,100.0,12852,8739,67.99719887955182,412.42483660130716,750.0,556.0961718020542,143.67133520074697,556.0961718020542,2650.242,8739,2602,1511,67.99719887955182,20.24587612822907,11.75692499221911,6716.66258827431,5299.447999999998,8257.739600000003,817.8221764503947,996.0,2.0,1260.0,900.0,1000.0,950.0,5483.0,62.74173246366861,0.006274173246366861
wind_before_curtailment_mw,Wind before curtailment proxy,All,INTELEC,Eleclink (INTELEC),40_60pct,export,export_mw_positive_magnitude_conditional_on_exporting,100.0,12852,2602,20.24587612822907,412.42483660130716,750.0,556.0961718020542,143.67133520074697,143.67133520074697,2650.242,8739,2602,1511,67.99719887955182,20.24587612822907,11.75692499221911,6716.66258827431,5299.447999999998,8257.739600000003,709.6325903151422,864.0,2.0,1028.0,1000.0,1100.0,1050.0,969.0,37.24058416602614,0.0037240584166026137
wind_before_curtailment_mw,Wind before curtailment proxy,All,INTELEC,Eleclink (INTELEC),60_80pct,import,import_mw_positive_magnitude_conditional_on_importing,100.0,12356,7833,63.39430236322434,369.0487212690191,553.0,505.4975720297831,136.448850760764,505.4975720297831,2279.9829999999997,7833,2710,1813,63.39430236322434,21.932664292651342,14.673033344124311,10062.249832304151,8257.972000000005,12054.916999999996,797.3864419762543,992.0,2.0,1178.0,900.0,1000.0,950.0,4584.0,58.521639218690154,0.005852163921869016
wind_before_curtailment_mw,Wind before curtailment proxy,All,INTELEC,Eleclink (INTELEC),60_80pct,export,export_mw_positive_magnitude_conditional_on_exporting,100.0,12356,2710,21.932664292651342,369.0487212690191,553.0,505.4975720297831,136.448850760764,136.448850760764,2279.9829999999997,7833,2710,1813,63.39430236322434,21.932664292651342,14.673033344124311,10062.249832304151,8257.972000000005,12054.916999999996,622.1261992619926,767.0,2.0,1026.0,1000.0,1100.0,1050.0,683.0,25.202952029520294,0.0025202952029520294
wind_before_curtailment_mw,Wind before curtailment proxy,All,INTELEC,Eleclink (INTELEC),highest_20pct,import,import_mw_positive_magnitude_conditional_on_importing,100.0,13594,7796,57.34883036633809,266.00588494924233,216.0,410.183169045167,144.17728409592468,410.183169045167,1808.0420000000001,7796,3270,2528,57.34883036633809,24.054730027953507,18.5964396057084,14857.147664103326,12055.908399999991,20950.5694666664,715.2424320164187,894.0,2.0,1014.0,900.0,1000.0,950.0,3580.0,45.920985120574656,0.004592098512057465
wind_before_curtailment_mw,Wind before curtailment proxy,All,INTELEC,Eleclink (INTELEC),highest_20pct,export,export_mw_positive_magnitude_conditional_on_exporting,100.0,13594,3270,24.054730027953507,266.00588494924233,216.0,410.183169045167,144.17728409592468,144.17728409592468,1808.0420000000001,7796,3270,2528,57.34883036633809,24.054730027953507,18.5964396057084,14857.147664103326,12055.908399999991,20950.5694666664,599.3718654434251,662.0,2.0,1026.0,1000.0,1100.0,1050.0,875.0,26.758409785932724,0.0026758409785932725
wind_before_curtailment_mw,Wind before curtailment proxy,All,INTEW,Ireland(East-West),lowest_20pct,import,import_mw_positive_magnitude_conditional_on_importing,100.0,15712,2170,13.81109979633401,-156.96614052953157,-35.0,32.05982688391039,189.02596741344195,32.05982688391039,-1233.1260000000002,2170,8487,5055,13.81109979633401,54.016038696537684,32.17286150712831,1666.26861771336,-115.2388,2888.24,232.13087557603686,194.0,2.0,504.0,0.0,100.0,50.0,733.0,33.77880184331797,0.0033778801843317974
wind_before_curtailment_mw,Wind before curtailment proxy,All,INTEW,Ireland(East-West),lowest_20pct,export,export_mw_positive_magnitude_conditional_on_exporting,100.0,15712,8487,54.016038696537684,-156.96614052953157,-35.0,32.05982688391039,189.02596741344195,189.02596741344195,-1233.1260000000002,2170,8487,5055,13.81109979633401,54.016038696537684,32.17286150712831,1666.26861771336,-115.2388,2888.24,349.94414987628136,404.0,2.0,536.0,500.0,600.0,550.0,3426.0,40.367621067515024,0.004036762106751503
wind_before_curtailment_mw,Wind before curtailment proxy,All,INTEW,Ireland(East-West),20_40pct,import,import_mw_positive_magnitude_conditional_on_importing,100.0,15705,2329,14.829672078955747,-165.87265202164915,-68.0,35.240369309137215,201.11302133078638,35.240369309137215,-1302.5150000000003,2329,8896,4480,14.829672078955747,56.64438077045527,28.525947150588983,4043.541077855964,2888.8560000000007,5299.334,237.6341777586947,212.0,2.0,504.0,0.0,100.0,50.0,724.0,31.086303134392445,0.0031086303134392444
wind_before_curtailment_mw,Wind before curtailment proxy,All,INTEW,Ireland(East-West),20_40pct,export,export_mw_positive_magnitude_conditional_on_exporting,100.0,15705,8896,56.64438077045527,-165.87265202164915,-68.0,35.240369309137215,201.11302133078638,201.11302133078638,-1302.5150000000003,2329,8896,4480,14.829672078955747,56.64438077045527,28.525947150588983,4043.541077855964,2888.8560000000007,5299.334,355.044964028777,422.0,2.0,586.0,500.0,600.0,550.0,3702.0,41.614208633093526,0.004161420863309353
wind_before_curtailment_mw,Wind before curtailment proxy,All,INTEW,Ireland(East-West),40_60pct,import,import_mw_positive_magnitude_conditional_on_importing,100.0,15711,2913,18.541149513080008,-147.78180892368405,-30.0,44.579848513780156,192.3616574374642,44.579848513780156,-1160.9,2913,8458,4340,18.541149513080008,53.83489275030233,27.623957736617655,6708.135708516417,5299.447999999998,8257.739600000003,240.4373498111912,208.0,2.0,504.0,0.0,100.0,50.0,913.0,31.342258839684174,0.003134225883968417
wind_before_curtailment_mw,Wind before curtailment proxy,All,INTEW,Ireland(East-West),40_60pct,export,export_mw_positive_magnitude_conditional_on_exporting,100.0,15711,8458,53.83489275030233,-147.78180892368405,-30.0,44.579848513780156,192.3616574374642,192.3616574374642,-1160.9,2913,8458,4340,18.541149513080008,53.83489275030233,27.623957736617655,6708.135708516417,5299.447999999998,8257.739600000003,357.317805627808,438.0,2.0,586.0,500.0,600.0,550.0,3714.0,43.911090092220384,0.004391109009222039
wind_before_curtailment_mw,Wind before curtailment proxy,All,INTEW,Ireland(East-West),60_80pct,import,import_mw_positive_magnitude_conditional_on_importing,100.0,15706,3004,19.126448491022536,-141.87698968547053,-20.0,43.435120336177256,185.31211002164778,43.435120336177256,-1114.16,3004,8329,4373,19.126448491022536,53.03068890869731,27.84286260028015,10082.047673879415,8257.972000000005,12054.916999999996,227.09454061251665,194.0,2.0,504.0,0.0,100.0,50.0,983.0,32.72303595206392,0.003272303595206392
wind_before_curtailment_mw,Wind before curtailment proxy,All,INTEW,Ireland(East-West),60_80pct,export,export_mw_positive_magnitude_conditional_on_exporting,100.0,15706,8329,53.03068890869731,-141.87698968547053,-20.0,43.435120336177256,185.31211002164778,185.31211002164778,-1114.16,3004,8329,4373,19.126448491022536,53.03068890869731,27.84286260028015,10082.047673879415,8257.972000000005,12054.916999999996,349.44315043822786,428.0,2.0,588.0,500.0,600.0,550.0,3656.0,43.894825309160765,0.004389482530916076
wind_before_curtailment_mw,Wind before curtailment proxy,All,INTEW,Ireland(East-West),highest_20pct,import,import_mw_positive_magnitude_conditional_on_importing,100.0,15710,3765,23.96562698917887,-107.36499045194144,0.0,57.69535327816677,165.0603437301082,57.69535327816677,-843.3520000000001,3765,7656,4289,23.96562698917887,48.733290897517506,27.301082113303625,14657.12997007133,12055.246000000005,20950.5694666664,240.74209827357237,204.0,2.0,504.0,0.0,100.0,50.0,1120.0,29.747675962815407,0.0029747675962815408
wind_before_curtailment_mw,Wind before curtailment proxy,All,INTEW,Ireland(East-West),highest_20pct,export,export_mw_positive_magnitude_conditional_on_exporting,100.0,15710,7656,48.733290897517506,-107.36499045194144,0.0,57.69535327816677,165.0603437301082,165.0603437301082,-843.3520000000001,3765,7656,4289,23.96562698917887,48.733290897517506,27.301082113303625,14657.12997007133,12055.246000000005,20950.5694666664,338.7014106583072,399.0,2.0,542.0,500.0,600.0,550.0,3162.0,41.30094043887148,0.004130094043887147
wind_before_curtailment_mw,Wind before curtailment proxy,All,INTFR,France(IFA),lowest_20pct,import,import_mw_positive_magnitude_conditional_on_importing,100.0,15712,11698,74.45264765784114,832.3792006109979,1002.0,969.5176934826884,137.13849287169043,969.5176934826884,6539.171,11698,3383,631,74.45264765784114,21.531313645621182,4.016038696537678,1666.26861771336,-115.2388,2888.24,1302.1937083262096,1360.0,2.0,2548.0,2000.0,2100.0,2050.0,2619.0,22.388442468798086,0.0022388442468798085
wind_before_curtailment_mw,Wind before curtailment proxy,All,INTFR,France(IFA),lowest_20pct,export,export_mw_positive_magnitude_conditional_on_exporting,100.0,15712,3383,21.531313645621182,832.3792006109979,1002.0,969.5176934826884,137.13849287169043,137.13849287169043,6539.171,11698,3383,631,74.45264765784114,21.531313645621182,4.016038696537678,1666.26861771336,-115.2388,2888.24,636.9258054980786,692.0,2.0,1842.0,1000.0,1100.0,1050.0,948.0,28.02246526751404,0.002802246526751404
wind_before_curtailment_mw,Wind before curtailment proxy,All,INTFR,France(IFA),20_40pct,import,import_mw_positive_magnitude_conditional_on_importing,100.0,15705,11775,74.97612225405922,815.1577204711875,1000.0,953.7068449538364,138.54912448264884,953.7068449538364,6401.026,11775,3240,690,74.97612225405922,20.630372492836678,4.393505253104107,4043.541077855964,2888.8560000000007,5299.334,1272.0140976645434,1308.0,2.0,2514.0,2000.0,2100.0,2050.0,1866.0,15.847133757961785,0.0015847133757961784
wind_before_curtailment_mw,Wind before curtailment proxy,All,INTFR,France(IFA),20_40pct,export,export_mw_positive_magnitude_conditional_on_exporting,100.0,15705,3240,20.630372492836678,815.1577204711875,1000.0,953.7068449538364,138.54912448264884,138.54912448264884,6401.026,11775,3240,690,74.97612225405922,20.630372492836678,4.393505253104107,4043.541077855964,2888.8560000000007,5299.334,671.5783950617284,718.0,2.0,2056.0,1000.0,1100.0,1050.0,824.0,25.432098765432098,0.00254320987654321
wind_before_curtailment_mw,Wind before curtailment proxy,All,INTFR,France(IFA),40_60pct,import,import_mw_positive_magnitude_conditional_on_importing,100.0,15711,11203,71.30672777035198,721.6925720832538,996.0,873.333842530711,151.6412704474572,873.333842530711,5669.255999999999,11203,3783,725,71.30672777035198,24.078670994844376,4.614601234803641,6708.135708516417,5299.447999999998,8257.739600000003,1224.7565830581095,1252.0,2.0,2174.0,1000.0,1100.0,1050.0,1723.0,15.37980897973757,0.001537980897973757
wind_before_curtailment_mw,Wind before curtailment proxy,All,INTFR,France(IFA),40_60pct,export,export_mw_positive_magnitude_conditional_on_exporting,100.0,15711,3783,24.078670994844376,721.6925720832538,996.0,873.333842530711,151.6412704474572,151.6412704474572,5669.255999999999,11203,3783,725,71.30672777035198,24.078670994844376,4.614601234803641,6708.135708516417,5299.447999999998,8257.739600000003,629.7742532381708,642.0,2.0,2056.0,1000.0,1100.0,1050.0,895.0,23.658472112080357,0.002365847211208036
wind_before_curtailment_mw,Wind before curtailment proxy,All,INTFR,France(IFA),60_80pct,import,import_mw_positive_magnitude_conditional_on_importing,100.0,15706,10585,67.39462625748122,575.3804915318987,786.0,758.0665987520692,182.68610722017064,758.0665987520692,4518.463,10585,4465,656,67.39462625748122,28.428626002801476,4.176747739717306,10082.047673879415,8257.972000000005,12054.916999999996,1124.8175720359,1006.0,2.0,2142.0,1000.0,1100.0,1050.0,1568.0,14.813415210203118,0.0014813415210203117
wind_before_curtailment_mw,Wind before curtailment proxy,All,INTFR,France(IFA),60_80pct,export,export_mw_positive_magnitude_conditional_on_exporting,100.0,15706,4465,28.428626002801476,575.3804915318987,786.0,758.0665987520692,182.68610722017064,182.68610722017064,4518.463,10585,4465,656,67.39462625748122,28.428626002801476,4.176747739717306,10082.047673879415,8257.972000000005,12054.916999999996,642.6132138857782,646.0,2.0,2050.0,1000.0,1100.0,1050.0,1035.0,23.180291153415453,0.0023180291153415454
wind_before_curtailment_mw,Wind before curtailment proxy,All,INTFR,France(IFA),highest_20pct,import,import_mw_positive_magnitude_conditional_on_importing,100.0,15710,9707,61.788669637173776,383.3492043284532,453.0,639.3304901336728,255.9812858052196,639.3304901336728,3011.2079999999996,9707,5501,502,61.788669637173776,35.01591343093571,3.1954169318905157,14657.12997007133,12055.246000000005,20950.5694666664,1034.7050582054187,1002.0,2.0,2630.0,1500.0,1600.0,1550.0,1235.0,12.72277737715051,0.001272277737715051
wind_before_curtailment_mw,Wind before curtailment proxy,All,INTFR,France(IFA),highest_20pct,export,export_mw_positive_magnitude_conditional_on_exporting,100.0,15710,5501,35.01591343093571,383.3492043284532,453.0,639.3304901336728,255.9812858052196,255.9812858052196,3011.2079999999996,9707,5501,502,61.788669637173776,35.01591343093571,3.1954169318905157,14657.12997007133,12055.246000000005,20950.5694666664,731.0427195055445,706.0,2.0,2072.0,1000.0,1100.0,1050.0,1103.0,20.05089983639338,0.002005089983639338
wind_before_curtailment_mw,Wind before curtailment proxy,All,INTGRNL,Ireland (Greenlink),lowest_20pct,import,import_mw_positive_magnitude_conditional_on_importing,100.0,2288,155,6.774475524475525,-424.25174825174827,-514.0,7.851398601398602,432.1031468531468,7.851398601398602,-485.34400000000005,155,2123,10,6.774475524475525,92.78846153846155,0.4370629370629371,1829.3730878551135,15.667399999999992,2887.8689999999992,115.89677419354838,60.0,4.0,500.0,0.0,100.0,50.0,95.0,61.29032258064516,0.006129032258064516
wind_before_curtailment_mw,Wind before curtailment proxy,All,INTGRNL,Ireland (Greenlink),lowest_20pct,export,export_mw_positive_magnitude_conditional_on_exporting,100.0,2288,2123,92.78846153846155,-424.25174825174827,-514.0,7.851398601398602,432.1031468531468,432.1031468531468,-485.34400000000005,155,2123,10,6.774475524475525,92.78846153846155,0.4370629370629371,1829.3730878551135,15.667399999999992,2887.8689999999992,465.6862929816298,514.0,6.0,516.0,500.0,600.0,550.0,1484.0,69.90108337258596,0.006990108337258596
wind_before_curtailment_mw,Wind before curtailment proxy,All,INTGRNL,Ireland (Greenlink),20_40pct,import,import_mw_positive_magnitude_conditional_on_importing,100.0,2991,277,9.261116683383484,-384.2400534938148,-514.0,20.61250417920428,404.8525576730191,20.61250417920428,-574.6310000000001,277,2658,56,9.261116683383484,88.86659979939819,1.8722835172183216,4070.534488963411,2889.780000000001,5299.0852,222.57039711191337,228.0,2.0,506.0,0.0,100.0,50.0,92.0,33.2129963898917,0.0033212996389891695
wind_before_curtailment_mw,Wind before curtailment proxy,All,INTGRNL,Ireland (Greenlink),20_40pct,export,export_mw_positive_magnitude_conditional_on_exporting,100.0,2991,2658,88.86659979939819,-384.2400534938148,-514.0,20.61250417920428,404.8525576730191,404.8525576730191,-574.6310000000001,277,2658,56,9.261116683383484,88.86659979939819,1.8722835172183216,4070.534488963411,2889.780000000001,5299.0852,455.5733634311512,514.0,2.0,516.0,500.0,600.0,550.0,1822.0,68.54778028592928,0.006854778028592927
wind_before_curtailment_mw,Wind before curtailment proxy,All,INTGRNL,Ireland (Greenlink),40_60pct,import,import_mw_positive_magnitude_conditional_on_importing,100.0,3257,327,10.039914031317162,-376.1547436291065,-514.0,25.863064169481117,402.0178077985877,25.863064169481117,-612.568,327,2885,45,10.039914031317162,88.57844642308874,1.3816395455941048,6715.361963427521,5300.187400000005,8257.739600000003,257.6024464831804,214.0,2.0,506.0,0.0,100.0,50.0,84.0,25.688073394495415,0.0025688073394495416
wind_before_curtailment_mw,Wind before curtailment proxy,All,INTGRNL,Ireland (Greenlink),40_60pct,export,export_mw_positive_magnitude_conditional_on_exporting,100.0,3257,2885,88.57844642308874,-376.1547436291065,-514.0,25.863064169481117,402.0178077985877,402.0178077985877,-612.568,327,2885,45,10.039914031317162,88.57844642308874,1.3816395455941048,6715.361963427521,5300.187400000005,8257.739600000003,453.85511265164644,514.0,2.0,516.0,500.0,600.0,550.0,1973.0,68.38821490467937,0.006838821490467938
wind_before_curtailment_mw,Wind before curtailment proxy,All,INTGRNL,Ireland (Greenlink),60_80pct,import,import_mw_positive_magnitude_conditional_on_importing,100.0,3250,412,12.676923076923078,-346.17846153846153,-512.0,32.75753846153846,378.936,32.75753846153846,-562.5400000000001,412,2784,54,12.676923076923078,85.66153846153847,1.6615384615384614,10079.17094386671,8258.315799999997,12053.874000000002,258.40291262135923,242.0,2.0,506.0,0.0,100.0,50.0,90.0,21.844660194174757,0.002184466019417476
wind_before_curtailment_mw,Wind before curtailment proxy,All,INTGRNL,Ireland (Greenlink),60_80pct,export,export_mw_positive_magnitude_conditional_on_exporting,100.0,3250,2784,85.66153846153847,-346.17846153846153,-512.0,32.75753846153846,378.936,378.936,-562.5400000000001,412,2784,54,12.676923076923078,85.66153846153847,1.6615384615384614,10079.17094386671,8258.315799999997,12053.874000000002,442.36422413793105,514.0,2.0,516.0,500.0,600.0,550.0,1766.0,63.43390804597702,0.006343390804597702
wind_before_curtailment_mw,Wind before curtailment proxy,All,INTGRNL,Ireland (Greenlink),highest_20pct,import,import_mw_positive_magnitude_conditional_on_importing,100.0,4198,939,22.36779418770843,-261.1948546927108,-444.0,60.966650786088614,322.1615054787994,60.966650786088614,-548.248,939,3216,43,22.36779418770843,76.60790852787042,1.024297284421153,15562.838811667116,12056.089733333209,20950.5694666664,272.56443024494143,244.0,2.0,506.0,200.0,300.0,250.0,230.0,24.494142705005327,0.0024494142705005326
wind_before_curtailment_mw,Wind before curtailment proxy,All,INTGRNL,Ireland (Greenlink),highest_20pct,export,export_mw_positive_magnitude_conditional_on_exporting,100.0,4198,3216,76.60790852787042,-261.1948546927108,-444.0,60.966650786088614,322.1615054787994,322.1615054787994,-548.248,939,3216,43,22.36779418770843,76.60790852787042,1.024297284421153,15562.838811667116,12056.089733333209,20950.5694666664,420.53296019900495,514.0,2.0,516.0,500.0,600.0,550.0,1858.0,57.77363184079603,0.005777363184079603
wind_before_curtailment_mw,Wind before curtailment proxy,All,INTIFA2,IFA2 (INTIFA2),lowest_20pct,import,import_mw_positive_magnitude_conditional_on_importing,100.0,15712,10678,67.96079429735235,407.90185845213847,712.0,554.7894602851323,146.88760183299388,554.7894602851323,3204.4770000000008,10678,5022,12,67.96079429735235,31.962830957230143,0.07637474541751527,1666.26861771336,-115.2388,2888.24,816.3375163888369,986.0,2.0,1156.0,900.0,1000.0,950.0,6288.0,58.88743210339015,0.0058887432103390145
wind_before_curtailment_mw,Wind before curtailment proxy,All,INTIFA2,IFA2 (INTIFA2),lowest_20pct,export,export_mw_positive_magnitude_conditional_on_exporting,100.0,15712,5022,31.962830957230143,407.90185845213847,712.0,554.7894602851323,146.88760183299388,146.88760183299388,3204.4770000000008,10678,5022,12,67.96079429735235,31.962830957230143,0.07637474541751527,1666.26861771336,-115.2388,2888.24,459.5575467941059,384.0,2.0,1030.0,0.0,100.0,50.0,1915.0,38.13221823974512,0.0038132218239745118
wind_before_curtailment_mw,Wind before curtailment proxy,All,INTIFA2,IFA2 (INTIFA2),20_40pct,import,import_mw_positive_magnitude_conditional_on_importing,100.0,15705,10287,65.50143266475644,365.65794333014964,664.0,523.5959248646927,157.93798153454313,523.5959248646927,2871.329000000001,10287,5407,11,65.50143266475644,34.42852594715059,0.07004138809296402,4043.541077855964,2888.8560000000007,5299.334,799.3656070768932,984.0,2.0,1118.0,900.0,1000.0,950.0,6115.0,59.44395839408963,0.005944395839408962
wind_before_curtailment_mw,Wind before curtailment proxy,All,INTIFA2,IFA2 (INTIFA2),20_40pct,export,export_mw_positive_magnitude_conditional_on_exporting,100.0,15705,5407,34.42852594715059,365.65794333014964,664.0,523.5959248646927,157.93798153454313,157.93798153454313,2871.329000000001,10287,5407,11,65.50143266475644,34.42852594715059,0.07004138809296402,4043.541077855964,2888.8560000000007,5299.334,458.7416312187905,336.0,2.0,1030.0,0.0,100.0,50.0,2217.0,41.00240429073423,0.004100240429073423
wind_before_curtailment_mw,Wind before curtailment proxy,All,INTIFA2,IFA2 (INTIFA2),40_60pct,import,import_mw_positive_magnitude_conditional_on_importing,100.0,15711,9436,60.05983069187194,294.580103112469,412.0,462.8218445675005,168.2417414550315,462.8218445675005,2314.0740000000005,9436,6262,13,60.05983069187194,39.85742473426262,0.08274457386544459,6708.135708516417,5299.447999999998,8257.739600000003,770.6013141161509,952.0,2.0,1398.0,900.0,1000.0,950.0,5165.0,54.73717676981772,0.005473717676981772
wind_before_curtailment_mw,Wind before curtailment proxy,All,INTIFA2,IFA2 (INTIFA2),40_60pct,export,export_mw_positive_magnitude_conditional_on_exporting,100.0,15711,6262,39.85742473426262,294.580103112469,412.0,462.8218445675005,168.2417414550315,168.2417414550315,2314.0740000000005,9436,6262,13,60.05983069187194,39.85742473426262,0.08274457386544459,6708.135708516417,5299.447999999998,8257.739600000003,422.1089108910891,226.0,2.0,1030.0,0.0,100.0,50.0,2846.0,45.44873842222932,0.004544873842222932
wind_before_curtailment_mw,Wind before curtailment proxy,All,INTIFA2,IFA2 (INTIFA2),60_80pct,import,import_mw_positive_magnitude_conditional_on_importing,100.0,15706,8520,54.24678466827964,229.83738698586527,187.0,411.777537246912,181.94015026104674,411.777537246912,1804.913,8520,7177,9,54.24678466827964,45.69591239016936,0.05730294155099962,10082.047673879415,8257.972000000005,12054.916999999996,759.0819248826291,924.0,2.0,1128.0,900.0,1000.0,950.0,4466.0,52.417840375586856,0.0052417840375586855
wind_before_curtailment_mw,Wind before curtailment proxy,All,INTIFA2,IFA2 (INTIFA2),60_80pct,export,export_mw_positive_magnitude_conditional_on_exporting,100.0,15706,7177,45.69591239016936,229.83738698586527,187.0,411.777537246912,181.94015026104674,181.94015026104674,1804.913,8520,7177,9,54.24678466827964,45.69591239016936,0.05730294155099962,10082.047673879415,8257.972000000005,12054.916999999996,398.1541033858158,206.0,2.0,1626.0,0.0,100.0,50.0,3220.0,44.86554270586596,0.004486554270586596
wind_before_curtailment_mw,Wind before curtailment proxy,All,INTIFA2,IFA2 (INTIFA2),highest_20pct,import,import_mw_positive_magnitude_conditional_on_importing,100.0,15710,7349,46.77912157861235,111.39452577975811,-2.0,323.6549968173138,212.2604710375557,323.6549968173138,875.004,7349,8341,20,46.77912157861235,53.09357097390197,0.1273074474856779,14657.12997007133,12055.246000000005,20950.5694666664,691.8791672336372,826.0,2.0,994.0,900.0,1000.0,950.0,3286.0,44.71356647162879,0.004471356647162879
wind_before_curtailment_mw,Wind before curtailment proxy,All,INTIFA2,IFA2 (INTIFA2),highest_20pct,export,export_mw_positive_magnitude_conditional_on_exporting,100.0,15710,8341,53.09357097390197,111.39452577975811,-2.0,323.6549968173138,212.2604710375557,212.2604710375557,875.004,7349,8341,20,46.77912157861235,53.09357097390197,0.1273074474856779,14657.12997007133,12055.246000000005,20950.5694666664,399.7856372137633,222.0,2.0,1030.0,0.0,100.0,50.0,3746.0,44.91068217240139,0.004491068217240139
wind_before_curtailment_mw,Wind before curtailment proxy,All,INTIRL,Northern Ireland(Moyle),lowest_20pct,import,import_mw_positive_magnitude_conditional_on_importing,100.0,15712,3400,21.63951120162933,-205.3841649694501,-278.0,39.651985743380855,245.03615071283096,39.651985743380855,-1613.498,3400,11381,931,21.63951120162933,72.43508146639512,5.92540733197556,1666.26861771336,-115.2388,2888.24,183.23882352941177,171.0,2.0,404.0,0.0,100.0,50.0,1141.0,33.55882352941176,0.0033558823529411764
wind_before_curtailment_mw,Wind before curtailment proxy,All,INTIRL,Northern Ireland(Moyle),lowest_20pct,export,export_mw_positive_magnitude_conditional_on_exporting,100.0,15712,11381,72.43508146639512,-205.3841649694501,-278.0,39.651985743380855,245.03615071283096,245.03615071283096,-1613.498,3400,11381,931,21.63951120162933,72.43508146639512,5.92540733197556,1666.26861771336,-115.2388,2888.24,338.2838063439065,404.0,2.0,458.0,400.0,500.0,450.0,5857.0,51.46296459010632,0.005146296459010632
wind_before_curtailment_mw,Wind before curtailment proxy,All,INTIRL,Northern Ireland(Moyle),20_40pct,import,import_mw_positive_magnitude_conditional_on_importing,100.0,15705,3277,20.865966252785736,-205.04616364215218,-302.0,44.54492199936326,249.59108564151543,44.54492199936326,-1610.1249999999998,3277,11350,1078,20.865966252785736,72.26997771410379,6.864056033110474,4043.541077855964,2888.8560000000007,5299.334,213.48123283490997,222.0,2.0,500.0,0.0,100.0,50.0,954.0,29.11199267622826,0.002911199267622826
wind_before_curtailment_mw,Wind before curtailment proxy,All,INTIRL,Northern Ireland(Moyle),20_40pct,export,export_mw_positive_magnitude_conditional_on_exporting,100.0,15705,11350,72.26997771410379,-205.04616364215218,-302.0,44.54492199936326,249.59108564151543,249.59108564151543,-1610.1249999999998,3277,11350,1078,20.865966252785736,72.26997771410379,6.864056033110474,4043.541077855964,2888.8560000000007,5299.334,345.359295154185,420.0,2.0,506.0,400.0,500.0,450.0,6086.0,53.62114537444934,0.005362114537444934
wind_before_curtailment_mw,Wind before curtailment proxy,All,INTIRL,Northern Ireland(Moyle),40_60pct,import,import_mw_positive_magnitude_conditional_on_importing,100.0,15711,3988,25.383489275030236,-179.51422570173764,-294.0,59.38310737699701,238.89733307873465,59.38310737699701,-1410.174,3988,10880,843,25.383489275030236,69.25084335815671,5.365667366813061,6708.135708516417,5299.447999999998,8257.739600000003,233.94383149448345,246.0,2.0,498.0,200.0,300.0,250.0,1078.0,27.031093279839517,0.002703109327983952
wind_before_curtailment_mw,Wind before curtailment proxy,All,INTIRL,Northern Ireland(Moyle),40_60pct,export,export_mw_positive_magnitude_conditional_on_exporting,100.0,15711,10880,69.25084335815671,-179.51422570173764,-294.0,59.38310737699701,238.89733307873465,238.89733307873465,-1410.174,3988,10880,843,25.383489275030236,69.25084335815671,5.365667366813061,6708.135708516417,5299.447999999998,8257.739600000003,344.9738970588235,416.0,2.0,458.0,400.0,500.0,450.0,5764.0,52.97794117647059,0.0052977941176470585
wind_before_curtailment_mw,Wind before curtailment proxy,All,INTIRL,Northern Ireland(Moyle),60_80pct,import,import_mw_positive_magnitude_conditional_on_importing,100.0,15706,4295,27.34623710683815,-168.83980644339744,-264.0,62.31987775372469,231.15968419712212,62.31987775372469,-1325.899,4295,10793,618,27.34623710683815,68.71896090665987,3.9348019865019737,10082.047673879415,8257.972000000005,12054.916999999996,227.8919674039581,246.0,2.0,682.0,200.0,300.0,250.0,1317.0,30.663562281722932,0.0030663562281722932
wind_before_curtailment_mw,Wind before curtailment proxy,All,INTIRL,Northern Ireland(Moyle),60_80pct,export,export_mw_positive_magnitude_conditional_on_exporting,100.0,15706,10793,68.71896090665987,-168.83980644339744,-264.0,62.31987775372469,231.15968419712212,231.15968419712212,-1325.899,4295,10793,618,27.34623710683815,68.71896090665987,3.9348019865019737,10082.047673879415,8257.972000000005,12054.916999999996,336.38413786713613,394.0,2.0,592.0,400.0,500.0,450.0,5334.0,49.42092096729362,0.004942092096729362
wind_before_curtailment_mw,Wind before curtailment proxy,All,INTIRL,Northern Ireland(Moyle),highest_20pct,import,import_mw_positive_magnitude_conditional_on_importing,100.0,15710,5412,34.44939528962444,-112.99974538510503,-156.0,82.02507956715468,195.0248249522597,82.02507956715468,-887.6130000000002,5412,9687,611,34.44939528962444,61.6613621896881,3.88924252068746,14657.12997007133,12055.246000000005,20950.5694666664,238.1031042128603,264.0,2.0,402.0,200.0,300.0,250.0,1607.0,29.69327420546933,0.0029693274205469327
wind_before_curtailment_mw,Wind before curtailment proxy,All,INTIRL,Northern Ireland(Moyle),highest_20pct,export,export_mw_positive_magnitude_conditional_on_exporting,100.0,15710,9687,61.6613621896881,-112.99974538510503,-156.0,82.02507956715468,195.0248249522597,195.0248249522597,-887.6130000000002,5412,9687,611,34.44939528962444,61.6613621896881,3.88924252068746,14657.12997007133,12055.246000000005,20950.5694666664,316.28367915763397,354.0,2.0,456.0,400.0,500.0,450.0,4151.0,42.85124393517085,0.004285124393517085
wind_before_curtailment_mw,Wind before curtailment proxy,All,INTNED,Netherlands(BritNed),lowest_20pct,import,import_mw_positive_magnitude_conditional_on_importing,100.0,15712,10554,67.17158859470469,365.21283095723015,566.0,517.4647403258656,152.25190936863544,517.4647403258656,2869.112,10554,3750,1408,67.17158859470469,23.867107942973522,8.961303462321792,1666.26861771336,-115.2388,2888.24,770.362516581391,906.0,2.0,1196.0,1000.0,1100.0,1050.0,4250.0,40.269092287284444,0.0040269092287284446
wind_before_curtailment_mw,Wind before curtailment proxy,All,INTNED,Netherlands(BritNed),lowest_20pct,export,export_mw_positive_magnitude_conditional_on_exporting,100.0,15712,3750,23.867107942973522,365.21283095723015,566.0,517.4647403258656,152.25190936863544,152.25190936863544,2869.112,10554,3750,1408,67.17158859470469,23.867107942973522,8.961303462321792,1666.26861771336,-115.2388,2888.24,637.9152,672.0,2.0,1076.0,1000.0,1100.0,1050.0,813.0,21.68,0.002168
wind_before_curtailment_mw,Wind before curtailment proxy,All,INTNED,Netherlands(BritNed),20_40pct,import,import_mw_positive_magnitude_conditional_on_importing,100.0,15705,9834,62.61700095510984,294.6009551098376,442.0,472.5897484877428,177.98879337790513,472.5897484877428,2313.354,9834,4348,1523,62.61700095510984,27.685450493473418,9.697548551416746,4043.541077855964,2888.8560000000007,5299.334,754.7307301199919,882.0,2.0,1076.0,1000.0,1100.0,1050.0,3697.0,37.594061419564774,0.0037594061419564772
wind_before_curtailment_mw,Wind before curtailment proxy,All,INTNED,Netherlands(BritNed),20_40pct,export,export_mw_positive_magnitude_conditional_on_exporting,100.0,15705,4348,27.685450493473418,294.6009551098376,442.0,472.5897484877428,177.98879337790513,177.98879337790513,2313.354,9834,4348,1523,62.61700095510984,27.685450493473418,9.697548551416746,4043.541077855964,2888.8560000000007,5299.334,642.8965041398344,668.0,2.0,1090.0,1000.0,1100.0,1050.0,950.0,21.8491260349586,0.0021849126034958603
wind_before_curtailment_mw,Wind before curtailment proxy,All,INTNED,Netherlands(BritNed),40_60pct,import,import_mw_positive_magnitude_conditional_on_importing,100.0,15711,9431,60.02800585576984,243.76831519317676,352.0,442.13009992998536,198.3617847368086,442.13009992998536,1914.9220000000003,9431,4740,1540,60.02800585576984,30.169944624785185,9.802049519444974,6708.135708516417,5299.447999999998,8257.739600000003,736.5397094687731,852.0,2.0,1402.0,1000.0,1100.0,1050.0,3288.0,34.863747216626024,0.0034863747216626025
wind_before_curtailment_mw,Wind before curtailment proxy,All,INTNED,Netherlands(BritNed),40_60pct,export,export_mw_positive_magnitude_conditional_on_exporting,100.0,15711,4740,30.169944624785185,243.76831519317676,352.0,442.13009992998536,198.3617847368086,198.3617847368086,1914.9220000000003,9431,4740,1540,60.02800585576984,30.169944624785185,9.802049519444974,6708.135708516417,5299.447999999998,8257.739600000003,657.4814345991562,704.0,2.0,1092.0,1000.0,1100.0,1050.0,1158.0,24.430379746835442,0.0024430379746835443
wind_before_curtailment_mw,Wind before curtailment proxy,All,INTNED,Netherlands(BritNed),60_80pct,import,import_mw_positive_magnitude_conditional_on_importing,100.0,15706,9257,58.939258881955936,227.78288552145676,320.0,433.99694384311726,206.2140583216605,433.99694384311726,1788.779,9257,5020,1429,58.939258881955936,31.962307398446455,9.098433719597605,10082.047673879415,8257.972000000005,12054.916999999996,736.3461164524144,852.0,2.0,1076.0,1000.0,1100.0,1050.0,3292.0,35.56227719563573,0.003556227719563573
wind_before_curtailment_mw,Wind before curtailment proxy,All,INTNED,Netherlands(BritNed),60_80pct,export,export_mw_positive_magnitude_conditional_on_exporting,100.0,15706,5020,31.962307398446455,227.78288552145676,320.0,433.99694384311726,206.2140583216605,206.2140583216605,1788.779,9257,5020,1429,58.939258881955936,31.962307398446455,9.098433719597605,10082.047673879415,8257.972000000005,12054.916999999996,645.1788844621514,670.0,2.0,1092.0,1000.0,1100.0,1050.0,1185.0,23.605577689243027,0.002360557768924303
wind_before_curtailment_mw,Wind before curtailment proxy,All,INTNED,Netherlands(BritNed),highest_20pct,import,import_mw_positive_magnitude_conditional_on_importing,100.0,15710,7643,48.65054105665181,74.68682367918524,0.0,341.3028644175684,266.6160407383832,341.3028644175684,586.6650000000001,7643,6190,1877,48.65054105665181,39.401654996817314,11.947803946530872,14657.12997007133,12055.246000000005,20950.5694666664,701.5397095381395,806.0,2.0,1098.0,1000.0,1100.0,1050.0,2397.0,31.362030616250163,0.0031362030616250165
wind_before_curtailment_mw,Wind before curtailment proxy,All,INTNED,Netherlands(BritNed),highest_20pct,export,export_mw_positive_magnitude_conditional_on_exporting,100.0,15710,6190,39.401654996817314,74.68682367918524,0.0,341.3028644175684,266.6160407383832,266.6160407383832,586.6650000000001,7643,6190,1877,48.65054105665181,39.401654996817314,11.947803946530872,14657.12997007133,12055.246000000005,20950.5694666664,676.6620355411955,732.0,2.0,1082.0,1000.0,1100.0,1050.0,1758.0,28.40064620355412,0.002840064620355412
wind_before_curtailment_mw,Wind before curtailment proxy,All,INTNEM,Belgium (Nemolink),lowest_20pct,import,import_mw_positive_magnitude_conditional_on_importing,100.0,15712,12092,76.9602851323829,468.7899694501018,740.0,589.1220723014256,120.33210285132382,589.1220723014256,3682.8139999999994,12092,3372,248,76.9602851323829,21.461303462321794,1.5784114052953158,1666.26861771336,-115.2388,2888.24,765.4884220972543,888.0,2.0,1020.0,1000.0,1100.0,1050.0,3827.0,31.649024148197153,0.0031649024148197153
wind_before_curtailment_mw,Wind before curtailment proxy,All,INTNEM,Belgium (Nemolink),lowest_20pct,export,export_mw_positive_magnitude_conditional_on_exporting,100.0,15712,3372,21.461303462321794,468.7899694501018,740.0,589.1220723014256,120.33210285132382,120.33210285132382,3682.8139999999994,12092,3372,248,76.9602851323829,21.461303462321794,1.5784114052953158,1666.26861771336,-115.2388,2888.24,560.6933570581258,550.0,2.0,1024.0,1000.0,1100.0,1050.0,558.0,16.548042704626333,0.0016548042704626334
wind_before_curtailment_mw,Wind before curtailment proxy,All,INTNEM,Belgium (Nemolink),20_40pct,import,import_mw_positive_magnitude_conditional_on_importing,100.0,15705,11447,72.88761540910538,392.81833810888253,602.0,524.7323782234957,131.9140401146132,524.7323782234957,3084.6059999999998,11447,3863,395,72.88761540910538,24.597262018465457,2.5151225724291626,4043.541077855964,2888.8560000000007,5299.334,719.9198043155412,822.0,2.0,1020.0,1000.0,1100.0,1050.0,3006.0,26.260155499257447,0.002626015549925745
wind_before_curtailment_mw,Wind before curtailment proxy,All,INTNEM,Belgium (Nemolink),20_40pct,export,export_mw_positive_magnitude_conditional_on_exporting,100.0,15705,3863,24.597262018465457,392.81833810888253,602.0,524.7323782234957,131.9140401146132,131.9140401146132,3084.6059999999998,11447,3863,395,72.88761540910538,24.597262018465457,2.5151225724291626,4043.541077855964,2888.8560000000007,5299.334,536.2956251617913,514.0,2.0,1024.0,1000.0,1100.0,1050.0,586.0,15.16955733885581,0.001516955733885581
wind_before_curtailment_mw,Wind before curtailment proxy,All,INTNEM,Belgium (Nemolink),40_60pct,import,import_mw_positive_magnitude_conditional_on_importing,100.0,15711,10699,68.0987842912609,313.86990007001464,492.0,475.73852714658517,161.86862707657056,475.73852714658517,2465.605,10699,4606,406,68.0987842912609,29.317039017249062,2.584176691490039,6708.135708516417,5299.447999999998,8257.739600000003,698.6006168800823,788.0,2.0,1366.0,1000.0,1100.0,1050.0,2483.0,23.207776427703525,0.0023207776427703526
wind_before_curtailment_mw,Wind before curtailment proxy,All,INTNEM,Belgium (Nemolink),40_60pct,export,export_mw_positive_magnitude_conditional_on_exporting,100.0,15711,4606,29.317039017249062,313.86990007001464,492.0,475.73852714658517,161.86862707657056,161.86862707657056,2465.605,10699,4606,406,68.0987842912609,29.317039017249062,2.584176691490039,6708.135708516417,5299.447999999998,8257.739600000003,552.1315675206253,548.0,2.0,1024.0,1000.0,1100.0,1050.0,759.0,16.478506296135475,0.0016478506296135475
wind_before_curtailment_mw,Wind before curtailment proxy,All,INTNEM,Belgium (Nemolink),60_80pct,import,import_mw_positive_magnitude_conditional_on_importing,100.0,15706,10672,67.94855469247422,316.99694384311726,476.0,474.6656055010824,157.66866165796512,474.6656055010824,2489.377,10672,4463,571,67.94855469247422,28.415892015790146,3.635553291735642,10082.047673879415,8257.972000000005,12054.916999999996,698.5661544227886,798.0,2.0,1358.0,1000.0,1100.0,1050.0,2697.0,25.271739130434785,0.0025271739130434782
wind_before_curtailment_mw,Wind before curtailment proxy,All,INTNEM,Belgium (Nemolink),60_80pct,export,export_mw_positive_magnitude_conditional_on_exporting,100.0,15706,4463,28.415892015790146,316.99694384311726,476.0,474.6656055010824,157.66866165796512,157.66866165796512,2489.377,10672,4463,571,67.94855469247422,28.415892015790146,3.635553291735642,10082.047673879415,8257.972000000005,12054.916999999996,554.8608559265068,550.0,2.0,1024.0,1000.0,1100.0,1050.0,711.0,15.930988124579878,0.0015930988124579879
wind_before_curtailment_mw,Wind before curtailment proxy,All,INTNEM,Belgium (Nemolink),highest_20pct,import,import_mw_positive_magnitude_conditional_on_importing,100.0,15710,9157,58.28771483131763,159.68771483131763,228.0,391.73036282622536,232.0426479949077,391.73036282622536,1254.3470000000002,9157,6092,461,58.28771483131763,38.77784850413749,2.934436664544876,14657.12997007133,12055.246000000005,20950.5694666664,672.0633395216774,760.0,2.0,1020.0,1000.0,1100.0,1050.0,2108.0,23.02063994758109,0.002302063994758109
wind_before_curtailment_mw,Wind before curtailment proxy,All,INTNEM,Belgium (Nemolink),highest_20pct,export,export_mw_positive_magnitude_conditional_on_exporting,100.0,15710,6092,38.77784850413749,159.68771483131763,228.0,391.73036282622536,232.0426479949077,232.0426479949077,1254.3470000000002,9157,6092,461,58.28771483131763,38.77784850413749,2.934436664544876,14657.12997007133,12055.246000000005,20950.5694666664,598.3896913985554,622.0,2.0,1024.0,1000.0,1100.0,1050.0,1220.0,20.026263952724886,0.0020026263952724883
wind_before_curtailment_mw,Wind before curtailment proxy,All,INTNSL,North Sea Link (INTNSL),lowest_20pct,import,import_mw_positive_magnitude_conditional_on_importing,100.0,13317,11861,89.06660659307651,968.601787189307,1298.0,1010.2721333633701,41.670346174063226,1010.2721333633701,6449.435,11861,1332,124,89.06660659307651,10.002252759630547,0.9311406472929339,1715.6926516116478,-115.2388,2888.24,1134.2883399376105,1396.0,2.0,1434.0,1300.0,1400.0,1350.0,4418.0,37.248124104207065,0.0037248124104207066
wind_before_curtailment_mw,Wind before curtailment proxy,All,INTNSL,North Sea Link (INTNSL),lowest_20pct,export,export_mw_positive_magnitude_conditional_on_exporting,100.0,13317,1332,10.002252759630547,968.601787189307,1298.0,1010.2721333633701,41.670346174063226,41.670346174063226,6449.435,11861,1332,124,89.06660659307651,10.002252759630547,0.9311406472929339,1715.6926516116478,-115.2388,2888.24,416.6096096096096,341.0,2.0,1280.0,0.0,100.0,50.0,426.0,31.98198198198198,0.0031981981981981985
wind_before_curtailment_mw,Wind before curtailment proxy,All,INTNSL,North Sea Link (INTNSL),20_40pct,import,import_mw_positive_magnitude_conditional_on_importing,100.0,14651,12757,87.07255477441814,957.0367892976589,1296.0,1013.9407548972766,56.90396559961777,1013.9407548972766,7010.773,12757,1554,340,87.07255477441814,10.606784519827999,2.3206607057538733,4049.9170620249747,2888.9742,5299.334,1164.4780120718037,1396.0,2.0,1846.0,1300.0,1400.0,1350.0,5286.0,41.43607431214235,0.004143607431214235
wind_before_curtailment_mw,Wind before curtailment proxy,All,INTNSL,North Sea Link (INTNSL),20_40pct,export,export_mw_positive_magnitude_conditional_on_exporting,100.0,14651,1554,10.606784519827999,957.0367892976589,1296.0,1013.9407548972766,56.90396559961777,56.90396559961777,7010.773,12757,1554,340,87.07255477441814,10.606784519827999,2.3206607057538733,4049.9170620249747,2888.9742,5299.334,536.4864864864865,518.0,2.0,1412.0,0.0,100.0,50.0,396.0,25.482625482625483,0.002548262548262548
wind_before_curtailment_mw,Wind before curtailment proxy,All,INTNSL,North Sea Link (INTNSL),40_60pct,import,import_mw_positive_magnitude_conditional_on_importing,100.0,15132,12985,85.81152524451493,903.2142479513614,1200.0,964.3156225218081,61.10137457044674,964.3156225218081,6833.718999999999,12985,1634,513,85.81152524451493,10.798308220988634,3.3901665344964313,6711.021666435463,5299.447999999998,8257.739600000003,1123.7600308047747,1298.0,2.0,1428.0,1300.0,1400.0,1350.0,5123.0,39.4532152483635,0.00394532152483635
wind_before_curtailment_mw,Wind before curtailment proxy,All,INTNSL,North Sea Link (INTNSL),40_60pct,export,export_mw_positive_magnitude_conditional_on_exporting,100.0,15132,1634,10.798308220988634,903.2142479513614,1200.0,964.3156225218081,61.10137457044674,61.10137457044674,6833.718999999999,12985,1634,513,85.81152524451493,10.798308220988634,3.3901665344964313,6711.021666435463,5299.447999999998,8257.739600000003,565.8421052631579,588.0,2.0,1454.0,0.0,100.0,50.0,399.0,24.418604651162788,0.002441860465116279
wind_before_curtailment_mw,Wind before curtailment proxy,All,INTNSL,North Sea Link (INTNSL),60_80pct,import,import_mw_positive_magnitude_conditional_on_importing,100.0,15298,12887,84.23976990456269,820.5356255719702,1050.0,892.1555758922735,71.6199503203033,892.1555758922735,6276.277,12887,2028,383,84.23976990456269,13.25663485422931,2.503595241208001,10090.918111383848,8257.972000000005,12054.916999999996,1059.0669667106386,1098.0,2.0,1416.0,1300.0,1400.0,1350.0,5030.0,39.0315822146349,0.0039031582214634902
wind_before_curtailment_mw,Wind before curtailment proxy,All,INTNSL,North Sea Link (INTNSL),60_80pct,export,export_mw_positive_magnitude_conditional_on_exporting,100.0,15298,2028,13.25663485422931,820.5356255719702,1050.0,892.1555758922735,71.6199503203033,71.6199503203033,6276.277,12887,2028,383,84.23976990456269,13.25663485422931,2.503595241208001,10090.918111383848,8257.972000000005,12054.916999999996,540.2573964497042,515.0,2.0,1454.0,0.0,100.0,50.0,469.0,23.126232741617354,0.0023126232741617356
wind_before_curtailment_mw,Wind before curtailment proxy,All,INTNSL,North Sea Link (INTNSL),highest_20pct,import,import_mw_positive_magnitude_conditional_on_importing,100.0,15684,11586,73.87146136189747,574.9734761540424,698.0,730.881662841112,155.90818668706962,730.881662841112,4508.942,11586,3580,518,73.87146136189747,22.825809742412652,3.302728895689875,14660.497290348165,12055.246000000005,20950.5694666664,989.3965130329708,1096.0,2.0,1420.0,1300.0,1400.0,1350.0,4225.0,36.46642499568445,0.003646642499568445
wind_before_curtailment_mw,Wind before curtailment proxy,All,INTNSL,North Sea Link (INTNSL),highest_20pct,export,export_mw_positive_magnitude_conditional_on_exporting,100.0,15684,3580,22.825809742412652,574.9734761540424,698.0,730.881662841112,155.90818668706962,155.90818668706962,4508.942,11586,3580,518,73.87146136189747,22.825809742412652,3.302728895689875,14660.497290348165,12055.246000000005,20950.5694666664,683.0346368715084,701.0,2.0,1454.0,0.0,100.0,50.0,439.0,12.262569832402233,0.0012262569832402234
wind_before_curtailment_mw,Wind before curtailment proxy,All,INTVKL,Denmark (Viking link),lowest_20pct,import,import_mw_positive_magnitude_conditional_on_importing,100.0,5436,3821,70.2906548933039,454.3708609271523,698.0,597.3351729212657,142.96431199411333,597.3351729212657,1234.98,3821,1295,320,70.2906548933039,23.822663723325974,5.886681383370125,1776.5951910455499,-114.5882,2888.1594,849.8073802669459,926.0,2.0,1428.0,900.0,1000.0,950.0,1070.0,28.00314053912588,0.0028003140539125883
wind_before_curtailment_mw,Wind before curtailment proxy,All,INTVKL,Denmark (Viking link),lowest_20pct,export,export_mw_positive_magnitude_conditional_on_exporting,100.0,5436,1295,23.822663723325974,454.3708609271523,698.0,597.3351729212657,142.96431199411333,142.96431199411333,1234.98,3821,1295,320,70.2906548933039,23.822663723325974,5.886681383370125,1776.5951910455499,-114.5882,2888.1594,600.1189189189189,590.0,2.0,1250.0,1000.0,1100.0,1050.0,279.0,21.544401544401545,0.0021544401544401543
wind_before_curtailment_mw,Wind before curtailment proxy,All,INTVKL,Denmark (Viking link),20_40pct,import,import_mw_positive_magnitude_conditional_on_importing,100.0,6511,4068,62.47888189218246,335.27292274612194,520.0,528.4386422976502,193.16571955152818,528.4386422976502,1091.481,4068,1912,531,62.47888189218246,29.36568883428045,8.155429273537091,4054.4742779364037,2889.092999999999,5299.1068000000005,845.787610619469,932.0,2.0,1428.0,900.0,1000.0,950.0,1177.0,28.93313667649951,0.002893313667649951
wind_before_curtailment_mw,Wind before curtailment proxy,All,INTVKL,Denmark (Viking link),20_40pct,export,export_mw_positive_magnitude_conditional_on_exporting,100.0,6511,1912,29.36568883428045,335.27292274612194,520.0,528.4386422976502,193.16571955152818,193.16571955152818,1091.481,4068,1912,531,62.47888189218246,29.36568883428045,8.155429273537091,4054.4742779364037,2889.092999999999,5299.1068000000005,657.7939330543933,696.0,2.0,1454.0,1000.0,1100.0,1050.0,533.0,27.876569037656907,0.0027876569037656907
wind_before_curtailment_mw,Wind before curtailment proxy,All,INTVKL,Denmark (Viking link),40_60pct,import,import_mw_positive_magnitude_conditional_on_importing,100.0,7105,4355,61.29486277269528,325.09584799437016,440.0,521.785503166784,196.68965517241378,521.785503166784,1154.903,4355,2092,658,61.29486277269528,29.44405348346235,9.261083743842365,6744.086578308894,5299.447999999998,8257.739600000003,851.2711825487945,896.0,2.0,1430.0,900.0,1000.0,950.0,946.0,21.72215843857635,0.002172215843857635
wind_before_curtailment_mw,Wind before curtailment proxy,All,INTVKL,Denmark (Viking link),40_60pct,export,export_mw_positive_magnitude_conditional_on_exporting,100.0,7105,2092,29.44405348346235,325.09584799437016,440.0,521.785503166784,196.68965517241378,196.68965517241378,1154.903,4355,2092,658,61.29486277269528,29.44405348346235,9.261083743842365,6744.086578308894,5299.447999999998,8257.739600000003,668.0114722753347,700.0,2.0,1452.0,1000.0,1100.0,1050.0,630.0,30.11472275334608,0.003011472275334608
wind_before_curtailment_mw,Wind before curtailment proxy,All,INTVKL,Denmark (Viking link),60_80pct,import,import_mw_positive_magnitude_conditional_on_importing,100.0,7202,4409,61.21910580394335,352.90697028603165,534.0,578.6648153290753,225.7578450430436,578.6648153290753,1270.818,4409,2379,414,61.21910580394335,33.03249097472924,5.748403221327409,10073.701616320426,8258.315799999997,12054.916999999996,945.2356543433885,988.0,2.0,1436.0,1400.0,1500.0,1450.0,1151.0,26.105692900884552,0.002610569290088455
wind_before_curtailment_mw,Wind before curtailment proxy,All,INTVKL,Denmark (Viking link),60_80pct,export,export_mw_positive_magnitude_conditional_on_exporting,100.0,7202,2379,33.03249097472924,352.90697028603165,534.0,578.6648153290753,225.7578450430436,225.7578450430436,1270.818,4409,2379,414,61.21910580394335,33.03249097472924,5.748403221327409,10073.701616320426,8258.315799999997,12054.916999999996,683.4417822614544,724.0,2.0,1454.0,1000.0,1100.0,1050.0,681.0,28.625472887767973,0.002862547288776797
wind_before_curtailment_mw,Wind before curtailment proxy,All,INTVKL,Denmark (Viking link),highest_20pct,import,import_mw_positive_magnitude_conditional_on_importing,100.0,8690,5263,60.5638665132336,323.5081703107019,456.0,567.2255466052934,243.71737629459147,567.2255466052934,1405.6429999999998,5263,2947,480,60.5638665132336,33.912543153049484,5.523590333716916,15113.54079813331,12056.089733333209,20950.5694666664,936.5741972259168,986.0,2.0,2480.0,1400.0,1500.0,1450.0,1405.0,26.695800874026222,0.002669580087402622
wind_before_curtailment_mw,Wind before curtailment proxy,All,INTVKL,Denmark (Viking link),highest_20pct,export,export_mw_positive_magnitude_conditional_on_exporting,100.0,8690,2947,33.912543153049484,323.5081703107019,456.0,567.2255466052934,243.71737629459147,243.71737629459147,1405.6429999999998,5263,2947,480,60.5638665132336,33.912543153049484,5.523590333716916,15113.54079813331,12056.089733333209,20950.5694666664,718.6644044791313,784.0,2.0,1456.0,1000.0,1100.0,1050.0,972.0,32.982694265354596,0.0032982694265354597
wind_before_curtailment_mw,Wind before curtailment proxy,Winter,TOTAL_GB_INTERCONNECTORS,GB interconnector fleet total,lowest_20pct,import,import_mw_positive_magnitude_conditional_on_importing,100.0,3763,3373,89.63592878022854,3468.048897156524,3968.0,3636.5766675524847,168.52777039596066,3636.5766675524847,6525.134,3373,390,0,89.63592878022854,10.364071219771459,0.0,3092.811166914536,-114.5882,5265.4885333334,4057.0524755410615,4254.0,2.0,8568.0,4600.0,4700.0,4650.0,100.0,2.964719833975689,0.0002964719833975689
wind_before_curtailment_mw,Wind before curtailment proxy,Winter,TOTAL_GB_INTERCONNECTORS,GB interconnector fleet total,lowest_20pct,export,export_mw_positive_magnitude_conditional_on_exporting,100.0,3763,390,10.364071219771459,3468.048897156524,3968.0,3636.5766675524847,168.52777039596066,168.52777039596066,6525.134,3373,390,0,89.63592878022854,10.364071219771459,0.0,3092.811166914536,-114.5882,5265.4885333334,1626.076923076923,1359.0,16.0,6584.0,900.0,1000.0,950.0,22.0,5.641025641025641,0.0005641025641025641
wind_before_curtailment_mw,Wind before curtailment proxy,Winter,TOTAL_GB_INTERCONNECTORS,GB interconnector fleet total,20_40pct,import,import_mw_positive_magnitude_conditional_on_importing,100.0,3760,3116,82.87234042553192,2690.9175531914893,2877.0,2971.3984042553193,280.4808510638298,2971.3984042553193,5058.924999999999,3116,642,2,82.87234042553192,17.074468085106385,0.05319148936170213,6860.594379584847,5265.9838000000045,8427.633199999998,3585.512836970475,3572.0,2.0,8862.0,2700.0,2800.0,2750.0,66.0,2.1181001283697047,0.00021181001283697047
wind_before_curtailment_mw,Wind before curtailment proxy,Winter,TOTAL_GB_INTERCONNECTORS,GB interconnector fleet total,20_40pct,export,export_mw_positive_magnitude_conditional_on_exporting,100.0,3760,642,17.074468085106385,2690.9175531914893,2877.0,2971.3984042553193,280.4808510638298,280.4808510638298,5058.924999999999,3116,642,2,82.87234042553192,17.074468085106385,0.05319148936170213,6860.594379584847,5265.9838000000045,8427.633199999998,1642.6915887850466,1333.0,4.0,6774.0,100.0,200.0,150.0,36.0,5.607476635514018,0.0005607476635514019
wind_before_curtailment_mw,Wind before curtailment proxy,Winter,TOTAL_GB_INTERCONNECTORS,GB interconnector fleet total,40_60pct,import,import_mw_positive_magnitude_conditional_on_importing,100.0,3755,3186,84.8468708388815,2971.1818908122505,3120.0,3176.1501997336886,204.96830892143808,3176.1501997336886,5578.394,3186,569,0,84.8468708388815,15.153129161118509,0.0,9955.992600624486,8427.725800000879,11376.034466665877,3743.3910860012556,3775.0,4.0,8366.0,4900.0,5000.0,4950.0,65.0,2.0401757689893283,0.00020401757689893284
wind_before_curtailment_mw,Wind before curtailment proxy,Winter,TOTAL_GB_INTERCONNECTORS,GB interconnector fleet total,40_60pct,export,export_mw_positive_magnitude_conditional_on_exporting,100.0,3755,569,15.153129161118509,2971.1818908122505,3120.0,3176.1501997336886,204.96830892143808,204.96830892143808,5578.394,3186,569,0,84.8468708388815,15.153129161118509,0.0,9955.992600624486,8427.725800000879,11376.034466665877,1352.646748681898,1048.0,6.0,6634.0,500.0,600.0,550.0,38.0,6.6783831282952555,0.0006678383128295255
wind_before_curtailment_mw,Wind before curtailment proxy,Winter,TOTAL_GB_INTERCONNECTORS,GB interconnector fleet total,60_80pct,import,import_mw_positive_magnitude_conditional_on_importing,100.0,3761,3130,83.22254719489499,2631.358681201808,2694.0,2868.7136399893643,237.3549587875565,2868.7136399893643,4948.2699999999995,3130,627,4,83.22254719489499,16.671098112204202,0.10635469290082426,12805.892106875895,11376.3726,14207.466000000006,3447.038977635783,3395.0,8.0,8438.0,2000.0,2100.0,2050.0,73.0,2.3322683706070286,0.00023322683706070285
wind_before_curtailment_mw,Wind before curtailment proxy,Winter,TOTAL_GB_INTERCONNECTORS,GB interconnector fleet total,60_80pct,export,export_mw_positive_magnitude_conditional_on_exporting,100.0,3761,627,16.671098112204202,2631.358681201808,2694.0,2868.7136399893643,237.3549587875565,237.3549587875565,4948.2699999999995,3130,627,4,83.22254719489499,16.671098112204202,0.10635469290082426,12805.892106875895,11376.3726,14207.466000000006,1423.751196172249,1206.0,2.0,4914.0,400.0,500.0,450.0,38.0,6.0606060606060606,0.0006060606060606061
wind_before_curtailment_mw,Wind before curtailment proxy,Winter,TOTAL_GB_INTERCONNECTORS,GB interconnector fleet total,highest_20pct,import,import_mw_positive_magnitude_conditional_on_importing,100.0,3760,2753,73.21808510638299,2066.7026595744683,2236.0,2607.592021276596,540.8893617021276,2607.592021276596,3885.401,2753,1007,0,73.21808510638299,26.78191489361702,0.0,16126.08072835652,14207.83033333334,20432.2055777778,3561.4042862332003,3540.0,2.0,8376.0,5800.0,5900.0,5850.0,72.0,2.615328732292045,0.0002615328732292045
wind_before_curtailment_mw,Wind before curtailment proxy,Winter,TOTAL_GB_INTERCONNECTORS,GB interconnector fleet total,highest_20pct,export,export_mw_positive_magnitude_conditional_on_exporting,100.0,3760,1007,26.78191489361702,2066.7026595744683,2236.0,2607.592021276596,540.8893617021276,540.8893617021276,3885.401,2753,1007,0,73.21808510638299,26.78191489361702,0.0,16126.08072835652,14207.83033333334,20432.2055777778,2019.6067527308837,1846.0,2.0,5558.0,0.0,100.0,50.0,42.0,4.1708043694141015,0.00041708043694141015
wind_before_curtailment_mw,Wind before curtailment proxy,Winter,INTELEC,Eleclink (INTELEC),lowest_20pct,import,import_mw_positive_magnitude_conditional_on_importing,100.0,2829,1618,57.19335454224107,359.8168964298339,210.0,418.29904559915167,58.48214916931778,418.29904559915167,508.961,1618,392,819,57.19335454224107,13.856486390950867,28.950159066808055,3169.5918604098265,-114.5882,5265.4885333334,731.3770086526577,952.0,2.0,1000.0,900.0,1000.0,950.0,825.0,50.988875154511746,0.005098887515451175
wind_before_curtailment_mw,Wind before curtailment proxy,Winter,INTELEC,Eleclink (INTELEC),lowest_20pct,export,export_mw_positive_magnitude_conditional_on_exporting,100.0,2829,392,13.856486390950867,359.8168964298339,210.0,418.29904559915167,58.48214916931778,58.48214916931778,508.961,1618,392,819,57.19335454224107,13.856486390950867,28.950159066808055,3169.5918604098265,-114.5882,5265.4885333334,422.0561224489796,294.0,2.0,1024.0,0.0,100.0,50.0,87.0,22.193877551020407,0.002219387755102041
wind_before_curtailment_mw,Wind before curtailment proxy,Winter,INTELEC,Eleclink (INTELEC),20_40pct,import,import_mw_positive_magnitude_conditional_on_importing,100.0,2814,1795,63.78820184790334,347.62473347547973,376.0,457.7398720682303,110.11513859275053,457.7398720682303,489.108,1795,572,447,63.78820184790334,20.326936744847192,15.884861407249467,6903.112846211451,5265.9838000000045,8427.633199999998,717.5933147632312,898.0,2.0,1002.0,900.0,1000.0,950.0,855.0,47.63231197771588,0.004763231197771588
wind_before_curtailment_mw,Wind before curtailment proxy,Winter,INTELEC,Eleclink (INTELEC),20_40pct,export,export_mw_positive_magnitude_conditional_on_exporting,100.0,2814,572,20.326936744847192,347.62473347547973,376.0,457.7398720682303,110.11513859275053,110.11513859275053,489.108,1795,572,447,63.78820184790334,20.326936744847192,15.884861407249467,6903.112846211451,5265.9838000000045,8427.633199999998,541.7202797202797,504.0,2.0,1024.0,1000.0,1100.0,1050.0,134.0,23.426573426573427,0.0023426573426573428
wind_before_curtailment_mw,Wind before curtailment proxy,Winter,INTELEC,Eleclink (INTELEC),40_60pct,import,import_mw_positive_magnitude_conditional_on_importing,100.0,2870,1831,63.79790940766551,387.26132404181186,436.0,476.406968641115,89.14564459930314,476.406968641115,555.72,1831,518,521,63.79790940766551,18.048780487804876,18.153310104529616,9931.952764231688,8427.725800000879,11376.034466665877,746.7438558164937,944.0,2.0,1002.0,900.0,1000.0,950.0,943.0,51.50191152375751,0.00515019115237575
wind_before_curtailment_mw,Wind before curtailment proxy,Winter,INTELEC,Eleclink (INTELEC),40_60pct,export,export_mw_positive_magnitude_conditional_on_exporting,100.0,2870,518,18.048780487804876,387.26132404181186,436.0,476.406968641115,89.14564459930314,89.14564459930314,555.72,1831,518,521,63.79790940766551,18.048780487804876,18.153310104529616,9931.952764231688,8427.725800000879,11376.034466665877,493.9150579150579,400.0,2.0,1024.0,1000.0,1100.0,1050.0,98.0,18.91891891891892,0.001891891891891892
wind_before_curtailment_mw,Wind before curtailment proxy,Winter,INTELEC,Eleclink (INTELEC),60_80pct,import,import_mw_positive_magnitude_conditional_on_importing,100.0,2498,1506,60.28823058446757,375.4955964771817,282.0,428.42514011208965,52.92954363490793,428.42514011208965,468.994,1506,398,594,60.28823058446757,15.932746196957567,23.77902321857486,12780.549076845575,11376.3726,14205.201007471338,710.6281540504648,890.0,2.0,1000.0,900.0,1000.0,950.0,706.0,46.87915006640107,0.004687915006640107
wind_before_curtailment_mw,Wind before curtailment proxy,Winter,INTELEC,Eleclink (INTELEC),60_80pct,export,export_mw_positive_magnitude_conditional_on_exporting,100.0,2498,398,15.932746196957567,375.4955964771817,282.0,428.42514011208965,52.92954363490793,52.92954363490793,468.994,1506,398,594,60.28823058446757,15.932746196957567,23.77902321857486,12780.549076845575,11376.3726,14205.201007471338,332.20603015075375,284.0,2.0,1024.0,100.0,200.0,150.0,84.0,21.105527638190953,0.0021105527638190956
wind_before_curtailment_mw,Wind before curtailment proxy,Winter,INTELEC,Eleclink (INTELEC),highest_20pct,import,import_mw_positive_magnitude_conditional_on_importing,100.0,3484,1821,52.26750861079219,248.91044776119404,51.0,360.7675086107922,111.85706084959816,360.7675086107922,433.602,1821,792,871,52.26750861079219,22.732491389207805,25.0,16243.425947939297,14207.83033333334,20432.2055777778,690.232839099396,888.0,2.0,1000.0,900.0,1000.0,950.0,857.0,47.062053816584296,0.0047062053816584294
wind_before_curtailment_mw,Wind before curtailment proxy,Winter,INTELEC,Eleclink (INTELEC),highest_20pct,export,export_mw_positive_magnitude_conditional_on_exporting,100.0,3484,792,22.732491389207805,248.91044776119404,51.0,360.7675086107922,111.85706084959816,111.85706084959816,433.602,1821,792,871,52.26750861079219,22.732491389207805,25.0,16243.425947939297,14207.83033333334,20432.2055777778,492.05808080808083,455.0,2.0,1024.0,0.0,100.0,50.0,128.0,16.161616161616163,0.0016161616161616164
wind_before_curtailment_mw,Wind before curtailment proxy,Winter,INTEW,Ireland(East-West),lowest_20pct,import,import_mw_positive_magnitude_conditional_on_importing,100.0,3763,1059,28.142439542917884,-97.39197448844007,-2.0,76.52245548764284,173.9144299760829,76.52245548764284,-183.243,1059,1891,813,28.142439542917884,50.252458145097,21.60510231198512,3092.811166914536,-114.5882,5265.4885333334,271.9112370160529,284.0,2.0,504.0,0.0,100.0,50.0,311.0,29.367327667610954,0.002936732766761095
wind_before_curtailment_mw,Wind before curtailment proxy,Winter,INTEW,Ireland(East-West),lowest_20pct,export,export_mw_positive_magnitude_conditional_on_exporting,100.0,3763,1891,50.252458145097,-97.39197448844007,-2.0,76.52245548764284,173.9144299760829,173.9144299760829,-183.243,1059,1891,813,28.142439542917884,50.252458145097,21.60510231198512,3092.811166914536,-114.5882,5265.4885333334,346.081438392385,408.0,2.0,532.0,500.0,600.0,550.0,797.0,42.147012162876784,0.004214701216287678
wind_before_curtailment_mw,Wind before curtailment proxy,Winter,INTEW,Ireland(East-West),20_40pct,import,import_mw_positive_magnitude_conditional_on_importing,100.0,3760,948,25.21276595744681,-97.04042553191489,0.0,58.943617021276594,155.9840425531915,58.943617021276594,-182.436,948,1849,963,25.21276595744681,49.17553191489362,25.611702127659576,6860.594379584847,5265.9838000000045,8427.633199999998,233.78481012658227,195.0,2.0,504.0,0.0,100.0,50.0,319.0,33.64978902953587,0.0033649789029535863
wind_before_curtailment_mw,Wind before curtailment proxy,Winter,INTEW,Ireland(East-West),20_40pct,export,export_mw_positive_magnitude_conditional_on_exporting,100.0,3760,1849,49.17553191489362,-97.04042553191489,0.0,58.943617021276594,155.9840425531915,155.9840425531915,-182.436,948,1849,963,25.21276595744681,49.17553191489362,25.611702127659576,6860.594379584847,5265.9838000000045,8427.633199999998,317.1984856679286,346.0,2.0,532.0,500.0,600.0,550.0,693.0,37.47971876690103,0.0037479718766901026
wind_before_curtailment_mw,Wind before curtailment proxy,Winter,INTEW,Ireland(East-West),40_60pct,import,import_mw_positive_magnitude_conditional_on_importing,100.0,3755,811,21.59786950732357,-124.05272969374168,-10.0,52.58055925432756,176.63328894806924,52.58055925432756,-232.90900000000002,811,1948,996,21.59786950732357,51.87749667110519,26.524633821571236,9955.992600624486,8427.725800000879,11376.034466665877,243.4525277435265,210.0,2.0,504.0,0.0,100.0,50.0,259.0,31.935881627620223,0.003193588162762022
wind_before_curtailment_mw,Wind before curtailment proxy,Winter,INTEW,Ireland(East-West),40_60pct,export,export_mw_positive_magnitude_conditional_on_exporting,100.0,3755,1948,51.87749667110519,-124.05272969374168,-10.0,52.58055925432756,176.63328894806924,176.63328894806924,-232.90900000000002,811,1948,996,21.59786950732357,51.87749667110519,26.524633821571236,9955.992600624486,8427.725800000879,11376.034466665877,340.4815195071869,411.0,2.0,532.0,500.0,600.0,550.0,822.0,42.19712525667351,0.004219712525667351
wind_before_curtailment_mw,Wind before curtailment proxy,Winter,INTEW,Ireland(East-West),60_80pct,import,import_mw_positive_magnitude_conditional_on_importing,100.0,3761,1079,28.68917840999734,-61.16990162190907,0.0,74.57325179473544,135.7431534166445,74.57325179473544,-115.03000000000002,1079,1672,1010,28.68917840999734,44.45626163254454,26.854559957458125,12805.892106875895,11376.3726,14207.466000000006,259.935125115848,246.0,2.0,504.0,0.0,100.0,50.0,309.0,28.637627432808156,0.0028637627432808155
wind_before_curtailment_mw,Wind before curtailment proxy,Winter,INTEW,Ireland(East-West),60_80pct,export,export_mw_positive_magnitude_conditional_on_exporting,100.0,3761,1672,44.45626163254454,-61.16990162190907,0.0,74.57325179473544,135.7431534166445,135.7431534166445,-115.03000000000002,1079,1672,1010,28.68917840999734,44.45626163254454,26.854559957458125,12805.892106875895,11376.3726,14207.466000000006,305.34090909090907,328.0,2.0,532.0,500.0,600.0,550.0,592.0,35.406698564593306,0.0035406698564593303
wind_before_curtailment_mw,Wind before curtailment proxy,Winter,INTEW,Ireland(East-West),highest_20pct,import,import_mw_positive_magnitude_conditional_on_importing,100.0,3760,1108,29.46808510638298,-57.4281914893617,0.0,65.79361702127659,123.2218085106383,65.79361702127659,-107.96500000000002,1108,1561,1091,29.46808510638298,41.51595744680851,29.01595744680851,16126.08072835652,14207.83033333334,20432.2055777778,223.27075812274367,202.0,2.0,504.0,0.0,100.0,50.0,355.0,32.03971119133574,0.003203971119133574
wind_before_curtailment_mw,Wind before curtailment proxy,Winter,INTEW,Ireland(East-West),highest_20pct,export,export_mw_positive_magnitude_conditional_on_exporting,100.0,3760,1561,41.51595744680851,-57.4281914893617,0.0,65.79361702127659,123.2218085106383,123.2218085106383,-107.96500000000002,1108,1561,1091,29.46808510638298,41.51595744680851,29.01595744680851,16126.08072835652,14207.83033333334,20432.2055777778,296.8058936579116,306.0,2.0,532.0,500.0,600.0,550.0,502.0,32.15887251761691,0.003215887251761691
wind_before_curtailment_mw,Wind before curtailment proxy,Winter,INTFR,France(IFA),lowest_20pct,import,import_mw_positive_magnitude_conditional_on_importing,100.0,3763,2909,77.30534148285942,804.977943130481,972.0,924.808929045974,119.83098591549296,924.808929045974,1514.5659999999998,2909,843,11,77.30534148285942,22.402338559659846,0.29231995748073347,3092.811166914536,-114.5882,5265.4885333334,1196.3066345823306,1060.0,2.0,2040.0,2000.0,2100.0,2050.0,496.0,17.05053282915091,0.001705053282915091
wind_before_curtailment_mw,Wind before curtailment proxy,Winter,INTFR,France(IFA),lowest_20pct,export,export_mw_positive_magnitude_conditional_on_exporting,100.0,3763,843,22.402338559659846,804.977943130481,972.0,924.808929045974,119.83098591549296,119.83098591549296,1514.5659999999998,2909,843,11,77.30534148285942,22.402338559659846,0.29231995748073347,3092.811166914536,-114.5882,5265.4885333334,534.9039145907474,506.0,2.0,2038.0,500.0,600.0,550.0,136.0,16.132858837485173,0.0016132858837485172
wind_before_curtailment_mw,Wind before curtailment proxy,Winter,INTFR,France(IFA),20_40pct,import,import_mw_positive_magnitude_conditional_on_importing,100.0,3760,2623,69.76063829787233,626.311170212766,736.0,807.3654255319149,181.05425531914895,807.3654255319149,1177.4650000000001,2623,1128,9,69.76063829787233,30.0,0.23936170212765956,6860.594379584847,5265.9838000000045,8427.633199999998,1157.336637438048,1082.0,2.0,2010.0,2000.0,2100.0,2050.0,301.0,11.475409836065573,0.0011475409836065574
wind_before_curtailment_mw,Wind before curtailment proxy,Winter,INTFR,France(IFA),20_40pct,export,export_mw_positive_magnitude_conditional_on_exporting,100.0,3760,1128,30.0,626.311170212766,736.0,807.3654255319149,181.05425531914895,181.05425531914895,1177.4650000000001,2623,1128,9,69.76063829787233,30.0,0.23936170212765956,6860.594379584847,5265.9838000000045,8427.633199999998,603.5141843971631,516.0,2.0,2056.0,500.0,600.0,550.0,170.0,15.070921985815602,0.0015070921985815603
wind_before_curtailment_mw,Wind before curtailment proxy,Winter,INTFR,France(IFA),40_60pct,import,import_mw_positive_magnitude_conditional_on_importing,100.0,3755,2782,74.0878828229028,701.11637816245,914.0,853.9291611185087,152.81278295605858,853.9291611185087,1316.346,2782,968,5,74.0878828229028,25.77896138482024,0.13315579227696406,9955.992600624486,8427.725800000879,11376.034466665877,1152.5895039539898,1176.0,2.0,2010.0,1500.0,1600.0,1550.0,450.0,16.175413371675056,0.0016175413371675054
wind_before_curtailment_mw,Wind before curtailment proxy,Winter,INTFR,France(IFA),40_60pct,export,export_mw_positive_magnitude_conditional_on_exporting,100.0,3755,968,25.77896138482024,701.11637816245,914.0,853.9291611185087,152.81278295605858,152.81278295605858,1316.346,2782,968,5,74.0878828229028,25.77896138482024,0.13315579227696406,9955.992600624486,8427.725800000879,11376.034466665877,592.7809917355372,516.0,2.0,2050.0,500.0,600.0,550.0,129.0,13.326446280991735,0.0013326446280991736
wind_before_curtailment_mw,Wind before curtailment proxy,Winter,INTFR,France(IFA),60_80pct,import,import_mw_positive_magnitude_conditional_on_importing,100.0,3761,2414,64.18505716564744,439.9590534432332,504.0,668.6647168306301,228.70566338739698,668.6647168306301,827.343,2414,1329,18,64.18505716564744,35.336346716298856,0.47859611805370916,12805.892106875895,11376.3726,14207.466000000006,1041.7763048881525,1006.0,2.0,2018.0,1500.0,1600.0,1550.0,378.0,15.658657829328915,0.0015658657829328915
wind_before_curtailment_mw,Wind before curtailment proxy,Winter,INTFR,France(IFA),60_80pct,export,export_mw_positive_magnitude_conditional_on_exporting,100.0,3761,1329,35.336346716298856,439.9590534432332,504.0,668.6647168306301,228.70566338739698,228.70566338739698,827.343,2414,1329,18,64.18505716564744,35.336346716298856,0.47859611805370916,12805.892106875895,11376.3726,14207.466000000006,647.2249811888638,526.0,2.0,2070.0,500.0,600.0,550.0,189.0,14.221218961625281,0.0014221218961625282
wind_before_curtailment_mw,Wind before curtailment proxy,Winter,INTFR,France(IFA),highest_20pct,import,import_mw_positive_magnitude_conditional_on_importing,100.0,3760,2364,62.87234042553192,384.6654255319149,514.0,718.8085106382979,334.14308510638296,718.8085106382979,723.1709999999999,2364,1392,4,62.87234042553192,37.02127659574468,0.10638297872340426,16126.08072835652,14207.83033333334,20432.2055777778,1143.2825719120135,1174.0,2.0,2630.0,1500.0,1600.0,1550.0,315.0,13.324873096446701,0.0013324873096446702
wind_before_curtailment_mw,Wind before curtailment proxy,Winter,INTFR,France(IFA),highest_20pct,export,export_mw_positive_magnitude_conditional_on_exporting,100.0,3760,1392,37.02127659574468,384.6654255319149,514.0,718.8085106382979,334.14308510638296,334.14308510638296,723.1709999999999,2364,1392,4,62.87234042553192,37.02127659574468,0.10638297872340426,16126.08072835652,14207.83033333334,20432.2055777778,902.5704022988506,803.0,2.0,2072.0,500.0,600.0,550.0,151.0,10.847701149425287,0.0010847701149425287
wind_before_curtailment_mw,Wind before curtailment proxy,Winter,INTGRNL,Ireland (Greenlink),lowest_20pct,import,import_mw_positive_magnitude_conditional_on_importing,100.0,371,41,11.05121293800539,-352.4851752021563,-514.0,38.36657681940701,390.85175202156336,38.36657681940701,-65.38600000000002,41,322,8,11.05121293800539,86.79245283018868,2.15633423180593,3862.3377852802796,955.9150000000004,5253.668800000001,347.1707317073171,374.0,38.0,504.0,500.0,600.0,550.0,14.0,34.146341463414636,0.003414634146341464
wind_before_curtailment_mw,Wind before curtailment proxy,Winter,INTGRNL,Ireland (Greenlink),lowest_20pct,export,export_mw_positive_magnitude_conditional_on_exporting,100.0,371,322,86.79245283018868,-352.4851752021563,-514.0,38.36657681940701,390.85175202156336,390.85175202156336,-65.38600000000002,41,322,8,11.05121293800539,86.79245283018868,2.15633423180593,3862.3377852802796,955.9150000000004,5253.668800000001,450.32919254658384,514.0,2.0,514.0,500.0,600.0,550.0,221.0,68.63354037267081,0.006863354037267081
wind_before_curtailment_mw,Wind before curtailment proxy,Winter,INTGRNL,Ireland (Greenlink),20_40pct,import,import_mw_positive_magnitude_conditional_on_importing,100.0,555,105,18.91891891891892,-293.02702702702703,-514.0,56.443243243243245,349.47027027027025,56.443243243243245,-81.31500000000001,105,433,17,18.91891891891892,78.01801801801803,3.063063063063063,6969.671042348092,5265.9838000000045,8427.633199999998,298.34285714285716,226.0,16.0,504.0,200.0,300.0,250.0,36.0,34.285714285714285,0.0034285714285714284
wind_before_curtailment_mw,Wind before curtailment proxy,Winter,INTGRNL,Ireland (Greenlink),20_40pct,export,export_mw_positive_magnitude_conditional_on_exporting,100.0,555,433,78.01801801801803,-293.02702702702703,-514.0,56.443243243243245,349.47027027027025,349.47027027027025,-81.31500000000001,105,433,17,18.91891891891892,78.01801801801803,3.063063063063063,6969.671042348092,5265.9838000000045,8427.633199999998,447.93533487297924,514.0,2.0,514.0,500.0,600.0,550.0,296.0,68.36027713625866,0.0068360277136258665
wind_before_curtailment_mw,Wind before curtailment proxy,Winter,INTGRNL,Ireland (Greenlink),40_60pct,import,import_mw_positive_magnitude_conditional_on_importing,100.0,709,85,11.988716502115656,-343.28067700987305,-514.0,34.20028208744711,377.4809590973202,34.20028208744711,-121.69300000000001,85,594,30,11.988716502115656,83.77997179125529,4.231311706629055,9938.259577206787,8427.725800000879,11376.034466665877,285.2705882352941,222.0,12.0,504.0,200.0,300.0,250.0,22.0,25.882352941176475,0.0025882352941176473
wind_before_curtailment_mw,Wind before curtailment proxy,Winter,INTGRNL,Ireland (Greenlink),40_60pct,export,export_mw_positive_magnitude_conditional_on_exporting,100.0,709,594,83.77997179125529,-343.28067700987305,-514.0,34.20028208744711,377.4809590973202,377.4809590973202,-121.69300000000001,85,594,30,11.988716502115656,83.77997179125529,4.231311706629055,9938.259577206787,8427.725800000879,11376.034466665877,450.56228956228955,514.0,2.0,514.0,500.0,600.0,550.0,402.0,67.67676767676768,0.006767676767676768
wind_before_curtailment_mw,Wind before curtailment proxy,Winter,INTGRNL,Ireland (Greenlink),60_80pct,import,import_mw_positive_magnitude_conditional_on_importing,100.0,519,92,17.726396917148364,-262.90558766859345,-418.0,54.96724470134875,317.8728323699422,54.96724470134875,-68.22400000000002,92,397,30,17.726396917148364,76.49325626204238,5.780346820809249,12570.698516948622,11383.953799999992,14205.024723808863,310.0869565217391,250.0,6.0,506.0,200.0,300.0,250.0,27.0,29.347826086956523,0.0029347826086956524
wind_before_curtailment_mw,Wind before curtailment proxy,Winter,INTGRNL,Ireland (Greenlink),60_80pct,export,export_mw_positive_magnitude_conditional_on_exporting,100.0,519,397,76.49325626204238,-262.90558766859345,-418.0,54.96724470134875,317.8728323699422,317.8728323699422,-68.22400000000002,92,397,30,17.726396917148364,76.49325626204238,5.780346820809249,12570.698516948622,11383.953799999992,14205.024723808863,415.5566750629723,514.0,2.0,514.0,500.0,600.0,550.0,214.0,53.904282115869016,0.005390428211586902
wind_before_curtailment_mw,Wind before curtailment proxy,Winter,INTGRNL,Ireland (Greenlink),highest_20pct,import,import_mw_positive_magnitude_conditional_on_importing,100.0,774,267,34.49612403100775,-180.65891472868216,-330.0,92.66925064599484,273.328165374677,92.66925064599484,-69.91500000000002,267,506,1,34.49612403100775,65.37467700258398,0.12919896640826875,17178.258053650872,14221.684799998797,20432.2055777778,268.6367041198502,200.0,12.0,506.0,200.0,300.0,250.0,93.0,34.831460674157306,0.0034831460674157304
wind_before_curtailment_mw,Wind before curtailment proxy,Winter,INTGRNL,Ireland (Greenlink),highest_20pct,export,export_mw_positive_magnitude_conditional_on_exporting,100.0,774,506,65.37467700258398,-180.65891472868216,-330.0,92.66925064599484,273.328165374677,273.328165374677,-69.91500000000002,267,506,1,34.49612403100775,65.37467700258398,0.12919896640826875,17178.258053650872,14221.684799998797,20432.2055777778,418.09486166007906,511.0,6.0,514.0,500.0,600.0,550.0,272.0,53.75494071146245,0.005375494071146245
wind_before_curtailment_mw,Wind before curtailment proxy,Winter,INTIFA2,IFA2 (INTIFA2),lowest_20pct,import,import_mw_positive_magnitude_conditional_on_importing,100.0,3763,2320,61.6529364868456,342.7222960403933,372.0,450.9752856763221,108.25298963592878,450.9752856763221,644.832,2320,1439,4,61.6529364868456,38.240765346797765,0.10629816635663034,3092.811166914536,-114.5882,5265.4885333334,731.4741379310345,899.0,2.0,992.0,900.0,1000.0,950.0,1160.0,50.0,0.005
wind_before_curtailment_mw,Wind before curtailment proxy,Winter,INTIFA2,IFA2 (INTIFA2),lowest_20pct,export,export_mw_positive_magnitude_conditional_on_exporting,100.0,3763,1439,38.240765346797765,342.7222960403933,372.0,450.9752856763221,108.25298963592878,108.25298963592878,644.832,2320,1439,4,61.6529364868456,38.240765346797765,0.10629816635663034,3092.811166914536,-114.5882,5265.4885333334,283.0826963168867,80.0,2.0,1028.0,0.0,100.0,50.0,740.0,51.424600416956224,0.005142460041695622
wind_before_curtailment_mw,Wind before curtailment proxy,Winter,INTIFA2,IFA2 (INTIFA2),20_40pct,import,import_mw_positive_magnitude_conditional_on_importing,100.0,3760,1908,50.744680851063826,192.9,30.0,341.6718085106383,148.7718085106383,341.6718085106383,362.65200000000004,1908,1846,6,50.744680851063826,49.09574468085106,0.15957446808510636,6860.594379584847,5265.9838000000045,8427.633199999998,673.3155136268343,770.0,2.0,994.0,900.0,1000.0,950.0,779.0,40.82809224318658,0.004082809224318658
wind_before_curtailment_mw,Wind before curtailment proxy,Winter,INTIFA2,IFA2 (INTIFA2),20_40pct,export,export_mw_positive_magnitude_conditional_on_exporting,100.0,3760,1846,49.09574468085106,192.9,30.0,341.6718085106383,148.7718085106383,148.7718085106383,362.65200000000004,1908,1846,6,50.744680851063826,49.09574468085106,0.15957446808510636,6860.594379584847,5265.9838000000045,8427.633199999998,303.02383531961,14.0,2.0,1030.0,0.0,100.0,50.0,1004.0,54.38786565547129,0.005438786565547129
wind_before_curtailment_mw,Wind before curtailment proxy,Winter,INTIFA2,IFA2 (INTIFA2),40_60pct,import,import_mw_positive_magnitude_conditional_on_importing,100.0,3755,2098,55.87217043941411,305.392809587217,236.0,414.0553928095872,108.66258322237017,414.0553928095872,573.375,2098,1655,2,55.87217043941411,44.0745672436751,0.05326231691078562,9955.992600624486,8427.725800000879,11376.034466665877,741.0762631077216,902.0,2.0,992.0,900.0,1000.0,950.0,1069.0,50.95328884652049,0.005095328884652049
wind_before_curtailment_mw,Wind before curtailment proxy,Winter,INTIFA2,IFA2 (INTIFA2),40_60pct,export,export_mw_positive_magnitude_conditional_on_exporting,100.0,3755,1655,44.0745672436751,305.392809587217,236.0,414.0553928095872,108.66258322237017,108.66258322237017,573.375,2098,1655,2,55.87217043941411,44.0745672436751,0.05326231691078562,9955.992600624486,8427.725800000879,11376.034466665877,246.54259818731117,4.0,2.0,1028.0,0.0,100.0,50.0,995.0,60.12084592145015,0.006012084592145015
wind_before_curtailment_mw,Wind before curtailment proxy,Winter,INTIFA2,IFA2 (INTIFA2),60_80pct,import,import_mw_positive_magnitude_conditional_on_importing,100.0,3761,1885,50.119649029513425,197.93937782504653,10.0,364.4551980856155,166.515820260569,364.4551980856155,372.225,1885,1869,7,50.119649029513425,49.694230257910135,0.18612071257644244,12805.892106875895,11376.3726,14207.466000000006,727.1702917771884,922.0,2.0,992.0,900.0,1000.0,950.0,978.0,51.88328912466843,0.005188328912466843
wind_before_curtailment_mw,Wind before curtailment proxy,Winter,INTIFA2,IFA2 (INTIFA2),60_80pct,export,export_mw_positive_magnitude_conditional_on_exporting,100.0,3761,1869,49.694230257910135,197.93937782504653,10.0,364.4551980856155,166.515820260569,166.515820260569,372.225,1885,1869,7,50.119649029513425,49.694230257910135,0.18612071257644244,12805.892106875895,11376.3726,14207.466000000006,335.08079186730873,82.0,2.0,1028.0,0.0,100.0,50.0,956.0,51.150347779561265,0.005115034777956127
wind_before_curtailment_mw,Wind before curtailment proxy,Winter,INTIFA2,IFA2 (INTIFA2),highest_20pct,import,import_mw_positive_magnitude_conditional_on_importing,100.0,3760,1586,42.18085106382979,112.81276595744681,-4.0,280.4457446808511,167.63297872340425,280.4457446808511,212.08800000000002,1586,2173,1,42.18085106382979,57.79255319148936,0.026595744680851064,16126.08072835652,14207.83033333334,20432.2055777778,664.8650693568726,774.0,2.0,992.0,900.0,1000.0,950.0,642.0,40.47919293820933,0.004047919293820933
wind_before_curtailment_mw,Wind before curtailment proxy,Winter,INTIFA2,IFA2 (INTIFA2),highest_20pct,export,export_mw_positive_magnitude_conditional_on_exporting,100.0,3760,2173,57.79255319148936,112.81276595744681,-4.0,280.4457446808511,167.63297872340425,167.63297872340425,212.08800000000002,1586,2173,1,42.18085106382979,57.79255319148936,0.026595744680851064,16126.08072835652,14207.83033333334,20432.2055777778,290.05982512655316,4.0,2.0,1030.0,0.0,100.0,50.0,1241.0,57.10998619420157,0.005710998619420157
wind_before_curtailment_mw,Wind before curtailment proxy,Winter,INTIRL,Northern Ireland(Moyle),lowest_20pct,import,import_mw_positive_magnitude_conditional_on_importing,100.0,3763,1425,37.86872176454956,-111.61307467446187,-180.0,95.72947116662237,207.34254584108425,95.72947116662237,-210.00000000000003,1425,2254,84,37.86872176454956,59.8990167419612,2.2322614934892373,3092.811166914536,-114.5882,5265.4885333334,252.79298245614035,280.0,2.0,404.0,300.0,400.0,350.0,334.0,23.43859649122807,0.002343859649122807
wind_before_curtailment_mw,Wind before curtailment proxy,Winter,INTIRL,Northern Ireland(Moyle),lowest_20pct,export,export_mw_positive_magnitude_conditional_on_exporting,100.0,3763,2254,59.8990167419612,-111.61307467446187,-180.0,95.72947116662237,207.34254584108425,207.34254584108425,-210.00000000000003,1425,2254,84,37.86872176454956,59.8990167419612,2.2322614934892373,3092.811166914536,-114.5882,5265.4885333334,346.15350488021295,428.0,2.0,456.0,400.0,500.0,450.0,1251.0,55.50133096716947,0.0055501330967169474
wind_before_curtailment_mw,Wind before curtailment proxy,Winter,INTIRL,Northern Ireland(Moyle),20_40pct,import,import_mw_positive_magnitude_conditional_on_importing,100.0,3760,1302,34.62765957446808,-124.82287234042553,-199.0,87.2468085106383,212.06968085106382,87.2468085106383,-234.66700000000003,1302,2400,58,34.62765957446808,63.829787234042556,1.5425531914893618,6860.594379584847,5265.9838000000045,8427.633199999998,251.95698924731184,271.0,2.0,404.0,200.0,300.0,250.0,333.0,25.57603686635945,0.0025576036866359446
wind_before_curtailment_mw,Wind before curtailment proxy,Winter,INTIRL,Northern Ireland(Moyle),20_40pct,export,export_mw_positive_magnitude_conditional_on_exporting,100.0,3760,2400,63.829787234042556,-124.82287234042553,-199.0,87.2468085106383,212.06968085106382,212.06968085106382,-234.66700000000003,1302,2400,58,34.62765957446808,63.829787234042556,1.5425531914893618,6860.594379584847,5265.9838000000045,8427.633199999998,332.2425,409.0,2.0,456.0,400.0,500.0,450.0,1238.0,51.583333333333336,0.005158333333333333
wind_before_curtailment_mw,Wind before curtailment proxy,Winter,INTIRL,Northern Ireland(Moyle),40_60pct,import,import_mw_positive_magnitude_conditional_on_importing,100.0,3755,1162,30.945406125166446,-153.38801597869508,-266.0,73.2,226.58801597869507,73.2,-287.98600000000005,1162,2526,67,30.945406125166446,67.27030625832224,1.7842876165113184,9955.992600624486,8427.725800000879,11376.034466665877,236.54561101549052,272.0,2.0,402.0,200.0,300.0,250.0,385.0,33.13253012048193,0.0033132530120481927
wind_before_curtailment_mw,Wind before curtailment proxy,Winter,INTIRL,Northern Ireland(Moyle),40_60pct,export,export_mw_positive_magnitude_conditional_on_exporting,100.0,3755,2526,67.27030625832224,-153.38801597869508,-266.0,73.2,226.58801597869507,226.58801597869507,-287.98600000000005,1162,2526,67,30.945406125166446,67.27030625832224,1.7842876165113184,9955.992600624486,8427.725800000879,11376.034466665877,336.8321456848773,398.0,2.0,456.0,400.0,500.0,450.0,1259.0,49.84164687252573,0.004984164687252573
wind_before_curtailment_mw,Wind before curtailment proxy,Winter,INTIRL,Northern Ireland(Moyle),60_80pct,import,import_mw_positive_magnitude_conditional_on_importing,100.0,3761,1552,41.265620845519805,-77.04333953735708,-74.0,93.26083488433927,170.30417442169636,93.26083488433927,-144.88,1552,2126,83,41.265620845519805,56.527519276788084,2.206859877692103,12805.892106875895,11376.3726,14207.466000000006,226.0012886597938,268.0,2.0,400.0,200.0,300.0,250.0,654.0,42.13917525773196,0.004213917525773196
wind_before_curtailment_mw,Wind before curtailment proxy,Winter,INTIRL,Northern Ireland(Moyle),60_80pct,export,export_mw_positive_magnitude_conditional_on_exporting,100.0,3761,2126,56.527519276788084,-77.04333953735708,-74.0,93.26083488433927,170.30417442169636,170.30417442169636,-144.88,1552,2126,83,41.265620845519805,56.527519276788084,2.206859877692103,12805.892106875895,11376.3726,14207.466000000006,301.27657572906867,331.0,2.0,456.0,400.0,500.0,450.0,793.0,37.30009407337723,0.0037300094073377233
wind_before_curtailment_mw,Wind before curtailment proxy,Winter,INTIRL,Northern Ireland(Moyle),highest_20pct,import,import_mw_positive_magnitude_conditional_on_importing,100.0,3760,1471,39.12234042553192,-76.60372340425532,-74.0,92.97765957446809,169.5813829787234,92.97765957446809,-144.01500000000001,1471,2156,133,39.12234042553192,57.340425531914896,3.537234042553192,16126.08072835652,14207.83033333334,20432.2055777778,237.65873555404488,256.0,2.0,400.0,200.0,300.0,250.0,377.0,25.6288239292998,0.00256288239292998
wind_before_curtailment_mw,Wind before curtailment proxy,Winter,INTIRL,Northern Ireland(Moyle),highest_20pct,export,export_mw_positive_magnitude_conditional_on_exporting,100.0,3760,2156,57.340425531914896,-76.60372340425532,-74.0,92.97765957446809,169.5813829787234,169.5813829787234,-144.01500000000001,1471,2156,133,39.12234042553192,57.340425531914896,3.537234042553192,16126.08072835652,14207.83033333334,20432.2055777778,295.7448979591837,334.0,2.0,456.0,400.0,500.0,450.0,830.0,38.49721706864564,0.003849721706864564
wind_before_curtailment_mw,Wind before curtailment proxy,Winter,INTNED,Netherlands(BritNed),lowest_20pct,import,import_mw_positive_magnitude_conditional_on_importing,100.0,3763,2916,77.49136327398352,535.4823279298432,674.0,575.0305607228275,39.54823279298432,575.0305607228275,1007.51,2916,285,562,77.49136327398352,7.573744352909912,14.934892373106564,3092.811166914536,-114.5882,5265.4885333334,742.0576131687243,888.0,2.0,1078.0,1000.0,1100.0,1050.0,1105.0,37.89437585733882,0.003789437585733882
wind_before_curtailment_mw,Wind before curtailment proxy,Winter,INTNED,Netherlands(BritNed),lowest_20pct,export,export_mw_positive_magnitude_conditional_on_exporting,100.0,3763,285,7.573744352909912,535.4823279298432,674.0,575.0305607228275,39.54823279298432,39.54823279298432,1007.51,2916,285,562,77.49136327398352,7.573744352909912,14.934892373106564,3092.811166914536,-114.5882,5265.4885333334,522.1754385964912,502.0,66.0,1090.0,100.0,200.0,150.0,52.0,18.24561403508772,0.0018245614035087721
wind_before_curtailment_mw,Wind before curtailment proxy,Winter,INTNED,Netherlands(BritNed),20_40pct,import,import_mw_positive_magnitude_conditional_on_importing,100.0,3760,2755,73.27127659574468,445.82712765957444,574.0,531.4914893617022,85.66436170212766,531.4914893617022,838.1550000000001,2755,591,414,73.27127659574468,15.71808510638298,11.01063829787234,6860.594379584847,5265.9838000000045,8427.633199999998,725.3749546279491,818.0,2.0,1072.0,1000.0,1100.0,1050.0,903.0,32.776769509981854,0.003277676950998185
wind_before_curtailment_mw,Wind before curtailment proxy,Winter,INTNED,Netherlands(BritNed),20_40pct,export,export_mw_positive_magnitude_conditional_on_exporting,100.0,3760,591,15.71808510638298,445.82712765957444,574.0,531.4914893617022,85.66436170212766,85.66436170212766,838.1550000000001,2755,591,414,73.27127659574468,15.71808510638298,11.01063829787234,6860.594379584847,5265.9838000000045,8427.633199999998,545.005076142132,492.0,40.0,1092.0,100.0,200.0,150.0,113.0,19.120135363790187,0.0019120135363790186
wind_before_curtailment_mw,Wind before curtailment proxy,Winter,INTNED,Netherlands(BritNed),40_60pct,import,import_mw_positive_magnitude_conditional_on_importing,100.0,3755,2680,71.37150466045273,434.2753661784288,576.0,533.0982689747004,98.82290279627163,533.0982689747004,815.352,2680,643,432,71.37150466045273,17.123834886817576,11.504660452729693,9955.992600624486,8427.725800000879,11376.034466665877,746.934328358209,879.0,2.0,1074.0,1000.0,1100.0,1050.0,1016.0,37.91044776119403,0.0037910447761194026
wind_before_curtailment_mw,Wind before curtailment proxy,Winter,INTNED,Netherlands(BritNed),40_60pct,export,export_mw_positive_magnitude_conditional_on_exporting,100.0,3755,643,17.123834886817576,434.2753661784288,576.0,533.0982689747004,98.82290279627163,98.82290279627163,815.352,2680,643,432,71.37150466045273,17.123834886817576,11.504660452729693,9955.992600624486,8427.725800000879,11376.034466665877,577.1073094867808,560.0,2.0,1092.0,100.0,200.0,150.0,112.0,17.418351477449455,0.0017418351477449456
wind_before_curtailment_mw,Wind before curtailment proxy,Winter,INTNED,Netherlands(BritNed),60_80pct,import,import_mw_positive_magnitude_conditional_on_importing,100.0,3761,2592,68.91784099973411,425.41558096251,528.0,515.1220420101037,89.70646104759372,515.1220420101037,799.994,2592,678,491,68.91784099973411,18.02712044668971,13.055038553576177,12805.892106875895,11376.3726,14207.466000000006,747.4436728395061,871.0,2.0,1074.0,1000.0,1100.0,1050.0,967.0,37.3070987654321,0.00373070987654321
wind_before_curtailment_mw,Wind before curtailment proxy,Winter,INTNED,Netherlands(BritNed),60_80pct,export,export_mw_positive_magnitude_conditional_on_exporting,100.0,3761,678,18.02712044668971,425.41558096251,528.0,515.1220420101037,89.70646104759372,89.70646104759372,799.994,2592,678,491,68.91784099973411,18.02712044668971,13.055038553576177,12805.892106875895,11376.3726,14207.466000000006,497.6194690265487,465.0,2.0,1076.0,100.0,200.0,150.0,103.0,15.191740412979351,0.0015191740412979352
wind_before_curtailment_mw,Wind before curtailment proxy,Winter,INTNED,Netherlands(BritNed),highest_20pct,import,import_mw_positive_magnitude_conditional_on_importing,100.0,3760,2009,53.430851063829785,187.74202127659575,100.0,357.6531914893617,169.91117021276597,357.6531914893617,352.95500000000004,2009,1047,704,53.430851063829785,27.845744680851066,18.72340425531915,16126.08072835652,14207.83033333334,20432.2055777778,669.3758088601294,758.0,2.0,1098.0,1000.0,1100.0,1050.0,582.0,28.96963663514186,0.002896963663514186
wind_before_curtailment_mw,Wind before curtailment proxy,Winter,INTNED,Netherlands(BritNed),highest_20pct,export,export_mw_positive_magnitude_conditional_on_exporting,100.0,3760,1047,27.845744680851066,187.74202127659575,100.0,357.6531914893617,169.91117021276597,169.91117021276597,352.95500000000004,2009,1047,704,53.430851063829785,27.845744680851066,18.72340425531915,16126.08072835652,14207.83033333334,20432.2055777778,610.1872015281757,610.0,102.0,1080.0,1000.0,1100.0,1050.0,177.0,16.9054441260745,0.0016905444126074497
wind_before_curtailment_mw,Wind before curtailment proxy,Winter,INTNEM,Belgium (Nemolink),lowest_20pct,import,import_mw_positive_magnitude_conditional_on_importing,100.0,3763,3201,85.06510762689344,575.5886260961998,800.0,644.5702896625033,68.98166356630348,644.5702896625033,1082.97,3201,544,18,85.06510762689344,14.456550624501727,0.4783417486048365,3092.811166914536,-114.5882,5265.4885333334,757.7375820056233,898.0,2.0,1020.0,1000.0,1100.0,1050.0,1019.0,31.83380193689472,0.003183380193689472
wind_before_curtailment_mw,Wind before curtailment proxy,Winter,INTNEM,Belgium (Nemolink),lowest_20pct,export,export_mw_positive_magnitude_conditional_on_exporting,100.0,3763,544,14.456550624501727,575.5886260961998,800.0,644.5702896625033,68.98166356630348,68.98166356630348,1082.97,3201,544,18,85.06510762689344,14.456550624501727,0.4783417486048365,3092.811166914536,-114.5882,5265.4885333334,477.1654411764706,453.0,6.0,1024.0,400.0,500.0,450.0,70.0,12.867647058823529,0.0012867647058823527
wind_before_curtailment_mw,Wind before curtailment proxy,Winter,INTNEM,Belgium (Nemolink),20_40pct,import,import_mw_positive_magnitude_conditional_on_importing,100.0,3760,2742,72.92553191489361,381.90159574468083,540.0,505.1281914893617,123.22659574468085,505.1281914893617,717.9749999999999,2742,974,44,72.92553191489361,25.904255319148938,1.1702127659574468,6860.594379584847,5265.9838000000045,8427.633199999998,692.6630196936543,786.0,2.0,1020.0,1000.0,1100.0,1050.0,614.0,22.39241429613421,0.0022392414296134207
wind_before_curtailment_mw,Wind before curtailment proxy,Winter,INTNEM,Belgium (Nemolink),20_40pct,export,export_mw_positive_magnitude_conditional_on_exporting,100.0,3760,974,25.904255319148938,381.90159574468083,540.0,505.1281914893617,123.22659574468085,123.22659574468085,717.9749999999999,2742,974,44,72.92553191489361,25.904255319148938,1.1702127659574468,6860.594379584847,5265.9838000000045,8427.633199999998,475.70020533880904,401.0,2.0,1024.0,0.0,100.0,50.0,151.0,15.503080082135522,0.0015503080082135523
wind_before_curtailment_mw,Wind before curtailment proxy,Winter,INTNEM,Belgium (Nemolink),40_60pct,import,import_mw_positive_magnitude_conditional_on_importing,100.0,3755,2821,75.12649800266311,437.782689747004,624.0,538.4516644474035,100.66897470039947,538.4516644474035,821.937,2821,824,110,75.12649800266311,21.944074567243675,2.929427430093209,9955.992600624486,8427.725800000879,11376.034466665877,716.7266926621766,820.0,2.0,1020.0,1000.0,1100.0,1050.0,729.0,25.841900035448422,0.0025841900035448425
wind_before_curtailment_mw,Wind before curtailment proxy,Winter,INTNEM,Belgium (Nemolink),40_60pct,export,export_mw_positive_magnitude_conditional_on_exporting,100.0,3755,824,21.944074567243675,437.782689747004,624.0,538.4516644474035,100.66897470039947,100.66897470039947,821.937,2821,824,110,75.12649800266311,21.944074567243675,2.929427430093209,9955.992600624486,8427.725800000879,11376.034466665877,458.752427184466,405.0,2.0,1022.0,0.0,100.0,50.0,117.0,14.199029126213592,0.0014199029126213591
wind_before_curtailment_mw,Wind before curtailment proxy,Winter,INTNEM,Belgium (Nemolink),60_80pct,import,import_mw_positive_magnitude_conditional_on_importing,100.0,3761,2928,77.85163520340335,473.8984312682797,656.0,562.4392448816805,88.54081361340069,562.4392448816805,891.166,2928,762,71,77.85163520340335,20.26056899760702,1.8877957989896306,12805.892106875895,11376.3726,14207.466000000006,722.4501366120219,848.0,2.0,1020.0,1000.0,1100.0,1050.0,853.0,29.132513661202186,0.0029132513661202187
wind_before_curtailment_mw,Wind before curtailment proxy,Winter,INTNEM,Belgium (Nemolink),60_80pct,export,export_mw_positive_magnitude_conditional_on_exporting,100.0,3761,762,20.26056899760702,473.8984312682797,656.0,562.4392448816805,88.54081361340069,88.54081361340069,891.166,2928,762,71,77.85163520340335,20.26056899760702,1.8877957989896306,12805.892106875895,11376.3726,14207.466000000006,437.01049868766404,369.0,2.0,1024.0,0.0,100.0,50.0,118.0,15.485564304461944,0.0015485564304461943
wind_before_curtailment_mw,Wind before curtailment proxy,Winter,INTNEM,Belgium (Nemolink),highest_20pct,import,import_mw_positive_magnitude_conditional_on_importing,100.0,3760,2284,60.744680851063826,196.01755319148936,287.0,413.2893617021277,217.2718085106383,413.2893617021277,368.513,2284,1428,48,60.744680851063826,37.97872340425532,1.276595744680851,16126.08072835652,14207.83033333334,20432.2055777778,680.3712784588441,781.0,2.0,1020.0,1000.0,1100.0,1050.0,599.0,26.225919439579688,0.0026225919439579687
wind_before_curtailment_mw,Wind before curtailment proxy,Winter,INTNEM,Belgium (Nemolink),highest_20pct,export,export_mw_positive_magnitude_conditional_on_exporting,100.0,3760,1428,37.97872340425532,196.01755319148936,287.0,413.2893617021277,217.2718085106383,217.2718085106383,368.513,2284,1428,48,60.744680851063826,37.97872340425532,1.276595744680851,16126.08072835652,14207.83033333334,20432.2055777778,572.0882352941177,579.0,2.0,1024.0,1000.0,1100.0,1050.0,198.0,13.865546218487395,0.0013865546218487395
wind_before_curtailment_mw,Wind before curtailment proxy,Winter,INTNSL,North Sea Link (INTNSL),lowest_20pct,import,import_mw_positive_magnitude_conditional_on_importing,100.0,3763,3593,95.48232792984321,1005.6779165559394,1258.0,1013.5620515546107,7.884134998671273,1013.5620515546107,1892.183,3593,168,2,95.48232792984321,4.464522986978475,0.05314908317831517,3092.811166914536,-114.5882,5265.4885333334,1061.5179515725022,1258.0,2.0,1400.0,1300.0,1400.0,1350.0,1453.0,40.439743946562764,0.004043974394656276
wind_before_curtailment_mw,Wind before curtailment proxy,Winter,INTNSL,North Sea Link (INTNSL),lowest_20pct,export,export_mw_positive_magnitude_conditional_on_exporting,100.0,3763,168,4.464522986978475,1005.6779165559394,1258.0,1013.5620515546107,7.884134998671273,7.884134998671273,1892.183,3593,168,2,95.48232792984321,4.464522986978475,0.05314908317831517,3092.811166914536,-114.5882,5265.4885333334,176.5952380952381,37.0,2.0,964.0,0.0,100.0,50.0,99.0,58.92857142857143,0.005892857142857143
wind_before_curtailment_mw,Wind before curtailment proxy,Winter,INTNSL,North Sea Link (INTNSL),20_40pct,import,import_mw_positive_magnitude_conditional_on_importing,100.0,3760,3490,92.81914893617021,925.9047872340426,1096.0,956.3718085106383,30.467021276595744,956.3718085106383,1740.701,3490,266,4,92.81914893617021,7.074468085106384,0.10638297872340426,6860.594379584847,5265.9838000000045,8427.633199999998,1030.360458452722,1096.0,2.0,1400.0,1300.0,1400.0,1350.0,1018.0,29.169054441260744,0.0029169054441260745
wind_before_curtailment_mw,Wind before curtailment proxy,Winter,INTNSL,North Sea Link (INTNSL),20_40pct,export,export_mw_positive_magnitude_conditional_on_exporting,100.0,3760,266,7.074468085106384,925.9047872340426,1096.0,956.3718085106383,30.467021276595744,30.467021276595744,1740.701,3490,266,4,92.81914893617021,7.074468085106384,0.10638297872340426,6860.594379584847,5265.9838000000045,8427.633199999998,430.6616541353383,271.0,2.0,1454.0,0.0,100.0,50.0,106.0,39.849624060150376,0.0039849624060150374
wind_before_curtailment_mw,Wind before curtailment proxy,Winter,INTNSL,North Sea Link (INTNSL),40_60pct,import,import_mw_positive_magnitude_conditional_on_importing,100.0,3755,3372,89.80026631158455,900.133688415446,1096.0,939.1254327563249,38.99174434087883,939.1254327563249,1690.001,3372,378,5,89.80026631158455,10.066577896138481,0.13315579227696406,9955.992600624486,8427.725800000879,11376.034466665877,1045.7935943060497,1096.0,2.0,1400.0,1300.0,1400.0,1350.0,1252.0,37.129300118623966,0.0037129300118623966
wind_before_curtailment_mw,Wind before curtailment proxy,Winter,INTNSL,North Sea Link (INTNSL),40_60pct,export,export_mw_positive_magnitude_conditional_on_exporting,100.0,3755,378,10.066577896138481,900.133688415446,1096.0,939.1254327563249,38.99174434087883,38.99174434087883,1690.001,3372,378,5,89.80026631158455,10.066577896138481,0.13315579227696406,9955.992600624486,8427.725800000879,11376.034466665877,387.33862433862436,214.0,2.0,1454.0,0.0,100.0,50.0,147.0,38.88888888888889,0.0038888888888888888
wind_before_curtailment_mw,Wind before curtailment proxy,Winter,INTNSL,North Sea Link (INTNSL),60_80pct,import,import_mw_positive_magnitude_conditional_on_importing,100.0,3761,3143,83.56819994682266,754.5833554905611,1048.0,855.3028449880351,100.71948949747407,855.3028449880351,1418.994,3143,587,31,83.56819994682266,15.607551183195959,0.8242488699813879,12805.892106875895,11376.3726,14207.466000000006,1023.478841870824,1058.0,2.0,1400.0,1300.0,1400.0,1350.0,1112.0,35.38020999045498,0.003538020999045498
wind_before_curtailment_mw,Wind before curtailment proxy,Winter,INTNSL,North Sea Link (INTNSL),60_80pct,export,export_mw_positive_magnitude_conditional_on_exporting,100.0,3761,587,15.607551183195959,754.5833554905611,1048.0,855.3028449880351,100.71948949747407,100.71948949747407,1418.994,3143,587,31,83.56819994682266,15.607551183195959,0.8242488699813879,12805.892106875895,11376.3726,14207.466000000006,645.3253833049404,680.0,2.0,1454.0,0.0,100.0,50.0,119.0,20.272572402044293,0.002027257240204429
wind_before_curtailment_mw,Wind before curtailment proxy,Winter,INTNSL,North Sea Link (INTNSL),highest_20pct,import,import_mw_positive_magnitude_conditional_on_importing,100.0,3760,3068,81.59574468085107,731.0324468085106,1080.0,861.3526595744681,130.32021276595745,861.3526595744681,1374.341,3068,690,2,81.59574468085107,18.351063829787233,0.05319148936170213,16126.08072835652,14207.83033333334,20432.2055777778,1055.6342894393742,1142.0,2.0,1400.0,1300.0,1400.0,1350.0,1450.0,47.26205997392438,0.004726205997392438
wind_before_curtailment_mw,Wind before curtailment proxy,Winter,INTNSL,North Sea Link (INTNSL),highest_20pct,export,export_mw_positive_magnitude_conditional_on_exporting,100.0,3760,690,18.351063829787233,731.0324468085106,1080.0,861.3526595744681,130.32021276595745,130.32021276595745,1374.341,3068,690,2,81.59574468085107,18.351063829787233,0.05319148936170213,16126.08072835652,14207.83033333334,20432.2055777778,710.1507246376812,705.0,2.0,1454.0,1000.0,1100.0,1050.0,107.0,15.507246376811596,0.0015507246376811595
wind_before_curtailment_mw,Wind before curtailment proxy,Winter,INTVKL,Denmark (Viking link),lowest_20pct,import,import_mw_positive_magnitude_conditional_on_importing,100.0,1576,1113,70.62182741116752,422.26015228426394,678.0,553.9175126903554,131.65736040609136,553.9175126903554,332.741,1113,381,82,70.62182741116752,24.1751269035533,5.203045685279188,3091.199678951696,-114.5882,5265.4885333334,784.3432165318958,700.0,4.0,1424.0,700.0,800.0,750.0,236.0,21.20395327942498,0.002120395327942498
wind_before_curtailment_mw,Wind before curtailment proxy,Winter,INTVKL,Denmark (Viking link),lowest_20pct,export,export_mw_positive_magnitude_conditional_on_exporting,100.0,1576,381,24.1751269035533,422.26015228426394,678.0,553.9175126903554,131.65736040609136,131.65736040609136,332.741,1113,381,82,70.62182741116752,24.1751269035533,5.203045685279188,3091.199678951696,-114.5882,5265.4885333334,544.5984251968504,562.0,2.0,1098.0,600.0,700.0,650.0,48.0,12.598425196850393,0.0012598425196850393
wind_before_curtailment_mw,Wind before curtailment proxy,Winter,INTVKL,Denmark (Viking link),20_40pct,import,import_mw_positive_magnitude_conditional_on_importing,100.0,1618,1063,65.69839307787392,285.89245982694683,470.0,487.9307787391842,202.03831891223734,487.9307787391842,231.28700000000003,1063,502,53,65.69839307787392,31.025957972805934,3.2756489493201486,6938.689133296964,5265.9838000000045,8427.633199999998,742.6829727187206,744.0,2.0,1426.0,700.0,800.0,750.0,227.0,21.354656632173093,0.002135465663217309
wind_before_curtailment_mw,Wind before curtailment proxy,Winter,INTVKL,Denmark (Viking link),20_40pct,export,export_mw_positive_magnitude_conditional_on_exporting,100.0,1618,502,31.025957972805934,285.89245982694683,470.0,487.9307787391842,202.03831891223734,202.03831891223734,231.28700000000003,1063,502,53,65.69839307787392,31.025957972805934,3.2756489493201486,6938.689133296964,5265.9838000000045,8427.633199999998,651.191235059761,688.0,2.0,1402.0,1000.0,1100.0,1050.0,139.0,27.689243027888445,0.002768924302788844
wind_before_curtailment_mw,Wind before curtailment proxy,Winter,INTVKL,Denmark (Viking link),40_60pct,import,import_mw_positive_magnitude_conditional_on_importing,100.0,1804,1297,71.89578713968959,496.9523281596452,698.0,667.5521064301552,170.59977827050997,667.5521064301552,448.25100000000003,1297,468,39,71.89578713968959,25.942350332594234,2.161862527716186,9948.21746967674,8427.725800000879,11376.034466665877,928.4996144949885,968.0,2.0,1426.0,1400.0,1500.0,1450.0,330.0,25.44333076329992,0.002544333076329992
wind_before_curtailment_mw,Wind before curtailment proxy,Winter,INTVKL,Denmark (Viking link),40_60pct,export,export_mw_positive_magnitude_conditional_on_exporting,100.0,1804,468,25.942350332594234,496.9523281596452,698.0,667.5521064301552,170.59977827050997,170.59977827050997,448.25100000000003,1297,468,39,71.89578713968959,25.942350332594234,2.161862527716186,9948.21746967674,8427.725800000879,11376.034466665877,657.6111111111111,677.0,2.0,1098.0,1000.0,1100.0,1050.0,130.0,27.77777777777778,0.002777777777777778
wind_before_curtailment_mw,Wind before curtailment proxy,Winter,INTVKL,Denmark (Viking link),60_80pct,import,import_mw_positive_magnitude_conditional_on_importing,100.0,1558,1198,76.89345314505776,638.8806161745828,768.0,755.1720154043645,116.29139922978177,755.1720154043645,497.68800000000005,1198,317,43,76.89345314505776,20.346598202824133,2.7599486521181,12731.510418622978,11383.953799999992,14205.201007471338,982.10183639399,1037.0,4.0,1426.0,1400.0,1500.0,1450.0,375.0,31.302170283806348,0.0031302170283806345
wind_before_curtailment_mw,Wind before curtailment proxy,Winter,INTVKL,Denmark (Viking link),60_80pct,export,export_mw_positive_magnitude_conditional_on_exporting,100.0,1558,317,20.346598202824133,638.8806161745828,768.0,755.1720154043645,116.29139922978177,116.29139922978177,497.68800000000005,1198,317,43,76.89345314505776,20.346598202824133,2.7599486521181,12731.510418622978,11383.953799999992,14205.201007471338,571.5520504731861,520.0,2.0,1094.0,1000.0,1100.0,1050.0,59.0,18.61198738170347,0.001861198738170347
wind_before_curtailment_mw,Wind before curtailment proxy,Winter,INTVKL,Denmark (Viking link),highest_20pct,import,import_mw_positive_magnitude_conditional_on_importing,100.0,2228,1712,76.84021543985638,666.6301615798923,830.0,786.12118491921,119.49102333931778,786.12118491921,742.626,1712,392,124,76.84021543985638,17.594254937163374,5.565529622980251,16497.204375074652,14209.738400000737,20432.2055777778,1023.0595794392524,1155.0,2.0,1426.0,1400.0,1500.0,1450.0,557.0,32.53504672897196,0.0032535046728971962
wind_before_curtailment_mw,Wind before curtailment proxy,Winter,INTVKL,Denmark (Viking link),highest_20pct,export,export_mw_positive_magnitude_conditional_on_exporting,100.0,2228,392,17.594254937163374,666.6301615798923,830.0,786.12118491921,119.49102333931778,119.49102333931778,742.626,1712,392,124,76.84021543985638,17.594254937163374,5.565529622980251,16497.204375074652,14209.738400000737,20432.2055777778,679.1479591836735,695.0,4.0,1100.0,1000.0,1100.0,1050.0,131.0,33.41836734693878,0.0033418367346938777
wind_before_curtailment_mw,Wind before curtailment proxy,Spring,TOTAL_GB_INTERCONNECTORS,GB interconnector fleet total,lowest_20pct,import,import_mw_positive_magnitude_conditional_on_importing,100.0,3504,2924,83.44748858447488,3120.551369863014,3888.0,3573.0582191780823,452.5068493150685,3573.0582191780823,5467.206,2924,580,0,83.44748858447488,16.552511415525114,0.0,1530.49349174277,-4.5900000000000025,2575.7899999999995,4281.804377564979,4562.0,2.0,9148.0,6300.0,6400.0,6350.0,89.0,3.0437756497948016,0.0003043775649794802
wind_before_curtailment_mw,Wind before curtailment proxy,Spring,TOTAL_GB_INTERCONNECTORS,GB interconnector fleet total,lowest_20pct,export,export_mw_positive_magnitude_conditional_on_exporting,100.0,3504,580,16.552511415525114,3120.551369863014,3888.0,3573.0582191780823,452.5068493150685,452.5068493150685,5467.206,2924,580,0,83.44748858447488,16.552511415525114,0.0,1530.49349174277,-4.5900000000000025,2575.7899999999995,2733.7655172413793,2684.0,8.0,5196.0,4700.0,4800.0,4750.0,28.0,4.827586206896552,0.0004827586206896552
wind_before_curtailment_mw,Wind before curtailment proxy,Spring,TOTAL_GB_INTERCONNECTORS,GB interconnector fleet total,20_40pct,import,import_mw_positive_magnitude_conditional_on_importing,100.0,3502,3066,87.54997144488863,3564.034266133638,4245.0,3844.56025128498,280.52598515134207,3844.56025128498,6240.624000000001,3066,433,3,87.54997144488863,12.364363221016562,0.08566533409480297,3530.1453733293874,2577.208,4507.732,4391.275277234181,4662.0,4.0,9224.0,6000.0,6100.0,6050.0,74.0,2.4135681669928246,0.00024135681669928245
wind_before_curtailment_mw,Wind before curtailment proxy,Spring,TOTAL_GB_INTERCONNECTORS,GB interconnector fleet total,20_40pct,export,export_mw_positive_magnitude_conditional_on_exporting,100.0,3502,433,12.364363221016562,3564.034266133638,4245.0,3844.56025128498,280.52598515134207,280.52598515134207,6240.624000000001,3066,433,3,87.54997144488863,12.364363221016562,0.08566533409480297,3530.1453733293874,2577.208,4507.732,2268.8267898383374,2268.0,2.0,5148.0,0.0,100.0,50.0,21.0,4.849884526558892,0.00048498845265588917
wind_before_curtailment_mw,Wind before curtailment proxy,Spring,TOTAL_GB_INTERCONNECTORS,GB interconnector fleet total,40_60pct,import,import_mw_positive_magnitude_conditional_on_importing,100.0,3504,2999,85.587899543379,3337.0793378995436,4066.0,3692.9828767123286,355.90353881278537,3692.9828767123286,5846.563,2999,504,1,85.587899543379,14.383561643835616,0.028538812785388126,5598.996532633769,4508.498,6820.248400000002,4314.842280760254,4460.0,2.0,9230.0,6200.0,6300.0,6250.0,79.0,2.6342114038012667,0.0002634211403801267
wind_before_curtailment_mw,Wind before curtailment proxy,Spring,TOTAL_GB_INTERCONNECTORS,GB interconnector fleet total,40_60pct,export,export_mw_positive_magnitude_conditional_on_exporting,100.0,3504,504,14.383561643835616,3337.0793378995436,4066.0,3692.9828767123286,355.90353881278537,355.90353881278537,5846.563,2999,504,1,85.587899543379,14.383561643835616,0.028538812785388126,5598.996532633769,4508.498,6820.248400000002,2474.376984126984,2542.0,20.0,5676.0,3200.0,3300.0,3250.0,38.0,7.5396825396825395,0.0007539682539682539
wind_before_curtailment_mw,Wind before curtailment proxy,Spring,TOTAL_GB_INTERCONNECTORS,GB interconnector fleet total,60_80pct,import,import_mw_positive_magnitude_conditional_on_importing,100.0,3503,3075,87.78190122751927,3257.9885812161006,3598.0,3508.3145874964316,250.32600628033114,3508.3145874964316,5706.367,3075,428,0,87.78190122751927,12.21809877248073,0.0,8588.69125079843,6820.868399999999,10532.172800000002,3996.6263414634145,4020.0,12.0,8488.0,4100.0,4200.0,4150.0,66.0,2.1463414634146343,0.00021463414634146342
wind_before_curtailment_mw,Wind before curtailment proxy,Spring,TOTAL_GB_INTERCONNECTORS,GB interconnector fleet total,60_80pct,export,export_mw_positive_magnitude_conditional_on_exporting,100.0,3503,428,12.21809877248073,3257.9885812161006,3598.0,3508.3145874964316,250.32600628033114,250.32600628033114,5706.367,3075,428,0,87.78190122751927,12.21809877248073,0.0,8588.69125079843,6820.868399999999,10532.172800000002,2048.8130841121497,1953.0,18.0,4916.0,600.0,700.0,650.0,22.0,5.14018691588785,0.000514018691588785
wind_before_curtailment_mw,Wind before curtailment proxy,Spring,TOTAL_GB_INTERCONNECTORS,GB interconnector fleet total,highest_20pct,import,import_mw_positive_magnitude_conditional_on_importing,100.0,3504,2547,72.68835616438356,1933.6398401826484,2017.0,2528.2836757990867,594.6438356164383,2528.2836757990867,3387.737,2547,957,0,72.68835616438356,27.31164383561644,0.0,13144.637498943475,10533.216133333202,20191.140466666995,3478.2512760109935,3274.0,2.0,8424.0,2000.0,2100.0,2050.0,54.0,2.1201413427561837,0.00021201413427561838
wind_before_curtailment_mw,Wind before curtailment proxy,Spring,TOTAL_GB_INTERCONNECTORS,GB interconnector fleet total,highest_20pct,export,export_mw_positive_magnitude_conditional_on_exporting,100.0,3504,957,27.31164383561644,1933.6398401826484,2017.0,2528.2836757990867,594.6438356164383,594.6438356164383,3387.737,2547,957,0,72.68835616438356,27.31164383561644,0.0,13144.637498943475,10533.216133333202,20191.140466666995,2177.253918495298,1940.0,2.0,6746.0,300.0,400.0,350.0,37.0,3.8662486938349003,0.0003866248693834901
wind_before_curtailment_mw,Wind before curtailment proxy,Spring,INTELEC,Eleclink (INTELEC),lowest_20pct,import,import_mw_positive_magnitude_conditional_on_importing,100.0,2397,2157,89.98748435544431,789.5536086775136,996.0,815.0296203587818,25.47601168126825,815.0296203587818,946.28,2157,147,93,89.98748435544431,6.132665832290362,3.879849812265332,1617.4996324850508,52.42120000000001,2574.3596,905.7144181733889,996.0,6.0,1000.0,900.0,1000.0,950.0,1723.0,79.87946221604079,0.00798794622160408
wind_before_curtailment_mw,Wind before curtailment proxy,Spring,INTELEC,Eleclink (INTELEC),lowest_20pct,export,export_mw_positive_magnitude_conditional_on_exporting,100.0,2397,147,6.132665832290362,789.5536086775136,996.0,815.0296203587818,25.47601168126825,25.47601168126825,946.28,2157,147,93,89.98748435544431,6.132665832290362,3.879849812265332,1617.4996324850508,52.42120000000001,2574.3596,415.4149659863946,368.0,2.0,1026.0,0.0,100.0,50.0,31.0,21.08843537414966,0.0021088435374149663
wind_before_curtailment_mw,Wind before curtailment proxy,Spring,INTELEC,Eleclink (INTELEC),20_40pct,import,import_mw_positive_magnitude_conditional_on_importing,100.0,2739,2424,88.49945235487404,748.8981380065717,996.0,778.7345746622855,29.836436655713765,778.7345746622855,1025.616,2424,193,122,88.49945235487404,7.046367287331143,4.454180357794816,3543.5453681633862,2579.7985999999987,4507.708199999999,879.9315181518152,996.0,2.0,1000.0,900.0,1000.0,950.0,1774.0,73.18481848184818,0.007318481848184818
wind_before_curtailment_mw,Wind before curtailment proxy,Spring,INTELEC,Eleclink (INTELEC),20_40pct,export,export_mw_positive_magnitude_conditional_on_exporting,100.0,2739,193,7.046367287331143,748.8981380065717,996.0,778.7345746622855,29.836436655713765,29.836436655713765,1025.616,2424,193,122,88.49945235487404,7.046367287331143,4.454180357794816,3543.5453681633862,2579.7985999999987,4507.708199999999,423.4300518134715,382.0,12.0,1024.0,100.0,200.0,150.0,32.0,16.580310880829018,0.0016580310880829016
wind_before_curtailment_mw,Wind before curtailment proxy,Spring,INTELEC,Eleclink (INTELEC),40_60pct,import,import_mw_positive_magnitude_conditional_on_importing,100.0,2725,2315,84.95412844036697,708.7280733944954,994.0,740.3478899082569,31.619816513761467,740.3478899082569,965.642,2315,175,235,84.95412844036697,6.422018348623854,8.623853211009175,5621.964369302285,4508.498,6820.248400000002,871.467818574514,996.0,2.0,1000.0,900.0,1000.0,950.0,1703.0,73.56371490280777,0.007356371490280777
wind_before_curtailment_mw,Wind before curtailment proxy,Spring,INTELEC,Eleclink (INTELEC),40_60pct,export,export_mw_positive_magnitude_conditional_on_exporting,100.0,2725,175,6.422018348623854,708.7280733944954,994.0,740.3478899082569,31.619816513761467,31.619816513761467,965.642,2315,175,235,84.95412844036697,6.422018348623854,8.623853211009175,5621.964369302285,4508.498,6820.248400000002,492.36571428571426,422.0,18.0,1024.0,200.0,300.0,250.0,32.0,18.285714285714285,0.0018285714285714285
wind_before_curtailment_mw,Wind before curtailment proxy,Spring,INTELEC,Eleclink (INTELEC),60_80pct,import,import_mw_positive_magnitude_conditional_on_importing,100.0,2796,2466,88.19742489270385,732.3505007153076,996.0,769.60443490701,37.253934191702434,769.60443490701,1023.8259999999999,2466,228,102,88.19742489270385,8.15450643776824,3.648068669527897,8527.71123875068,6820.868399999999,10532.172800000002,872.5928629359287,996.0,2.0,1260.0,900.0,1000.0,950.0,1802.0,73.07380373073804,0.007307380373073804
wind_before_curtailment_mw,Wind before curtailment proxy,Spring,INTELEC,Eleclink (INTELEC),60_80pct,export,export_mw_positive_magnitude_conditional_on_exporting,100.0,2796,228,8.15450643776824,732.3505007153076,996.0,769.60443490701,37.253934191702434,37.253934191702434,1023.8259999999999,2466,228,102,88.19742489270385,8.15450643776824,3.648068669527897,8527.71123875068,6820.868399999999,10532.172800000002,456.85087719298247,416.0,6.0,1024.0,0.0,100.0,50.0,45.0,19.736842105263158,0.001973684210526316
wind_before_curtailment_mw,Wind before curtailment proxy,Spring,INTELEC,Eleclink (INTELEC),highest_20pct,import,import_mw_positive_magnitude_conditional_on_importing,100.0,2785,2241,80.46678635547576,591.7127468581688,876.0,646.813644524237,55.10089766606822,646.813644524237,823.96,2241,310,234,80.46678635547576,11.131059245960502,8.402154398563734,13360.093570663532,10533.216133333202,20191.140466666995,803.8268630075859,990.0,2.0,1014.0,900.0,1000.0,950.0,1336.0,59.616242748772876,0.005961624274877287
wind_before_curtailment_mw,Wind before curtailment proxy,Spring,INTELEC,Eleclink (INTELEC),highest_20pct,export,export_mw_positive_magnitude_conditional_on_exporting,100.0,2785,310,11.131059245960502,591.7127468581688,876.0,646.813644524237,55.10089766606822,55.10089766606822,823.96,2241,310,234,80.46678635547576,11.131059245960502,8.402154398563734,13360.093570663532,10533.216133333202,20191.140466666995,495.01935483870966,526.0,2.0,1014.0,800.0,900.0,850.0,85.0,27.419354838709676,0.0027419354838709676
wind_before_curtailment_mw,Wind before curtailment proxy,Spring,INTEW,Ireland(East-West),lowest_20pct,import,import_mw_positive_magnitude_conditional_on_importing,100.0,3504,158,4.509132420091324,-144.83390410958904,0.0,8.498287671232877,153.33219178082192,8.498287671232877,-253.749,158,1427,1919,4.509132420091324,40.72488584474886,54.76598173515982,1530.49349174277,-4.5900000000000025,2575.7899999999995,188.46835443037975,128.0,2.0,504.0,0.0,100.0,50.0,73.0,46.20253164556962,0.004620253164556962
wind_before_curtailment_mw,Wind before curtailment proxy,Spring,INTEW,Ireland(East-West),lowest_20pct,export,export_mw_positive_magnitude_conditional_on_exporting,100.0,3504,1427,40.72488584474886,-144.83390410958904,0.0,8.498287671232877,153.33219178082192,153.33219178082192,-253.749,158,1427,1919,4.509132420091324,40.72488584474886,54.76598173515982,1530.49349174277,-4.5900000000000025,2575.7899999999995,376.5073580939033,462.0,2.0,532.0,500.0,600.0,550.0,662.0,46.39103013314646,0.004639103013314646
wind_before_curtailment_mw,Wind before curtailment proxy,Spring,INTEW,Ireland(East-West),20_40pct,import,import_mw_positive_magnitude_conditional_on_importing,100.0,3502,223,6.367789834380353,-171.24100513992005,0.0,13.341519131924615,184.58252427184465,13.341519131924615,-299.843,223,1741,1538,6.367789834380353,49.71444888635066,43.917761279268994,3530.1453733293874,2577.208,4507.732,209.51569506726457,140.0,2.0,504.0,0.0,100.0,50.0,100.0,44.843049327354265,0.004484304932735426
wind_before_curtailment_mw,Wind before curtailment proxy,Spring,INTEW,Ireland(East-West),20_40pct,export,export_mw_positive_magnitude_conditional_on_exporting,100.0,3502,1741,49.71444888635066,-171.24100513992005,0.0,13.341519131924615,184.58252427184465,184.58252427184465,-299.843,223,1741,1538,6.367789834380353,49.71444888635066,43.917761279268994,3530.1453733293874,2577.208,4507.732,371.2854681217691,458.0,2.0,586.0,500.0,600.0,550.0,785.0,45.089029293509476,0.004508902929350947
wind_before_curtailment_mw,Wind before curtailment proxy,Spring,INTEW,Ireland(East-West),40_60pct,import,import_mw_positive_magnitude_conditional_on_importing,100.0,3504,373,10.644977168949772,-153.12043378995435,0.0,23.267123287671232,176.38755707762556,23.267123287671232,-268.26700000000005,373,1636,1495,10.644977168949772,46.68949771689498,42.66552511415525,5598.996532633769,4508.498,6820.248400000002,218.57372654155495,200.0,2.0,504.0,0.0,100.0,50.0,118.0,31.63538873994638,0.003163538873994638
wind_before_curtailment_mw,Wind before curtailment proxy,Spring,INTEW,Ireland(East-West),40_60pct,export,export_mw_positive_magnitude_conditional_on_exporting,100.0,3504,1636,46.68949771689498,-153.12043378995435,0.0,23.267123287671232,176.38755707762556,176.38755707762556,-268.26700000000005,373,1636,1495,10.644977168949772,46.68949771689498,42.66552511415525,5598.996532633769,4508.498,6820.248400000002,377.7885085574572,466.0,2.0,586.0,500.0,600.0,550.0,759.0,46.39364303178484,0.004639364303178484
wind_before_curtailment_mw,Wind before curtailment proxy,Spring,INTEW,Ireland(East-West),60_80pct,import,import_mw_positive_magnitude_conditional_on_importing,100.0,3503,310,8.849557522123893,-150.55609477590636,0.0,17.450185555238367,168.00628033114472,17.450185555238367,-263.699,310,1681,1512,8.849557522123893,47.98743933771053,43.16300314016557,8588.69125079843,6820.868399999999,10532.172800000002,197.18709677419355,152.0,2.0,504.0,0.0,100.0,50.0,123.0,39.67741935483871,0.003967741935483871
wind_before_curtailment_mw,Wind before curtailment proxy,Spring,INTEW,Ireland(East-West),60_80pct,export,export_mw_positive_magnitude_conditional_on_exporting,100.0,3503,1681,47.98743933771053,-150.55609477590636,0.0,17.450185555238367,168.00628033114472,168.00628033114472,-263.699,310,1681,1512,8.849557522123893,47.98743933771053,43.16300314016557,8588.69125079843,6820.868399999999,10532.172800000002,350.1046995835812,418.0,2.0,588.0,500.0,600.0,550.0,707.0,42.0582986317668,0.004205829863176681
wind_before_curtailment_mw,Wind before curtailment proxy,Spring,INTEW,Ireland(East-West),highest_20pct,import,import_mw_positive_magnitude_conditional_on_importing,100.0,3504,582,16.60958904109589,-121.34246575342466,0.0,37.291666666666664,158.63413242009133,37.291666666666664,-212.592,582,1624,1298,16.60958904109589,46.34703196347032,37.04337899543379,13144.637498943475,10533.216133333202,20191.140466666995,224.5189003436426,208.0,2.0,504.0,0.0,100.0,50.0,173.0,29.725085910652922,0.002972508591065292
wind_before_curtailment_mw,Wind before curtailment proxy,Spring,INTEW,Ireland(East-West),highest_20pct,export,export_mw_positive_magnitude_conditional_on_exporting,100.0,3504,1624,46.34703196347032,-121.34246575342466,0.0,37.291666666666664,158.63413242009133,158.63413242009133,-212.592,582,1624,1298,16.60958904109589,46.34703196347032,37.04337899543379,13144.637498943475,10533.216133333202,20191.140466666995,342.27463054187194,412.0,2.0,532.0,500.0,600.0,550.0,679.0,41.810344827586206,0.0041810344827586205
wind_before_curtailment_mw,Wind before curtailment proxy,Spring,INTFR,France(IFA),lowest_20pct,import,import_mw_positive_magnitude_conditional_on_importing,100.0,3504,2590,73.91552511415526,744.8367579908676,1002.0,887.2842465753424,142.44748858447488,887.2842465753424,1304.954,2590,904,10,73.91552511415526,25.799086757990867,0.28538812785388123,1530.49349174277,-4.5900000000000025,2575.7899999999995,1200.4030888030888,1006.0,2.0,2012.0,1000.0,1100.0,1050.0,866.0,33.43629343629343,0.0033436293436293436
wind_before_curtailment_mw,Wind before curtailment proxy,Spring,INTFR,France(IFA),lowest_20pct,export,export_mw_positive_magnitude_conditional_on_exporting,100.0,3504,904,25.799086757990867,744.8367579908676,1002.0,887.2842465753424,142.44748858447488,142.44748858447488,1304.954,2590,904,10,73.91552511415526,25.799086757990867,0.28538812785388123,1530.49349174277,-4.5900000000000025,2575.7899999999995,552.141592920354,554.0,2.0,1752.0,1000.0,1100.0,1050.0,201.0,22.234513274336283,0.0022234513274336284
wind_before_curtailment_mw,Wind before curtailment proxy,Spring,INTFR,France(IFA),20_40pct,import,import_mw_positive_magnitude_conditional_on_importing,100.0,3502,2814,80.35408338092519,916.1010850942318,1004.0,1038.464877213021,122.36379211878926,1038.464877213021,1604.093,2814,688,0,80.35408338092519,19.645916619074814,0.0,3530.1453733293874,2577.208,4507.732,1292.36105188344,1358.0,2.0,2012.0,1000.0,1100.0,1050.0,598.0,21.25088841506752,0.002125088841506752
wind_before_curtailment_mw,Wind before curtailment proxy,Spring,INTFR,France(IFA),20_40pct,export,export_mw_positive_magnitude_conditional_on_exporting,100.0,3502,688,19.645916619074814,916.1010850942318,1004.0,1038.464877213021,122.36379211878926,122.36379211878926,1604.093,2814,688,0,80.35408338092519,19.645916619074814,0.0,3530.1453733293874,2577.208,4507.732,622.8459302325581,645.0,2.0,2048.0,0.0,100.0,50.0,123.0,17.87790697674419,0.0017877906976744187
wind_before_curtailment_mw,Wind before curtailment proxy,Spring,INTFR,France(IFA),40_60pct,import,import_mw_positive_magnitude_conditional_on_importing,100.0,3504,2741,78.22488584474885,844.9537671232877,1004.0,988.7220319634703,143.76826484018264,988.7220319634703,1480.359,2741,762,1,78.22488584474885,21.746575342465754,0.028538812785388126,5598.996532633769,4508.498,6820.248400000002,1263.9481940897483,1340.0,2.0,2012.0,1000.0,1100.0,1050.0,589.0,21.48850784385261,0.0021488507843852606
wind_before_curtailment_mw,Wind before curtailment proxy,Spring,INTFR,France(IFA),40_60pct,export,export_mw_positive_magnitude_conditional_on_exporting,100.0,3504,762,21.746575342465754,844.9537671232877,1004.0,988.7220319634703,143.76826484018264,143.76826484018264,1480.359,2741,762,1,78.22488584474885,21.746575342465754,0.028538812785388126,5598.996532633769,4508.498,6820.248400000002,661.1076115485564,718.0,2.0,2056.0,1000.0,1100.0,1050.0,177.0,23.228346456692915,0.0023228346456692912
wind_before_curtailment_mw,Wind before curtailment proxy,Spring,INTFR,France(IFA),60_80pct,import,import_mw_positive_magnitude_conditional_on_importing,100.0,3503,2685,76.64858692549244,798.4858692549243,1002.0,923.2880388238652,124.80216956894091,923.2880388238652,1398.5480000000002,2685,799,19,76.64858692549244,22.809020839280617,0.5423922352269483,8588.69125079843,6820.868399999999,10532.172800000002,1204.5728119180633,1006.0,2.0,2142.0,1000.0,1100.0,1050.0,521.0,19.404096834264433,0.0019404096834264432
wind_before_curtailment_mw,Wind before curtailment proxy,Spring,INTFR,France(IFA),60_80pct,export,export_mw_positive_magnitude_conditional_on_exporting,100.0,3503,799,22.809020839280617,798.4858692549243,1002.0,923.2880388238652,124.80216956894091,124.80216956894091,1398.5480000000002,2685,799,19,76.64858692549244,22.809020839280617,0.5423922352269483,8588.69125079843,6820.868399999999,10532.172800000002,547.1614518147685,516.0,2.0,2054.0,0.0,100.0,50.0,199.0,24.90613266583229,0.002490613266583229
wind_before_curtailment_mw,Wind before curtailment proxy,Spring,INTFR,France(IFA),highest_20pct,import,import_mw_positive_magnitude_conditional_on_importing,100.0,3504,2458,70.14840182648402,581.4589041095891,794.0,788.3127853881278,206.8538812785388,788.3127853881278,1018.7159999999999,2458,1042,4,70.14840182648402,29.73744292237443,0.1141552511415525,13144.637498943475,10533.216133333202,20191.140466666995,1123.7786818551667,1004.0,2.0,2024.0,1000.0,1100.0,1050.0,279.0,11.350691619202603,0.0011350691619202602
wind_before_curtailment_mw,Wind before curtailment proxy,Spring,INTFR,France(IFA),highest_20pct,export,export_mw_positive_magnitude_conditional_on_exporting,100.0,3504,1042,29.73744292237443,581.4589041095891,794.0,788.3127853881278,206.8538812785388,206.8538812785388,1018.7159999999999,2458,1042,4,70.14840182648402,29.73744292237443,0.1141552511415525,13144.637498943475,10533.216133333202,20191.140466666995,695.6007677543187,743.0,2.0,1986.0,1000.0,1100.0,1050.0,360.0,34.548944337811896,0.00345489443378119
wind_before_curtailment_mw,Wind before curtailment proxy,Spring,INTGRNL,Ireland (Greenlink),lowest_20pct,import,import_mw_positive_magnitude_conditional_on_importing,100.0,679,61,8.98379970544919,-424.3298969072165,-514.0,9.63181148748159,433.96170839469806,9.63181148748159,-144.06000000000003,61,614,4,8.98379970544919,90.42709867452136,0.5891016200294551,1736.4313064310263,52.42120000000001,2568.675999999999,107.21311475409836,4.0,4.0,398.0,0.0,100.0,50.0,37.0,60.65573770491803,0.0060655737704918035
wind_before_curtailment_mw,Wind before curtailment proxy,Spring,INTGRNL,Ireland (Greenlink),lowest_20pct,export,export_mw_positive_magnitude_conditional_on_exporting,100.0,679,614,90.42709867452136,-424.3298969072165,-514.0,9.63181148748159,433.96170839469806,433.96170839469806,-144.06000000000003,61,614,4,8.98379970544919,90.42709867452136,0.5891016200294551,1736.4313064310263,52.42120000000001,2568.675999999999,479.90228013029315,514.0,10.0,516.0,500.0,600.0,550.0,471.0,76.71009771986971,0.00767100977198697
wind_before_curtailment_mw,Wind before curtailment proxy,Spring,INTGRNL,Ireland (Greenlink),20_40pct,import,import_mw_positive_magnitude_conditional_on_importing,100.0,861,130,15.098722415795587,-367.9953542392567,-514.0,22.91521486643438,390.9105691056911,22.91521486643438,-158.42200000000003,130,717,14,15.098722415795587,83.27526132404182,1.6260162601626018,3476.05362317396,2580.605999999999,4504.687999999998,151.76923076923077,60.0,2.0,506.0,0.0,100.0,50.0,72.0,55.38461538461539,0.005538461538461539
wind_before_curtailment_mw,Wind before curtailment proxy,Spring,INTGRNL,Ireland (Greenlink),20_40pct,export,export_mw_positive_magnitude_conditional_on_exporting,100.0,861,717,83.27526132404182,-367.9953542392567,-514.0,22.91521486643438,390.9105691056911,390.9105691056911,-158.42200000000003,130,717,14,15.098722415795587,83.27526132404182,1.6260162601626018,3476.05362317396,2580.605999999999,4504.687999999998,469.4198047419805,514.0,4.0,516.0,500.0,600.0,550.0,530.0,73.91910739191074,0.0073919107391910745
wind_before_curtailment_mw,Wind before curtailment proxy,Spring,INTGRNL,Ireland (Greenlink),40_60pct,import,import_mw_positive_magnitude_conditional_on_importing,100.0,978,86,8.793456032719837,-391.9672801635992,-514.0,18.34355828220859,410.31083844580775,18.34355828220859,-191.67200000000003,86,878,14,8.793456032719837,89.77505112474438,1.4314928425357873,5600.847418023835,4508.498,6817.500000000001,208.6046511627907,240.0,6.0,504.0,300.0,400.0,350.0,32.0,37.2093023255814,0.0037209302325581393
wind_before_curtailment_mw,Wind before curtailment proxy,Spring,INTGRNL,Ireland (Greenlink),40_60pct,export,export_mw_positive_magnitude_conditional_on_exporting,100.0,978,878,89.77505112474438,-391.9672801635992,-514.0,18.34355828220859,410.31083844580775,410.31083844580775,-191.67200000000003,86,878,14,8.793456032719837,89.77505112474438,1.4314928425357873,5600.847418023835,4508.498,6817.500000000001,457.04328018223237,514.0,4.0,516.0,500.0,600.0,550.0,616.0,70.15945330296127,0.007015945330296127
wind_before_curtailment_mw,Wind before curtailment proxy,Spring,INTGRNL,Ireland (Greenlink),60_80pct,import,import_mw_positive_magnitude_conditional_on_importing,100.0,970,75,7.731958762886598,-407.579381443299,-514.0,15.0,422.579381443299,15.0,-197.67600000000004,75,895,0,7.731958762886598,92.26804123711341,0.0,8441.18255635413,6824.250266666801,10520.670000000002,194.0,194.0,2.0,504.0,0.0,100.0,50.0,26.0,34.66666666666667,0.003466666666666667
wind_before_curtailment_mw,Wind before curtailment proxy,Spring,INTGRNL,Ireland (Greenlink),60_80pct,export,export_mw_positive_magnitude_conditional_on_exporting,100.0,970,895,92.26804123711341,-407.579381443299,-514.0,15.0,422.579381443299,422.579381443299,-197.67600000000004,75,895,0,7.731958762886598,92.26804123711341,0.0,8441.18255635413,6824.250266666801,10520.670000000002,457.991061452514,514.0,6.0,516.0,500.0,600.0,550.0,606.0,67.7094972067039,0.006770949720670391
wind_before_curtailment_mw,Wind before curtailment proxy,Spring,INTGRNL,Ireland (Greenlink),highest_20pct,import,import_mw_positive_magnitude_conditional_on_importing,100.0,784,123,15.688775510204081,-321.94897959183675,-496.0,39.48979591836735,361.4387755102041,39.48979591836735,-126.20400000000002,123,660,1,15.688775510204081,84.18367346938776,0.12755102040816327,13783.594824181784,10533.216133333202,20191.140466666995,251.70731707317074,216.0,4.0,506.0,0.0,100.0,50.0,27.0,21.951219512195124,0.0021951219512195124
wind_before_curtailment_mw,Wind before curtailment proxy,Spring,INTGRNL,Ireland (Greenlink),highest_20pct,export,export_mw_positive_magnitude_conditional_on_exporting,100.0,784,660,84.18367346938776,-321.94897959183675,-496.0,39.48979591836735,361.4387755102041,361.4387755102041,-126.20400000000002,123,660,1,15.688775510204081,84.18367346938776,0.12755102040816327,13783.594824181784,10533.216133333202,20191.140466666995,429.3454545454546,514.0,18.0,516.0,500.0,600.0,550.0,386.0,58.484848484848484,0.0058484848484848485
wind_before_curtailment_mw,Wind before curtailment proxy,Spring,INTIFA2,IFA2 (INTIFA2),lowest_20pct,import,import_mw_positive_magnitude_conditional_on_importing,100.0,3504,2508,71.57534246575342,435.6472602739726,906.0,599.9908675799087,164.34360730593608,599.9908675799087,763.2540000000002,2508,995,1,71.57534246575342,28.39611872146119,0.028538812785388126,1530.49349174277,-4.5900000000000025,2575.7899999999995,838.2647527910685,992.0,6.0,994.0,900.0,1000.0,950.0,1758.0,70.09569377990431,0.007009569377990431
wind_before_curtailment_mw,Wind before curtailment proxy,Spring,INTIFA2,IFA2 (INTIFA2),lowest_20pct,export,export_mw_positive_magnitude_conditional_on_exporting,100.0,3504,995,28.39611872146119,435.6472602739726,906.0,599.9908675799087,164.34360730593608,164.34360730593608,763.2540000000002,2508,995,1,71.57534246575342,28.39611872146119,0.028538812785388126,1530.49349174277,-4.5900000000000025,2575.7899999999995,578.7537688442211,612.0,2.0,1030.0,1000.0,1100.0,1050.0,269.0,27.035175879396984,0.002703517587939698
wind_before_curtailment_mw,Wind before curtailment proxy,Spring,INTIFA2,IFA2 (INTIFA2),20_40pct,import,import_mw_positive_magnitude_conditional_on_importing,100.0,3502,2759,78.78355225585379,539.7664191890349,946.0,661.9446030839521,122.1781838949172,661.9446030839521,945.1310000000001,2759,739,4,78.78355225585379,21.102227298686465,0.1142204454597373,3530.1453733293874,2577.208,4507.732,840.2065965929685,992.0,2.0,994.0,900.0,1000.0,950.0,1876.0,67.99565059804277,0.006799565059804277
wind_before_curtailment_mw,Wind before curtailment proxy,Spring,INTIFA2,IFA2 (INTIFA2),20_40pct,export,export_mw_positive_magnitude_conditional_on_exporting,100.0,3502,739,21.102227298686465,539.7664191890349,946.0,661.9446030839521,122.1781838949172,122.1781838949172,945.1310000000001,2759,739,4,78.78355225585379,21.102227298686465,0.1142204454597373,3530.1453733293874,2577.208,4507.732,578.9824086603518,614.0,2.0,1028.0,1000.0,1100.0,1050.0,192.0,25.98105548037889,0.002598105548037889
wind_before_curtailment_mw,Wind before curtailment proxy,Spring,INTIFA2,IFA2 (INTIFA2),40_60pct,import,import_mw_positive_magnitude_conditional_on_importing,100.0,3504,2623,74.85730593607306,469.9651826484018,930.0,630.0045662100457,160.03938356164383,630.0045662100457,823.3790000000001,2623,877,4,74.85730593607306,25.02853881278539,0.1141552511415525,5598.996532633769,4508.498,6820.248400000002,841.6073198627525,992.0,2.0,994.0,900.0,1000.0,950.0,1820.0,69.38619900876859,0.006938619900876859
wind_before_curtailment_mw,Wind before curtailment proxy,Spring,INTIFA2,IFA2 (INTIFA2),40_60pct,export,export_mw_positive_magnitude_conditional_on_exporting,100.0,3504,877,25.02853881278539,469.9651826484018,930.0,630.0045662100457,160.03938356164383,160.03938356164383,823.3790000000001,2623,877,4,74.85730593607306,25.02853881278539,0.1141552511415525,5598.996532633769,4508.498,6820.248400000002,639.4275940706956,786.0,2.0,1028.0,1000.0,1100.0,1050.0,347.0,39.56670467502851,0.0039566704675028505
wind_before_curtailment_mw,Wind before curtailment proxy,Spring,INTIFA2,IFA2 (INTIFA2),60_80pct,import,import_mw_positive_magnitude_conditional_on_importing,100.0,3503,2530,72.2238081644305,448.4538966600057,846.0,592.6268912360833,144.17299457607766,592.6268912360833,785.4670000000001,2530,969,4,72.2238081644305,27.662003996574363,0.11418783899514702,8588.69125079843,6820.868399999999,10532.172800000002,820.5422924901186,992.0,4.0,1178.0,900.0,1000.0,950.0,1652.0,65.29644268774703,0.006529644268774703
wind_before_curtailment_mw,Wind before curtailment proxy,Spring,INTIFA2,IFA2 (INTIFA2),60_80pct,export,export_mw_positive_magnitude_conditional_on_exporting,100.0,3503,969,27.662003996574363,448.4538966600057,846.0,592.6268912360833,144.17299457607766,144.17299457607766,785.4670000000001,2530,969,4,72.2238081644305,27.662003996574363,0.11418783899514702,8588.69125079843,6820.868399999999,10532.172800000002,521.1950464396285,448.0,2.0,1626.0,1000.0,1100.0,1050.0,311.0,32.09494324045408,0.0032094943240454075
wind_before_curtailment_mw,Wind before curtailment proxy,Spring,INTIFA2,IFA2 (INTIFA2),highest_20pct,import,import_mw_positive_magnitude_conditional_on_importing,100.0,3504,2444,69.74885844748859,312.3921232876712,627.0,523.2345890410959,210.84246575342465,523.2345890410959,547.311,2444,1057,3,69.74885844748859,30.16552511415525,0.08561643835616438,13144.637498943475,10533.216133333202,20191.140466666995,750.1693944353519,901.0,2.0,994.0,900.0,1000.0,950.0,1232.0,50.40916530278232,0.005040916530278232
wind_before_curtailment_mw,Wind before curtailment proxy,Spring,INTIFA2,IFA2 (INTIFA2),highest_20pct,export,export_mw_positive_magnitude_conditional_on_exporting,100.0,3504,1057,30.16552511415525,312.3921232876712,627.0,523.2345890410959,210.84246575342465,210.84246575342465,547.311,2444,1057,3,69.74885844748859,30.16552511415525,0.08561643835616438,13144.637498943475,10533.216133333202,20191.140466666995,698.9517502365185,918.0,2.0,1028.0,1000.0,1100.0,1050.0,475.0,44.93850520340587,0.004493850520340586
wind_before_curtailment_mw,Wind before curtailment proxy,Spring,INTIRL,Northern Ireland(Moyle),lowest_20pct,import,import_mw_positive_magnitude_conditional_on_importing,100.0,3504,702,20.034246575342465,-227.20890410958904,-312.0,39.970319634703195,267.17922374429224,39.970319634703195,-398.06999999999994,702,2738,64,20.034246575342465,78.1392694063927,1.82648401826484,1530.49349174277,-4.5900000000000025,2575.7899999999995,199.5099715099715,185.0,2.0,404.0,0.0,100.0,50.0,202.0,28.774928774928775,0.0028774928774928776
wind_before_curtailment_mw,Wind before curtailment proxy,Spring,INTIRL,Northern Ireland(Moyle),lowest_20pct,export,export_mw_positive_magnitude_conditional_on_exporting,100.0,3504,2738,78.1392694063927,-227.20890410958904,-312.0,39.970319634703195,267.17922374429224,267.17922374429224,-398.06999999999994,702,2738,64,20.034246575342465,78.1392694063927,1.82648401826484,1530.49349174277,-4.5900000000000025,2575.7899999999995,341.926953981008,402.0,2.0,456.0,400.0,500.0,450.0,1393.0,50.87655222790358,0.005087655222790358
wind_before_curtailment_mw,Wind before curtailment proxy,Spring,INTIRL,Northern Ireland(Moyle),20_40pct,import,import_mw_positive_magnitude_conditional_on_importing,100.0,3502,606,17.3043974871502,-247.42147344374644,-376.0,36.327241576242145,283.7487150199886,36.327241576242145,-433.235,606,2793,103,17.3043974871502,79.75442604226156,2.941176470588235,3530.1453733293874,2577.208,4507.732,209.93069306930693,220.0,2.0,404.0,0.0,100.0,50.0,191.0,31.51815181518152,0.0031518151815181517
wind_before_curtailment_mw,Wind before curtailment proxy,Spring,INTIRL,Northern Ireland(Moyle),20_40pct,export,export_mw_positive_magnitude_conditional_on_exporting,100.0,3502,2793,79.75442604226156,-247.42147344374644,-376.0,36.327241576242145,283.7487150199886,283.7487150199886,-433.235,606,2793,103,17.3043974871502,79.75442604226156,2.941176470588235,3530.1453733293874,2577.208,4507.732,355.7780164697458,446.0,2.0,456.0,400.0,500.0,450.0,1643.0,58.82563551736484,0.005882563551736484
wind_before_curtailment_mw,Wind before curtailment proxy,Spring,INTIRL,Northern Ireland(Moyle),40_60pct,import,import_mw_positive_magnitude_conditional_on_importing,100.0,3504,812,23.17351598173516,-208.74543378995435,-343.0,53.489155251141554,262.2345890410959,53.489155251141554,-365.722,812,2583,109,23.17351598173516,73.71575342465754,3.1107305936073057,5598.996532633769,4508.498,6820.248400000002,230.82019704433498,246.0,2.0,404.0,200.0,300.0,250.0,245.0,30.17241379310345,0.003017241379310345
wind_before_curtailment_mw,Wind before curtailment proxy,Spring,INTIRL,Northern Ireland(Moyle),40_60pct,export,export_mw_positive_magnitude_conditional_on_exporting,100.0,3504,2583,73.71575342465754,-208.74543378995435,-343.0,53.489155251141554,262.2345890410959,262.2345890410959,-365.722,812,2583,109,23.17351598173516,73.71575342465754,3.1107305936073057,5598.996532633769,4508.498,6820.248400000002,355.73751451800234,446.0,2.0,458.0,400.0,500.0,450.0,1502.0,58.14943863724351,0.005814943863724351
wind_before_curtailment_mw,Wind before curtailment proxy,Spring,INTIRL,Northern Ireland(Moyle),60_80pct,import,import_mw_positive_magnitude_conditional_on_importing,100.0,3503,683,19.497573508421354,-220.15186982586354,-330.0,44.18669711675707,264.3385669426206,44.18669711675707,-385.596,683,2719,101,19.497573508421354,77.61918355695119,2.883242934627462,8588.69125079843,6820.868399999999,10532.172800000002,226.62664714494875,246.0,2.0,682.0,200.0,300.0,250.0,178.0,26.061493411420205,0.0026061493411420208
wind_before_curtailment_mw,Wind before curtailment proxy,Spring,INTIRL,Northern Ireland(Moyle),60_80pct,export,export_mw_positive_magnitude_conditional_on_exporting,100.0,3503,2719,77.61918355695119,-220.15186982586354,-330.0,44.18669711675707,264.3385669426206,264.3385669426206,-385.596,683,2719,101,19.497573508421354,77.61918355695119,2.883242934627462,8588.69125079843,6820.868399999999,10532.172800000002,340.5582934902538,402.0,2.0,592.0,400.0,500.0,450.0,1380.0,50.75395365943361,0.0050753953659433615
wind_before_curtailment_mw,Wind before curtailment proxy,Spring,INTIRL,Northern Ireland(Moyle),highest_20pct,import,import_mw_positive_magnitude_conditional_on_importing,100.0,3504,1051,29.99429223744292,-146.86529680365297,-226.0,71.13869863013699,218.00399543378995,71.13869863013699,-257.308,1051,2346,107,29.99429223744292,66.95205479452055,3.0536529680365296,13144.637498943475,10533.216133333202,20191.140466666995,237.17411988582302,248.0,4.0,404.0,200.0,300.0,250.0,318.0,30.256898192197905,0.0030256898192197908
wind_before_curtailment_mw,Wind before curtailment proxy,Spring,INTIRL,Northern Ireland(Moyle),highest_20pct,export,export_mw_positive_magnitude_conditional_on_exporting,100.0,3504,2346,66.95205479452055,-146.86529680365297,-226.0,71.13869863013699,218.00399543378995,218.00399543378995,-257.308,1051,2346,107,29.99429223744292,66.95205479452055,3.0536529680365296,13144.637498943475,10533.216133333202,20191.140466666995,325.61210571184995,377.0,2.0,456.0,400.0,500.0,450.0,1083.0,46.16368286445013,0.004616368286445013
wind_before_curtailment_mw,Wind before curtailment proxy,Spring,INTNED,Netherlands(BritNed),lowest_20pct,import,import_mw_positive_magnitude_conditional_on_importing,100.0,3504,2323,66.29566210045662,317.5068493150685,502.0,505.98059360730593,188.47374429223746,505.98059360730593,556.272,2323,1033,148,66.29566210045662,29.480593607305938,4.223744292237443,1530.49349174277,-4.5900000000000025,2575.7899999999995,763.2182522600086,932.0,2.0,1062.0,1000.0,1100.0,1050.0,1007.0,43.34911752044769,0.00433491175204477
wind_before_curtailment_mw,Wind before curtailment proxy,Spring,INTNED,Netherlands(BritNed),lowest_20pct,export,export_mw_positive_magnitude_conditional_on_exporting,100.0,3504,1033,29.480593607305938,317.5068493150685,502.0,505.98059360730593,188.47374429223746,188.47374429223746,556.272,2323,1033,148,66.29566210045662,29.480593607305938,4.223744292237443,1530.49349174277,-4.5900000000000025,2575.7899999999995,639.3146176185867,642.0,98.0,1076.0,1000.0,1100.0,1050.0,277.0,26.815101645692156,0.0026815101645692157
wind_before_curtailment_mw,Wind before curtailment proxy,Spring,INTNED,Netherlands(BritNed),20_40pct,import,import_mw_positive_magnitude_conditional_on_importing,100.0,3502,2439,69.64591661907481,397.01484865790974,614.0,544.6727584237578,147.65790976584807,544.6727584237578,695.173,2439,812,251,69.64591661907481,23.186750428326672,7.167332952598516,3530.1453733293874,2577.208,4507.732,782.059860598606,954.0,2.0,1076.0,1000.0,1100.0,1050.0,1107.0,45.38745387453875,0.004538745387453875
wind_before_curtailment_mw,Wind before curtailment proxy,Spring,INTNED,Netherlands(BritNed),20_40pct,export,export_mw_positive_magnitude_conditional_on_exporting,100.0,3502,812,23.186750428326672,397.01484865790974,614.0,544.6727584237578,147.65790976584807,147.65790976584807,695.173,2439,812,251,69.64591661907481,23.186750428326672,7.167332952598516,3530.1453733293874,2577.208,4507.732,636.820197044335,663.0,102.0,1074.0,1000.0,1100.0,1050.0,167.0,20.56650246305419,0.002056650246305419
wind_before_curtailment_mw,Wind before curtailment proxy,Spring,INTNED,Netherlands(BritNed),40_60pct,import,import_mw_positive_magnitude_conditional_on_importing,100.0,3504,2313,66.01027397260275,355.1312785388128,513.0,507.27853881278537,152.1472602739726,507.27853881278537,622.19,2313,852,339,66.01027397260275,24.315068493150687,9.674657534246576,5598.996532633769,4508.498,6820.248400000002,768.4842196281885,944.0,2.0,1078.0,1000.0,1100.0,1050.0,1012.0,43.752702118460874,0.004375270211846087
wind_before_curtailment_mw,Wind before curtailment proxy,Spring,INTNED,Netherlands(BritNed),40_60pct,export,export_mw_positive_magnitude_conditional_on_exporting,100.0,3504,852,24.315068493150687,355.1312785388128,513.0,507.27853881278537,152.1472602739726,152.1472602739726,622.19,2313,852,339,66.01027397260275,24.315068493150687,9.674657534246576,5598.996532633769,4508.498,6820.248400000002,625.7323943661971,636.0,22.0,1078.0,1000.0,1100.0,1050.0,206.0,24.178403755868544,0.0024178403755868542
wind_before_curtailment_mw,Wind before curtailment proxy,Spring,INTNED,Netherlands(BritNed),60_80pct,import,import_mw_positive_magnitude_conditional_on_importing,100.0,3503,2302,65.71510134170711,328.71881244647443,502.0,493.9126463031687,165.19383385669425,493.9126463031687,575.751,2302,948,253,65.71510134170711,27.062517841849843,7.2223808164430485,8588.69125079843,6820.868399999999,10532.172800000002,751.5968722849695,890.0,2.0,1076.0,1000.0,1100.0,1050.0,884.0,38.40139009556907,0.003840139009556907
wind_before_curtailment_mw,Wind before curtailment proxy,Spring,INTNED,Netherlands(BritNed),60_80pct,export,export_mw_positive_magnitude_conditional_on_exporting,100.0,3503,948,27.062517841849843,328.71881244647443,502.0,493.9126463031687,165.19383385669425,165.19383385669425,575.751,2302,948,253,65.71510134170711,27.062517841849843,7.2223808164430485,8588.69125079843,6820.868399999999,10532.172800000002,610.415611814346,599.0,16.0,1076.0,1000.0,1100.0,1050.0,220.0,23.20675105485232,0.002320675105485232
wind_before_curtailment_mw,Wind before curtailment proxy,Spring,INTNED,Netherlands(BritNed),highest_20pct,import,import_mw_positive_magnitude_conditional_on_importing,100.0,3504,1937,55.2796803652968,117.29452054794521,212.0,407.2009132420091,289.9063926940639,407.2009132420091,205.5,1937,1415,152,55.2796803652968,40.3824200913242,4.337899543378995,13144.637498943475,10533.216133333202,20191.140466666995,736.6195147134745,852.0,2.0,1076.0,1000.0,1100.0,1050.0,714.0,36.86112545172948,0.0036861125451729477
wind_before_curtailment_mw,Wind before curtailment proxy,Spring,INTNED,Netherlands(BritNed),highest_20pct,export,export_mw_positive_magnitude_conditional_on_exporting,100.0,3504,1415,40.3824200913242,117.29452054794521,212.0,407.2009132420091,289.9063926940639,289.9063926940639,205.5,1937,1415,152,55.2796803652968,40.3824200913242,4.337899543378995,13144.637498943475,10533.216133333202,20191.140466666995,717.9024734982332,838.0,54.0,1078.0,1000.0,1100.0,1050.0,514.0,36.32508833922262,0.0036325088339222615
wind_before_curtailment_mw,Wind before curtailment proxy,Spring,INTNEM,Belgium (Nemolink),lowest_20pct,import,import_mw_positive_magnitude_conditional_on_importing,100.0,3504,2634,75.17123287671232,401.6421232876712,624.0,544.5816210045662,142.93949771689498,544.5816210045662,703.6769999999999,2634,856,14,75.17123287671232,24.429223744292237,0.3995433789954338,1530.49349174277,-4.5900000000000025,2575.7899999999995,724.454821564161,836.0,2.0,1020.0,1000.0,1100.0,1050.0,739.0,28.056188306757786,0.0028056188306757783
wind_before_curtailment_mw,Wind before curtailment proxy,Spring,INTNEM,Belgium (Nemolink),lowest_20pct,export,export_mw_positive_magnitude_conditional_on_exporting,100.0,3504,856,24.429223744292237,401.6421232876712,624.0,544.5816210045662,142.93949771689498,142.93949771689498,703.6769999999999,2634,856,14,75.17123287671232,24.429223744292237,0.3995433789954338,1530.49349174277,-4.5900000000000025,2575.7899999999995,585.1168224299065,566.0,4.0,1022.0,1000.0,1100.0,1050.0,213.0,24.88317757009346,0.002488317757009346
wind_before_curtailment_mw,Wind before curtailment proxy,Spring,INTNEM,Belgium (Nemolink),20_40pct,import,import_mw_positive_magnitude_conditional_on_importing,100.0,3502,2739,78.21245002855511,445.9263278126785,640.0,554.2604226156482,108.33409480296973,554.2604226156482,780.817,2739,746,17,78.21245002855511,21.302113078241007,0.48543689320388345,3530.1453733293874,2577.208,4507.732,708.6600949251551,796.0,2.0,1020.0,1000.0,1100.0,1050.0,730.0,26.652062796641108,0.0026652062796641107
wind_before_curtailment_mw,Wind before curtailment proxy,Spring,INTNEM,Belgium (Nemolink),20_40pct,export,export_mw_positive_magnitude_conditional_on_exporting,100.0,3502,746,21.302113078241007,445.9263278126785,640.0,554.2604226156482,108.33409480296973,108.33409480296973,780.817,2739,746,17,78.21245002855511,21.302113078241007,0.48543689320388345,3530.1453733293874,2577.208,4507.732,508.5603217158177,410.0,2.0,1024.0,1000.0,1100.0,1050.0,141.0,18.900804289544233,0.0018900804289544236
wind_before_curtailment_mw,Wind before curtailment proxy,Spring,INTNEM,Belgium (Nemolink),40_60pct,import,import_mw_positive_magnitude_conditional_on_importing,100.0,3504,2667,76.11301369863014,424.2796803652968,650.0,556.2089041095891,131.92922374429224,556.2089041095891,743.338,2667,821,16,76.11301369863014,23.430365296803654,0.45662100456621,5598.996532633769,4508.498,6820.248400000002,730.7671541057368,832.0,2.0,1020.0,1000.0,1100.0,1050.0,741.0,27.78402699662542,0.002778402699662542
wind_before_curtailment_mw,Wind before curtailment proxy,Spring,INTNEM,Belgium (Nemolink),40_60pct,export,export_mw_positive_magnitude_conditional_on_exporting,100.0,3504,821,23.430365296803654,424.2796803652968,650.0,556.2089041095891,131.92922374429224,131.92922374429224,743.338,2667,821,16,76.11301369863014,23.430365296803654,0.45662100456621,5598.996532633769,4508.498,6820.248400000002,563.0694275274057,568.0,2.0,1024.0,1000.0,1100.0,1050.0,198.0,24.116930572472594,0.0024116930572472594
wind_before_curtailment_mw,Wind before curtailment proxy,Spring,INTNEM,Belgium (Nemolink),60_80pct,import,import_mw_positive_magnitude_conditional_on_importing,100.0,3503,2611,74.53611190408222,391.77790465315445,538.0,514.0291178989438,122.25121324578933,514.0291178989438,686.1990000000001,2611,868,24,74.53611190408222,24.778761061946902,0.6851270339708821,8588.69125079843,6820.868399999999,10532.172800000002,689.6376867100728,794.0,2.0,1366.0,1000.0,1100.0,1050.0,705.0,27.001148985063196,0.0027001148985063197
wind_before_curtailment_mw,Wind before curtailment proxy,Spring,INTNEM,Belgium (Nemolink),60_80pct,export,export_mw_positive_magnitude_conditional_on_exporting,100.0,3503,868,24.778761061946902,391.77790465315445,538.0,514.0291178989438,122.25121324578933,122.25121324578933,686.1990000000001,2611,868,24,74.53611190408222,24.778761061946902,0.6851270339708821,8588.69125079843,6820.868399999999,10532.172800000002,493.3709677419355,426.0,4.0,1024.0,0.0,100.0,50.0,130.0,14.976958525345621,0.001497695852534562
wind_before_curtailment_mw,Wind before curtailment proxy,Spring,INTNEM,Belgium (Nemolink),highest_20pct,import,import_mw_positive_magnitude_conditional_on_importing,100.0,3504,2163,61.72945205479452,198.29680365296804,345.0,426.4189497716895,228.12214611872147,426.4189497716895,347.416,2163,1313,28,61.72945205479452,37.47146118721461,0.7990867579908676,13144.637498943475,10533.216133333202,20191.140466666995,690.786870087841,786.0,2.0,1020.0,1000.0,1100.0,1050.0,556.0,25.705039297272307,0.002570503929727231
wind_before_curtailment_mw,Wind before curtailment proxy,Spring,INTNEM,Belgium (Nemolink),highest_20pct,export,export_mw_positive_magnitude_conditional_on_exporting,100.0,3504,1313,37.47146118721461,198.29680365296804,345.0,426.4189497716895,228.12214611872147,228.12214611872147,347.416,2163,1313,28,61.72945205479452,37.47146118721461,0.7990867579908676,13144.637498943475,10533.216133333202,20191.140466666995,608.7890327494288,678.0,2.0,1024.0,1000.0,1100.0,1050.0,331.0,25.20944402132521,0.002520944402132521
wind_before_curtailment_mw,Wind before curtailment proxy,Spring,INTNSL,North Sea Link (INTNSL),lowest_20pct,import,import_mw_positive_magnitude_conditional_on_importing,100.0,3504,3126,89.21232876712328,929.3127853881278,1096.0,973.3156392694063,44.00285388127854,973.3156392694063,1628.1559999999997,3126,376,2,89.21232876712328,10.730593607305936,0.05707762557077625,1530.49349174277,-4.5900000000000025,2575.7899999999995,1091.0102367242482,1296.0,2.0,1400.0,1300.0,1400.0,1350.0,861.0,27.543186180422264,0.0027543186180422263
wind_before_curtailment_mw,Wind before curtailment proxy,Spring,INTNSL,North Sea Link (INTNSL),lowest_20pct,export,export_mw_positive_magnitude_conditional_on_exporting,100.0,3504,376,10.730593607305936,929.3127853881278,1096.0,973.3156392694063,44.00285388127854,44.00285388127854,1628.1559999999997,3126,376,2,89.21232876712328,10.730593607305936,0.05707762557077625,1530.49349174277,-4.5900000000000025,2575.7899999999995,410.0691489361702,424.0,2.0,740.0,700.0,800.0,750.0,135.0,35.90425531914894,0.0035904255319148936
wind_before_curtailment_mw,Wind before curtailment proxy,Spring,INTNSL,North Sea Link (INTNSL),20_40pct,import,import_mw_positive_magnitude_conditional_on_importing,100.0,3502,3171,90.54825813820673,1008.5899486007995,1295.0,1043.9571673329526,35.367218732153056,1043.9571673329526,1766.041,3171,319,12,90.54825813820673,9.10908052541405,0.34266133637921187,3530.1453733293874,2577.208,4507.732,1152.9290444654682,1296.0,2.0,1400.0,1300.0,1400.0,1350.0,985.0,31.062756228319145,0.0031062756228319144
wind_before_curtailment_mw,Wind before curtailment proxy,Spring,INTNSL,North Sea Link (INTNSL),20_40pct,export,export_mw_positive_magnitude_conditional_on_exporting,100.0,3502,319,9.10908052541405,1008.5899486007995,1295.0,1043.9571673329526,35.367218732153056,35.367218732153056,1766.041,3171,319,12,90.54825813820673,9.10908052541405,0.34266133637921187,3530.1453733293874,2577.208,4507.732,388.26332288401255,416.0,2.0,740.0,700.0,800.0,750.0,101.0,31.661442006269592,0.003166144200626959
wind_before_curtailment_mw,Wind before curtailment proxy,Spring,INTNSL,North Sea Link (INTNSL),40_60pct,import,import_mw_positive_magnitude_conditional_on_importing,100.0,3504,3097,88.38470319634703,982.6381278538813,1260.0,1035.6969178082193,53.0587899543379,1035.6969178082193,1721.5819999999999,3097,395,12,88.38470319634703,11.27283105022831,0.3424657534246575,5598.996532633769,4508.498,6820.248400000002,1171.8056183403294,1296.0,4.0,1400.0,1300.0,1400.0,1350.0,1135.0,36.648369389732,0.0036648369389732
wind_before_curtailment_mw,Wind before curtailment proxy,Spring,INTNSL,North Sea Link (INTNSL),40_60pct,export,export_mw_positive_magnitude_conditional_on_exporting,100.0,3504,395,11.27283105022831,982.6381278538813,1260.0,1035.6969178082193,53.0587899543379,53.0587899543379,1721.5819999999999,3097,395,12,88.38470319634703,11.27283105022831,0.3424657534246575,5598.996532633769,4508.498,6820.248400000002,470.6784810126582,666.0,2.0,794.0,700.0,800.0,750.0,187.0,47.34177215189874,0.004734177215189874
wind_before_curtailment_mw,Wind before curtailment proxy,Spring,INTNSL,North Sea Link (INTNSL),60_80pct,import,import_mw_positive_magnitude_conditional_on_importing,100.0,3503,3233,92.29232086782757,985.033399942906,1096.0,1015.764202112475,30.730802169568943,1015.764202112475,1725.2859999999998,3233,264,6,92.29232086782757,7.536397373679702,0.17128175849272054,8588.69125079843,6820.868399999999,10532.172800000002,1100.5944942777605,1096.0,2.0,1400.0,1300.0,1400.0,1350.0,1072.0,33.1580575317043,0.00331580575317043
wind_before_curtailment_mw,Wind before curtailment proxy,Spring,INTNSL,North Sea Link (INTNSL),60_80pct,export,export_mw_positive_magnitude_conditional_on_exporting,100.0,3503,264,7.536397373679702,985.033399942906,1096.0,1015.764202112475,30.730802169568943,30.730802169568943,1725.2859999999998,3233,264,6,92.29232086782757,7.536397373679702,0.17128175849272054,8588.69125079843,6820.868399999999,10532.172800000002,407.7651515151515,449.0,2.0,1214.0,700.0,800.0,750.0,98.0,37.121212121212125,0.003712121212121212
wind_before_curtailment_mw,Wind before curtailment proxy,Spring,INTNSL,North Sea Link (INTNSL),highest_20pct,import,import_mw_positive_magnitude_conditional_on_importing,100.0,3504,2607,74.40068493150685,521.7933789954338,698.0,689.1683789954338,167.375,689.1683789954338,914.182,2607,884,13,74.40068493150685,25.228310502283108,0.3710045662100456,13144.637498943475,10533.216133333202,20191.140466666995,926.2930571538167,998.0,2.0,1400.0,1000.0,1100.0,1050.0,650.0,24.932873034138858,0.002493287303413886
wind_before_curtailment_mw,Wind before curtailment proxy,Spring,INTNSL,North Sea Link (INTNSL),highest_20pct,export,export_mw_positive_magnitude_conditional_on_exporting,100.0,3504,884,25.228310502283108,521.7933789954338,698.0,689.1683789954338,167.375,167.375,914.182,2607,884,13,74.40068493150685,25.228310502283108,0.3710045662100456,13144.637498943475,10533.216133333202,20191.140466666995,663.4411764705883,695.0,2.0,1454.0,700.0,800.0,750.0,165.0,18.665158371040725,0.0018665158371040725
wind_before_curtailment_mw,Wind before curtailment proxy,Spring,INTVKL,Denmark (Viking link),lowest_20pct,import,import_mw_positive_magnitude_conditional_on_importing,100.0,1519,1085,71.42857142857143,474.64384463462807,742.0,610.9677419354839,136.32389730085583,610.9677419354839,360.4920000000001,1085,355,79,71.42857142857143,23.37063857801185,5.200789993416722,1608.4730353302612,52.42120000000001,2572.7186,855.3548387096774,796.0,8.0,1424.0,700.0,800.0,750.0,252.0,23.225806451612904,0.0023225806451612906
wind_before_curtailment_mw,Wind before curtailment proxy,Spring,INTVKL,Denmark (Viking link),lowest_20pct,export,export_mw_positive_magnitude_conditional_on_exporting,100.0,1519,355,23.37063857801185,474.64384463462807,742.0,610.9677419354839,136.32389730085583,136.32389730085583,360.4920000000001,1085,355,79,71.42857142857143,23.37063857801185,5.200789993416722,1608.4730353302612,52.42120000000001,2572.7186,583.312676056338,528.0,4.0,1100.0,1000.0,1100.0,1050.0,71.0,20.0,0.002
wind_before_curtailment_mw,Wind before curtailment proxy,Spring,INTVKL,Denmark (Viking link),20_40pct,import,import_mw_positive_magnitude_conditional_on_importing,100.0,1472,989,67.1875,428.3328804347826,658.0,564.4701086956521,136.13722826086956,564.4701086956521,315.253,989,353,130,67.1875,23.980978260869566,8.831521739130435,3477.8731364445407,2579.7985999999987,4504.687999999998,840.1415571284125,872.0,2.0,1424.0,900.0,1000.0,950.0,277.0,28.00808897876643,0.0028008088978766434
wind_before_curtailment_mw,Wind before curtailment proxy,Spring,INTVKL,Denmark (Viking link),20_40pct,export,export_mw_positive_magnitude_conditional_on_exporting,100.0,1472,353,23.980978260869566,428.3328804347826,658.0,564.4701086956521,136.13722826086956,136.13722826086956,315.253,989,353,130,67.1875,23.980978260869566,8.831521739130435,3477.8731364445407,2579.7985999999987,4504.687999999998,567.6883852691218,512.0,2.0,1098.0,1000.0,1100.0,1050.0,59.0,16.71388101983003,0.001671388101983003
wind_before_curtailment_mw,Wind before curtailment proxy,Spring,INTVKL,Denmark (Viking link),40_60pct,import,import_mw_positive_magnitude_conditional_on_importing,100.0,1744,1022,58.600917431192656,362.0802752293578,330.0,497.4071100917431,135.3268348623853,497.4071100917431,315.734,1022,417,305,58.600917431192656,23.910550458715598,17.488532110091743,5623.385456321075,4508.498,6820.248400000002,848.8043052837573,892.0,4.0,1426.0,900.0,1000.0,950.0,215.0,21.037181996086105,0.0021037181996086105
wind_before_curtailment_mw,Wind before curtailment proxy,Spring,INTVKL,Denmark (Viking link),40_60pct,export,export_mw_positive_magnitude_conditional_on_exporting,100.0,1744,417,23.910550458715598,362.0802752293578,330.0,497.4071100917431,135.3268348623853,135.3268348623853,315.734,1022,417,305,58.600917431192656,23.910550458715598,17.488532110091743,5623.385456321075,4508.498,6820.248400000002,565.9712230215828,570.0,2.0,1098.0,1000.0,1100.0,1050.0,83.0,19.904076738609113,0.0019904076738609115
wind_before_curtailment_mw,Wind before curtailment proxy,Spring,INTVKL,Denmark (Viking link),60_80pct,import,import_mw_positive_magnitude_conditional_on_importing,100.0,1947,1183,60.76014381099127,368.01335387776066,420.0,530.6697483307653,162.65639445300462,530.6697483307653,358.26099999999997,1183,580,184,60.76014381099127,29.789419619928093,9.450436569080637,8481.784837076846,6824.250266666801,10522.566533334,873.3846153846154,858.0,2.0,1426.0,1400.0,1500.0,1450.0,245.0,20.710059171597635,0.0020710059171597634
wind_before_curtailment_mw,Wind before curtailment proxy,Spring,INTVKL,Denmark (Viking link),60_80pct,export,export_mw_positive_magnitude_conditional_on_exporting,100.0,1947,580,29.789419619928093,368.01335387776066,420.0,530.6697483307653,162.65639445300462,162.65639445300462,358.26099999999997,1183,580,184,60.76014381099127,29.789419619928093,9.450436569080637,8481.784837076846,6824.250266666801,10522.566533334,546.0206896551724,545.0,2.0,1098.0,700.0,800.0,750.0,82.0,14.13793103448276,0.001413793103448276
wind_before_curtailment_mw,Wind before curtailment proxy,Spring,INTVKL,Denmark (Viking link),highest_20pct,import,import_mw_positive_magnitude_conditional_on_importing,100.0,2006,886,44.16749750747756,126.37686939182453,0.0,392.65503489531403,266.2781655034895,392.65503489531403,126.75599999999999,886,830,290,44.16749750747756,41.37587238285145,14.456630109670987,13509.753876617193,10533.216133333202,20191.140466666995,889.0135440180587,915.0,2.0,1426.0,1400.0,1500.0,1450.0,170.0,19.187358916478555,0.0019187358916478556
wind_before_curtailment_mw,Wind before curtailment proxy,Spring,INTVKL,Denmark (Viking link),highest_20pct,export,export_mw_positive_magnitude_conditional_on_exporting,100.0,2006,830,41.37587238285145,126.37686939182453,0.0,392.65503489531403,266.2781655034895,266.2781655034895,126.75599999999999,886,830,290,44.16749750747756,41.37587238285145,14.456630109670987,13509.753876617193,10533.216133333202,20191.140466666995,643.5590361445783,714.0,4.0,1456.0,700.0,800.0,750.0,186.0,22.40963855421687,0.002240963855421687
wind_before_curtailment_mw,Wind before curtailment proxy,Summer,TOTAL_GB_INTERCONNECTORS,GB interconnector fleet total,lowest_20pct,import,import_mw_positive_magnitude_conditional_on_importing,100.0,4100,3227,78.70731707317074,2809.5253658536585,3764.0,3280.669756097561,471.1443902439024,3280.669756097561,5759.527,3227,873,0,78.70731707317074,21.29268292682927,0.0,1101.5953890956641,-54.174,1988.8760000000009,4168.189030058878,4064.0,6.0,8270.0,3700.0,3800.0,3750.0,220.0,6.817477533312674,0.0006817477533312674
wind_before_curtailment_mw,Wind before curtailment proxy,Summer,TOTAL_GB_INTERCONNECTORS,GB interconnector fleet total,lowest_20pct,export,export_mw_positive_magnitude_conditional_on_exporting,100.0,4100,873,21.29268292682927,2809.5253658536585,3764.0,3280.669756097561,471.1443902439024,471.1443902439024,5759.527,3227,873,0,78.70731707317074,21.29268292682927,0.0,1101.5953890956641,-54.174,1988.8760000000009,2212.7056128293243,1902.0,18.0,6112.0,800.0,900.0,850.0,35.0,4.009163802978236,0.00040091638029782364
wind_before_curtailment_mw,Wind before curtailment proxy,Summer,TOTAL_GB_INTERCONNECTORS,GB interconnector fleet total,20_40pct,import,import_mw_positive_magnitude_conditional_on_importing,100.0,4096,3106,75.830078125,2552.36181640625,3469.0,3071.43603515625,519.07421875,3071.43603515625,5227.237,3106,986,4,75.830078125,24.072265625,0.09765625,2741.921146176215,1989.6748000000011,3500.3542000000016,4050.419188667096,4109.0,4.0,8248.0,4100.0,4200.0,4150.0,104.0,3.34835801674179,0.000334835801674179
wind_before_curtailment_mw,Wind before curtailment proxy,Summer,TOTAL_GB_INTERCONNECTORS,GB interconnector fleet total,20_40pct,export,export_mw_positive_magnitude_conditional_on_exporting,100.0,4096,986,24.072265625,2552.36181640625,3469.0,3071.43603515625,519.07421875,519.07421875,5227.237,3106,986,4,75.830078125,24.072265625,0.09765625,2741.921146176215,1989.6748000000011,3500.3542000000016,2156.316430020284,1924.0,8.0,6126.0,1100.0,1200.0,1150.0,35.0,3.5496957403651117,0.00035496957403651115
wind_before_curtailment_mw,Wind before curtailment proxy,Summer,TOTAL_GB_INTERCONNECTORS,GB interconnector fleet total,40_60pct,import,import_mw_positive_magnitude_conditional_on_importing,100.0,4098,3219,78.55051244509517,2780.5173255246464,3671.0,3292.1961932650074,511.67886774036117,3292.1961932650074,5697.28,3219,878,1,78.55051244509517,21.425085407515862,0.02440214738897023,4384.796423959173,3500.7300000000014,5425.185266666606,4191.183597390494,4332.0,6.0,8712.0,4500.0,4600.0,4550.0,82.0,2.5473749611680647,0.0002547374961168065
wind_before_curtailment_mw,Wind before curtailment proxy,Summer,TOTAL_GB_INTERCONNECTORS,GB interconnector fleet total,40_60pct,export,export_mw_positive_magnitude_conditional_on_exporting,100.0,4098,878,21.425085407515862,2780.5173255246464,3671.0,3292.1961932650074,511.67886774036117,511.67886774036117,5697.28,3219,878,1,78.55051244509517,21.425085407515862,0.02440214738897023,4384.796423959173,3500.7300000000014,5425.185266666606,2388.223234624146,2203.0,8.0,6314.0,2400.0,2500.0,2450.0,32.0,3.644646924829157,0.0003644646924829157
wind_before_curtailment_mw,Wind before curtailment proxy,Summer,TOTAL_GB_INTERCONNECTORS,GB interconnector fleet total,60_80pct,import,import_mw_positive_magnitude_conditional_on_importing,100.0,4099,3123,76.18931446694316,2190.969016833374,2854.0,2767.7540863625272,576.7850695291535,2767.7540863625272,4490.3910000000005,3123,976,0,76.18931446694316,23.810685533056844,0.0,6697.3988529062735,5425.821599999999,8314.965999999999,3632.7326288824847,3752.0,2.0,8902.0,4400.0,4500.0,4450.0,76.0,2.4335574767851424,0.00024335574767851424
wind_before_curtailment_mw,Wind before curtailment proxy,Summer,TOTAL_GB_INTERCONNECTORS,GB interconnector fleet total,60_80pct,export,export_mw_positive_magnitude_conditional_on_exporting,100.0,4099,976,23.810685533056844,2190.969016833374,2854.0,2767.7540863625272,576.7850695291535,576.7850695291535,4490.3910000000005,3123,976,0,76.18931446694316,23.810685533056844,0.0,6697.3988529062735,5425.821599999999,8314.965999999999,2422.379098360656,2118.0,2.0,6330.0,100.0,200.0,150.0,41.0,4.200819672131147,0.0004200819672131147
wind_before_curtailment_mw,Wind before curtailment proxy,Summer,TOTAL_GB_INTERCONNECTORS,GB interconnector fleet total,highest_20pct,import,import_mw_positive_magnitude_conditional_on_importing,100.0,4099,2350,57.33105635520859,564.2415223225177,662.0,1612.228836301537,1047.9873139790193,1612.228836301537,1156.413,2350,1749,0,57.33105635520859,42.66894364479141,0.0,11461.488311602454,8315.280000000002,18984.820333332627,2812.1387234042554,2721.0,2.0,7692.0,1100.0,1200.0,1150.0,59.0,2.5106382978723403,0.00025106382978723403
wind_before_curtailment_mw,Wind before curtailment proxy,Summer,TOTAL_GB_INTERCONNECTORS,GB interconnector fleet total,highest_20pct,export,export_mw_positive_magnitude_conditional_on_exporting,100.0,4099,1749,42.66894364479141,564.2415223225177,662.0,1612.228836301537,1047.9873139790193,1047.9873139790193,1156.413,2350,1749,0,57.33105635520859,42.66894364479141,0.0,11461.488311602454,8315.280000000002,18984.820333332627,2456.089193825043,2324.0,2.0,7914.0,400.0,500.0,450.0,49.0,2.801600914808462,0.0002801600914808462
wind_before_curtailment_mw,Wind before curtailment proxy,Summer,INTELEC,Eleclink (INTELEC),lowest_20pct,import,import_mw_positive_magnitude_conditional_on_importing,100.0,2868,1677,58.47280334728033,234.76847977684798,506.0,492.5543933054393,257.7859135285914,492.5543933054393,336.65799999999996,1677,1081,110,58.47280334728033,37.691771269177124,3.8354253835425385,1205.0077800879435,-40.40199999999999,1988.8760000000009,842.3649373881932,996.0,2.0,1002.0,900.0,1000.0,950.0,1088.0,64.87775790101371,0.006487775790101371
wind_before_curtailment_mw,Wind before curtailment proxy,Summer,INTELEC,Eleclink (INTELEC),lowest_20pct,export,export_mw_positive_magnitude_conditional_on_exporting,100.0,2868,1081,37.691771269177124,234.76847977684798,506.0,492.5543933054393,257.7859135285914,257.7859135285914,336.65799999999996,1677,1081,110,58.47280334728033,37.691771269177124,3.8354253835425385,1205.0077800879435,-40.40199999999999,1988.8760000000009,683.9315448658649,854.0,2.0,1026.0,900.0,1000.0,950.0,263.0,24.32932469935245,0.002432932469935245
wind_before_curtailment_mw,Wind before curtailment proxy,Summer,INTELEC,Eleclink (INTELEC),20_40pct,import,import_mw_positive_magnitude_conditional_on_importing,100.0,3491,2168,62.10254941277571,277.33371526783156,592.0,514.8547694070467,237.52105413921512,514.8547694070467,484.086,2168,1125,198,62.10254941277571,32.22572328845603,5.671727298768261,2751.5573087189277,1989.6748000000011,3500.3542000000016,829.039667896679,996.0,4.0,1102.0,900.0,1000.0,950.0,1368.0,63.09963099630996,0.006309963099630996
wind_before_curtailment_mw,Wind before curtailment proxy,Summer,INTELEC,Eleclink (INTELEC),20_40pct,export,export_mw_positive_magnitude_conditional_on_exporting,100.0,3491,1125,32.22572328845603,277.33371526783156,592.0,514.8547694070467,237.52105413921512,237.52105413921512,484.086,2168,1125,198,62.10254941277571,32.22572328845603,5.671727298768261,2751.5573087189277,1989.6748000000011,3500.3542000000016,737.0542222222223,906.0,2.0,1026.0,900.0,1000.0,950.0,342.0,30.4,0.0030399999999999997
wind_before_curtailment_mw,Wind before curtailment proxy,Summer,INTELEC,Eleclink (INTELEC),40_60pct,import,import_mw_positive_magnitude_conditional_on_importing,100.0,3536,2493,70.50339366515837,416.8156108597285,894.0,597.7533936651583,180.93778280542986,597.7533936651583,736.9300000000001,2493,840,203,70.50339366515837,23.755656108597282,5.740950226244344,4381.168377654041,3500.7300000000014,5425.185266666606,847.8363417569194,996.0,2.0,1014.0,900.0,1000.0,950.0,1705.0,68.39149618933013,0.006839149618933013
wind_before_curtailment_mw,Wind before curtailment proxy,Summer,INTELEC,Eleclink (INTELEC),40_60pct,export,export_mw_positive_magnitude_conditional_on_exporting,100.0,3536,840,23.755656108597282,416.8156108597285,894.0,597.7533936651583,180.93778280542986,180.93778280542986,736.9300000000001,2493,840,203,70.50339366515837,23.755656108597282,5.740950226244344,4381.168377654041,3500.7300000000014,5425.185266666606,761.6619047619048,908.0,2.0,1026.0,1000.0,1100.0,1050.0,293.0,34.88095238095238,0.003488095238095238
wind_before_curtailment_mw,Wind before curtailment proxy,Summer,INTELEC,Eleclink (INTELEC),60_80pct,import,import_mw_positive_magnitude_conditional_on_importing,100.0,3688,2614,70.87852494577007,398.86659436008676,775.0,568.691431670282,169.82483731019522,568.691431670282,735.51,2614,870,204,70.87852494577007,23.59002169197397,5.531453362255966,6696.369456633084,5425.821599999999,8314.965999999999,802.3465952563122,993.0,2.0,1004.0,900.0,1000.0,950.0,1599.0,61.170619739862275,0.006117061973986228
wind_before_curtailment_mw,Wind before curtailment proxy,Summer,INTELEC,Eleclink (INTELEC),60_80pct,export,export_mw_positive_magnitude_conditional_on_exporting,100.0,3688,870,23.59002169197397,398.86659436008676,775.0,568.691431670282,169.82483731019522,169.82483731019522,735.51,2614,870,204,70.87852494577007,23.59002169197397,5.531453362255966,6696.369456633084,5425.821599999999,8314.965999999999,719.9011494252874,820.0,2.0,1026.0,1000.0,1100.0,1050.0,221.0,25.402298850574713,0.002540229885057471
wind_before_curtailment_mw,Wind before curtailment proxy,Summer,INTELEC,Eleclink (INTELEC),highest_20pct,import,import_mw_positive_magnitude_conditional_on_importing,100.0,3933,2508,63.76811594202898,292.5507246376812,370.0,452.46325959827107,159.91253496058988,452.46325959827107,575.301,2508,1159,266,63.76811594202898,29.468599033816425,6.763285024154589,11553.799717075632,8315.280000000002,18984.820333332627,709.5446570972887,874.0,4.0,1000.0,900.0,1000.0,950.0,1183.0,47.16905901116427,0.0047169059011164275
wind_before_curtailment_mw,Wind before curtailment proxy,Summer,INTELEC,Eleclink (INTELEC),highest_20pct,export,export_mw_positive_magnitude_conditional_on_exporting,100.0,3933,1159,29.468599033816425,292.5507246376812,370.0,452.46325959827107,159.91253496058988,159.91253496058988,575.301,2508,1159,266,63.76811594202898,29.468599033816425,6.763285024154589,11553.799717075632,8315.280000000002,18984.820333332627,542.6540120793787,632.0,4.0,1026.0,800.0,900.0,850.0,375.0,32.35547886108714,0.0032355478861087143
wind_before_curtailment_mw,Wind before curtailment proxy,Summer,INTEW,Ireland(East-West),lowest_20pct,import,import_mw_positive_magnitude_conditional_on_importing,100.0,4100,610,14.878048780487804,-183.99365853658537,-118.0,32.701951219512196,216.69560975609755,32.701951219512196,-377.187,610,2481,1009,14.878048780487804,60.512195121951216,24.609756097560975,1101.5953890956641,-54.174,1988.8760000000009,219.8,185.0,2.0,504.0,0.0,100.0,50.0,197.0,32.295081967213115,0.0032295081967213114
wind_before_curtailment_mw,Wind before curtailment proxy,Summer,INTEW,Ireland(East-West),lowest_20pct,export,export_mw_positive_magnitude_conditional_on_exporting,100.0,4100,2481,60.512195121951216,-183.99365853658537,-118.0,32.701951219512196,216.69560975609755,216.69560975609755,-377.187,610,2481,1009,14.878048780487804,60.512195121951216,24.609756097560975,1101.5953890956641,-54.174,1988.8760000000009,358.1023780733575,418.0,2.0,536.0,500.0,600.0,550.0,1024.0,41.27367996775494,0.004127367996775494
wind_before_curtailment_mw,Wind before curtailment proxy,Summer,INTEW,Ireland(East-West),20_40pct,import,import_mw_positive_magnitude_conditional_on_importing,100.0,4096,586,14.306640625,-173.96533203125,-112.0,32.80029296875,206.765625,32.80029296875,-356.281,586,2485,1025,14.306640625,60.6689453125,25.0244140625,2741.921146176215,1989.6748000000011,3500.3542000000016,229.26621160409556,214.0,2.0,504.0,0.0,100.0,50.0,176.0,30.034129692832767,0.003003412969283277
wind_before_curtailment_mw,Wind before curtailment proxy,Summer,INTEW,Ireland(East-West),20_40pct,export,export_mw_positive_magnitude_conditional_on_exporting,100.0,4096,2485,60.6689453125,-173.96533203125,-112.0,32.80029296875,206.765625,206.765625,-356.281,586,2485,1025,14.306640625,60.6689453125,25.0244140625,2741.921146176215,1989.6748000000011,3500.3542000000016,340.8096579476861,380.0,2.0,536.0,500.0,600.0,550.0,914.0,36.78068410462777,0.0036780684104627762
wind_before_curtailment_mw,Wind before curtailment proxy,Summer,INTEW,Ireland(East-West),40_60pct,import,import_mw_positive_magnitude_conditional_on_importing,100.0,4098,580,14.153245485602733,-201.7271839921913,-184.0,34.50073206442167,236.22791605661297,34.50073206442167,-413.339,580,2674,844,14.153245485602733,65.2513421181064,20.595412396290875,4384.796423959173,3500.7300000000014,5425.185266666606,243.7655172413793,214.0,2.0,504.0,0.0,100.0,50.0,167.0,28.793103448275865,0.0028793103448275866
wind_before_curtailment_mw,Wind before curtailment proxy,Summer,INTEW,Ireland(East-West),40_60pct,export,export_mw_positive_magnitude_conditional_on_exporting,100.0,4098,2674,65.2513421181064,-201.7271839921913,-184.0,34.50073206442167,236.22791605661297,236.22791605661297,-413.339,580,2674,844,14.153245485602733,65.2513421181064,20.595412396290875,4384.796423959173,3500.7300000000014,5425.185266666606,362.0276738967838,430.0,2.0,536.0,500.0,600.0,550.0,1157.0,43.26851159311892,0.004326851159311892
wind_before_curtailment_mw,Wind before curtailment proxy,Summer,INTEW,Ireland(East-West),60_80pct,import,import_mw_positive_magnitude_conditional_on_importing,100.0,4099,732,17.858014149792634,-177.7453037326177,-142.0,46.37570139058307,224.12100512320077,46.37570139058307,-364.28900000000004,732,2500,867,17.858014149792634,60.990485484264454,21.151500365942912,6697.3988529062735,5425.821599999999,8314.965999999999,259.6912568306011,252.0,2.0,504.0,0.0,100.0,50.0,186.0,25.40983606557377,0.002540983606557377
wind_before_curtailment_mw,Wind before curtailment proxy,Summer,INTEW,Ireland(East-West),60_80pct,export,export_mw_positive_magnitude_conditional_on_exporting,100.0,4099,2500,60.990485484264454,-177.7453037326177,-142.0,46.37570139058307,224.12100512320077,224.12100512320077,-364.28900000000004,732,2500,867,17.858014149792634,60.990485484264454,21.151500365942912,6697.3988529062735,5425.821599999999,8314.965999999999,367.4688,452.0,2.0,536.0,500.0,600.0,550.0,1132.0,45.28,0.004528
wind_before_curtailment_mw,Wind before curtailment proxy,Summer,INTEW,Ireland(East-West),highest_20pct,import,import_mw_positive_magnitude_conditional_on_importing,100.0,4099,798,19.468162966577214,-193.5306172237131,-182.0,49.10124420590388,242.63186142961698,49.10124420590388,-396.6410000000001,798,2548,753,19.468162966577214,62.16150280556233,18.370334227860454,11461.488311602454,8315.280000000002,18984.820333332627,252.21303258145363,226.0,2.0,504.0,0.0,100.0,50.0,187.0,23.43358395989975,0.002343358395989975
wind_before_curtailment_mw,Wind before curtailment proxy,Summer,INTEW,Ireland(East-West),highest_20pct,export,export_mw_positive_magnitude_conditional_on_exporting,100.0,4099,2548,62.16150280556233,-193.5306172237131,-182.0,49.10124420590388,242.63186142961698,242.63186142961698,-396.6410000000001,798,2548,753,19.468162966577214,62.16150280556233,18.370334227860454,11461.488311602454,8315.280000000002,18984.820333332627,390.3249607535322,516.0,2.0,536.0,500.0,600.0,550.0,1372.0,53.84615384615385,0.005384615384615384
wind_before_curtailment_mw,Wind before curtailment proxy,Summer,INTFR,France(IFA),lowest_20pct,import,import_mw_positive_magnitude_conditional_on_importing,100.0,4100,3045,74.26829268292683,949.5190243902439,1370.0,1143.580487804878,194.06146341463415,1143.580487804878,1946.5140000000001,3045,1050,5,74.26829268292683,25.609756097560975,0.12195121951219512,1101.5953890956641,-54.174,1988.8760000000009,1539.7963875205255,1708.0,2.0,2050.0,2000.0,2100.0,2050.0,1062.0,34.87684729064039,0.0034876847290640396
wind_before_curtailment_mw,Wind before curtailment proxy,Summer,INTFR,France(IFA),lowest_20pct,export,export_mw_positive_magnitude_conditional_on_exporting,100.0,4100,1050,25.609756097560975,949.5190243902439,1370.0,1143.580487804878,194.06146341463415,194.06146341463415,1946.5140000000001,3045,1050,5,74.26829268292683,25.609756097560975,0.12195121951219512,1101.5953890956641,-54.174,1988.8760000000009,757.7638095238095,883.0,2.0,1126.0,1000.0,1100.0,1050.0,398.0,37.904761904761905,0.00379047619047619
wind_before_curtailment_mw,Wind before curtailment proxy,Summer,INTFR,France(IFA),20_40pct,import,import_mw_positive_magnitude_conditional_on_importing,100.0,4096,3024,73.828125,857.728515625,1246.0,1043.89208984375,186.16357421875,1043.89208984375,1756.6280000000002,3024,1064,8,73.828125,25.9765625,0.1953125,2741.921146176215,1989.6748000000011,3500.3542000000016,1413.9490740740741,1508.0,2.0,2548.0,2000.0,2100.0,2050.0,783.0,25.892857142857146,0.0025892857142857145
wind_before_curtailment_mw,Wind before curtailment proxy,Summer,INTFR,France(IFA),20_40pct,export,export_mw_positive_magnitude_conditional_on_exporting,100.0,4096,1064,25.9765625,857.728515625,1246.0,1043.89208984375,186.16357421875,186.16357421875,1756.6280000000002,3024,1064,8,73.828125,25.9765625,0.1953125,2741.921146176215,1989.6748000000011,3500.3542000000016,716.6597744360902,821.0,2.0,1444.0,1000.0,1100.0,1050.0,386.0,36.278195488721806,0.0036278195488721804
wind_before_curtailment_mw,Wind before curtailment proxy,Summer,INTFR,France(IFA),40_60pct,import,import_mw_positive_magnitude_conditional_on_importing,100.0,4098,3253,79.38018545632015,985.6461688628599,1348.0,1140.7540263543192,155.10785749145924,1140.7540263543192,2019.589,3253,842,3,79.38018545632015,20.546608101512934,0.07320644216691069,4384.796423959173,3500.7300000000014,5425.185266666606,1437.0765447279434,1504.0,2.0,2010.0,2000.0,2100.0,2050.0,734.0,22.5637872732862,0.00225637872732862
wind_before_curtailment_mw,Wind before curtailment proxy,Summer,INTFR,France(IFA),40_60pct,export,export_mw_positive_magnitude_conditional_on_exporting,100.0,4098,842,20.546608101512934,985.6461688628599,1348.0,1140.7540263543192,155.10785749145924,155.10785749145924,2019.589,3253,842,3,79.38018545632015,20.546608101512934,0.07320644216691069,4384.796423959173,3500.7300000000014,5425.185266666606,754.9073634204276,884.0,2.0,1178.0,1000.0,1100.0,1050.0,361.0,42.87410926365796,0.004287410926365796
wind_before_curtailment_mw,Wind before curtailment proxy,Summer,INTFR,France(IFA),60_80pct,import,import_mw_positive_magnitude_conditional_on_importing,100.0,4099,3139,76.57965357404245,851.2193217858014,1230.0,1023.2881190534276,172.06879726762625,1023.2881190534276,1744.574,3139,959,1,76.57965357404245,23.395950231763845,0.02439619419370578,6697.3988529062735,5425.821599999999,8314.965999999999,1336.240203886588,1362.0,2.0,2174.0,2000.0,2100.0,2050.0,566.0,18.031220133800574,0.0018031220133800574
wind_before_curtailment_mw,Wind before curtailment proxy,Summer,INTFR,France(IFA),60_80pct,export,export_mw_positive_magnitude_conditional_on_exporting,100.0,4099,959,23.395950231763845,851.2193217858014,1230.0,1023.2881190534276,172.06879726762625,172.06879726762625,1744.574,3139,959,1,76.57965357404245,23.395950231763845,0.02439619419370578,6697.3988529062735,5425.821599999999,8314.965999999999,735.4640250260688,832.0,2.0,1690.0,1000.0,1100.0,1050.0,348.0,36.28779979144943,0.0036287799791449426
wind_before_curtailment_mw,Wind before curtailment proxy,Summer,INTFR,France(IFA),highest_20pct,import,import_mw_positive_magnitude_conditional_on_importing,100.0,4099,2652,64.69870700170773,480.55037814101,648.0,750.488411807758,269.93803366674797,750.488411807758,984.8879999999999,2652,1433,14,64.69870700170773,34.959746279580386,0.3415467187118809,11461.488311602454,8315.280000000002,18984.820333332627,1159.974358974359,1275.0,2.0,2010.0,1300.0,1400.0,1350.0,381.0,14.366515837104071,0.0014366515837104072
wind_before_curtailment_mw,Wind before curtailment proxy,Summer,INTFR,France(IFA),highest_20pct,export,export_mw_positive_magnitude_conditional_on_exporting,100.0,4099,1433,34.959746279580386,480.55037814101,648.0,750.488411807758,269.93803366674797,269.93803366674797,984.8879999999999,2652,1433,14,64.69870700170773,34.959746279580386,0.3415467187118809,11461.488311602454,8315.280000000002,18984.820333332627,772.1395673412421,886.0,2.0,2054.0,1000.0,1100.0,1050.0,490.0,34.19399860432659,0.0034193998604326588
wind_before_curtailment_mw,Wind before curtailment proxy,Summer,INTGRNL,Ireland (Greenlink),lowest_20pct,import,import_mw_positive_magnitude_conditional_on_importing,100.0,553,30,5.424954792043399,-410.35804701627484,-510.0,4.314647377938517,414.6726943942134,4.314647377938517,-113.464,30,522,1,5.424954792043399,94.39421338155516,0.18083182640144665,1233.9964741872618,28.636199999999945,1987.8052,79.53333333333333,43.0,4.0,326.0,0.0,100.0,50.0,24.0,80.0,0.008
wind_before_curtailment_mw,Wind before curtailment proxy,Summer,INTGRNL,Ireland (Greenlink),lowest_20pct,export,export_mw_positive_magnitude_conditional_on_exporting,100.0,553,522,94.39421338155516,-410.35804701627484,-510.0,4.314647377938517,414.6726943942134,414.6726943942134,-113.464,30,522,1,5.424954792043399,94.39421338155516,0.18083182640144665,1233.9964741872618,28.636199999999945,1987.8052,439.2988505747126,514.0,6.0,514.0,500.0,600.0,550.0,297.0,56.896551724137936,0.005689655172413793
wind_before_curtailment_mw,Wind before curtailment proxy,Summer,INTGRNL,Ireland (Greenlink),20_40pct,import,import_mw_positive_magnitude_conditional_on_importing,100.0,711,30,4.219409282700422,-425.25457102672294,-514.0,8.123769338959212,433.37834036568216,8.123769338959212,-151.178,30,677,4,4.219409282700422,95.21800281293952,0.5625879043600562,2778.2327945300026,1989.6748000000011,3500.3542000000016,192.53333333333333,150.0,8.0,500.0,0.0,100.0,50.0,10.0,33.33333333333333,0.003333333333333333
wind_before_curtailment_mw,Wind before curtailment proxy,Summer,INTGRNL,Ireland (Greenlink),20_40pct,export,export_mw_positive_magnitude_conditional_on_exporting,100.0,711,677,95.21800281293952,-425.25457102672294,-514.0,8.123769338959212,433.37834036568216,433.37834036568216,-151.178,30,677,4,4.219409282700422,95.21800281293952,0.5625879043600562,2778.2327945300026,1989.6748000000011,3500.3542000000016,455.1432791728213,514.0,16.0,514.0,500.0,600.0,550.0,427.0,63.07237813884786,0.006307237813884786
wind_before_curtailment_mw,Wind before curtailment proxy,Summer,INTGRNL,Ireland (Greenlink),40_60pct,import,import_mw_positive_magnitude_conditional_on_importing,100.0,878,53,6.0364464692482915,-404.49658314350796,-514.0,10.82004555808656,415.31662870159454,10.82004555808656,-177.574,53,818,7,6.0364464692482915,93.16628701594533,0.7972665148063782,4369.068922326649,3500.7372,5425.185266666606,179.24528301886792,162.0,4.0,506.0,0.0,100.0,50.0,21.0,39.62264150943396,0.003962264150943397
wind_before_curtailment_mw,Wind before curtailment proxy,Summer,INTGRNL,Ireland (Greenlink),40_60pct,export,export_mw_positive_magnitude_conditional_on_exporting,100.0,878,818,93.16628701594533,-404.49658314350796,-514.0,10.82004555808656,415.31662870159454,415.31662870159454,-177.574,53,818,7,6.0364464692482915,93.16628701594533,0.7972665148063782,4369.068922326649,3500.7372,5425.185266666606,445.7799511002445,514.0,4.0,514.0,500.0,600.0,550.0,530.0,64.79217603911981,0.006479217603911981
wind_before_curtailment_mw,Wind before curtailment proxy,Summer,INTGRNL,Ireland (Greenlink),60_80pct,import,import_mw_positive_magnitude_conditional_on_importing,100.0,933,74,7.931404072883172,-385.17899249732045,-514.0,19.607717041800644,404.7867095391211,19.607717041800644,-179.68600000000004,74,850,9,7.931404072883172,91.10396570203643,0.964630225080386,6639.100886830489,5425.821599999999,8309.374599999997,247.21621621621622,209.0,2.0,506.0,0.0,100.0,50.0,28.0,37.83783783783784,0.003783783783783784
wind_before_curtailment_mw,Wind before curtailment proxy,Summer,INTGRNL,Ireland (Greenlink),60_80pct,export,export_mw_positive_magnitude_conditional_on_exporting,100.0,933,850,91.10396570203643,-385.17899249732045,-514.0,19.607717041800644,404.7867095391211,404.7867095391211,-179.68600000000004,74,850,9,7.931404072883172,91.10396570203643,0.964630225080386,6639.100886830489,5425.821599999999,8309.374599999997,444.3129411764706,514.0,8.0,516.0,500.0,600.0,550.0,529.0,62.23529411764706,0.006223529411764706
wind_before_curtailment_mw,Wind before curtailment proxy,Summer,INTGRNL,Ireland (Greenlink),highest_20pct,import,import_mw_positive_magnitude_conditional_on_importing,100.0,1341,194,14.466815809097689,-313.6793437733035,-494.0,41.81357196122297,355.4929157345265,41.81357196122297,-210.322,194,1135,12,14.466815809097689,84.63832960477255,0.8948545861297539,12583.190373108902,8318.5068666666,18984.820333332627,289.03092783505156,308.0,2.0,506.0,0.0,100.0,50.0,41.0,21.1340206185567,0.0021134020618556702
wind_before_curtailment_mw,Wind before curtailment proxy,Summer,INTGRNL,Ireland (Greenlink),highest_20pct,export,export_mw_positive_magnitude_conditional_on_exporting,100.0,1341,1135,84.63832960477255,-313.6793437733035,-494.0,41.81357196122297,355.4929157345265,355.4929157345265,-210.322,194,1135,12,14.466815809097689,84.63832960477255,0.8948545861297539,12583.190373108902,8318.5068666666,18984.820333332627,420.01409691629954,514.0,2.0,516.0,500.0,600.0,550.0,654.0,57.621145374449334,0.005762114537444934
wind_before_curtailment_mw,Wind before curtailment proxy,Summer,INTIFA2,IFA2 (INTIFA2),lowest_20pct,import,import_mw_positive_magnitude_conditional_on_importing,100.0,4100,2793,68.1219512195122,391.5170731707317,704.0,553.9526829268293,162.43560975609756,553.9526829268293,802.61,2793,1305,2,68.1219512195122,31.829268292682926,0.04878048780487805,1101.5953890956641,-54.174,1988.8760000000009,813.1779448621554,892.0,6.0,994.0,900.0,1000.0,950.0,1361.0,48.72896527031865,0.004872896527031865
wind_before_curtailment_mw,Wind before curtailment proxy,Summer,INTIFA2,IFA2 (INTIFA2),lowest_20pct,export,export_mw_positive_magnitude_conditional_on_exporting,100.0,4100,1305,31.829268292682926,391.5170731707317,704.0,553.9526829268293,162.43560975609756,162.43560975609756,802.61,2793,1305,2,68.1219512195122,31.829268292682926,0.04878048780487805,1101.5953890956641,-54.174,1988.8760000000009,510.3340996168582,502.0,2.0,1030.0,0.0,100.0,50.0,450.0,34.48275862068966,0.003448275862068966
wind_before_curtailment_mw,Wind before curtailment proxy,Summer,INTIFA2,IFA2 (INTIFA2),20_40pct,import,import_mw_positive_magnitude_conditional_on_importing,100.0,4096,2753,67.2119140625,349.2294921875,700.0,535.09716796875,185.86767578125,535.09716796875,715.2220000000002,2753,1338,5,67.2119140625,32.666015625,0.1220703125,2741.921146176215,1989.6748000000011,3500.3542000000016,796.1343988376317,958.0,2.0,1156.0,900.0,1000.0,950.0,1503.0,54.59498728659644,0.005459498728659644
wind_before_curtailment_mw,Wind before curtailment proxy,Summer,INTIFA2,IFA2 (INTIFA2),20_40pct,export,export_mw_positive_magnitude_conditional_on_exporting,100.0,4096,1338,32.666015625,349.2294921875,700.0,535.09716796875,185.86767578125,185.86767578125,715.2220000000002,2753,1338,5,67.2119140625,32.666015625,0.1220703125,2741.921146176215,1989.6748000000011,3500.3542000000016,568.9940209267563,642.0,2.0,1030.0,1000.0,1100.0,1050.0,496.0,37.07025411061286,0.0037070254110612853
wind_before_curtailment_mw,Wind before curtailment proxy,Summer,INTIFA2,IFA2 (INTIFA2),40_60pct,import,import_mw_positive_magnitude_conditional_on_importing,100.0,4098,2831,69.08247925817473,390.3850658857979,704.0,563.4089799902391,173.0239141044412,563.4089799902391,799.899,2831,1264,3,69.08247925817473,30.84431429965837,0.07320644216691069,4384.796423959173,3500.7300000000014,5425.185266666606,815.5598728364536,982.0,2.0,994.0,900.0,1000.0,950.0,1699.0,60.01412928293889,0.006001412928293889
wind_before_curtailment_mw,Wind before curtailment proxy,Summer,INTIFA2,IFA2 (INTIFA2),40_60pct,export,export_mw_positive_magnitude_conditional_on_exporting,100.0,4098,1264,30.84431429965837,390.3850658857979,704.0,563.4089799902391,173.0239141044412,173.0239141044412,799.899,2831,1264,3,69.08247925817473,30.84431429965837,0.07320644216691069,4384.796423959173,3500.7300000000014,5425.185266666606,560.9588607594936,772.0,2.0,1030.0,1000.0,1100.0,1050.0,521.0,41.21835443037975,0.004121835443037974
wind_before_curtailment_mw,Wind before curtailment proxy,Summer,INTIFA2,IFA2 (INTIFA2),60_80pct,import,import_mw_positive_magnitude_conditional_on_importing,100.0,4099,2692,65.67455476945597,337.69163210539153,588.0,499.55159795071967,161.85996584532813,499.55159795071967,692.099,2692,1406,1,65.67455476945597,34.30104903635033,0.02439619419370578,6697.3988529062735,5425.821599999999,8314.965999999999,760.647102526003,905.0,2.0,994.0,900.0,1000.0,950.0,1360.0,50.52005943536404,0.0050520059435364036
wind_before_curtailment_mw,Wind before curtailment proxy,Summer,INTIFA2,IFA2 (INTIFA2),60_80pct,export,export_mw_positive_magnitude_conditional_on_exporting,100.0,4099,1406,34.30104903635033,337.69163210539153,588.0,499.55159795071967,161.85996584532813,161.85996584532813,692.099,2692,1406,1,65.67455476945597,34.30104903635033,0.02439619419370578,6697.3988529062735,5425.821599999999,8314.965999999999,471.8805120910384,347.0,2.0,1030.0,0.0,100.0,50.0,582.0,41.39402560455192,0.004139402560455192
wind_before_curtailment_mw,Wind before curtailment proxy,Summer,INTIFA2,IFA2 (INTIFA2),highest_20pct,import,import_mw_positive_magnitude_conditional_on_importing,100.0,4099,2240,54.64747499390094,162.81678458160528,142.0,371.35398877775066,208.5372041961454,371.35398877775066,333.693,2240,1857,2,54.64747499390094,45.30373261771164,0.04879238838741156,11461.488311602454,8315.280000000002,18984.820333332627,679.5446428571429,798.0,2.0,992.0,900.0,1000.0,950.0,920.0,41.07142857142857,0.004107142857142857
wind_before_curtailment_mw,Wind before curtailment proxy,Summer,INTIFA2,IFA2 (INTIFA2),highest_20pct,export,export_mw_positive_magnitude_conditional_on_exporting,100.0,4099,1857,45.30373261771164,162.81678458160528,142.0,371.35398877775066,208.5372041961454,208.5372041961454,333.693,2240,1857,2,54.64747499390094,45.30373261771164,0.04879238838741156,11461.488311602454,8315.280000000002,18984.820333332627,460.3091007000539,358.0,2.0,1030.0,0.0,100.0,50.0,591.0,31.82552504038772,0.003182552504038772
wind_before_curtailment_mw,Wind before curtailment proxy,Summer,INTIRL,Northern Ireland(Moyle),lowest_20pct,import,import_mw_positive_magnitude_conditional_on_importing,100.0,4100,769,18.75609756097561,-212.53268292682927,-256.0,28.298048780487804,240.83073170731709,28.298048780487804,-435.692,769,2897,434,18.75609756097561,70.65853658536585,10.585365853658537,1101.5953890956641,-54.174,1988.8760000000009,150.8738621586476,148.0,2.0,404.0,0.0,100.0,50.0,273.0,35.50065019505852,0.003550065019505852
wind_before_curtailment_mw,Wind before curtailment proxy,Summer,INTIRL,Northern Ireland(Moyle),lowest_20pct,export,export_mw_positive_magnitude_conditional_on_exporting,100.0,4100,2897,70.65853658536585,-212.53268292682927,-256.0,28.298048780487804,240.83073170731709,240.83073170731709,-435.692,769,2897,434,18.75609756097561,70.65853658536585,10.585365853658537,1101.5953890956641,-54.174,1988.8760000000009,340.83741801864,410.0,2.0,458.0,400.0,500.0,450.0,1504.0,51.91577493959269,0.005191577493959269
wind_before_curtailment_mw,Wind before curtailment proxy,Summer,INTIRL,Northern Ireland(Moyle),20_40pct,import,import_mw_positive_magnitude_conditional_on_importing,100.0,4096,703,17.1630859375,-193.927734375,-230.0,25.81201171875,219.73974609375,25.81201171875,-397.164,703,2827,566,17.1630859375,69.0185546875,13.818359375,2741.921146176215,1989.6748000000011,3500.3542000000016,150.39260312944523,146.0,2.0,402.0,0.0,100.0,50.0,278.0,39.5448079658606,0.00395448079658606
wind_before_curtailment_mw,Wind before curtailment proxy,Summer,INTIRL,Northern Ireland(Moyle),20_40pct,export,export_mw_positive_magnitude_conditional_on_exporting,100.0,4096,2827,69.0185546875,-193.927734375,-230.0,25.81201171875,219.73974609375,219.73974609375,-397.164,703,2827,566,17.1630859375,69.0185546875,13.818359375,2741.921146176215,1989.6748000000011,3500.3542000000016,318.37778563848605,362.0,2.0,458.0,400.0,500.0,450.0,1243.0,43.96887159533074,0.004396887159533074
wind_before_curtailment_mw,Wind before curtailment proxy,Summer,INTIRL,Northern Ireland(Moyle),40_60pct,import,import_mw_positive_magnitude_conditional_on_importing,100.0,4098,533,13.006344558321132,-229.65056124938994,-302.0,21.308443142996584,250.95900439238653,21.308443142996584,-470.55400000000003,533,2994,571,13.006344558321132,73.06002928257686,13.933626159102,4384.796423959173,3500.7300000000014,5425.185266666606,163.8311444652908,164.0,2.0,402.0,0.0,100.0,50.0,203.0,38.08630393996248,0.003808630393996248
wind_before_curtailment_mw,Wind before curtailment proxy,Summer,INTIRL,Northern Ireland(Moyle),40_60pct,export,export_mw_positive_magnitude_conditional_on_exporting,100.0,4098,2994,73.06002928257686,-229.65056124938994,-302.0,21.308443142996584,250.95900439238653,250.95900439238653,-470.55400000000003,533,2994,571,13.006344558321132,73.06002928257686,13.933626159102,4384.796423959173,3500.7300000000014,5425.185266666606,343.49699398797594,402.0,2.0,458.0,400.0,500.0,450.0,1520.0,50.76820307281229,0.005076820307281229
wind_before_curtailment_mw,Wind before curtailment proxy,Summer,INTIRL,Northern Ireland(Moyle),60_80pct,import,import_mw_positive_magnitude_conditional_on_importing,100.0,4099,718,17.516467431080752,-194.2376189314467,-264.0,35.90875823371554,230.14637716516222,35.90875823371554,-398.09000000000003,718,2788,593,17.516467431080752,68.01658941205172,14.46694315686753,6697.3988529062735,5425.821599999999,8314.965999999999,205.0,240.0,2.0,402.0,200.0,300.0,250.0,290.0,40.389972144846794,0.00403899721448468
wind_before_curtailment_mw,Wind before curtailment proxy,Summer,INTIRL,Northern Ireland(Moyle),60_80pct,export,export_mw_positive_magnitude_conditional_on_exporting,100.0,4099,2788,68.01658941205172,-194.2376189314467,-264.0,35.90875823371554,230.14637716516222,230.14637716516222,-398.09000000000003,718,2788,593,17.516467431080752,68.01658941205172,14.46694315686753,6697.3988529062735,5425.821599999999,8314.965999999999,338.3680057388809,376.0,2.0,456.0,400.0,500.0,450.0,1282.0,45.98278335724534,0.004598278335724534
wind_before_curtailment_mw,Wind before curtailment proxy,Summer,INTIRL,Northern Ireland(Moyle),highest_20pct,import,import_mw_positive_magnitude_conditional_on_importing,100.0,4099,831,20.273237374969504,-192.71188094657234,-276.0,40.042937301780924,232.75481824835325,40.042937301780924,-394.96299999999997,831,2828,440,20.273237374969504,68.99243717979995,10.734325445230544,11461.488311602454,8315.280000000002,18984.820333332627,197.5162454873646,210.0,2.0,402.0,200.0,300.0,250.0,338.0,40.67388688327316,0.004067388688327316
wind_before_curtailment_mw,Wind before curtailment proxy,Summer,INTIRL,Northern Ireland(Moyle),highest_20pct,export,export_mw_positive_magnitude_conditional_on_exporting,100.0,4099,2828,68.99243717979995,-192.71188094657234,-276.0,40.042937301780924,232.75481824835325,232.75481824835325,-394.96299999999997,831,2828,440,20.273237374969504,68.99243717979995,10.734325445230544,11461.488311602454,8315.280000000002,18984.820333332627,337.36280056577084,376.0,2.0,454.0,400.0,500.0,450.0,1324.0,46.81753889674682,0.0046817538896746815
wind_before_curtailment_mw,Wind before curtailment proxy,Summer,INTNED,Netherlands(BritNed),lowest_20pct,import,import_mw_positive_magnitude_conditional_on_importing,100.0,4100,2859,69.73170731707316,423.86731707317074,707.0,554.4629268292683,130.59560975609756,554.4629268292683,868.9280000000001,2859,828,413,69.73170731707316,20.195121951219512,10.073170731707318,1101.5953890956641,-54.174,1988.8760000000009,795.1374606505772,932.0,2.0,1196.0,1000.0,1100.0,1050.0,1194.0,41.76285414480588,0.004176285414480588
wind_before_curtailment_mw,Wind before curtailment proxy,Summer,INTNED,Netherlands(BritNed),lowest_20pct,export,export_mw_positive_magnitude_conditional_on_exporting,100.0,4100,828,20.195121951219512,423.86731707317074,707.0,554.4629268292683,130.59560975609756,130.59560975609756,868.9280000000001,2859,828,413,69.73170731707316,20.195121951219512,10.073170731707318,1101.5953890956641,-54.174,1988.8760000000009,646.6690821256038,698.0,28.0,1076.0,1000.0,1100.0,1050.0,151.0,18.236714975845413,0.001823671497584541
wind_before_curtailment_mw,Wind before curtailment proxy,Summer,INTNED,Netherlands(BritNed),20_40pct,import,import_mw_positive_magnitude_conditional_on_importing,100.0,4096,2376,58.0078125,231.4619140625,340.0,429.0966796875,197.634765625,429.0966796875,474.034,2376,1266,454,58.0078125,30.908203125,11.083984375,2741.921146176215,1989.6748000000011,3500.3542000000016,739.7222222222222,855.0,2.0,1062.0,1000.0,1100.0,1050.0,804.0,33.83838383838384,0.003383838383838384
wind_before_curtailment_mw,Wind before curtailment proxy,Summer,INTNED,Netherlands(BritNed),20_40pct,export,export_mw_positive_magnitude_conditional_on_exporting,100.0,4096,1266,30.908203125,231.4619140625,340.0,429.0966796875,197.634765625,197.634765625,474.034,2376,1266,454,58.0078125,30.908203125,11.083984375,2741.921146176215,1989.6748000000011,3500.3542000000016,639.4249605055293,668.0,102.0,1076.0,1000.0,1100.0,1050.0,222.0,17.535545023696685,0.0017535545023696683
wind_before_curtailment_mw,Wind before curtailment proxy,Summer,INTNED,Netherlands(BritNed),40_60pct,import,import_mw_positive_magnitude_conditional_on_importing,100.0,4098,2202,53.733528550512446,187.2776964372865,171.0,397.8555392874573,210.5778428501708,397.8555392874573,383.73199999999997,2202,1304,592,53.733528550512446,31.82040019521718,14.446071254270375,4384.796423959173,3500.7300000000014,5425.185266666606,740.4232515894641,856.0,2.0,1062.0,1000.0,1100.0,1050.0,753.0,34.19618528610354,0.0034196185286103544
wind_before_curtailment_mw,Wind before curtailment proxy,Summer,INTNED,Netherlands(BritNed),40_60pct,export,export_mw_positive_magnitude_conditional_on_exporting,100.0,4098,1304,31.82040019521718,187.2776964372865,171.0,397.8555392874573,210.5778428501708,210.5778428501708,383.73199999999997,2202,1304,592,53.733528550512446,31.82040019521718,14.446071254270375,4384.796423959173,3500.7300000000014,5425.185266666606,661.7699386503067,707.0,102.0,1076.0,1000.0,1100.0,1050.0,279.0,21.395705521472394,0.0021395705521472393
wind_before_curtailment_mw,Wind before curtailment proxy,Summer,INTNED,Netherlands(BritNed),60_80pct,import,import_mw_positive_magnitude_conditional_on_importing,100.0,4099,1849,45.10856306416199,15.515003659429128,0.0,323.7477433520371,308.23273969260794,323.7477433520371,31.797999999999988,1849,1761,489,45.10856306416199,42.96169797511588,11.929738960722128,6697.3988529062735,5425.821599999999,8314.965999999999,717.7079502433749,806.0,2.0,1066.0,1000.0,1100.0,1050.0,565.0,30.55705786911844,0.0030557057869118444
wind_before_curtailment_mw,Wind before curtailment proxy,Summer,INTNED,Netherlands(BritNed),60_80pct,export,export_mw_positive_magnitude_conditional_on_exporting,100.0,4099,1761,42.96169797511588,15.515003659429128,0.0,323.7477433520371,308.23273969260794,308.23273969260794,31.797999999999988,1849,1761,489,45.10856306416199,42.96169797511588,11.929738960722128,6697.3988529062735,5425.821599999999,8314.965999999999,717.4593980692788,786.0,102.0,1076.0,1000.0,1100.0,1050.0,478.0,27.14366837024418,0.002714366837024418
wind_before_curtailment_mw,Wind before curtailment proxy,Summer,INTNED,Netherlands(BritNed),highest_20pct,import,import_mw_positive_magnitude_conditional_on_importing,100.0,4099,1232,30.05611124664552,-228.23420346425956,-308.0,199.4437667723835,427.6779702366431,199.4437667723835,-467.766,1232,2359,508,30.05611124664552,57.55062210295194,12.393266650402538,11461.488311602454,8315.280000000002,18984.820333332627,663.5714285714286,737.0,2.0,1062.0,1000.0,1100.0,1050.0,292.0,23.7012987012987,0.00237012987012987
wind_before_curtailment_mw,Wind before curtailment proxy,Summer,INTNED,Netherlands(BritNed),highest_20pct,export,export_mw_positive_magnitude_conditional_on_exporting,100.0,4099,2359,57.55062210295194,-228.23420346425956,-308.0,199.4437667723835,427.6779702366431,427.6779702366431,-467.766,1232,2359,508,30.05611124664552,57.55062210295194,12.393266650402538,11461.488311602454,8315.280000000002,18984.820333332627,743.13353115727,822.0,4.0,1082.0,1000.0,1100.0,1050.0,807.0,34.20941076727427,0.0034209410767274268
wind_before_curtailment_mw,Wind before curtailment proxy,Summer,INTNEM,Belgium (Nemolink),lowest_20pct,import,import_mw_positive_magnitude_conditional_on_importing,100.0,4100,3192,77.85365853658537,492.3526829268293,804.0,618.8239024390244,126.47121951219512,618.8239024390244,1009.3229999999999,3192,884,24,77.85365853658537,21.5609756097561,0.5853658536585366,1101.5953890956641,-54.174,1988.8760000000009,794.8552631578947,918.0,2.0,1020.0,1000.0,1100.0,1050.0,1132.0,35.46365914786968,0.0035463659147869676
wind_before_curtailment_mw,Wind before curtailment proxy,Summer,INTNEM,Belgium (Nemolink),lowest_20pct,export,export_mw_positive_magnitude_conditional_on_exporting,100.0,4100,884,21.5609756097561,492.3526829268293,804.0,618.8239024390244,126.47121951219512,126.47121951219512,1009.3229999999999,3192,884,24,77.85365853658537,21.5609756097561,0.5853658536585366,1101.5953890956641,-54.174,1988.8760000000009,586.5746606334842,591.0,4.0,1022.0,1000.0,1100.0,1050.0,152.0,17.194570135746606,0.0017194570135746607
wind_before_curtailment_mw,Wind before curtailment proxy,Summer,INTNEM,Belgium (Nemolink),20_40pct,import,import_mw_positive_magnitude_conditional_on_importing,100.0,4096,2906,70.947265625,356.59765625,582.0,506.81787109375,150.22021484375,506.81787109375,730.312,2906,1154,36,70.947265625,28.173828125,0.87890625,2741.921146176215,1989.6748000000011,3500.3542000000016,714.3585684790089,804.0,2.0,1020.0,1000.0,1100.0,1050.0,691.0,23.778389538885065,0.0023778389538885066
wind_before_curtailment_mw,Wind before curtailment proxy,Summer,INTNEM,Belgium (Nemolink),20_40pct,export,export_mw_positive_magnitude_conditional_on_exporting,100.0,4096,1154,28.173828125,356.59765625,582.0,506.81787109375,150.22021484375,150.22021484375,730.312,2906,1154,36,70.947265625,28.173828125,0.87890625,2741.921146176215,1989.6748000000011,3500.3542000000016,533.1906412478336,528.0,2.0,1024.0,1000.0,1100.0,1050.0,139.0,12.045060658578857,0.0012045060658578855
wind_before_curtailment_mw,Wind before curtailment proxy,Summer,INTNEM,Belgium (Nemolink),40_60pct,import,import_mw_positive_magnitude_conditional_on_importing,100.0,4098,2869,70.00976085895559,338.1224987798926,552.0,496.36359199609564,158.241093216203,496.36359199609564,692.813,2869,1199,30,70.00976085895559,29.258174719375308,0.7320644216691069,4384.796423959173,3500.7300000000014,5425.185266666606,708.9919832694319,802.0,2.0,1020.0,1000.0,1100.0,1050.0,700.0,24.398745207389332,0.002439874520738933
wind_before_curtailment_mw,Wind before curtailment proxy,Summer,INTNEM,Belgium (Nemolink),40_60pct,export,export_mw_positive_magnitude_conditional_on_exporting,100.0,4098,1199,29.258174719375308,338.1224987798926,552.0,496.36359199609564,158.241093216203,158.241093216203,692.813,2869,1199,30,70.00976085895559,29.258174719375308,0.7320644216691069,4384.796423959173,3500.7300000000014,5425.185266666606,540.8440366972477,522.0,2.0,1022.0,1000.0,1100.0,1050.0,149.0,12.427022518765638,0.0012427022518765637
wind_before_curtailment_mw,Wind before curtailment proxy,Summer,INTNEM,Belgium (Nemolink),60_80pct,import,import_mw_positive_magnitude_conditional_on_importing,100.0,4099,2431,59.307148084898756,152.25859965845328,210.0,379.2154183947304,226.95681873627714,379.2154183947304,312.054,2431,1641,27,59.307148084898756,40.034154671871185,0.6586972432300561,6697.3988529062735,5425.821599999999,8314.965999999999,639.4092965857672,694.0,2.0,1020.0,1000.0,1100.0,1050.0,428.0,17.605923488276428,0.0017605923488276428
wind_before_curtailment_mw,Wind before curtailment proxy,Summer,INTNEM,Belgium (Nemolink),60_80pct,export,export_mw_positive_magnitude_conditional_on_exporting,100.0,4099,1641,40.034154671871185,152.25859965845328,210.0,379.2154183947304,226.95681873627714,226.95681873627714,312.054,2431,1641,27,59.307148084898756,40.034154671871185,0.6586972432300561,6697.3988529062735,5425.821599999999,8314.965999999999,566.9079829372334,572.0,2.0,1024.0,1000.0,1100.0,1050.0,281.0,17.12370505789153,0.0017123705057891531
wind_before_curtailment_mw,Wind before curtailment proxy,Summer,INTNEM,Belgium (Nemolink),highest_20pct,import,import_mw_positive_magnitude_conditional_on_importing,100.0,4099,1804,44.010734325445235,-109.27494510856306,-164.0,264.5996584532813,373.87460356184437,264.5996584532813,-223.95900000000003,1804,2267,28,44.010734325445235,55.306172237131015,0.6830934374237618,11461.488311602454,8315.280000000002,18984.820333332627,601.2161862527716,647.0,2.0,1020.0,1000.0,1100.0,1050.0,267.0,14.800443458980045,0.0014800443458980045
wind_before_curtailment_mw,Wind before curtailment proxy,Summer,INTNEM,Belgium (Nemolink),highest_20pct,export,export_mw_positive_magnitude_conditional_on_exporting,100.0,4099,2267,55.306172237131015,-109.27494510856306,-164.0,264.5996584532813,373.87460356184437,373.87460356184437,-223.95900000000003,1804,2267,28,44.010734325445235,55.306172237131015,0.6830934374237618,11461.488311602454,8315.280000000002,18984.820333332627,676.0088222320247,750.0,2.0,1024.0,1000.0,1100.0,1050.0,623.0,27.481252756947505,0.0027481252756947506
wind_before_curtailment_mw,Wind before curtailment proxy,Summer,INTNSL,North Sea Link (INTNSL),lowest_20pct,import,import_mw_positive_magnitude_conditional_on_importing,100.0,2868,2525,88.04044630404462,972.8821478382148,1396.0,1015.9218967921897,43.03974895397489,1015.9218967921897,1395.113,2525,319,24,88.04044630404462,11.122733612273361,0.8368200836820083,1205.0077800879435,-40.40199999999999,1988.8760000000009,1153.9263366336634,1396.0,2.0,1400.0,1300.0,1400.0,1350.0,955.0,37.82178217821782,0.003782178217821782
wind_before_curtailment_mw,Wind before curtailment proxy,Summer,INTNSL,North Sea Link (INTNSL),lowest_20pct,export,export_mw_positive_magnitude_conditional_on_exporting,100.0,2868,319,11.122733612273361,972.8821478382148,1396.0,1015.9218967921897,43.03974895397489,43.03974895397489,1395.113,2525,319,24,88.04044630404462,11.122733612273361,0.8368200836820083,1205.0077800879435,-40.40199999999999,1988.8760000000009,386.95297805642633,296.0,2.0,1188.0,0.0,100.0,50.0,120.0,37.61755485893417,0.003761755485893417
wind_before_curtailment_mw,Wind before curtailment proxy,Summer,INTNSL,North Sea Link (INTNSL),20_40pct,import,import_mw_positive_magnitude_conditional_on_importing,100.0,3491,3056,87.53938699513033,989.6568318533372,1396.0,1034.635920939559,44.97908908622171,1034.635920939559,1727.4460000000004,3056,408,27,87.53938699513033,11.68719564594672,0.7734173589229447,2751.5573087189277,1989.6748000000011,3500.3542000000016,1181.9090314136126,1396.0,2.0,1846.0,1300.0,1400.0,1350.0,1198.0,39.20157068062827,0.003920157068062828
wind_before_curtailment_mw,Wind before curtailment proxy,Summer,INTNSL,North Sea Link (INTNSL),20_40pct,export,export_mw_positive_magnitude_conditional_on_exporting,100.0,3491,408,11.68719564594672,989.6568318533372,1396.0,1034.635920939559,44.97908908622171,44.97908908622171,1727.4460000000004,3056,408,27,87.53938699513033,11.68719564594672,0.7734173589229447,2751.5573087189277,1989.6748000000011,3500.3542000000016,384.8578431372549,297.0,2.0,1188.0,0.0,100.0,50.0,139.0,34.068627450980394,0.0034068627450980393
wind_before_curtailment_mw,Wind before curtailment proxy,Summer,INTNSL,North Sea Link (INTNSL),40_60pct,import,import_mw_positive_magnitude_conditional_on_importing,100.0,3536,3106,87.8393665158371,1010.5299773755656,1396.0,1057.4315610859728,46.90158371040724,1057.4315610859728,1786.6170000000002,3106,357,73,87.8393665158371,10.096153846153847,2.0644796380090495,4381.168377654041,3500.7300000000014,5425.185266666606,1203.824211204121,1396.0,2.0,1474.0,1300.0,1400.0,1350.0,1382.0,44.494526722472635,0.0044494526722472635
wind_before_curtailment_mw,Wind before curtailment proxy,Summer,INTNSL,North Sea Link (INTNSL),40_60pct,export,export_mw_positive_magnitude_conditional_on_exporting,100.0,3536,357,10.096153846153847,1010.5299773755656,1396.0,1057.4315610859728,46.90158371040724,46.90158371040724,1786.6170000000002,3106,357,73,87.8393665158371,10.096153846153847,2.0644796380090495,4381.168377654041,3500.7300000000014,5425.185266666606,464.54901960784315,336.0,2.0,1236.0,0.0,100.0,50.0,108.0,30.252100840336134,0.0030252100840336134
wind_before_curtailment_mw,Wind before curtailment proxy,Summer,INTNSL,North Sea Link (INTNSL),60_80pct,import,import_mw_positive_magnitude_conditional_on_importing,100.0,3688,3150,85.412147505423,941.9191973969631,1396.0,1000.3172451193059,58.39804772234273,1000.3172451193059,1736.8990000000001,3150,412,126,85.412147505423,11.171366594360087,3.4164859002169194,6696.369456633084,5425.821599999999,8314.965999999999,1171.1650793650795,1396.0,2.0,1428.0,1300.0,1400.0,1350.0,1355.0,43.01587301587302,0.004301587301587302
wind_before_curtailment_mw,Wind before curtailment proxy,Summer,INTNSL,North Sea Link (INTNSL),60_80pct,export,export_mw_positive_magnitude_conditional_on_exporting,100.0,3688,412,11.171366594360087,941.9191973969631,1396.0,1000.3172451193059,58.39804772234273,58.39804772234273,1736.8990000000001,3150,412,126,85.412147505423,11.171366594360087,3.4164859002169194,6696.369456633084,5425.821599999999,8314.965999999999,522.747572815534,496.0,2.0,1240.0,0.0,100.0,50.0,107.0,25.970873786407765,0.002597087378640777
wind_before_curtailment_mw,Wind before curtailment proxy,Summer,INTNSL,North Sea Link (INTNSL),highest_20pct,import,import_mw_positive_magnitude_conditional_on_importing,100.0,3933,2678,68.09051614543606,524.8527841342486,696.0,687.1823035850496,162.32951945080092,687.1823035850496,1032.123,2678,1077,178,68.09051614543606,27.38367658276125,4.525807271802695,11553.799717075632,8315.280000000002,18984.820333332627,1009.2188200149366,1200.0,2.0,1420.0,1300.0,1400.0,1350.0,1016.0,37.93876026885736,0.0037938760268857357
wind_before_curtailment_mw,Wind before curtailment proxy,Summer,INTNSL,North Sea Link (INTNSL),highest_20pct,export,export_mw_positive_magnitude_conditional_on_exporting,100.0,3933,1077,27.38367658276125,524.8527841342486,696.0,687.1823035850496,162.32951945080092,162.32951945080092,1032.123,2678,1077,178,68.09051614543606,27.38367658276125,4.525807271802695,11553.799717075632,8315.280000000002,18984.820333332627,592.7966573816155,622.0,2.0,1454.0,700.0,800.0,750.0,170.0,15.784586815227483,0.0015784586815227484
wind_before_curtailment_mw,Wind before curtailment proxy,Summer,INTVKL,Denmark (Viking link),lowest_20pct,import,import_mw_positive_magnitude_conditional_on_importing,100.0,1070,850,79.43925233644859,610.6990654205607,929.0,702.396261682243,91.69719626168224,702.396261682243,326.724,850,154,66,79.43925233644859,14.392523364485982,6.16822429906542,1237.8226329833853,28.636199999999945,1987.9898000000003,884.1929411764706,988.0,16.0,1428.0,900.0,1000.0,950.0,353.0,41.529411764705884,0.004152941176470588
wind_before_curtailment_mw,Wind before curtailment proxy,Summer,INTVKL,Denmark (Viking link),lowest_20pct,export,export_mw_positive_magnitude_conditional_on_exporting,100.0,1070,154,14.392523364485982,610.6990654205607,929.0,702.396261682243,91.69719626168224,91.69719626168224,326.724,850,154,66,79.43925233644859,14.392523364485982,6.16822429906542,1237.8226329833853,28.636199999999945,1987.9898000000003,637.1168831168832,662.0,8.0,1098.0,1000.0,1100.0,1050.0,44.0,28.57142857142857,0.002857142857142857
wind_before_curtailment_mw,Wind before curtailment proxy,Summer,INTVKL,Denmark (Viking link),20_40pct,import,import_mw_positive_magnitude_conditional_on_importing,100.0,1399,879,62.83059328091494,349.0092923516798,554.0,529.506790564689,180.4974982130093,529.506790564689,244.13199999999998,879,392,128,62.83059328091494,28.02001429592566,9.1493924231594,2793.316343629576,1989.6748000000011,3500.3542000000016,842.7531285551763,978.0,6.0,1428.0,900.0,1000.0,950.0,329.0,37.42889647326507,0.003742889647326507
wind_before_curtailment_mw,Wind before curtailment proxy,Summer,INTVKL,Denmark (Viking link),20_40pct,export,export_mw_positive_magnitude_conditional_on_exporting,100.0,1399,392,28.02001429592566,349.0092923516798,554.0,529.506790564689,180.4974982130093,180.4974982130093,244.13199999999998,879,392,128,62.83059328091494,28.02001429592566,9.1493924231594,2793.316343629576,1989.6748000000011,3500.3542000000016,644.1734693877551,663.0,2.0,1098.0,1000.0,1100.0,1050.0,106.0,27.040816326530614,0.0027040816326530616
wind_before_curtailment_mw,Wind before curtailment proxy,Summer,INTVKL,Denmark (Viking link),40_60pct,import,import_mw_positive_magnitude_conditional_on_importing,100.0,1837,1152,62.71094175285792,369.26183995645073,558.0,549.5449101796407,180.28307022318998,549.5449101796407,339.167,1152,525,160,62.71094175285792,28.579205225911814,8.709853021230266,4419.6400584565545,3500.7372,5425.185266666606,876.3142361111111,988.0,2.0,1426.0,900.0,1000.0,950.0,411.0,35.67708333333333,0.0035677083333333333
wind_before_curtailment_mw,Wind before curtailment proxy,Summer,INTVKL,Denmark (Viking link),40_60pct,export,export_mw_positive_magnitude_conditional_on_exporting,100.0,1837,525,28.579205225911814,369.26183995645073,558.0,549.5449101796407,180.28307022318998,180.28307022318998,339.167,1152,525,160,62.71094175285792,28.579205225911814,8.709853021230266,4419.6400584565545,3500.7372,5425.185266666606,630.8190476190476,648.0,6.0,1098.0,1000.0,1100.0,1050.0,139.0,26.476190476190474,0.0026476190476190475
wind_before_curtailment_mw,Wind before curtailment proxy,Summer,INTVKL,Denmark (Viking link),60_80pct,import,import_mw_positive_magnitude_conditional_on_importing,100.0,1975,1012,51.24050632911392,181.79443037974684,42.0,426.6146835443038,244.82025316455696,426.6146835443038,179.522,1012,693,270,51.24050632911392,35.08860759493671,13.670886075949367,6682.120050664716,5425.821599999999,8314.35053333334,832.5731225296443,938.0,4.0,1430.0,900.0,1000.0,950.0,292.0,28.85375494071146,0.0028853754940711463
wind_before_curtailment_mw,Wind before curtailment proxy,Summer,INTVKL,Denmark (Viking link),60_80pct,export,export_mw_positive_magnitude_conditional_on_exporting,100.0,1975,693,35.08860759493671,181.79443037974684,42.0,426.6146835443038,244.82025316455696,244.82025316455696,179.522,1012,693,270,51.24050632911392,35.08860759493671,13.670886075949367,6682.120050664716,5425.821599999999,8314.35053333334,697.7200577200578,802.0,2.0,1098.0,1000.0,1100.0,1050.0,229.0,33.04473304473304,0.0033044733044733043
wind_before_curtailment_mw,Wind before curtailment proxy,Summer,INTVKL,Denmark (Viking link),highest_20pct,import,import_mw_positive_magnitude_conditional_on_importing,100.0,2551,989,38.769110152881225,-59.538220305762444,0.0,318.2312818502548,377.76950215601727,318.2312818502548,-75.94099999999999,989,1270,292,38.769110152881225,49.784398275186206,11.446491571932576,12102.767883676388,8318.5068666666,18984.820333332627,820.8372093023256,896.0,2.0,1436.0,900.0,1000.0,950.0,175.0,17.69464105156724,0.001769464105156724
wind_before_curtailment_mw,Wind before curtailment proxy,Summer,INTVKL,Denmark (Viking link),highest_20pct,export,export_mw_positive_magnitude_conditional_on_exporting,100.0,2551,1270,49.784398275186206,-59.538220305762444,0.0,318.2312818502548,377.76950215601727,377.76950215601727,-75.94099999999999,989,1270,292,38.769110152881225,49.784398275186206,11.446491571932576,12102.767883676388,8318.5068666666,18984.820333332627,758.8110236220473,905.0,2.0,1098.0,1000.0,1100.0,1050.0,536.0,42.204724409448815,0.004220472440944882
wind_before_curtailment_mw,Wind before curtailment proxy,Autumn,TOTAL_GB_INTERCONNECTORS,GB interconnector fleet total,lowest_20pct,import,import_mw_positive_magnitude_conditional_on_importing,100.0,4346,3685,84.79061205706397,2659.2420616658997,3278.0,2947.3083294983894,288.06626783248964,2947.3083294983894,5778.532999999999,3685,661,0,84.79061205706397,15.209387942936035,0.0,2012.994144653406,-115.2388,3445.6359999999995,3475.9842605156036,3630.0,10.0,7872.0,4000.0,4100.0,4050.0,145.0,3.934871099050204,0.00039348710990502034
wind_before_curtailment_mw,Wind before curtailment proxy,Autumn,TOTAL_GB_INTERCONNECTORS,GB interconnector fleet total,lowest_20pct,export,export_mw_positive_magnitude_conditional_on_exporting,100.0,4346,661,15.209387942936035,2659.2420616658997,3278.0,2947.3083294983894,288.06626783248964,288.06626783248964,5778.532999999999,3685,661,0,84.79061205706397,15.209387942936035,0.0,2012.994144653406,-115.2388,3445.6359999999995,1894.0030257186081,1566.0,6.0,6350.0,200.0,300.0,250.0,39.0,5.900151285930408,0.0005900151285930409
wind_before_curtailment_mw,Wind before curtailment proxy,Autumn,TOTAL_GB_INTERCONNECTORS,GB interconnector fleet total,20_40pct,import,import_mw_positive_magnitude_conditional_on_importing,100.0,4345,3173,73.02646720368239,1632.4147295742232,2390.0,2390.1827387802073,757.7680092059838,2390.1827387802073,3546.4210000000003,3173,1171,1,73.02646720368239,26.950517836593786,0.02301495972382048,4833.782803889184,3445.6960000000004,6359.101600000001,3273.036243302868,3214.0,2.0,8644.0,3500.0,3600.0,3550.0,90.0,2.8364323983611723,0.00028364323983611726
wind_before_curtailment_mw,Wind before curtailment proxy,Autumn,TOTAL_GB_INTERCONNECTORS,GB interconnector fleet total,20_40pct,export,export_mw_positive_magnitude_conditional_on_exporting,100.0,4345,1171,26.950517836593786,1632.4147295742232,2390.0,2390.1827387802073,757.7680092059838,757.7680092059838,3546.4210000000003,3173,1171,1,73.02646720368239,26.950517836593786,0.02301495972382048,4833.782803889184,3445.6960000000004,6359.101600000001,2811.7011101622543,2828.0,10.0,6254.0,3400.0,3500.0,3450.0,33.0,2.818104184457728,0.00028181041844577284
wind_before_curtailment_mw,Wind before curtailment proxy,Autumn,TOTAL_GB_INTERCONNECTORS,GB interconnector fleet total,40_60pct,import,import_mw_positive_magnitude_conditional_on_importing,100.0,4347,3241,74.55716586151368,1864.5741890959282,2490.0,2521.0246146767886,656.4504255808604,2521.0246146767886,4052.652,3241,1106,0,74.55716586151368,25.442834138486315,0.0,7849.504343211253,6359.623999999999,9385.1879333334,3381.3310706572047,3456.0,2.0,8736.0,3700.0,3800.0,3750.0,91.0,2.8077753779697625,0.00028077753779697624
wind_before_curtailment_mw,Wind before curtailment proxy,Autumn,TOTAL_GB_INTERCONNECTORS,GB interconnector fleet total,40_60pct,export,export_mw_positive_magnitude_conditional_on_exporting,100.0,4347,1106,25.442834138486315,1864.5741890959282,2490.0,2521.0246146767886,656.4504255808604,656.4504255808604,4052.652,3241,1106,0,74.55716586151368,25.442834138486315,0.0,7849.504343211253,6359.623999999999,9385.1879333334,2580.0994575045206,2497.0,6.0,6360.0,500.0,600.0,550.0,34.0,3.074141048824593,0.0003074141048824593
wind_before_curtailment_mw,Wind before curtailment proxy,Autumn,TOTAL_GB_INTERCONNECTORS,GB interconnector fleet total,60_80pct,import,import_mw_positive_magnitude_conditional_on_importing,100.0,4349,3179,73.09726373879053,1563.9797654633248,1796.0,2149.4670039089447,585.4872384456197,2149.4670039089447,3400.874,3179,1167,3,73.09726373879053,26.83375488618073,0.06898137502874224,11027.544879463565,9385.211999999996,12824.747999999998,2940.557407989934,2866.0,2.0,7540.0,1300.0,1400.0,1350.0,74.0,2.3277760301981756,0.00023277760301981755
wind_before_curtailment_mw,Wind before curtailment proxy,Autumn,TOTAL_GB_INTERCONNECTORS,GB interconnector fleet total,60_80pct,export,export_mw_positive_magnitude_conditional_on_exporting,100.0,4349,1167,26.83375488618073,1563.9797654633248,1796.0,2149.4670039089447,585.4872384456197,585.4872384456197,3400.874,3179,1167,3,73.09726373879053,26.83375488618073,0.06898137502874224,11027.544879463565,9385.211999999996,12824.747999999998,2181.9057412167954,1866.0,4.0,6302.0,200.0,300.0,250.0,46.0,3.941730934018852,0.00039417309340188523
wind_before_curtailment_mw,Wind before curtailment proxy,Autumn,TOTAL_GB_INTERCONNECTORS,GB interconnector fleet total,highest_20pct,import,import_mw_positive_magnitude_conditional_on_importing,100.0,4349,2551,58.65716256610715,707.3152448838814,846.0,1685.3731892389055,978.0579443550241,1685.3731892389055,1538.057,2551,1798,0,58.65716256610715,41.342837433892846,0.0,15314.157271916292,12825.422199999994,20950.5694666664,2873.2606820854567,2674.0,4.0,8530.0,2000.0,2100.0,2050.0,60.0,2.352018816150529,0.00023520188161505292
wind_before_curtailment_mw,Wind before curtailment proxy,Autumn,TOTAL_GB_INTERCONNECTORS,GB interconnector fleet total,highest_20pct,export,export_mw_positive_magnitude_conditional_on_exporting,100.0,4349,1798,41.342837433892846,707.3152448838814,846.0,1685.3731892389055,978.0579443550241,978.0579443550241,1538.057,2551,1798,0,58.65716256610715,41.342837433892846,0.0,15314.157271916292,12825.422199999994,20950.5694666664,2365.7252502780866,2220.0,4.0,5996.0,1100.0,1200.0,1150.0,56.0,3.114571746384872,0.0003114571746384872
wind_before_curtailment_mw,Wind before curtailment proxy,Autumn,INTELEC,Eleclink (INTELEC),lowest_20pct,import,import_mw_positive_magnitude_conditional_on_importing,100.0,3070,1590,51.79153094462541,258.9980456026059,113.0,407.99674267100977,148.9986970684039,407.99674267100977,397.562,1590,661,819,51.79153094462541,21.530944625407166,26.677524429967427,2011.707436046809,-115.2388,3445.6359999999995,787.7672955974842,990.0,2.0,1002.0,900.0,1000.0,950.0,788.0,49.55974842767296,0.004955974842767295
wind_before_curtailment_mw,Wind before curtailment proxy,Autumn,INTELEC,Eleclink (INTELEC),lowest_20pct,export,export_mw_positive_magnitude_conditional_on_exporting,100.0,3070,661,21.530944625407166,258.9980456026059,113.0,407.99674267100977,148.9986970684039,148.9986970684039,397.562,1590,661,819,51.79153094462541,21.530944625407166,26.677524429967427,2011.707436046809,-115.2388,3445.6359999999995,692.0211800302571,922.0,2.0,1026.0,1000.0,1100.0,1050.0,304.0,45.99092284417549,0.004599092284417549
wind_before_curtailment_mw,Wind before curtailment proxy,Autumn,INTELEC,Eleclink (INTELEC),20_40pct,import,import_mw_positive_magnitude_conditional_on_importing,100.0,3468,1690,48.73125720876586,168.7733564013841,0.0,430.1130334486736,261.3396770472895,430.1130334486736,292.6529999999999,1690,1125,653,48.73125720876586,32.43944636678201,18.82929642445213,4833.700701527827,3445.755399999998,6359.101600000001,882.6224852071006,996.0,4.0,1002.0,900.0,1000.0,950.0,1183.0,70.0,0.006999999999999999
wind_before_curtailment_mw,Wind before curtailment proxy,Autumn,INTELEC,Eleclink (INTELEC),20_40pct,export,export_mw_positive_magnitude_conditional_on_exporting,100.0,3468,1125,32.43944636678201,168.7733564013841,0.0,430.1130334486736,261.3396770472895,261.3396770472895,292.6529999999999,1690,1125,653,48.73125720876586,32.43944636678201,18.82929642445213,4833.700701527827,3445.755399999998,6359.101600000001,805.6231111111111,1022.0,2.0,1026.0,1000.0,1100.0,1050.0,701.0,62.3111111111111,0.006231111111111111
wind_before_curtailment_mw,Wind before curtailment proxy,Autumn,INTELEC,Eleclink (INTELEC),40_60pct,import,import_mw_positive_magnitude_conditional_on_importing,100.0,3426,1717,50.116754232340924,190.2551079976649,9.0,418.128429655575,227.8733216579101,418.128429655575,325.9069999999999,1717,964,745,50.116754232340924,28.137769994162287,21.74547577349679,7841.206778733017,6359.623999999999,9385.1879333334,834.3086779266162,996.0,2.0,1000.0,900.0,1000.0,950.0,1007.0,58.6488060570763,0.005864880605707629
wind_before_curtailment_mw,Wind before curtailment proxy,Autumn,INTELEC,Eleclink (INTELEC),40_60pct,export,export_mw_positive_magnitude_conditional_on_exporting,100.0,3426,964,28.137769994162287,190.2551079976649,9.0,418.128429655575,227.8733216579101,227.8733216579101,325.9069999999999,1717,964,745,50.116754232340924,28.137769994162287,21.74547577349679,7841.206778733017,6359.623999999999,9385.1879333334,809.8485477178423,1022.0,2.0,1028.0,1000.0,1100.0,1050.0,547.0,56.74273858921162,0.005674273858921161
wind_before_curtailment_mw,Wind before curtailment proxy,Autumn,INTELEC,Eleclink (INTELEC),60_80pct,import,import_mw_positive_magnitude_conditional_on_importing,100.0,3319,1557,46.911720397710155,164.02892437481168,0.0,383.8059656523049,219.77704127749323,383.8059656523049,272.206,1557,993,769,46.911720397710155,29.918650195842122,23.169629406447726,11056.11125362671,9386.0343333334,12823.7649333334,818.1451509312781,994.0,8.0,1002.0,900.0,1000.0,950.0,846.0,54.33526011560693,0.0054335260115606935
wind_before_curtailment_mw,Wind before curtailment proxy,Autumn,INTELEC,Eleclink (INTELEC),60_80pct,export,export_mw_positive_magnitude_conditional_on_exporting,100.0,3319,993,29.918650195842122,164.02892437481168,0.0,383.8059656523049,219.77704127749323,219.77704127749323,272.206,1557,993,769,46.911720397710155,29.918650195842122,23.169629406447726,11056.11125362671,9386.0343333334,12823.7649333334,734.5820745216515,926.0,2.0,1026.0,1000.0,1100.0,1050.0,417.0,41.99395770392749,0.0041993957703927495
wind_before_curtailment_mw,Wind before curtailment proxy,Autumn,INTELEC,Eleclink (INTELEC),highest_20pct,import,import_mw_positive_magnitude_conditional_on_importing,100.0,4092,2092,51.12414467253177,138.1739980449658,43.0,374.58015640273703,236.40615835777126,374.58015640273703,282.704,2092,1238,762,51.12414467253177,30.254154447702835,18.621700879765395,15411.597934399795,12825.422199999994,20950.5694666664,732.6873804971319,904.0,2.0,1002.0,900.0,1000.0,950.0,907.0,43.35564053537285,0.004335564053537285
wind_before_curtailment_mw,Wind before curtailment proxy,Autumn,INTELEC,Eleclink (INTELEC),highest_20pct,export,export_mw_positive_magnitude_conditional_on_exporting,100.0,4092,1238,30.254154447702835,138.1739980449658,43.0,374.58015640273703,236.40615835777126,236.40615835777126,282.704,2092,1238,762,51.12414467253177,30.254154447702835,18.621700879765395,15411.597934399795,12825.422199999994,20950.5694666664,781.4006462035542,1020.0,4.0,1026.0,1000.0,1100.0,1050.0,676.0,54.60420032310178,0.0054604200323101785
wind_before_curtailment_mw,Wind before curtailment proxy,Autumn,INTEW,Ireland(East-West),lowest_20pct,import,import_mw_positive_magnitude_conditional_on_importing,100.0,4346,626,14.404049700874367,-165.6658996778647,-78.0,30.50483202945237,196.17073170731706,30.50483202945237,-359.99199999999996,626,2612,1108,14.404049700874367,60.10124252185918,25.494707777266452,2012.994144653406,-115.2388,3445.6359999999995,211.77955271565494,154.0,2.0,504.0,0.0,100.0,50.0,242.0,38.65814696485623,0.003865814696485623
wind_before_curtailment_mw,Wind before curtailment proxy,Autumn,INTEW,Ireland(East-West),lowest_20pct,export,export_mw_positive_magnitude_conditional_on_exporting,100.0,4346,2612,60.10124252185918,-165.6658996778647,-78.0,30.50483202945237,196.17073170731706,196.17073170731706,-359.99199999999996,626,2612,1108,14.404049700874367,60.10124252185918,25.494707777266452,2012.994144653406,-115.2388,3445.6359999999995,326.40045941807045,362.0,2.0,532.0,500.0,600.0,550.0,958.0,36.67687595712098,0.003667687595712098
wind_before_curtailment_mw,Wind before curtailment proxy,Autumn,INTEW,Ireland(East-West),20_40pct,import,import_mw_positive_magnitude_conditional_on_importing,100.0,4345,833,19.171461449942463,-150.09666283084005,-46.0,45.821403912543154,195.9180667433832,45.821403912543154,-326.085,833,2409,1103,19.171461449942463,55.44303797468354,25.385500575373992,4833.782803889184,3445.6960000000004,6359.101600000001,239.00840336134453,212.0,2.0,504.0,0.0,100.0,50.0,245.0,29.411764705882355,0.0029411764705882353
wind_before_curtailment_mw,Wind before curtailment proxy,Autumn,INTEW,Ireland(East-West),20_40pct,export,export_mw_positive_magnitude_conditional_on_exporting,100.0,4345,2409,55.44303797468354,-150.09666283084005,-46.0,45.821403912543154,195.9180667433832,195.9180667433832,-326.085,833,2409,1103,19.171461449942463,55.44303797468354,25.385500575373992,4833.782803889184,3445.6960000000004,6359.101600000001,353.368202573682,420.0,2.0,532.0,500.0,600.0,550.0,987.0,40.971357409713576,0.004097135740971358
wind_before_curtailment_mw,Wind before curtailment proxy,Autumn,INTEW,Ireland(East-West),40_60pct,import,import_mw_positive_magnitude_conditional_on_importing,100.0,4347,935,21.50908672647803,-152.02392454566368,-54.0,50.52910052910053,202.5530250747642,50.52910052910053,-330.4240000000001,935,2437,975,21.50908672647803,56.061651713825626,22.429261559696343,7849.504343211253,6359.623999999999,9385.1879333334,234.91978609625667,186.0,2.0,504.0,0.0,100.0,50.0,319.0,34.11764705882353,0.003411764705882353
wind_before_curtailment_mw,Wind before curtailment proxy,Autumn,INTEW,Ireland(East-West),40_60pct,export,export_mw_positive_magnitude_conditional_on_exporting,100.0,4347,2437,56.061651713825626,-152.02392454566368,-54.0,50.52910052910053,202.5530250747642,202.5530250747642,-330.4240000000001,935,2437,975,21.50908672647803,56.061651713825626,22.429261559696343,7849.504343211253,6359.623999999999,9385.1879333334,361.30406237176857,456.0,2.0,532.0,500.0,600.0,550.0,1099.0,45.09643003693065,0.004509643003693065
wind_before_curtailment_mw,Wind before curtailment proxy,Autumn,INTEW,Ireland(East-West),60_80pct,import,import_mw_positive_magnitude_conditional_on_importing,100.0,4349,907,20.855369050356405,-147.56817659232007,-28.0,41.70705909404461,189.27523568636468,41.70705909404461,-320.88700000000006,907,2371,1071,20.855369050356405,54.518280064382616,24.62635088526098,11027.544879463565,9385.211999999996,12824.747999999998,199.98235942668137,154.0,2.0,504.0,0.0,100.0,50.0,335.0,36.93495038588755,0.0036934950385887544
wind_before_curtailment_mw,Wind before curtailment proxy,Autumn,INTEW,Ireland(East-West),60_80pct,export,export_mw_positive_magnitude_conditional_on_exporting,100.0,4349,2371,54.518280064382616,-147.56817659232007,-28.0,41.70705909404461,189.27523568636468,189.27523568636468,-320.88700000000006,907,2371,1071,20.855369050356405,54.518280064382616,24.62635088526098,11027.544879463565,9385.211999999996,12824.747999999998,347.17756221003793,432.0,2.0,538.0,500.0,600.0,550.0,1039.0,43.821172501054406,0.00438211725010544
wind_before_curtailment_mw,Wind before curtailment proxy,Autumn,INTEW,Ireland(East-West),highest_20pct,import,import_mw_positive_magnitude_conditional_on_importing,100.0,4349,923,21.223269717176365,-132.9937916762474,-16.0,52.32881122097034,185.32260289721776,52.32881122097034,-289.195,923,2279,1147,21.223269717176365,52.402851230167855,26.373879052655784,15314.157271916292,12825.422199999994,20950.5694666664,246.56338028169014,210.0,2.0,504.0,0.0,100.0,50.0,279.0,30.227518959913326,0.0030227518959913325
wind_before_curtailment_mw,Wind before curtailment proxy,Autumn,INTEW,Ireland(East-West),highest_20pct,export,export_mw_positive_magnitude_conditional_on_exporting,100.0,4349,2279,52.402851230167855,-132.9937916762474,-16.0,52.32881122097034,185.32260289721776,185.32260289721776,-289.195,923,2279,1147,21.223269717176365,52.402851230167855,26.373879052655784,15314.157271916292,12825.422199999994,20950.5694666664,353.64984642387014,428.0,2.0,542.0,500.0,600.0,550.0,980.0,43.00131636682756,0.004300131636682756
wind_before_curtailment_mw,Wind before curtailment proxy,Autumn,INTFR,France(IFA),lowest_20pct,import,import_mw_positive_magnitude_conditional_on_importing,100.0,4346,3202,73.67694431661297,749.1606074551312,841.0,795.5098941555453,46.349286700414176,795.5098941555453,1627.9260000000002,3202,409,735,73.67694431661297,9.410952600092038,16.912103083294983,2012.994144653406,-115.2388,3445.6359999999995,1079.7270455965022,998.0,2.0,2010.0,900.0,1000.0,950.0,582.0,18.176139912554653,0.0018176139912554653
wind_before_curtailment_mw,Wind before curtailment proxy,Autumn,INTFR,France(IFA),lowest_20pct,export,export_mw_positive_magnitude_conditional_on_exporting,100.0,4346,409,9.410952600092038,749.1606074551312,841.0,795.5098941555453,46.349286700414176,46.349286700414176,1627.9260000000002,3202,409,735,73.67694431661297,9.410952600092038,16.912103083294983,2012.994144653406,-115.2388,3445.6359999999995,492.5036674816626,414.0,2.0,1034.0,0.0,100.0,50.0,75.0,18.337408312958438,0.0018337408312958437
wind_before_curtailment_mw,Wind before curtailment proxy,Autumn,INTFR,France(IFA),20_40pct,import,import_mw_positive_magnitude_conditional_on_importing,100.0,4345,2608,60.02301495972382,502.52750287686996,522.0,629.1825086306098,126.65500575373993,629.1825086306098,1091.741,2608,871,866,60.02301495972382,20.04602991944764,19.93095512082854,4833.782803889184,3445.6960000000004,6359.101600000001,1048.2354294478528,1000.0,2.0,2008.0,1000.0,1100.0,1050.0,630.0,24.15644171779141,0.002415644171779141
wind_before_curtailment_mw,Wind before curtailment proxy,Autumn,INTFR,France(IFA),20_40pct,export,export_mw_positive_magnitude_conditional_on_exporting,100.0,4345,871,20.04602991944764,502.52750287686996,522.0,629.1825086306098,126.65500575373993,126.65500575373993,1091.741,2608,871,866,60.02301495972382,20.04602991944764,19.93095512082854,4833.782803889184,3445.6960000000004,6359.101600000001,631.820895522388,620.0,2.0,1532.0,1000.0,1100.0,1050.0,218.0,25.02870264064294,0.0025028702640642942
wind_before_curtailment_mw,Wind before curtailment proxy,Autumn,INTFR,France(IFA),40_60pct,import,import_mw_positive_magnitude_conditional_on_importing,100.0,4347,2656,61.09960892569588,505.42857142857144,706.0,659.1037497124454,153.67517828387395,659.1037497124454,1098.5490000000002,2656,1125,566,61.09960892569588,25.87991718426501,13.020473890039108,7849.504343211253,6359.623999999999,9385.1879333334,1078.7364457831325,1000.0,2.0,2008.0,1000.0,1100.0,1050.0,717.0,26.995481927710845,0.0026995481927710847
wind_before_curtailment_mw,Wind before curtailment proxy,Autumn,INTFR,France(IFA),40_60pct,export,export_mw_positive_magnitude_conditional_on_exporting,100.0,4347,1125,25.87991718426501,505.42857142857144,706.0,659.1037497124454,153.67517828387395,153.67517828387395,1098.5490000000002,2656,1125,566,61.09960892569588,25.87991718426501,13.020473890039108,7849.504343211253,6359.623999999999,9385.1879333334,593.8008888888888,614.0,2.0,1476.0,1000.0,1100.0,1050.0,233.0,20.711111111111112,0.0020711111111111112
wind_before_curtailment_mw,Wind before curtailment proxy,Autumn,INTFR,France(IFA),60_80pct,import,import_mw_positive_magnitude_conditional_on_importing,100.0,4349,2433,55.94389514830995,359.34651644056106,318.0,543.7810991032421,184.43458266268107,543.7810991032421,781.399,2433,1333,583,55.94389514830995,30.650724304437805,13.405380547252241,11027.544879463565,9385.211999999996,12824.747999999998,972.0115084258117,998.0,2.0,2008.0,1000.0,1100.0,1050.0,545.0,22.40032881216605,0.002240032881216605
wind_before_curtailment_mw,Wind before curtailment proxy,Autumn,INTFR,France(IFA),60_80pct,export,export_mw_positive_magnitude_conditional_on_exporting,100.0,4349,1333,30.650724304437805,359.34651644056106,318.0,543.7810991032421,184.43458266268107,184.43458266268107,781.399,2433,1333,583,55.94389514830995,30.650724304437805,13.405380547252241,11027.544879463565,9385.211999999996,12824.747999999998,601.7299324831208,608.0,2.0,1032.0,1000.0,1100.0,1050.0,252.0,18.904726181545385,0.0018904726181545387
wind_before_curtailment_mw,Wind before curtailment proxy,Autumn,INTFR,France(IFA),highest_20pct,import,import_mw_positive_magnitude_conditional_on_importing,100.0,4349,2576,59.23200735801334,331.917682225799,376.0,552.8581283053576,220.9404460795585,552.8581283053576,721.755,2576,1431,342,59.23200735801334,32.90411588871005,7.863876753276615,15314.157271916292,12825.422199999994,20950.5694666664,933.3773291925465,996.0,2.0,2010.0,1000.0,1100.0,1050.0,421.0,16.343167701863354,0.0016343167701863353
wind_before_curtailment_mw,Wind before curtailment proxy,Autumn,INTFR,France(IFA),highest_20pct,export,export_mw_positive_magnitude_conditional_on_exporting,100.0,4349,1431,32.90411588871005,331.917682225799,376.0,552.8581283053576,220.9404460795585,220.9404460795585,721.755,2576,1431,342,59.23200735801334,32.90411588871005,7.863876753276615,15314.157271916292,12825.422199999994,20950.5694666664,671.4675052410902,732.0,2.0,1038.0,1000.0,1100.0,1050.0,456.0,31.865828092243188,0.0031865828092243185
wind_before_curtailment_mw,Wind before curtailment proxy,Autumn,INTGRNL,Ireland (Greenlink),lowest_20pct,import,import_mw_positive_magnitude_conditional_on_importing,100.0,532,15,2.819548872180451,-449.6691729323308,-514.0,5.7631578947368425,455.4323308270677,5.7631578947368425,-119.61200000000002,15,507,10,2.819548872180451,95.30075187969925,1.8796992481203008,2055.490000037595,15.667399999999992,3445.0233999999987,204.4,174.0,4.0,504.0,0.0,100.0,50.0,6.0,40.0,0.004
wind_before_curtailment_mw,Wind before curtailment proxy,Autumn,INTGRNL,Ireland (Greenlink),lowest_20pct,export,export_mw_positive_magnitude_conditional_on_exporting,100.0,532,507,95.30075187969925,-449.6691729323308,-514.0,5.7631578947368425,455.4323308270677,455.4323308270677,-119.61200000000002,15,507,10,2.819548872180451,95.30075187969925,1.8796992481203008,2055.490000037595,15.667399999999992,3445.0233999999987,477.8895463510848,514.0,20.0,516.0,500.0,600.0,550.0,406.0,80.07889546351085,0.008007889546351085
wind_before_curtailment_mw,Wind before curtailment proxy,Autumn,INTGRNL,Ireland (Greenlink),20_40pct,import,import_mw_positive_magnitude_conditional_on_importing,100.0,587,49,8.347529812606473,-389.0664395229983,-514.0,22.180579216354346,411.24701873935265,22.180579216354346,-114.19100000000002,49,518,20,8.347529812606473,88.24531516183987,3.4071550255536627,4904.182132053299,3445.902133333401,6358.739800000002,265.7142857142857,262.0,4.0,506.0,200.0,300.0,250.0,16.0,32.6530612244898,0.0032653061224489793
wind_before_curtailment_mw,Wind before curtailment proxy,Autumn,INTGRNL,Ireland (Greenlink),20_40pct,export,export_mw_positive_magnitude_conditional_on_exporting,100.0,587,518,88.24531516183987,-389.0664395229983,-514.0,22.180579216354346,411.24701873935265,411.24701873935265,-114.19100000000002,49,518,20,8.347529812606473,88.24531516183987,3.4071550255536627,4904.182132053299,3445.902133333401,6358.739800000002,466.02702702702703,514.0,4.0,516.0,500.0,600.0,550.0,374.0,72.2007722007722,0.00722007722007722
wind_before_curtailment_mw,Wind before curtailment proxy,Autumn,INTGRNL,Ireland (Greenlink),40_60pct,import,import_mw_positive_magnitude_conditional_on_importing,100.0,753,105,13.94422310756972,-354.71978751660026,-514.0,39.179282868525895,393.89907038512615,39.179282868525895,-133.55200000000002,105,642,6,13.94422310756972,85.2589641434263,0.796812749003984,7865.825386628258,6377.380000000002,9376.083000000204,280.9714285714286,250.0,2.0,506.0,500.0,600.0,550.0,28.0,26.666666666666668,0.0026666666666666666
wind_before_curtailment_mw,Wind before curtailment proxy,Autumn,INTGRNL,Ireland (Greenlink),40_60pct,export,export_mw_positive_magnitude_conditional_on_exporting,100.0,753,642,85.2589641434263,-354.71978751660026,-514.0,39.179282868525895,393.89907038512615,393.89907038512615,-133.55200000000002,105,642,6,13.94422310756972,85.2589641434263,0.796812749003984,7865.825386628258,6377.380000000002,9376.083000000204,462.0031152647975,514.0,4.0,514.0,500.0,600.0,550.0,462.0,71.96261682242991,0.00719626168224299
wind_before_curtailment_mw,Wind before curtailment proxy,Autumn,INTGRNL,Ireland (Greenlink),60_80pct,import,import_mw_positive_magnitude_conditional_on_importing,100.0,835,126,15.089820359281436,-327.7988023952096,-514.0,40.29940119760479,368.09820359281434,40.29940119760479,-136.85600000000002,126,705,4,15.089820359281436,84.4311377245509,0.47904191616766467,10965.717429767805,9386.26293333486,12817.68448874784,267.06349206349205,250.0,8.0,506.0,200.0,300.0,250.0,26.0,20.634920634920633,0.0020634920634920633
wind_before_curtailment_mw,Wind before curtailment proxy,Autumn,INTGRNL,Ireland (Greenlink),60_80pct,export,export_mw_positive_magnitude_conditional_on_exporting,100.0,835,705,84.4311377245509,-327.7988023952096,-514.0,40.29940119760479,368.09820359281434,368.09820359281434,-136.85600000000002,126,705,4,15.089820359281436,84.4311377245509,0.47904191616766467,10965.717429767805,9386.26293333486,12817.68448874784,435.97446808510637,514.0,2.0,516.0,500.0,600.0,550.0,443.0,62.836879432624116,0.006283687943262411
wind_before_curtailment_mw,Wind before curtailment proxy,Autumn,INTGRNL,Ireland (Greenlink),highest_20pct,import,import_mw_positive_magnitude_conditional_on_importing,100.0,1661,369,22.215532811559303,-267.7049969897652,-466.0,57.31727874774232,325.0222757375075,57.31727874774232,-222.329,369,1276,16,22.215532811559303,76.82119205298014,0.963275135460566,16193.600939761965,12826.9956666668,20950.5694666664,258.00542005420056,250.0,2.0,506.0,300.0,400.0,350.0,99.0,26.82926829268293,0.002682926829268293
wind_before_curtailment_mw,Wind before curtailment proxy,Autumn,INTGRNL,Ireland (Greenlink),highest_20pct,export,export_mw_positive_magnitude_conditional_on_exporting,100.0,1661,1276,76.82119205298014,-267.7049969897652,-466.0,57.31727874774232,325.0222757375075,325.0222757375075,-222.329,369,1276,16,22.215532811559303,76.82119205298014,0.963275135460566,16193.600939761965,12826.9956666668,20950.5694666664,423.08934169278996,514.0,8.0,514.0,500.0,600.0,550.0,767.0,60.10971786833855,0.006010971786833855
wind_before_curtailment_mw,Wind before curtailment proxy,Autumn,INTIFA2,IFA2 (INTIFA2),lowest_20pct,import,import_mw_positive_magnitude_conditional_on_importing,100.0,4346,2798,64.38104003681546,420.0648872526461,585.0,516.4279797514956,96.36309249884951,516.4279797514956,912.801,2798,1546,2,64.38104003681546,35.57294063506673,0.04601932811780948,2012.994144653406,-115.2388,3445.6359999999995,802.1429592566119,974.0,2.0,994.0,900.0,1000.0,950.0,1644.0,58.756254467476765,0.005875625446747677
wind_before_curtailment_mw,Wind before curtailment proxy,Autumn,INTIFA2,IFA2 (INTIFA2),lowest_20pct,export,export_mw_positive_magnitude_conditional_on_exporting,100.0,4346,1546,35.57294063506673,420.0648872526461,585.0,516.4279797514956,96.36309249884951,96.36309249884951,912.801,2798,1546,2,64.38104003681546,35.57294063506673,0.04601932811780948,2012.994144653406,-115.2388,3445.6359999999995,270.888745148771,4.0,2.0,1030.0,0.0,100.0,50.0,977.0,63.19534282018111,0.006319534282018111
wind_before_curtailment_mw,Wind before curtailment proxy,Autumn,INTIFA2,IFA2 (INTIFA2),20_40pct,import,import_mw_positive_magnitude_conditional_on_importing,100.0,4345,2094,48.19332566168009,159.94246260069045,-2.0,382.9021864211738,222.9597238204833,382.9021864211738,347.4749999999999,2094,2249,2,48.19332566168009,51.76064441887227,0.04602991944764096,4833.782803889184,3445.6960000000004,6359.101600000001,794.512893982808,982.0,4.0,992.0,900.0,1000.0,950.0,1224.0,58.45272206303726,0.005845272206303725
wind_before_curtailment_mw,Wind before curtailment proxy,Autumn,INTIFA2,IFA2 (INTIFA2),20_40pct,export,export_mw_positive_magnitude_conditional_on_exporting,100.0,4345,2249,51.76064441887227,159.94246260069045,-2.0,382.9021864211738,222.9597238204833,222.9597238204833,347.4749999999999,2094,2249,2,48.19332566168009,51.76064441887227,0.04602991944764096,4833.782803889184,3445.6960000000004,6359.101600000001,430.7514450867052,162.0,2.0,1030.0,0.0,100.0,50.0,1089.0,48.42152067585593,0.004842152067585593
wind_before_curtailment_mw,Wind before curtailment proxy,Autumn,INTIFA2,IFA2 (INTIFA2),40_60pct,import,import_mw_positive_magnitude_conditional_on_importing,100.0,4347,1981,45.571658615136876,137.30296756383714,-2.0,352.3570278352887,215.0540602714516,352.3570278352887,298.428,1981,2365,1,45.571658615136876,54.40533701403266,0.023004370830457786,7849.504343211253,6359.623999999999,9385.1879333334,773.193336698637,922.0,2.0,1398.0,900.0,1000.0,950.0,1023.0,51.64058556284705,0.005164058556284705
wind_before_curtailment_mw,Wind before curtailment proxy,Autumn,INTIFA2,IFA2 (INTIFA2),40_60pct,export,export_mw_positive_magnitude_conditional_on_exporting,100.0,4347,2365,54.40533701403266,137.30296756383714,-2.0,352.3570278352887,215.0540602714516,215.0540602714516,298.428,1981,2365,1,45.571658615136876,54.40533701403266,0.023004370830457786,7849.504343211253,6359.623999999999,9385.1879333334,395.2811839323467,98.0,2.0,1030.0,0.0,100.0,50.0,1183.0,50.02114164904863,0.0050021141649048625
wind_before_curtailment_mw,Wind before curtailment proxy,Autumn,INTIFA2,IFA2 (INTIFA2),60_80pct,import,import_mw_positive_magnitude_conditional_on_importing,100.0,4349,1751,40.26212922510922,66.01885490917452,-2.0,303.4945964589561,237.47574154978156,303.4945964589561,143.558,1751,2594,4,40.26212922510922,59.645895608185796,0.09197516670498966,11027.544879463565,9385.211999999996,12824.747999999998,753.7966876070817,898.0,2.0,992.0,900.0,1000.0,950.0,871.0,49.74300399771559,0.004974300399771559
wind_before_curtailment_mw,Wind before curtailment proxy,Autumn,INTIFA2,IFA2 (INTIFA2),60_80pct,export,export_mw_positive_magnitude_conditional_on_exporting,100.0,4349,2594,59.645895608185796,66.01885490917452,-2.0,303.4945964589561,237.47574154978156,237.47574154978156,143.558,1751,2594,4,40.26212922510922,59.645895608185796,0.09197516670498966,11027.544879463565,9385.211999999996,12824.747999999998,398.1426368542791,230.0,2.0,1030.0,0.0,100.0,50.0,1191.0,45.913646877409406,0.004591364687740941
wind_before_curtailment_mw,Wind before curtailment proxy,Autumn,INTIFA2,IFA2 (INTIFA2),highest_20pct,import,import_mw_positive_magnitude_conditional_on_importing,100.0,4349,1676,38.537594849390665,-2.622212002759255,-2.0,267.38698551391127,270.0091975166705,267.38698551391127,-5.701999999999998,1676,2666,7,38.537594849390665,61.30144860887561,0.1609565417337319,15314.157271916292,12825.422199999994,20950.5694666664,693.8341288782816,828.0,2.0,992.0,900.0,1000.0,950.0,749.0,44.68973747016706,0.0044689737470167065
wind_before_curtailment_mw,Wind before curtailment proxy,Autumn,INTIFA2,IFA2 (INTIFA2),highest_20pct,export,export_mw_positive_magnitude_conditional_on_exporting,100.0,4349,2666,61.30144860887561,-2.622212002759255,-2.0,267.38698551391127,270.0091975166705,270.0091975166705,-5.701999999999998,1676,2666,7,38.537594849390665,61.30144860887561,0.1609565417337319,15314.157271916292,12825.422199999994,20950.5694666664,440.46136534133535,260.0,2.0,1030.0,0.0,100.0,50.0,1215.0,45.573893473368344,0.004557389347336834
wind_before_curtailment_mw,Wind before curtailment proxy,Autumn,INTIRL,Northern Ireland(Moyle),lowest_20pct,import,import_mw_positive_magnitude_conditional_on_importing,100.0,4346,914,21.03083294983893,-223.1928209848136,-310.0,35.48412333179935,258.676944316613,35.48412333179935,-484.99800000000005,914,3337,95,21.03083294983893,76.78324896456512,2.1859180855959504,2012.994144653406,-115.2388,3445.6359999999995,168.72428884026257,128.0,2.0,404.0,0.0,100.0,50.0,393.0,42.99781181619256,0.004299781181619256
wind_before_curtailment_mw,Wind before curtailment proxy,Autumn,INTIRL,Northern Ireland(Moyle),lowest_20pct,export,export_mw_positive_magnitude_conditional_on_exporting,100.0,4346,3337,76.78324896456512,-223.1928209848136,-310.0,35.48412333179935,258.676944316613,258.676944316613,-484.99800000000005,914,3337,95,21.03083294983893,76.78324896456512,2.1859180855959504,2012.994144653406,-115.2388,3445.6359999999995,336.8924183398262,410.0,2.0,502.0,400.0,500.0,450.0,1731.0,51.87293976625712,0.005187293976625712
wind_before_curtailment_mw,Wind before curtailment proxy,Autumn,INTIRL,Northern Ireland(Moyle),20_40pct,import,import_mw_positive_magnitude_conditional_on_importing,100.0,4345,1156,26.605293440736478,-189.24188722669734,-306.0,59.79976985040276,249.04165707710013,59.79976985040276,-411.128,1156,3086,103,26.605293440736478,71.02416570771001,2.3705408515535096,4833.782803889184,3445.6960000000004,6359.101600000001,224.76643598615917,226.0,2.0,500.0,0.0,100.0,50.0,315.0,27.249134948096888,0.0027249134948096887
wind_before_curtailment_mw,Wind before curtailment proxy,Autumn,INTIRL,Northern Ireland(Moyle),20_40pct,export,export_mw_positive_magnitude_conditional_on_exporting,100.0,4345,3086,71.02416570771001,-189.24188722669734,-306.0,59.79976985040276,249.04165707710013,249.04165707710013,-411.128,1156,3086,103,26.605293440736478,71.02416570771001,2.3705408515535096,4833.782803889184,3445.6960000000004,6359.101600000001,350.64355152300715,430.0,2.0,506.0,400.0,500.0,450.0,1730.0,56.0596241088788,0.00560596241088788
wind_before_curtailment_mw,Wind before curtailment proxy,Autumn,INTIRL,Northern Ireland(Moyle),40_60pct,import,import_mw_positive_magnitude_conditional_on_importing,100.0,4347,1321,30.388773867034736,-171.04715896020244,-302.0,70.48401196227283,241.53117092247527,70.48401196227283,-371.771,1321,2979,47,30.388773867034736,68.53002070393374,1.081205429031516,7849.504343211253,6359.623999999999,9385.1879333334,231.94095382286147,244.0,2.0,404.0,0.0,100.0,50.0,326.0,24.678274034822103,0.0024678274034822104
wind_before_curtailment_mw,Wind before curtailment proxy,Autumn,INTIRL,Northern Ireland(Moyle),40_60pct,export,export_mw_positive_magnitude_conditional_on_exporting,100.0,4347,2979,68.53002070393374,-171.04715896020244,-302.0,70.48401196227283,241.53117092247527,241.53117092247527,-371.771,1321,2979,47,30.388773867034736,68.53002070393374,1.081205429031516,7849.504343211253,6359.623999999999,9385.1879333334,352.445787176905,442.0,2.0,456.0,400.0,500.0,450.0,1716.0,57.60322255790534,0.005760322255790535
wind_before_curtailment_mw,Wind before curtailment proxy,Autumn,INTIRL,Northern Ireland(Moyle),60_80pct,import,import_mw_positive_magnitude_conditional_on_importing,100.0,4349,1304,29.98390434582663,-158.9050356403771,-266.0,71.09634398712348,230.00137962750057,71.09634398712348,-345.539,1304,2952,93,29.98390434582663,67.87767302828236,2.1384226258910095,11027.544879463565,9385.211999999996,12824.747999999998,237.11503067484662,263.0,2.0,400.0,0.0,100.0,50.0,315.0,24.15644171779141,0.002415644171779141
wind_before_curtailment_mw,Wind before curtailment proxy,Autumn,INTIRL,Northern Ireland(Moyle),60_80pct,export,export_mw_positive_magnitude_conditional_on_exporting,100.0,4349,2952,67.87767302828236,-158.9050356403771,-266.0,71.09634398712348,230.00137962750057,230.00137962750057,-345.539,1304,2952,93,29.98390434582663,67.87767302828236,2.1384226258910095,11027.544879463565,9385.211999999996,12824.747999999998,338.8468834688347,402.0,2.0,456.0,400.0,500.0,450.0,1500.0,50.81300813008131,0.005081300813008131
wind_before_curtailment_mw,Wind before curtailment proxy,Autumn,INTIRL,Northern Ireland(Moyle),highest_20pct,import,import_mw_positive_magnitude_conditional_on_importing,100.0,4349,1357,31.20257530466774,-126.8939986203725,-202.0,80.636008277765,207.53000689813751,80.636008277765,-275.931,1357,2762,230,31.20257530466774,63.508852609795355,5.288572085536905,15314.157271916292,12825.422199999994,20950.5694666664,258.4274134119381,274.0,2.0,402.0,400.0,500.0,450.0,378.0,27.855563743551954,0.0027855563743551955
wind_before_curtailment_mw,Wind before curtailment proxy,Autumn,INTIRL,Northern Ireland(Moyle),highest_20pct,export,export_mw_positive_magnitude_conditional_on_exporting,100.0,4349,2762,63.508852609795355,-126.8939986203725,-202.0,80.636008277765,207.53000689813751,207.53000689813751,-275.931,1357,2762,230,31.20257530466774,63.508852609795355,5.288572085536905,15314.157271916292,12825.422199999994,20950.5694666664,326.7733526430123,376.0,2.0,456.0,400.0,500.0,450.0,1270.0,45.981173062997826,0.004598117306299783
wind_before_curtailment_mw,Wind before curtailment proxy,Autumn,INTNED,Netherlands(BritNed),lowest_20pct,import,import_mw_positive_magnitude_conditional_on_importing,100.0,4346,2865,65.92268752876208,338.95904279797514,586.0,514.4970087436724,175.53796594569718,514.4970087436724,736.558,2865,1214,267,65.92268752876208,27.933732167510357,6.143580303727566,2012.994144653406,-115.2388,3445.6359999999995,780.4551483420594,900.0,2.0,1062.0,1000.0,1100.0,1050.0,1059.0,36.96335078534032,0.0036963350785340315
wind_before_curtailment_mw,Wind before curtailment proxy,Autumn,INTNED,Netherlands(BritNed),lowest_20pct,export,export_mw_positive_magnitude_conditional_on_exporting,100.0,4346,1214,27.933732167510357,338.95904279797514,586.0,514.4970087436724,175.53796594569718,175.53796594569718,736.558,2865,1214,267,65.92268752876208,27.933732167510357,6.143580303727566,2012.994144653406,-115.2388,3445.6359999999995,628.4085667215816,654.0,2.0,1076.0,1000.0,1100.0,1050.0,287.0,23.640856672158154,0.0023640856672158157
wind_before_curtailment_mw,Wind before curtailment proxy,Autumn,INTNED,Netherlands(BritNed),20_40pct,import,import_mw_positive_magnitude_conditional_on_importing,100.0,4345,2448,56.340621403912536,166.92336018411967,274.0,421.07203682393555,254.14867663981587,421.07203682393555,362.64099999999996,2448,1652,245,56.340621403912536,38.020713463751434,5.638665132336018,4833.782803889184,3445.6960000000004,6359.101600000001,747.3684640522875,852.0,2.0,1064.0,1000.0,1100.0,1050.0,827.0,33.782679738562095,0.0033782679738562096
wind_before_curtailment_mw,Wind before curtailment proxy,Autumn,INTNED,Netherlands(BritNed),20_40pct,export,export_mw_positive_magnitude_conditional_on_exporting,100.0,4345,1652,38.020713463751434,166.92336018411967,274.0,421.07203682393555,254.14867663981587,254.14867663981587,362.64099999999996,2448,1652,245,56.340621403912536,38.020713463751434,5.638665132336018,4833.782803889184,3445.6960000000004,6359.101600000001,668.4479418886199,706.0,2.0,1076.0,1000.0,1100.0,1050.0,443.0,26.815980629539954,0.002681598062953995
wind_before_curtailment_mw,Wind before curtailment proxy,Autumn,INTNED,Netherlands(BritNed),40_60pct,import,import_mw_positive_magnitude_conditional_on_importing,100.0,4347,2561,58.9141936968024,216.03772716816195,326.0,437.7170462387854,221.67931907062342,437.7170462387854,469.558,2561,1495,291,58.9141936968024,34.39153439153439,6.694271911663216,7849.504343211253,6359.623999999999,9385.1879333334,742.9738383443968,882.0,2.0,1402.0,1000.0,1100.0,1050.0,891.0,34.79109722764545,0.003479109722764545
wind_before_curtailment_mw,Wind before curtailment proxy,Autumn,INTNED,Netherlands(BritNed),40_60pct,export,export_mw_positive_magnitude_conditional_on_exporting,100.0,4347,1495,34.39153439153439,216.03772716816195,326.0,437.7170462387854,221.67931907062342,221.67931907062342,469.558,2561,1495,291,58.9141936968024,34.39153439153439,6.694271911663216,7849.504343211253,6359.623999999999,9385.1879333334,644.5752508361204,660.0,2.0,1076.0,1000.0,1100.0,1050.0,367.0,24.548494983277592,0.002454849498327759
wind_before_curtailment_mw,Wind before curtailment proxy,Autumn,INTNED,Netherlands(BritNed),60_80pct,import,import_mw_positive_magnitude_conditional_on_importing,100.0,4349,2369,54.472292481030124,158.18532996091056,142.0,392.9661991262359,234.78086916532536,392.9661991262359,343.974,2369,1637,343,54.472292481030124,37.64083697401702,7.886870544952863,11027.544879463565,9385.211999999996,12824.747999999998,721.4056563951034,832.0,2.0,1064.0,1000.0,1100.0,1050.0,781.0,32.967496834107216,0.003296749683410722
wind_before_curtailment_mw,Wind before curtailment proxy,Autumn,INTNED,Netherlands(BritNed),60_80pct,export,export_mw_positive_magnitude_conditional_on_exporting,100.0,4349,1637,37.64083697401702,158.18532996091056,142.0,392.9661991262359,234.78086916532536,234.78086916532536,343.974,2369,1637,343,54.472292481030124,37.64083697401702,7.886870544952863,11027.544879463565,9385.211999999996,12824.747999999998,623.7397678680513,620.0,2.0,1076.0,1000.0,1100.0,1050.0,349.0,21.319486866218693,0.0021319486866218694
wind_before_curtailment_mw,Wind before curtailment proxy,Autumn,INTNED,Netherlands(BritNed),highest_20pct,import,import_mw_positive_magnitude_conditional_on_importing,100.0,4349,1692,38.90549551621063,-91.7346516440561,-104.0,260.44699931018624,352.18165095424234,260.44699931018624,-199.47699999999998,1692,2228,429,38.90549551621063,51.23016785467923,9.86433662911014,15314.157271916292,12825.422199999994,20950.5694666664,669.4349881796691,746.0,2.0,1062.0,1000.0,1100.0,1050.0,461.0,27.245862884160754,0.0027245862884160755
wind_before_curtailment_mw,Wind before curtailment proxy,Autumn,INTNED,Netherlands(BritNed),highest_20pct,export,export_mw_positive_magnitude_conditional_on_exporting,100.0,4349,2228,51.23016785467923,-91.7346516440561,-104.0,260.44699931018624,352.18165095424234,352.18165095424234,-199.47699999999998,1692,2228,429,38.90549551621063,51.23016785467923,9.86433662911014,15314.157271916292,12825.422199999994,20950.5694666664,687.4497307001795,754.0,2.0,1076.0,1000.0,1100.0,1050.0,648.0,29.084380610412925,0.0029084380610412924
wind_before_curtailment_mw,Wind before curtailment proxy,Autumn,INTNEM,Belgium (Nemolink),lowest_20pct,import,import_mw_positive_magnitude_conditional_on_importing,100.0,4346,3328,76.57616198803497,502.37459733087894,774.0,600.9608835710999,98.58628624022089,600.9608835710999,1091.6599999999999,3328,796,222,76.57616198803497,18.315692590888172,5.108145421076853,2012.994144653406,-115.2388,3445.6359999999995,784.7884615384615,902.0,2.0,1020.0,1000.0,1100.0,1050.0,1093.0,32.84254807692308,0.003284254807692308
wind_before_curtailment_mw,Wind before curtailment proxy,Autumn,INTNEM,Belgium (Nemolink),lowest_20pct,export,export_mw_positive_magnitude_conditional_on_exporting,100.0,4346,796,18.315692590888172,502.37459733087894,774.0,600.9608835710999,98.58628624022089,98.58628624022089,1091.6599999999999,3328,796,222,76.57616198803497,18.315692590888172,5.108145421076853,2012.994144653406,-115.2388,3445.6359999999995,538.2613065326633,536.0,6.0,1022.0,1000.0,1100.0,1050.0,96.0,12.060301507537687,0.0012060301507537687
wind_before_curtailment_mw,Wind before curtailment proxy,Autumn,INTNEM,Belgium (Nemolink),20_40pct,import,import_mw_positive_magnitude_conditional_on_importing,100.0,4345,2694,62.002301495972375,288.9638665132336,448.0,458.6365937859609,169.6727272727273,458.6365937859609,627.7739999999999,2694,1237,414,62.002301495972375,28.46950517836594,9.528193325661679,4833.782803889184,3445.6960000000004,6359.101600000001,739.7089829250185,846.0,2.0,1020.0,1000.0,1100.0,1050.0,709.0,26.317743132887898,0.00263177431328879
wind_before_curtailment_mw,Wind before curtailment proxy,Autumn,INTNEM,Belgium (Nemolink),20_40pct,export,export_mw_positive_magnitude_conditional_on_exporting,100.0,4345,1237,28.46950517836594,288.9638665132336,448.0,458.6365937859609,169.6727272727273,169.6727272727273,627.7739999999999,2694,1237,414,62.002301495972375,28.46950517836594,9.528193325661679,4833.782803889184,3445.6960000000004,6359.101600000001,595.9805982215037,618.0,2.0,1022.0,1000.0,1100.0,1050.0,246.0,19.886822958771223,0.001988682295877122
wind_before_curtailment_mw,Wind before curtailment proxy,Autumn,INTNEM,Belgium (Nemolink),40_60pct,import,import_mw_positive_magnitude_conditional_on_importing,100.0,4347,2922,67.21877156659765,338.3772716816195,526.0,489.29974695192084,150.92247527030136,489.29974695192084,735.463,2922,1109,316,67.21877156659765,25.511847250977688,7.269381182424661,7849.504343211253,6359.623999999999,9385.1879333334,727.9212867898699,824.0,2.0,1020.0,1000.0,1100.0,1050.0,778.0,26.625598904859686,0.002662559890485969
wind_before_curtailment_mw,Wind before curtailment proxy,Autumn,INTNEM,Belgium (Nemolink),40_60pct,export,export_mw_positive_magnitude_conditional_on_exporting,100.0,4347,1109,25.511847250977688,338.3772716816195,526.0,489.29974695192084,150.92247527030136,150.92247527030136,735.463,2922,1109,316,67.21877156659765,25.511847250977688,7.269381182424661,7849.504343211253,6359.623999999999,9385.1879333334,591.5779981965735,620.0,2.0,1022.0,1000.0,1100.0,1050.0,189.0,17.04238052299369,0.001704238052299369
wind_before_curtailment_mw,Wind before curtailment proxy,Autumn,INTNEM,Belgium (Nemolink),60_80pct,import,import_mw_positive_magnitude_conditional_on_importing,100.0,4349,2875,66.10715106921131,328.97033800873766,468.0,467.93653713497355,138.96619912623592,467.93653713497355,715.346,2875,1138,336,66.10715106921131,26.166934927569557,7.725914003219131,11027.544879463565,9385.211999999996,12824.747999999998,707.8455652173913,802.0,2.0,1020.0,1000.0,1100.0,1050.0,686.0,23.860869565217392,0.002386086956521739
wind_before_curtailment_mw,Wind before curtailment proxy,Autumn,INTNEM,Belgium (Nemolink),60_80pct,export,export_mw_positive_magnitude_conditional_on_exporting,100.0,4349,1138,26.166934927569557,328.97033800873766,468.0,467.93653713497355,138.96619912623592,138.96619912623592,715.346,2875,1138,336,66.10715106921131,26.166934927569557,7.725914003219131,11027.544879463565,9385.211999999996,12824.747999999998,531.0755711775043,517.0,2.0,1022.0,0.0,100.0,50.0,124.0,10.896309314586995,0.0010896309314586995
wind_before_curtailment_mw,Wind before curtailment proxy,Autumn,INTNEM,Belgium (Nemolink),highest_20pct,import,import_mw_positive_magnitude_conditional_on_importing,100.0,4349,2256,51.873994021614166,65.28167394803403,64.0,326.26580823177744,260.9841342837434,326.26580823177744,141.955,2256,1835,258,51.873994021614166,42.193607725914,5.932398252471833,15314.157271916292,12825.422199999994,20950.5694666664,628.9583333333334,681.0,2.0,1020.0,900.0,1000.0,950.0,370.0,16.400709219858157,0.0016400709219858156
wind_before_curtailment_mw,Wind before curtailment proxy,Autumn,INTNEM,Belgium (Nemolink),highest_20pct,export,export_mw_positive_magnitude_conditional_on_exporting,100.0,4349,1835,42.193607725914,65.28167394803403,64.0,326.26580823177744,260.9841342837434,260.9841342837434,141.955,2256,1835,258,51.873994021614166,42.193607725914,5.932398252471833,15314.157271916292,12825.422199999994,20950.5694666664,618.5395095367847,662.0,2.0,1022.0,1000.0,1100.0,1050.0,412.0,22.45231607629428,0.002245231607629428
wind_before_curtailment_mw,Wind before curtailment proxy,Autumn,INTNSL,North Sea Link (INTNSL),lowest_20pct,import,import_mw_positive_magnitude_conditional_on_importing,100.0,3459,3022,87.36629083550159,1014.7586007516624,1398.0,1065.0795027464585,50.32090199479618,1065.0795027464585,1755.025,3022,317,120,87.36629083550159,9.164498409945072,3.469210754553339,2041.164502649235,-115.2388,3445.6359999999995,1219.09662475182,1398.0,2.0,1400.0,1300.0,1400.0,1350.0,1549.0,51.25744540039708,0.005125744540039708
wind_before_curtailment_mw,Wind before curtailment proxy,Autumn,INTNSL,North Sea Link (INTNSL),lowest_20pct,export,export_mw_positive_magnitude_conditional_on_exporting,100.0,3459,317,9.164498409945072,1014.7586007516624,1398.0,1065.0795027464585,50.32090199479618,50.32090199479618,1755.025,3022,317,120,87.36629083550159,9.164498409945072,3.469210754553339,2041.164502649235,-115.2388,3445.6359999999995,549.0851735015773,448.0,2.0,1280.0,0.0,100.0,50.0,105.0,33.12302839116719,0.0033123028391167193
wind_before_curtailment_mw,Wind before curtailment proxy,Autumn,INTNSL,North Sea Link (INTNSL),20_40pct,import,import_mw_positive_magnitude_conditional_on_importing,100.0,4100,3027,73.82926829268293,703.7082926829269,1076.0,849.2487804878049,145.54048780487804,849.2487804878049,1442.6019999999999,3027,736,337,73.82926829268293,17.95121951219512,8.219512195121952,4850.189673389879,3445.755399999998,6359.101600000001,1150.2874132804757,1398.0,2.0,1400.0,1300.0,1400.0,1350.0,1432.0,47.30756524611827,0.004730756524611827
wind_before_curtailment_mw,Wind before curtailment proxy,Autumn,INTNSL,North Sea Link (INTNSL),20_40pct,export,export_mw_positive_magnitude_conditional_on_exporting,100.0,4100,736,17.95121951219512,703.7082926829269,1076.0,849.2487804878049,145.54048780487804,145.54048780487804,1442.6019999999999,3027,736,337,73.82926829268293,17.95121951219512,8.219512195121952,4850.189673389879,3445.755399999998,6359.101600000001,810.7554347826087,990.0,2.0,1454.0,1100.0,1200.0,1150.0,291.0,39.53804347826087,0.003953804347826087
wind_before_curtailment_mw,Wind before curtailment proxy,Autumn,INTNSL,North Sea Link (INTNSL),40_60pct,import,import_mw_positive_magnitude_conditional_on_importing,100.0,4195,3280,78.18831942789033,768.1644815256258,1058.0,859.2896305125149,91.12514898688916,859.2896305125149,1611.2250000000001,3280,575,340,78.18831942789033,13.706793802145413,8.104886769964244,7848.588083418193,6359.623999999999,9385.1879333334,1099.0,1396.0,2.0,1400.0,1300.0,1400.0,1350.0,1635.0,49.84756097560975,0.004984756097560976
wind_before_curtailment_mw,Wind before curtailment proxy,Autumn,INTNSL,North Sea Link (INTNSL),40_60pct,export,export_mw_positive_magnitude_conditional_on_exporting,100.0,4195,575,13.706793802145413,768.1644815256258,1058.0,859.2896305125149,91.12514898688916,91.12514898688916,1611.2250000000001,3280,575,340,78.18831942789033,13.706793802145413,8.104886769964244,7848.588083418193,6359.623999999999,9385.1879333334,664.8173913043478,682.0,2.0,1454.0,1100.0,1200.0,1150.0,157.0,27.304347826086957,0.0027304347826086956
wind_before_curtailment_mw,Wind before curtailment proxy,Autumn,INTNSL,North Sea Link (INTNSL),60_80pct,import,import_mw_positive_magnitude_conditional_on_importing,100.0,4157,3345,80.46668270387298,767.2494587442867,962.0,858.0105845561703,90.76112581188357,858.0105845561703,1594.728,3345,565,247,80.46668270387298,13.591532355063748,5.941784941063267,11042.232729080357,9385.211999999996,12824.747999999998,1066.2929745889387,1314.0,2.0,1400.0,1300.0,1400.0,1350.0,1459.0,43.61733931240658,0.004361733931240658
wind_before_curtailment_mw,Wind before curtailment proxy,Autumn,INTNSL,North Sea Link (INTNSL),60_80pct,export,export_mw_positive_magnitude_conditional_on_exporting,100.0,4157,565,13.591532355063748,767.2494587442867,962.0,858.0105845561703,90.76112581188357,90.76112581188357,1594.728,3345,565,247,80.46668270387298,13.591532355063748,5.941784941063267,11042.232729080357,9385.211999999996,12824.747999999998,667.7769911504424,704.0,2.0,1454.0,0.0,100.0,50.0,101.0,17.876106194690266,0.0017876106194690267
wind_before_curtailment_mw,Wind before curtailment proxy,Autumn,INTNSL,North Sea Link (INTNSL),highest_20pct,import,import_mw_positive_magnitude_conditional_on_importing,100.0,4339,2987,68.84074671583315,518.9679649688868,694.0,681.7054620880388,162.73749711915187,681.7054620880388,1125.9009999999998,2987,1035,317,68.84074671583315,23.853422447568565,7.305830836598294,15319.433660189896,12825.422199999994,20950.5694666664,990.26447941078,1096.0,2.0,1400.0,1300.0,1400.0,1350.0,1197.0,40.07365249414128,0.004007365249414128
wind_before_curtailment_mw,Wind before curtailment proxy,Autumn,INTNSL,North Sea Link (INTNSL),highest_20pct,export,export_mw_positive_magnitude_conditional_on_exporting,100.0,4339,1035,23.853422447568565,518.9679649688868,694.0,681.7054620880388,162.73749711915187,162.73749711915187,1125.9009999999998,2987,1035,317,68.84074671583315,23.853422447568565,7.305830836598294,15319.433660189896,12825.422199999994,20950.5694666664,682.23961352657,692.0,2.0,1454.0,1000.0,1100.0,1050.0,164.0,15.845410628019325,0.0015845410628019323
wind_before_curtailment_mw,Wind before curtailment proxy,Autumn,INTVKL,Denmark (Viking link),lowest_20pct,import,import_mw_positive_magnitude_conditional_on_importing,100.0,1464,911,62.22677595628415,302.7363387978142,419.0,546.1912568306011,243.45491803278688,546.1912568306011,221.603,911,508,45,62.22677595628415,34.69945355191257,3.0737704918032787,2126.9467122328483,15.667399999999992,3445.6359999999995,877.7431394072448,984.0,2.0,1426.0,900.0,1000.0,950.0,269.0,29.527991218441272,0.0029527991218441275
wind_before_curtailment_mw,Wind before curtailment proxy,Autumn,INTVKL,Denmark (Viking link),lowest_20pct,export,export_mw_positive_magnitude_conditional_on_exporting,100.0,1464,508,34.69945355191257,302.7363387978142,419.0,546.1912568306011,243.45491803278688,243.45491803278688,221.603,911,508,45,62.22677595628415,34.69945355191257,3.0737704918032787,2126.9467122328483,15.667399999999992,3445.6359999999995,701.6102362204724,800.0,2.0,1250.0,1000.0,1100.0,1050.0,160.0,31.496062992125985,0.0031496062992125984
wind_before_curtailment_mw,Wind before curtailment proxy,Autumn,INTVKL,Denmark (Viking link),20_40pct,import,import_mw_positive_magnitude_conditional_on_importing,100.0,1540,974,63.24675324675325,302.5181818181818,654.0,561.7428571428571,259.22467532467533,561.7428571428571,232.93899999999996,974,505,61,63.24675324675325,32.7922077922078,3.961038961038961,4741.753792455995,3445.902133333401,6358.739800000002,888.17659137577,986.0,8.0,1426.0,900.0,1000.0,950.0,354.0,36.34496919917864,0.0036344969199178646
wind_before_curtailment_mw,Wind before curtailment proxy,Autumn,INTVKL,Denmark (Viking link),20_40pct,export,export_mw_positive_magnitude_conditional_on_exporting,100.0,1540,505,32.7922077922078,302.5181818181818,654.0,561.7428571428571,259.22467532467533,259.22467532467533,232.93899999999996,974,505,61,63.24675324675325,32.7922077922078,3.961038961038961,4741.753792455995,3445.902133333401,6358.739800000002,790.5069306930693,956.0,8.0,1454.0,1000.0,1100.0,1050.0,225.0,44.554455445544555,0.004455445544554456
wind_before_curtailment_mw,Wind before curtailment proxy,Autumn,INTVKL,Denmark (Viking link),40_60pct,import,import_mw_positive_magnitude_conditional_on_importing,100.0,1654,1101,66.5659008464329,422.3325272067715,716.0,661.328899637243,238.99637243047158,661.328899637243,349.269,1101,511,42,66.5659008464329,30.894800483675937,2.539298669891173,7858.73600439527,6359.623999999999,9381.273999999998,993.495004541326,990.0,6.0,1428.0,1400.0,1500.0,1450.0,340.0,30.881017257039055,0.0030881017257039056
wind_before_curtailment_mw,Wind before curtailment proxy,Autumn,INTVKL,Denmark (Viking link),40_60pct,export,export_mw_positive_magnitude_conditional_on_exporting,100.0,1654,511,30.894800483675937,422.3325272067715,716.0,661.328899637243,238.99637243047158,238.99637243047158,349.269,1101,511,42,66.5659008464329,30.894800483675937,2.539298669891173,7858.73600439527,6359.623999999999,9381.273999999998,773.5812133072407,936.0,2.0,1454.0,1000.0,1100.0,1050.0,201.0,39.33463796477495,0.003933463796477495
wind_before_curtailment_mw,Wind before curtailment proxy,Autumn,INTVKL,Denmark (Viking link),60_80pct,import,import_mw_positive_magnitude_conditional_on_importing,100.0,1614,1076,66.66666666666666,437.3543990086741,753.0,678.633209417596,241.27881040892194,678.633209417596,352.94499999999994,1076,535,3,66.66666666666666,33.147459727385375,0.18587360594795538,10996.734799273589,9386.26293333486,12822.553999999993,1017.949814126394,1008.0,2.0,1428.0,1400.0,1500.0,1450.0,363.0,33.7360594795539,0.0033736059479553904
wind_before_curtailment_mw,Wind before curtailment proxy,Autumn,INTVKL,Denmark (Viking link),60_80pct,export,export_mw_positive_magnitude_conditional_on_exporting,100.0,1614,535,33.147459727385375,437.3543990086741,753.0,678.633209417596,241.27881040892194,241.27881040892194,352.94499999999994,1076,535,3,66.66666666666666,33.147459727385375,0.18587360594795538,10996.734799273589,9386.26293333486,12822.553999999993,727.8953271028038,780.0,2.0,1454.0,1000.0,1100.0,1050.0,162.0,30.2803738317757,0.0030280373831775703
wind_before_curtailment_mw,Wind before curtailment proxy,Autumn,INTVKL,Denmark (Viking link),highest_20pct,import,import_mw_positive_magnitude_conditional_on_importing,100.0,2368,1424,60.13513513513513,218.22297297297297,337.0,523.4983108108108,305.2753378378378,523.4983108108108,258.376,1424,937,7,60.13513513513513,39.56925675675676,0.2956081081081081,15901.020488997538,12826.9956666668,20950.5694666664,870.5365168539325,948.0,2.0,2480.0,1400.0,1500.0,1450.0,306.0,21.48876404494382,0.002148876404494382
wind_before_curtailment_mw,Wind before curtailment proxy,Autumn,INTVKL,Denmark (Viking link),highest_20pct,export,export_mw_positive_magnitude_conditional_on_exporting,100.0,2368,937,39.56925675675676,218.22297297297297,337.0,523.4983108108108,305.2753378378378,305.2753378378378,258.376,1424,937,7,60.13513513513513,39.56925675675676,0.2956081081081081,15901.020488997538,12826.9956666668,20950.5694666664,771.4962646744931,904.0,2.0,1454.0,1000.0,1100.0,1050.0,369.0,39.38100320170758,0.003938100320170758
