wind_metric,wind_metric_label,season,interconnectorId,interconnectorName,wind_bucket,observations,mean_wind_mw,min_wind_mw,max_wind_mw,mean_signed_mw,median_signed_mw,mean_import_mw,mean_export_mw,net_gwh,import_half_hours,export_half_hours,near_zero_half_hours,import_share_pct,export_share_pct,near_zero_share_pct
wind_actual_mw,Actual wind output,All,INTELEC,Eleclink (INTELEC),lowest_20pct,11353,1729.5558353915264,-115.2388,2830.466,393.93605214480755,738.0,546.1752840658856,152.23923192107813,2236.178,7328,2551,1474,64.54681581960715,22.469831762529726,12.98335241786312
wind_actual_mw,Actual wind output,All,INTELEC,Eleclink (INTELEC),20_40pct,12862,3887.8469440211475,2830.6159999999995,5018.745599999998,445.8334629140103,850.0,579.3711708909967,133.53770797698647,2867.155,8811,2533,1518,68.50412066552636,19.693671279738766,11.802208054734878
wind_actual_mw,Actual wind output,All,INTELEC,Eleclink (INTELEC),40_60pct,12871,6270.893215150338,5018.8512,7611.486599999997,408.53158262761247,724.0,550.1623805454121,141.6307979177997,2629.105,8686,2587,1598,67.4850438971331,20.099448372309844,12.415507730557067
wind_actual_mw,Actual wind output,All,INTELEC,Eleclink (INTELEC),60_80pct,12364,9105.177387301845,7611.787199999998,10784.430800000004,337.42025234551926,452.0,482.9838240051763,145.56357165965707,2085.932,7617,2898,1849,61.60627628599159,23.43901649951472,14.954707214493693
wind_actual_mw,Actual wind output,All,INTELEC,Eleclink (INTELEC),highest_20pct,13378,12868.123311346988,10784.7864,17142.889999999996,278.49544027507847,263.0,426.19061145163704,147.69517117655852,1862.856,7838,3212,2328,58.588727761997305,24.00956794737629,17.4017042906264
wind_actual_mw,Actual wind output,All,INTEW,Ireland(East-West),lowest_20pct,15712,1651.2823973523423,-115.2388,2830.466,-159.89625763747455,-42.0,31.686608961303463,191.582866598778,-1256.145,2140,8550,5022,13.620162932790226,54.41700610997964,31.962830957230143
wind_actual_mw,Actual wind output,All,INTEW,Ireland(East-West),20_40pct,15705,3893.593370518943,2830.6159999999995,5018.745599999998,-166.5447946513849,-66.0,35.004648201209804,201.54944285259472,-1307.7930000000001,2297,8876,4532,14.625915313594396,56.51703279210443,28.85705189430118
wind_actual_mw,Actual wind output,All,INTEW,Ireland(East-West),40_60pct,15712,6261.010603245926,5018.818,7611.486599999997,-140.45812118126273,-18.0,46.79276985743381,187.25089103869655,-1103.439,3066,8255,4391,19.513747454175153,52.53946028513238,27.946792260692465
wind_actual_mw,Actual wind output,All,INTEW,Ireland(East-West),60_80pct,15705,9147.22514184018,7611.787199999998,10784.568000000005,-142.32766634829673,-28.0,46.71429481056988,189.0419611588666,-1117.6280000000002,3047,8457,4201,19.401464501751033,53.84909264565425,26.74944285259471
wind_actual_mw,Actual wind output,All,INTEW,Ireland(East-West),highest_20pct,15710,12713.216694793125,10784.598000000004,17142.889999999996,-110.63628262253341,0.0,52.812858052196056,163.44914067472948,-869.048,3631,7688,4391,23.112667091024825,48.93698281349459,27.950350095480587
wind_actual_mw,Actual wind output,All,INTFR,France(IFA),lowest_20pct,15712,1651.2823973523423,-115.2388,2830.466,835.0773930753564,1002.0,971.6796079429736,136.6022148676171,6560.368,11720,3374,618,74.59266802443992,21.474032586558046,3.9332993890020367
wind_actual_mw,Actual wind output,All,INTFR,France(IFA),20_40pct,15705,3893.593370518943,2830.6159999999995,5018.745599999998,840.0096784463547,1002.0,970.0550143266476,130.0453358802929,6596.176,11926,3110,669,75.9375994906081,19.802610633556192,4.259789875835721
wind_actual_mw,Actual wind output,All,INTFR,France(IFA),40_60pct,15712,6261.010603245926,5018.818,7611.486599999997,712.4862525458249,996.0,866.9873981670061,154.50114562118125,5597.292,11186,3816,710,71.1939918533605,24.287169042769857,4.518839103869654
wind_actual_mw,Actual wind output,All,INTFR,France(IFA),60_80pct,15705,9147.22514184018,7611.787199999998,10784.568000000005,541.7837631327602,708.0,734.9633874562242,193.17962432346386,4254.357,10335,4710,660,65.80706781279846,29.990448901623683,4.202483285577841
wind_actual_mw,Actual wind output,All,INTFR,France(IFA),highest_20pct,15710,12713.216694793125,10784.598000000004,17142.889999999996,398.59083386378103,490.0,650.2611075747931,251.6702737110121,3130.931,9801,5362,547,62.38701464035646,34.13112667091025,3.4818586887332907
wind_actual_mw,Actual wind output,All,INTGRNL,Ireland (Greenlink),lowest_20pct,2314,1812.2626472774418,15.667399999999992,2829.543599999999,-427.1123595505618,-514.0,7.296456352636128,434.40881590319793,-494.169,144,2155,15,6.222990492653413,93.12878133102852,0.648228176318064
wind_actual_mw,Actual wind output,All,INTGRNL,Ireland (Greenlink),20_40pct,3202,3933.523303372892,2830.7489999999984,5018.335199999999,-388.2704559650219,-514.0,18.422236102435978,406.6926920674578,-621.621,281,2861,60,8.77576514678326,89.35040599625235,1.8738288569643973
wind_actual_mw,Actual wind output,All,INTGRNL,Ireland (Greenlink),40_60pct,3458,6281.14910746096,5018.8512,7611.486599999997,-347.90225563909775,-514.0,34.828224407171774,382.7304800462695,-601.523,440,2968,50,12.724117987275882,85.82995951417004,1.4459224985540775
wind_actual_mw,Actual wind output,All,INTGRNL,Ireland (Greenlink),60_80pct,3180,9071.195174528302,7612.539400000001,10783.756,-341.4050314465409,-514.0,36.77169811320755,378.1767295597484,-542.8340000000001,423,2695,62,13.30188679245283,84.74842767295597,1.949685534591195
wind_actual_mw,Actual wind output,All,INTGRNL,Ireland (Greenlink),highest_20pct,3830,13079.99591065274,10784.7864,17142.889999999996,-273.20313315926893,-462.0,55.61618798955614,328.81932114882505,-523.184,822,2987,21,21.462140992167104,77.98955613577023,0.5483028720626633
wind_actual_mw,Actual wind output,All,INTIFA2,IFA2 (INTIFA2),lowest_20pct,15712,1651.2823973523423,-115.2388,2830.466,409.24541751527494,715.0,555.2516547861508,146.00623727087577,3215.032,10671,5029,12,67.91624236252545,32.00738289205703,0.07637474541751527
wind_actual_mw,Actual wind output,All,INTIFA2,IFA2 (INTIFA2),20_40pct,15705,3893.593370518943,2830.6159999999995,5018.745599999998,381.01127029608404,680.0,529.5679083094556,148.55663801337153,2991.891,10372,5321,12,66.04266157274753,33.880929640241966,0.07640878701050621
wind_actual_mw,Actual wind output,All,INTIFA2,IFA2 (INTIFA2),40_60pct,15712,6261.010603245926,5018.818,7611.486599999997,285.31924643584523,380.0,454.71193991853363,169.3926934826884,2241.468,9297,6403,12,59.17133401221996,40.752291242362524,0.07637474541751527
wind_actual_mw,Actual wind output,All,INTIFA2,IFA2 (INTIFA2),60_80pct,15705,9147.22514184018,7611.787199999998,10784.568000000005,205.6686405603311,144.0,399.243935052531,193.57529449219993,1615.013,8415,7278,12,53.581661891117484,46.341929321872016,0.07640878701050621
wind_actual_mw,Actual wind output,All,INTIFA2,IFA2 (INTIFA2),highest_20pct,15710,12713.216694793125,10784.598000000004,17142.889999999996,128.12132399745386,-2.0,337.8599618077657,209.7386378103119,1006.3929999999999,7515,8178,17,47.83577339274348,52.056015276893696,0.10821133036282624
wind_actual_mw,Actual wind output,All,INTIRL,Northern Ireland(Moyle),lowest_20pct,15712,1651.2823973523423,-115.2388,2830.466,-205.69551934826885,-278.0,39.079938900203665,244.77545824847252,-1615.944,3348,11377,987,21.308553971486763,72.4096232179226,6.281822810590631
wind_actual_mw,Actual wind output,All,INTIRL,Northern Ireland(Moyle),20_40pct,15705,3893.593370518943,2830.6159999999995,5018.745599999998,-206.32537408468642,-302.0,44.362687042343204,250.6880611270296,-1620.17,3248,11405,1052,20.681311684177015,72.6201846545686,6.698503661254378
wind_actual_mw,Actual wind output,All,INTIRL,Northern Ireland(Moyle),40_60pct,15712,6261.010603245926,5018.818,7611.486599999997,-170.48536150712832,-272.0,61.550152749490834,232.03551425661914,-1339.333,4132,10689,891,26.29837067209776,68.03080448065172,5.670824847250509
wind_actual_mw,Actual wind output,All,INTIRL,Northern Ireland(Moyle),60_80pct,15705,9147.22514184018,7611.787199999998,10784.568000000005,-167.8810569882203,-266.0,64.10149633874562,231.98255332696593,-1318.286,4377,10730,598,27.87010506208214,68.32219038522763,3.8077045526902262
wind_actual_mw,Actual wind output,All,INTIRL,Northern Ireland(Moyle),highest_20pct,15710,12713.216694793125,10784.598000000004,17142.889999999996,-121.3973265436028,-177.0,78.831190324634,200.2285168682368,-953.576,5267,9890,553,33.52641629535328,62.95353278166773,3.520050922978994
wind_actual_mw,Actual wind output,All,INTNED,Netherlands(BritNed),lowest_20pct,15712,1651.2823973523423,-115.2388,2830.466,362.3075356415479,561.0,515.8570519348269,153.54951629327903,2846.288,10516,3770,1426,66.92973523421588,23.99439918533605,9.075865580448065
wind_actual_mw,Actual wind output,All,INTNED,Netherlands(BritNed),20_40pct,15705,3893.593370518943,2830.6159999999995,5018.745599999998,275.74734161095193,404.0,461.8995224450812,186.15218083412927,2165.306,9680,4507,1518,61.63642152180834,28.697866921362625,9.665711556829034
wind_actual_mw,Actual wind output,All,INTNED,Netherlands(BritNed),40_60pct,15712,6261.010603245926,5018.818,7611.486599999997,219.98752545824848,314.0,429.818100814664,209.83057535641547,1728.222,9191,4962,1559,58.496690427698574,31.580957230142566,9.92235234215886
wind_actual_mw,Actual wind output,All,INTNED,Netherlands(BritNed),60_80pct,15705,9147.22514184018,7611.787199999998,10784.568000000005,208.39554282075773,274.0,419.95797516714424,211.56243234638652,1636.426,9067,5147,1491,57.733205985354985,32.77300222858962,9.493791786055397
wind_actual_mw,Actual wind output,All,INTNED,Netherlands(BritNed),highest_20pct,15710,12713.216694793125,10784.598000000004,17142.889999999996,139.60407383831955,104.0,379.9451304901337,240.34105665181414,1096.59,8265,5662,1783,52.60980267345639,36.04073838319542,11.349458943348186
wind_actual_mw,Actual wind output,All,INTNEM,Belgium (Nemolink),lowest_20pct,15712,1651.2823973523423,-115.2388,2830.466,467.4784877800407,740.0,588.0400967413442,120.56160896130346,3672.511,12084,3383,245,76.90936863543789,21.531313645621182,1.5593177189409368
wind_actual_mw,Actual wind output,All,INTNEM,Belgium (Nemolink),20_40pct,15705,3893.593370518943,2830.6159999999995,5018.745599999998,382.95893027698185,586.0,518.3831900668577,135.42425978987583,3007.185,11364,3963,378,72.35912129894938,25.23400191021968,2.4068767908309456
wind_actual_mw,Actual wind output,All,INTNEM,Belgium (Nemolink),40_60pct,15712,6261.010603245926,5018.818,7611.486599999997,289.78716904276985,453.0,461.99643584521385,172.209266802444,2276.568,10423,4789,500,66.33783095723014,30.47988798370672,3.1822810590631363
wind_actual_mw,Actual wind output,All,INTNEM,Belgium (Nemolink),60_80pct,15705,9147.22514184018,7611.787199999998,10784.568000000005,282.36179560649475,424.0,452.8753900031837,170.51359439668894,2217.246,10378,4802,525,66.08086596625279,30.57624960203757,3.3428844317096464
wind_actual_mw,Actual wind output,All,INTNEM,Belgium (Nemolink),highest_20pct,15710,12713.216694793125,10784.598000000004,17142.889999999996,229.56575429662635,348.0,434.68669637173775,205.1209420751114,1803.239,9818,5459,433,62.49522597071929,34.748567791215784,2.7562062380649266
wind_actual_mw,Actual wind output,All,INTNSL,North Sea Link (INTNSL),lowest_20pct,13349,1701.0301875196644,-115.2388,2830.466,971.6964566634205,1298.0,1013.2540265188404,41.557569855419885,6485.588000000001,11893,1333,123,89.09281594126901,9.985766724099184,0.9214173346318075
wind_actual_mw,Actual wind output,All,INTNSL,North Sea Link (INTNSL),20_40pct,14691,3899.859181948131,2830.6159999999995,5018.745599999998,979.1935198420801,1298.0,1029.898032809203,50.70451296712273,7192.666,12890,1411,390,87.74079368320741,9.6045197740113,2.654686542781295
wind_actual_mw,Actual wind output,All,INTNSL,North Sea Link (INTNSL),40_60pct,15148,6264.374092170584,5018.818,7611.486599999997,904.049643517296,1244.0,967.3628201742804,63.31317665698442,6847.272000000001,12994,1666,488,85.78030102983892,10.998151571164511,3.2215473989965675
wind_actual_mw,Actual wind output,All,INTNSL,North Sea Link (INTNSL),60_80pct,15241,9151.261751499247,7611.787199999998,10784.568000000005,788.0622006430025,1048.0,862.6032412571353,74.54104061413292,6005.428000000001,12656,2114,471,83.0391706580933,13.870480939570895,3.0903484023358048
wind_actual_mw,Actual wind output,All,INTNSL,North Sea Link (INTNSL),highest_20pct,15653,12717.831889554718,10784.598000000004,17142.889999999996,581.1271960646521,740.0,738.2418705679422,157.1146745032901,4548.192,11643,3604,406,74.3819076215422,23.024340382035394,2.593751996422411
wind_actual_mw,Actual wind output,All,INTVKL,Denmark (Viking link),lowest_20pct,5535,1770.1069489792233,-114.5882,2829.604,456.9192411924119,698.0,600.7342366757001,143.81499548328816,1264.524,3898,1312,325,70.4245709123758,23.703703703703706,5.871725383920506
wind_actual_mw,Actual wind output,All,INTVKL,Denmark (Viking link),20_40pct,6848,3908.804903329439,2830.7489999999984,5018.455600000001,337.7283878504673,515.0,530.192464953271,192.46407710280374,1156.382,4223,1999,626,61.66764018691588,29.191004672897197,9.141355140186915
wind_actual_mw,Actual wind output,All,INTVKL,Denmark (Viking link),40_60pct,7348,6289.5456729178,5018.8512,7611.486599999997,318.5117038649973,432.0,527.2144801306478,208.70277626565053,1170.212,4473,2270,605,60.873707131192155,30.8927599346761,8.233532934131736
wind_actual_mw,Actual wind output,All,INTVKL,Denmark (Viking link),60_80pct,7123,9080.46271604661,7612.539400000001,10783.890000000005,315.746174364734,450.0,551.3620665449951,235.6158921802611,1124.53,4293,2431,399,60.26954934718517,34.12887828162291,5.601572371191914
wind_actual_mw,Actual wind output,All,INTVKL,Denmark (Viking link),highest_20pct,8090,12861.887769270705,10784.7864,17142.889999999996,356.53325092707047,536.0,585.2474660074166,228.7142150803461,1442.177,5029,2613,448,62.163164400494445,32.29913473423981,5.53770086526576
wind_actual_mw,Actual wind output,All,TOTAL_GB_INTERCONNECTORS,GB interconnector fleet total,lowest_20pct,15712,1651.2823973523423,-115.2388,2830.466,2916.7809317718943,3684.0,3311.9643584521386,395.1834266802444,22914.231,12931,2776,5,82.30015274949083,17.668024439918533,0.03182281059063136
wind_actual_mw,Actual wind output,All,TOTAL_GB_INTERCONNECTORS,GB interconnector fleet total,20_40pct,15705,3893.593370518943,2830.6159999999995,5018.745599999998,2856.055651066539,3472.0,3261.1628143903217,405.10716332378223,22427.177,12895,2806,4,82.10760904170647,17.86692136262337,0.025469595670168738
wind_actual_mw,Actual wind output,All,TOTAL_GB_INTERCONNECTORS,GB interconnector fleet total,40_60pct,15712,6261.010603245926,5018.818,7611.486599999997,2475.2856415478614,3014.0,2956.9727596741345,481.68711812627294,19445.844,12487,3222,3,79.47428716904277,20.50661914460285,0.019093686354378817
wind_actual_mw,Actual wind output,All,TOTAL_GB_INTERCONNECTORS,GB interconnector fleet total,60_80pct,15705,9147.22514184018,7611.787199999998,10784.568000000005,2032.4971665074818,2294.0,2540.4933460681314,507.99617956064947,15960.184,11900,3804,1,75.772047118752,24.221585482330468,0.006367398917542184
wind_actual_mw,Actual wind output,All,TOTAL_GB_INTERCONNECTORS,GB interconnector fleet total,highest_20pct,15710,12713.216694793125,10784.598000000004,17142.889999999996,1597.0171865054106,1801.0,2300.727943984723,703.7107574793125,12544.57,10810,4894,6,68.80967536600892,31.152132399745387,0.03819223424570337
wind_actual_mw,Actual wind output,Winter,INTELEC,Eleclink (INTELEC),lowest_20pct,2782,3105.679382099209,-114.5882,5117.9436,354.51042415528394,177.0,411.55787203450757,57.04744787922358,493.124,1575,377,830,56.61394680086269,13.551401869158877,29.834651329978435
wind_actual_mw,Actual wind output,Winter,INTELEC,Eleclink (INTELEC),20_40pct,2846,6603.86430484891,5124.1598,7990.193400000002,365.09768095572736,410.0,462.3323963457484,97.23471539002108,519.534,1811,526,509,63.63316936050597,18.48208011243851,17.884750527055516
wind_actual_mw,Actual wind output,Winter,INTELEC,Eleclink (INTELEC),40_60pct,2861,9253.601243341489,7990.385200000006,10593.157400000004,340.94582313876265,298.0,437.60782943026913,96.66200629150647,487.723,1748,554,559,61.0975183502272,19.363858790632644,19.538622859140162
wind_actual_mw,Actual wind output,Winter,INTELEC,Eleclink (INTELEC),60_80pct,2479,11605.634068011295,10595.549000000005,12700.3222,342.27027027027026,224.0,416.35901573215006,74.0887454618798,424.24399999999997,1441,472,566,58.128277531262604,19.039935457845907,22.83178701089149
wind_actual_mw,Actual wind output,Winter,INTELEC,Eleclink (INTELEC),highest_20pct,3527,14108.839388772327,12701.308599999998,17142.889999999996,301.53671675645023,178.0,402.8789339381911,101.34221718174085,531.76,1996,743,788,56.59200453643323,21.06606180890275,22.34193365466402
wind_actual_mw,Actual wind output,Winter,INTEW,Ireland(East-West),lowest_20pct,3762,3053.754270334928,-114.5882,5117.9436,-91.30887825624667,0.0,78.71026049973419,170.01913875598086,-171.752,1082,1847,833,28.761297182349814,49.09622541201489,22.1424774056353
wind_actual_mw,Actual wind output,Winter,INTEW,Ireland(East-West),20_40pct,3760,6561.576151489361,5121.379999999999,7990.193400000002,-87.74787234042553,0.0,62.22712765957447,149.975,-164.966,978,1774,1008,26.01063829787234,47.180851063829785,26.80851063829787
wind_actual_mw,Actual wind output,Winter,INTEW,Ireland(East-West),40_60pct,3757,9312.00615310088,7990.385200000006,10595.528000000002,-111.87543252595155,-8.0,60.48496140537663,172.3603939313282,-210.15800000000002,885,1936,936,23.556028746340164,51.53047644397125,24.91349480968858
wind_actual_mw,Actual wind output,Winter,INTEW,Ireland(East-West),60_80pct,3759,11607.818522106942,10595.549000000005,12700.330000000002,-70.0904495876563,0.0,73.02367650971003,143.11412609736632,-131.735,1045,1680,1034,27.799946794360203,44.6927374301676,27.5073157754722
wind_actual_mw,Actual wind output,Winter,INTEW,Ireland(East-West),highest_20pct,3761,14043.766074501462,12700.553999999996,17142.889999999996,-76.02871576708323,0.0,53.98989630417442,130.01861207125765,-142.972,1015,1684,1062,26.987503323584157,44.775325711247014,28.23717096516884
wind_actual_mw,Actual wind output,Winter,INTFR,France(IFA),lowest_20pct,3762,3053.754270334928,-114.5882,5117.9436,778.2769803296119,937.0,906.0398724082935,127.76289207868155,1463.939,2864,887,11,76.1297182349814,23.577884104199896,0.29239766081871343
wind_actual_mw,Actual wind output,Winter,INTFR,France(IFA),20_40pct,3760,6561.576151489361,5121.379999999999,7990.193400000002,658.0324468085106,774.0,831.7382978723405,173.70585106382978,1237.1009999999999,2678,1073,9,71.22340425531914,28.537234042553187,0.23936170212765956
wind_actual_mw,Actual wind output,Winter,INTFR,France(IFA),40_60pct,3757,9312.00615310088,7990.385200000006,10595.528000000002,639.409103007719,794.0,805.7391535799841,166.3300505722651,1201.1299999999999,2658,1092,7,70.74793718392336,29.06574394463668,0.18631887143997872
wind_actual_mw,Actual wind output,Winter,INTFR,France(IFA),60_80pct,3759,11607.818522106942,10595.549000000005,12700.330000000002,399.2072359670125,476.0,651.8845437616387,252.67730779462622,750.31,2350,1392,17,62.51662676243682,37.031125299281726,0.4522479382814578
wind_actual_mw,Actual wind output,Winter,INTFR,France(IFA),highest_20pct,3761,14043.766074501462,12700.553999999996,17142.889999999996,482.005317734645,718.0,778.0824248869982,296.0771071523531,906.411,2542,1216,3,67.58840733847381,32.33182664185057,0.07976601967561818
wind_actual_mw,Actual wind output,Winter,INTGRNL,Ireland (Greenlink),lowest_20pct,374,3782.847702673797,955.9150000000004,5117.9436,-360.47058823529414,-514.0,34.6524064171123,395.1229946524064,-67.408,37,330,7,9.893048128342247,88.23529411764706,1.8716577540106951
wind_actual_mw,Actual wind output,Winter,INTGRNL,Ireland (Greenlink),20_40pct,634,6753.19440126183,5145.450999999996,7990.193400000002,-250.1167192429022,-469.0,68.87381703470031,318.99053627760253,-79.287,147,457,30,23.186119873817034,72.08201892744479,4.73186119873817
wind_actual_mw,Actual wind output,Winter,INTGRNL,Ireland (Greenlink),40_60pct,732,9245.449845355191,7995.868400000005,10589.4422,-296.1639344262295,-514.0,58.5655737704918,354.7295081967213,-108.396,123,565,44,16.80327868852459,77.18579234972678,6.0109289617486334
wind_actual_mw,Actual wind output,Winter,INTGRNL,Ireland (Greenlink),60_80pct,518,11521.743437065637,10610.3272,12700.017000000003,-279.11196911196913,-462.0,58.17760617760618,337.2895752895753,-72.29,88,426,4,16.988416988416986,82.23938223938224,0.7722007722007722
wind_actual_mw,Actual wind output,Winter,INTGRNL,Ireland (Greenlink),highest_20pct,670,14126.268300298507,12703.159799999998,17142.889999999996,-236.27462686567165,-381.0,60.343283582089555,296.6179104477612,-79.152,195,474,1,29.1044776119403,70.74626865671641,0.1492537313432836
wind_actual_mw,Actual wind output,Winter,INTIFA2,IFA2 (INTIFA2),lowest_20pct,3762,3053.754270334928,-114.5882,5117.9436,328.30728335991495,356.0,446.63370547581076,118.3264221158958,617.546,2298,1460,4,61.08452950558214,38.80914407230197,0.10632642211589581
wind_actual_mw,Actual wind output,Winter,INTIFA2,IFA2 (INTIFA2),20_40pct,3760,6561.576151489361,5121.379999999999,7990.193400000002,222.95106382978724,76.0,358.8468085106383,135.89574468085107,419.14799999999997,1986,1767,7,52.819148936170215,46.99468085106383,0.18617021276595747
wind_actual_mw,Actual wind output,Winter,INTIFA2,IFA2 (INTIFA2),40_60pct,3757,9312.00615310088,7990.385200000006,10595.528000000002,240.57652382219857,64.0,376.4461006121906,135.869576789992,451.923,1964,1793,0,52.27575192973117,47.724248070268835,0.0
wind_actual_mw,Actual wind output,Winter,INTIFA2,IFA2 (INTIFA2),60_80pct,3759,11607.818522106942,10595.549000000005,12700.330000000002,156.4245810055866,-4.0,333.0869912210694,176.66241021548285,294.0,1741,2012,6,46.315509444001066,53.524873636605484,0.1596169193934557
wind_actual_mw,Actual wind output,Winter,INTIFA2,IFA2 (INTIFA2),highest_20pct,3761,14043.766074501462,12700.553999999996,17142.889999999996,203.4325977133741,-2.0,336.5578303642648,133.12523265089072,382.555,1808,1950,3,48.07232119117256,51.84791278915182,0.07976601967561818
wind_actual_mw,Actual wind output,Winter,INTIRL,Northern Ireland(Moyle),lowest_20pct,3762,3053.754270334928,-114.5882,5117.9436,-104.75863902179691,-154.0,98.3418394471026,203.10047846889952,-197.05100000000002,1454,2224,84,38.64965443912812,59.11749069643807,2.2328548644338118
wind_actual_mw,Actual wind output,Winter,INTIRL,Northern Ireland(Moyle),20_40pct,3760,6561.576151489361,5121.379999999999,7990.193400000002,-114.65957446808511,-170.0,90.08617021276596,204.74574468085106,-215.56,1347,2348,65,35.82446808510638,62.4468085106383,1.7287234042553192
wind_actual_mw,Actual wind output,Winter,INTIRL,Northern Ireland(Moyle),40_60pct,3757,9312.00615310088,7990.385200000006,10595.528000000002,-138.8022358264573,-236.0,80.08677136012776,218.88900718658505,-260.74,1248,2431,78,33.21799307958477,64.70588235294117,2.0761245674740483
wind_actual_mw,Actual wind output,Winter,INTIRL,Northern Ireland(Moyle),60_80pct,3759,11607.818522106942,10595.549000000005,12700.330000000002,-88.3830806065443,-94.0,91.27374301675978,179.65682362330406,-166.11599999999999,1511,2187,61,40.19686086725193,58.1803671189146,1.6227720138334665
wind_actual_mw,Actual wind output,Winter,INTIRL,Northern Ireland(Moyle),highest_20pct,3761,14043.766074501462,12700.553999999996,17142.889999999996,-96.8258441903749,-114.0,82.64397766551448,179.4698218558894,-182.081,1352,2272,137,35.94788620047859,60.40946556766818,3.6426482318532307
wind_actual_mw,Actual wind output,Winter,INTNED,Netherlands(BritNed),lowest_20pct,3762,3053.754270334928,-114.5882,5117.9436,525.0520999468367,662.0,566.2376395534291,41.185539606592236,987.623,2883,298,581,76.6347687400319,7.9213184476342375,15.443912812333865
wind_actual_mw,Actual wind output,Winter,INTNED,Netherlands(BritNed),20_40pct,3760,6561.576151489361,5121.379999999999,7990.193400000002,404.2691489361702,521.0,503.34840425531917,99.07925531914894,760.026,2648,662,450,70.42553191489361,17.606382978723403,11.96808510638298
wind_actual_mw,Actual wind output,Winter,INTNED,Netherlands(BritNed),40_60pct,3757,9312.00615310088,7990.385200000006,10595.528000000002,406.850146393399,544.0,512.8171413361724,105.9669949427735,764.268,2610,674,473,69.47032206547777,17.93984562150652,12.589832313015703
wind_actual_mw,Actual wind output,Winter,INTNED,Netherlands(BritNed),60_80pct,3759,11607.818522106942,10595.549000000005,12700.330000000002,437.4615589252461,556.0,527.4328278797552,89.97126895450918,822.2090000000001,2641,673,445,70.25804735301942,17.903697791965946,11.838254855014632
wind_actual_mw,Actual wind output,Winter,INTNED,Netherlands(BritNed),highest_20pct,3761,14043.766074501462,12700.553999999996,17142.889999999996,255.16617920765754,218.0,402.58760967827703,147.42143047061953,479.84000000000003,2170,937,654,57.69742089869716,24.913586812018078,17.388992289284765
wind_actual_mw,Actual wind output,Winter,INTNEM,Belgium (Nemolink),lowest_20pct,3762,3053.754270334928,-114.5882,5117.9436,564.2083997873472,793.0,638.022860180755,73.81446039340776,1061.276,3173,571,18,84.34343434343434,15.178096757044127,0.4784688995215311
wind_actual_mw,Actual wind output,Winter,INTNEM,Belgium (Nemolink),20_40pct,3760,6561.576151489361,5121.379999999999,7990.193400000002,353.9622340425532,511.0,487.25159574468086,133.28936170212765,665.449,2668,1050,42,70.95744680851064,27.925531914893615,1.1170212765957448
wind_actual_mw,Actual wind output,Winter,INTNEM,Belgium (Nemolink),40_60pct,3757,9312.00615310088,7990.385200000006,10595.528000000002,395.3627894596753,568.0,509.99095022624437,114.62816076656907,742.689,2738,920,99,72.87729571466596,24.48762310354006,2.6350811817939848
wind_actual_mw,Actual wind output,Winter,INTNEM,Belgium (Nemolink),60_80pct,3759,11607.818522106942,10595.549000000005,12700.330000000002,472.54535780792764,676.0,565.2061718542166,92.6608140462889,888.149,2938,741,80,78.15908486299547,19.71268954509178,2.128225591912743
wind_actual_mw,Actual wind output,Winter,INTNEM,Belgium (Nemolink),highest_20pct,3761,14043.766074501462,12700.553999999996,17142.889999999996,279.18000531773464,426.0,463.4496144642382,184.2696091465036,524.998,2459,1250,52,65.3815474607817,33.235841531507575,1.3826110077107152
wind_actual_mw,Actual wind output,Winter,INTNSL,North Sea Link (INTNSL),lowest_20pct,3762,3053.754270334928,-114.5882,5117.9436,1003.7400318979267,1256.0,1011.2599681020733,7.51993620414673,1888.035,3601,160,1,95.7203615098352,4.253056884635832,0.026581605528973953
wind_actual_mw,Actual wind output,Winter,INTNSL,North Sea Link (INTNSL),20_40pct,3760,6561.576151489361,5121.379999999999,7990.193400000002,947.2372340425532,1096.0,975.7069148936171,28.46968085106383,1780.806,3502,253,5,93.13829787234043,6.7287234042553195,0.13297872340425532
wind_actual_mw,Actual wind output,Winter,INTNSL,North Sea Link (INTNSL),40_60pct,3757,9312.00615310088,7990.385200000006,10595.528000000002,919.055097151983,1096.0,955.6907106734096,36.63561352142667,1726.4450000000002,3407,346,4,90.68405642800107,9.209475645461804,0.10646792653713069
wind_actual_mw,Actual wind output,Winter,INTNSL,North Sea Link (INTNSL),60_80pct,3759,11607.818522106942,10595.549000000005,12700.330000000002,741.8222931630753,1048.0,843.7924980047885,101.97020484171323,1394.255,3120,609,30,83.00079808459697,16.201117318435752,0.7980845969672785
wind_actual_mw,Actual wind output,Winter,INTNSL,North Sea Link (INTNSL),highest_20pct,3761,14043.766074501462,12700.553999999996,17142.889999999996,705.4926881148631,1058.0,839.2778516352034,133.78516352034035,1326.679,3036,721,4,80.7232119117256,19.17043339537357,0.10635469290082426
wind_actual_mw,Actual wind output,Winter,INTVKL,Denmark (Viking link),lowest_20pct,1571,3043.072138255888,-114.5882,5117.9436,415.9681731381286,674.0,550.995544239338,135.0273711012094,326.743,1103,389,79,70.21005728835136,24.761298535964354,5.028644175684278
wind_actual_mw,Actual wind output,Winter,INTVKL,Denmark (Viking link),20_40pct,1751,6665.027415648201,5136.513000000004,7990.193400000002,263.8549400342661,436.0,482.97658480868074,219.12164477441462,231.005,1115,585,51,63.67789834380354,33.40948029697316,2.912621359223301
wind_actual_mw,Actual wind output,Winter,INTVKL,Denmark (Viking link),40_60pct,1832,9272.734869759825,7990.679,10593.157400000004,504.5131004366812,698.0,671.6746724890829,167.16157205240174,462.134,1330,460,42,72.59825327510917,25.109170305676855,2.292576419213974
wind_actual_mw,Actual wind output,Winter,INTVKL,Denmark (Viking link),60_80pct,1625,11622.219901292308,10598.752600000003,12700.3222,692.1206153846153,800.0,789.1458461538462,97.02523076923077,562.348,1301,283,41,80.06153846153846,17.415384615384617,2.523076923076923
wind_actual_mw,Actual wind output,Winter,INTVKL,Denmark (Viking link),highest_20pct,2005,13976.057876408977,12701.308599999998,17142.889999999996,668.6912718204488,826.0,783.3266832917706,114.63541147132169,670.3629999999999,1534,343,128,76.50872817955113,17.1072319201995,6.384039900249376
wind_actual_mw,Actual wind output,Winter,TOTAL_GB_INTERCONNECTORS,GB interconnector fleet total,lowest_20pct,3762,3053.754270334928,-114.5882,5117.9436,3403.548644338118,3892.0,3577.3918128654973,173.84316852737905,6402.075,3349,413,0,89.02179691653376,10.97820308346624,0.0
wind_actual_mw,Actual wind output,Winter,TOTAL_GB_INTERCONNECTORS,GB interconnector fleet total,20_40pct,3760,6561.576151489361,5121.379999999999,7990.193400000002,2741.0936170212767,2931.0,3005.70585106383,264.6122340425532,5153.256,3163,595,2,84.12234042553192,15.824468085106384,0.05319148936170213
wind_actual_mw,Actual wind output,Winter,TOTAL_GB_INTERCONNECTORS,GB interconnector fleet total,40_60pct,3757,9312.00615310088,7990.385200000006,10595.528000000002,2798.5190311418687,2870.0,3013.510779877562,214.99174873569336,5257.018,3122,635,0,83.09821666223051,16.901783337769498,0.0
wind_actual_mw,Actual wind output,Winter,TOTAL_GB_INTERCONNECTORS,GB interconnector fleet total,60_80pct,3759,11607.818522106942,10595.549000000005,12700.330000000002,2535.4477254588987,2600.0,2808.4059590316574,272.95823357275873,4765.374,3056,701,2,81.29821761106678,18.648576749135408,0.053205639797818574
wind_actual_mw,Actual wind output,Winter,TOTAL_GB_INTERCONNECTORS,GB interconnector fleet total,highest_20pct,3761,14043.766074501462,12700.553999999996,17142.889999999996,2349.5884073384736,2692.0,2855.3464504121243,505.75804307365064,4418.401,2868,891,2,76.256314809891,23.6905078436586,0.05317734645041213
wind_actual_mw,Actual wind output,Spring,INTELEC,Eleclink (INTELEC),lowest_20pct,2400,1614.6716468333334,52.42120000000001,2553.4480000000003,791.2191666666666,996.0,816.4316666666666,25.2125,949.463,2164,145,91,90.16666666666666,6.041666666666667,3.791666666666667
wind_actual_mw,Actual wind output,Spring,INTELEC,Eleclink (INTELEC),20_40pct,2792,3483.3729297994273,2554.945,4352.303999999999,754.1031518624642,996.0,780.5315186246419,26.42836676217765,1052.728,2480,181,131,88.82521489971347,6.482808022922636,4.691977077363897
wind_actual_mw,Actual wind output,Spring,INTELEC,Eleclink (INTELEC),40_60pct,2719,5355.345404781169,4353.709599999999,6476.090200000001,690.8370724531078,994.0,728.4104450165502,37.57337256344244,939.193,2284,204,231,84.00147112909157,7.502758367046708,8.495770503861714
wind_actual_mw,Actual wind output,Spring,INTELEC,Eleclink (INTELEC),60_80pct,2794,7936.526313815318,6477.953199999998,9680.048999999995,750.5790980672871,996.0,780.444523979957,29.865425912670005,1048.559,2475,193,126,88.58267716535433,6.907659269863994,4.5096635647816745
wind_actual_mw,Actual wind output,Spring,INTELEC,Eleclink (INTELEC),highest_20pct,2737,11726.087826598465,9681.368000000006,15163.815399999994,581.2064303982463,874.0,642.1001096090611,60.89367921081476,795.381,2200,330,207,80.3799780781878,12.05699671172817,7.563025210084033
wind_actual_mw,Actual wind output,Spring,INTEW,Ireland(East-West),lowest_20pct,3504,1525.7028317351599,-4.5900000000000025,2553.4480000000003,-145.89954337899545,0.0,8.409817351598173,154.3093607305936,-255.616,155,1440,1909,4.42351598173516,41.0958904109589,54.48059360730594
wind_actual_mw,Actual wind output,Spring,INTEW,Ireland(East-West),20_40pct,3503,3461.8124653154437,2553.864,4352.303999999999,-173.56836996859835,0.0,12.033114473308594,185.60148444190693,-304.005,207,1730,1566,5.909220667998858,49.386240365401086,44.704538966600055
wind_actual_mw,Actual wind output,Spring,INTEW,Ireland(East-West),40_60pct,3503,5341.144905395375,4353.709599999999,6476.090200000001,-150.78504139309163,0.0,24.9129317727662,175.69797316585783,-264.1,388,1648,1467,11.076220382529261,47.04538966600057,41.87838995147017
wind_actual_mw,Actual wind output,Spring,INTEW,Ireland(East-West),60_80pct,3503,7992.565153525549,6476.137999999999,9680.048999999995,-153.03111618612618,0.0,17.869825863545532,170.9009420496717,-268.034,315,1689,1499,8.992292320867827,48.215815015700834,42.79189266343135
wind_actual_mw,Actual wind output,Spring,INTEW,Ireland(East-West),highest_20pct,3504,11597.60468875571,9681.368000000006,15163.815399999994,-117.80536529680366,0.0,36.62614155251141,154.43150684931507,-206.395,581,1602,1321,16.581050228310502,45.71917808219178,37.699771689497716
wind_actual_mw,Actual wind output,Spring,INTFR,France(IFA),lowest_20pct,3504,1525.7028317351599,-4.5900000000000025,2553.4480000000003,743.7962328767123,1002.0,886.6227168949772,142.82648401826484,1303.131,2594,900,10,74.0296803652968,25.684931506849317,0.28538812785388123
wind_actual_mw,Actual wind output,Spring,INTFR,France(IFA),20_40pct,3503,3461.8124653154437,2553.864,4352.303999999999,947.127033970882,1006.0,1058.726805595204,111.59977162432202,1658.893,2845,658,0,81.21610048529831,18.783899514701684,0.0
wind_actual_mw,Actual wind output,Spring,INTFR,France(IFA),40_60pct,3503,5341.144905395375,4353.709599999999,6476.090200000001,834.6074793034542,1004.0,983.3017413645447,148.69426206109048,1461.815,2728,768,7,77.87610619469027,21.92406508706823,0.19982871824150727
wind_actual_mw,Actual wind output,Spring,INTFR,France(IFA),60_80pct,3503,7992.565153525549,6476.137999999999,9680.048999999995,828.5897801884099,1002.0,942.4927205252641,113.90294033685413,1451.275,2731,759,13,77.96174707393662,21.66714244932915,0.3711104767342278
wind_actual_mw,Actual wind output,Spring,INTFR,France(IFA),highest_20pct,3504,11597.60468875571,9681.368000000006,15163.815399999994,531.7100456621005,718.0,754.9235159817351,223.2134703196347,931.556,2390,1110,4,68.20776255707763,31.67808219178082,0.1141552511415525
wind_actual_mw,Actual wind output,Spring,INTGRNL,Ireland (Greenlink),lowest_20pct,691,1739.1539861070914,52.42120000000001,2551.936000000002,-425.80607814761214,-514.0,9.464544138929089,435.27062228654125,-147.116,61,626,4,8.827785817655572,90.59334298118668,0.5788712011577424
wind_actual_mw,Actual wind output,Spring,INTGRNL,Ireland (Greenlink),20_40pct,932,3447.063194635193,2556.8860000000004,4351.464000000003,-374.1030042918455,-514.0,23.07510729613734,397.1781115879828,-174.332,136,780,16,14.592274678111588,83.69098712446352,1.7167381974248928
wind_actual_mw,Actual wind output,Spring,INTGRNL,Ireland (Greenlink),40_60pct,1008,5304.608092063492,4353.951999999999,6470.110000000001,-395.43650793650795,-514.0,16.34325396825397,411.7797619047619,-199.3,81,916,11,8.035714285714286,90.87301587301587,1.0912698412698412
wind_actual_mw,Actual wind output,Spring,INTGRNL,Ireland (Greenlink),60_80pct,976,7794.25589692623,6478.128000000003,9659.684,-391.077868852459,-512.0,19.204918032786885,410.2827868852459,-190.846,87,888,1,8.913934426229508,90.98360655737704,0.10245901639344263
wind_actual_mw,Actual wind output,Spring,INTGRNL,Ireland (Greenlink),highest_20pct,665,11768.48217744361,9681.368000000006,15163.815399999994,-320.1203007518797,-502.0,39.783458646616545,359.9037593984962,-106.44,110,554,1,16.541353383458645,83.30827067669173,0.15037593984962408
wind_actual_mw,Actual wind output,Spring,INTIFA2,IFA2 (INTIFA2),lowest_20pct,3504,1525.7028317351599,-4.5900000000000025,2553.4480000000003,436.8167808219178,908.0,601.0365296803653,164.2197488584475,765.303,2511,992,1,71.66095890410958,28.31050228310502,0.028538812785388126
wind_actual_mw,Actual wind output,Spring,INTIFA2,IFA2 (INTIFA2),20_40pct,3503,3461.8124653154437,2553.864,4352.303999999999,550.8575506708536,950.0,665.1778475592349,114.32029688838139,964.827,2771,728,4,79.1036254638881,20.782186697116757,0.11418783899514702
wind_actual_mw,Actual wind output,Spring,INTIFA2,IFA2 (INTIFA2),40_60pct,3503,5341.144905395375,4353.709599999999,6476.090200000001,459.23893805309734,920.0,620.0890665144162,160.85012846131886,804.357,2572,926,5,73.42278047387953,26.434484727376535,0.14273479874393377
wind_actual_mw,Actual wind output,Spring,INTIFA2,IFA2 (INTIFA2),60_80pct,3503,7992.565153525549,6476.137999999999,9680.048999999995,474.894661718527,886.0,614.4670282614901,139.57236654296318,831.778,2623,875,5,74.87867542106765,24.978589780188408,0.14273479874393377
wind_actual_mw,Actual wind output,Spring,INTIFA2,IFA2 (INTIFA2),highest_20pct,3504,11597.60468875571,9681.368000000006,15163.815399999994,284.4046803652968,587.0,507.0262557077626,222.62157534246575,498.277,2387,1116,1,68.12214611872146,31.84931506849315,0.028538812785388126
wind_actual_mw,Actual wind output,Spring,INTIRL,Northern Ireland(Moyle),lowest_20pct,3504,1525.7028317351599,-4.5900000000000025,2553.4480000000003,-228.425799086758,-314.0,39.7134703196347,268.1392694063927,-400.202,698,2742,64,19.920091324200914,78.25342465753424,1.82648401826484
wind_actual_mw,Actual wind output,Spring,INTIRL,Northern Ireland(Moyle),20_40pct,3503,3461.8124653154437,2553.864,4352.303999999999,-252.42877533542676,-380.0,34.91921210391094,287.3479874393377,-442.129,576,2820,107,16.44304881530117,80.50242649157865,3.0545246931201824
wind_actual_mw,Actual wind output,Spring,INTIRL,Northern Ireland(Moyle),40_60pct,3503,5341.144905395375,4353.709599999999,6476.090200000001,-204.5526691407365,-330.0,53.824150727947476,258.376819868684,-358.274,821,2573,109,23.437053953753924,73.45132743362832,3.111618612617756
wind_actual_mw,Actual wind output,Spring,INTIRL,Northern Ireland(Moyle),60_80pct,3503,7992.565153525549,6476.137999999999,9680.048999999995,-218.37796174707393,-330.0,44.97916071938339,263.3571224664573,-382.48900000000003,689,2703,111,19.668855266914072,77.1624322009706,3.1687125321153293
wind_actual_mw,Actual wind output,Spring,INTIRL,Northern Ireland(Moyle),highest_20pct,3504,11597.60468875571,9681.368000000006,15163.815399999994,-146.5964611872146,-226.0,71.68093607305936,218.27739726027397,-256.837,1070,2341,93,30.536529680365298,66.8093607305936,2.654109589041096
wind_actual_mw,Actual wind output,Spring,INTNED,Netherlands(BritNed),lowest_20pct,3504,1525.7028317351599,-4.5900000000000025,2553.4480000000003,320.6478310502283,507.0,508.1689497716895,187.5211187214612,561.775,2329,1029,146,66.46689497716895,29.36643835616438,4.166666666666666
wind_actual_mw,Actual wind output,Spring,INTNED,Netherlands(BritNed),20_40pct,3503,3461.8124653154437,2553.864,4352.303999999999,384.6280331144733,590.0,536.3562660576648,151.72823294319156,673.676,2425,829,249,69.22637739080788,23.66542963174422,7.108192977447903
wind_actual_mw,Actual wind output,Spring,INTNED,Netherlands(BritNed),40_60pct,3503,5341.144905395375,4353.709599999999,6476.090200000001,348.0131316014844,482.0,499.92349414787327,151.9103625463888,609.545,2297,874,332,65.57236654296318,24.95004282043962,9.477590636597203
wind_actual_mw,Actual wind output,Spring,INTNED,Netherlands(BritNed),60_80pct,3503,7992.565153525549,6476.137999999999,9680.048999999995,300.35112760491006,450.0,481.7430773622609,181.39194975735083,526.065,2244,1009,250,64.05937767627748,28.803882386525835,7.136739937196689
wind_actual_mw,Actual wind output,Spring,INTNED,Netherlands(BritNed),highest_20pct,3504,11597.60468875571,9681.368000000006,15163.815399999994,162.0005707762557,320.0,432.83504566210047,270.83447488584477,283.825,2019,1319,166,57.619863013698634,37.64269406392694,4.737442922374429
wind_actual_mw,Actual wind output,Spring,INTNEM,Belgium (Nemolink),lowest_20pct,3504,1525.7028317351599,-4.5900000000000025,2553.4480000000003,403.06278538812785,631.0,545.8932648401826,142.8304794520548,706.166,2638,854,12,75.28538812785388,24.37214611872146,0.3424657534246575
wind_actual_mw,Actual wind output,Spring,INTNEM,Belgium (Nemolink),20_40pct,3503,3461.8124653154437,2553.864,4352.303999999999,437.4753068798173,620.0,544.4892948900942,107.0139880102769,766.2379999999999,2716,767,20,77.53354267770483,21.89551812731944,0.5709391949757351
wind_actual_mw,Actual wind output,Spring,INTNEM,Belgium (Nemolink),40_60pct,3503,5341.144905395375,4353.709599999999,6476.090200000001,413.64887239508994,648.0,550.3990864972881,136.75021410219813,724.506,2634,853,16,75.19269197830431,24.3505566657151,0.4567513559805881
wind_actual_mw,Actual wind output,Spring,INTNEM,Belgium (Nemolink),60_80pct,3503,7992.565153525549,6476.137999999999,9680.048999999995,387.3388524122181,558.0,515.459891521553,128.12103910933484,678.424,2595,878,30,74.07936054810162,25.06423065943477,0.8564087924636026
wind_actual_mw,Actual wind output,Spring,INTNEM,Belgium (Nemolink),highest_20pct,3504,11597.60468875571,9681.368000000006,15163.815399999994,220.38413242009133,384.0,439.25399543378995,218.86986301369862,386.113,2231,1252,21,63.67009132420092,35.73059360730594,0.5993150684931506
wind_actual_mw,Actual wind output,Spring,INTNSL,North Sea Link (INTNSL),lowest_20pct,3504,1525.7028317351599,-4.5900000000000025,2553.4480000000003,929.6763698630137,1096.0,973.5433789954338,43.867009132420094,1628.7930000000001,3128,374,2,89.26940639269407,10.67351598173516,0.05707762557077625
wind_actual_mw,Actual wind output,Spring,INTNSL,North Sea Link (INTNSL),20_40pct,3503,3461.8124653154437,2553.864,4352.303999999999,1018.7542106765629,1296.0,1052.3408506994006,33.58664002283757,1784.3480000000002,3194,298,11,91.17898943762489,8.506994005138454,0.3140165572366543
wind_actual_mw,Actual wind output,Spring,INTNSL,North Sea Link (INTNSL),40_60pct,3503,5341.144905395375,4353.709599999999,6476.090200000001,987.9406223237226,1260.0,1040.279189266343,52.33856694262061,1730.3780000000002,3098,392,13,88.43848130174136,11.190408221524407,0.3711104767342278
wind_actual_mw,Actual wind output,Spring,INTNSL,North Sea Link (INTNSL),60_80pct,3503,7992.565153525549,6476.137999999999,9680.048999999995,968.0919212103911,1096.0,1004.3094490436769,36.21752783328576,1695.613,3201,296,6,91.3788181558664,8.449900085640879,0.17128175849272054
wind_actual_mw,Actual wind output,Spring,INTNSL,North Sea Link (INTNSL),highest_20pct,3504,11597.60468875571,9681.368000000006,15163.815399999994,522.8966894977169,698.0,687.4275114155251,164.53082191780823,916.115,2613,878,13,74.57191780821918,25.057077625570777,0.3710045662100456
wind_actual_mw,Actual wind output,Spring,INTVKL,Denmark (Viking link),lowest_20pct,1537,1613.6571938841898,52.42120000000001,2553.4480000000003,479.960962914769,748.0,615.0357839947951,135.07482108002603,368.85,1102,357,78,71.69811320754717,23.227065712426807,5.074821080026025
wind_actual_mw,Actual wind output,Spring,INTVKL,Denmark (Viking link),20_40pct,1544,3434.216428756477,2556.8860000000004,4351.464000000003,417.0738341968912,658.0,558.7538860103627,141.6800518134715,321.981,1033,378,133,66.90414507772022,24.481865284974095,8.6139896373057
wind_actual_mw,Actual wind output,Spring,INTVKL,Denmark (Viking link),40_60pct,1751,5350.258403769275,4353.951999999999,6474.0756,398.0194174757282,386.0,528.5836664762993,130.5642490005711,348.466,1048,400,303,59.85151342090235,22.84408909194746,17.3043974871502
wind_actual_mw,Actual wind output,Spring,INTVKL,Denmark (Viking link),60_80pct,2015,7913.047132903225,6477.953199999998,9680.048999999995,324.8317617866005,344.0,502.1558312655087,177.3240694789082,327.268,1175,633,207,58.31265508684863,31.414392059553347,10.272952853598015
wind_actual_mw,Actual wind output,Spring,INTVKL,Denmark (Viking link),highest_20pct,1841,11806.628988049973,9681.368000000006,15163.815399999994,119.4253123302553,0.0,381.2590983161325,261.8337859858772,109.931,807,767,267,43.83487235198262,41.662140141227596,14.502987506789788
wind_actual_mw,Actual wind output,Spring,TOTAL_GB_INTERCONNECTORS,GB interconnector fleet total,lowest_20pct,3504,1525.7028317351599,-4.5900000000000025,2553.4480000000003,3128.166095890411,3913.0,3581.185502283105,453.01940639269407,5480.5470000000005,2925,579,0,83.47602739726028,16.523972602739725,0.0
wind_actual_mw,Actual wind output,Spring,TOTAL_GB_INTERCONNECTORS,GB interconnector fleet total,20_40pct,3503,3461.8124653154437,2553.864,4352.303999999999,3598.1872680559522,4230.0,3860.0274050813587,261.8401370254068,6302.225,3095,406,2,88.352840422495,11.590065658007422,0.05709391949757351
wind_actual_mw,Actual wind output,Spring,TOTAL_GB_INTERCONNECTORS,GB interconnector fleet total,40_60pct,3503,5341.144905395375,4353.709599999999,6476.090200000001,3309.498144447616,4082.0,3667.4912931772765,357.9931487296603,5796.586,2983,518,2,85.15558093063089,14.787325149871538,0.05709391949757351
wind_actual_mw,Actual wind output,Spring,TOTAL_GB_INTERCONNECTORS,GB interconnector fleet total,60_80pct,3503,7992.565153525549,6476.137999999999,9680.048999999995,3264.4093634027977,3608.0,3524.6719954324863,260.26263202968886,5717.613,3075,428,0,87.78190122751927,12.21809877248073,0.0
wind_actual_mw,Actual wind output,Spring,TOTAL_GB_INTERCONNECTORS,GB interconnector fleet total,highest_20pct,3504,11597.60468875571,9681.368000000006,15163.815399999994,1912.9714611872146,2029.0,2513.7819634703196,600.810502283105,3351.526,2533,971,0,72.28881278538812,27.711187214611872,0.0
wind_actual_mw,Actual wind output,Summer,INTELEC,Eleclink (INTELEC),lowest_20pct,2876,1202.6239276077886,-40.40199999999999,1976.41,237.94784422809457,517.0,494.3240611961057,256.37621696801114,342.169,1685,1081,110,58.58831710709318,37.58692628650904,3.8247566063977745
wind_actual_mw,Actual wind output,Summer,INTELEC,Eleclink (INTELEC),20_40pct,3495,2685.1816281545066,1976.836,3387.111999999999,299.283547925608,642.0,529.5290414878398,230.24549356223176,522.998,2222,1081,192,63.576537911301855,30.92989985693848,5.493562231759657
wind_actual_mw,Actual wind output,Summer,INTELEC,Eleclink (INTELEC),40_60pct,3604,4154.405944617092,3387.3943999999974,5078.734000000002,434.88568257491676,894.0,602.9495005549389,168.0638179800222,783.664,2573,809,222,71.39289678135405,22.4472807991121,6.159822419533851
wind_actual_mw,Actual wind output,Summer,INTELEC,Eleclink (INTELEC),60_80pct,3698,6181.675561763115,5080.3744000000015,7478.050800000002,377.8171984856679,748.0,559.5987020010816,181.78150351541373,698.584,2601,931,166,70.33531638723635,25.175770686857764,4.488912925905895
wind_actual_mw,Actual wind output,Summer,INTELEC,Eleclink (INTELEC),highest_20pct,3843,9657.120334946656,7478.265000000002,15266.269800000004,271.1787665886026,334.0,438.64845173041897,167.46968514181629,521.0699999999999,2379,1173,291,61.904761904761905,30.52302888368462,7.572209211553474
wind_actual_mw,Actual wind output,Summer,INTEW,Ireland(East-West),lowest_20pct,4100,1098.341454097561,-54.174,1976.46,-185.7341463414634,-120.0,32.220975609756096,217.95512195121952,-380.755,605,2490,1005,14.75609756097561,60.731707317073166,24.51219512195122
wind_actual_mw,Actual wind output,Summer,INTEW,Ireland(East-West),20_40pct,4096,2678.866009375,1976.836,3387.111999999999,-178.4541015625,-116.0,32.234375,210.6884765625,-365.474,583,2487,1026,14.2333984375,60.7177734375,25.048828125
wind_actual_mw,Actual wind output,Summer,INTEW,Ireland(East-West),40_60pct,4098,4165.115019619327,3387.3943999999974,5078.734000000002,-201.9526598340654,-184.0,33.8838457784285,235.8365056124939,-413.801,561,2686,851,13.689604685212299,65.54416788677403,20.766227428013664
wind_actual_mw,Actual wind output,Summer,INTEW,Ireland(East-West),60_80pct,4099,6176.71482737253,5080.3744000000015,7478.050800000002,-170.75920956330813,-124.0,49.292998292266404,220.05220785557452,-349.971,806,2432,861,19.66333252012686,59.33154427909246,21.00512320078068
wind_actual_mw,Actual wind output,Summer,INTEW,Ireland(East-West),highest_20pct,4099,9598.023078604538,7478.265000000002,15266.269800000004,-194.06489387655526,-182.0,47.8472798243474,241.91217370090266,-397.736,751,2593,755,18.321541839473042,63.25933154427909,18.419126616247866
wind_actual_mw,Actual wind output,Summer,INTFR,France(IFA),lowest_20pct,4100,1098.341454097561,-54.174,1976.46,950.8160975609757,1370.0,1144.8673170731706,194.05121951219513,1949.173,3044,1051,5,74.2439024390244,25.634146341463413,0.12195121951219512
wind_actual_mw,Actual wind output,Summer,INTFR,France(IFA),20_40pct,4096,2678.866009375,1976.836,3387.111999999999,886.40966796875,1258.0,1063.5810546875,177.17138671875,1815.367,3069,1019,8,74.9267578125,24.8779296875,0.1953125
wind_actual_mw,Actual wind output,Summer,INTFR,France(IFA),40_60pct,4098,4165.115019619327,3387.3943999999974,5078.734000000002,999.0600292825769,1355.0,1148.0361151781358,148.9760858955588,2047.074,3276,819,3,79.94143484626647,19.98535871156662,0.07320644216691069
wind_actual_mw,Actual wind output,Summer,INTFR,France(IFA),60_80pct,4099,6176.71482737253,5080.3744000000015,7478.050800000002,831.1388143449622,1170.0,1009.531105147597,178.3922908026348,1703.419,3101,995,3,75.65259819468163,24.274213222737252,0.07318858258111735
wind_actual_mw,Actual wind output,Summer,INTFR,France(IFA),highest_20pct,4099,9598.023078604538,7478.265000000002,15266.269800000004,457.2627470114662,600.0,736.0034154671871,278.7406684557209,937.16,2623,1464,12,63.99121737009027,35.71602829958527,0.2927543303244694
wind_actual_mw,Actual wind output,Summer,INTGRNL,Ireland (Greenlink),lowest_20pct,561,1236.3317568627451,28.636199999999945,1974.2684,-411.4081996434938,-512.0,3.6720142602495542,415.0802139037433,-115.4,29,529,3,5.169340463458111,94.29590017825312,0.53475935828877
wind_actual_mw,Actual wind output,Summer,INTGRNL,Ireland (Greenlink),20_40pct,732,2700.5869803278692,1976.9558000000009,3382.7330000000006,-423.0,-514.0,7.967213114754099,430.9672131147541,-154.818,33,689,10,4.508196721311475,94.12568306010928,1.366120218579235
wind_actual_mw,Actual wind output,Summer,INTGRNL,Ireland (Greenlink),40_60pct,934,4160.263683297644,3387.3943999999974,5078.5128,-397.7837259100642,-514.0,10.73661670235546,408.5203426124197,-185.76500000000001,52,878,4,5.567451820128479,94.00428265524626,0.4282655246252677
wind_actual_mw,Actual wind output,Summer,INTGRNL,Ireland (Greenlink),60_80pct,947,6092.9217199577615,5080.3744000000015,7478.050800000002,-359.9387539598733,-510.0,26.631467793030623,386.57022175290393,-170.431,95,839,13,10.03167898627244,88.59556494192185,1.3727560718057021
wind_actual_mw,Actual wind output,Summer,INTGRNL,Ireland (Greenlink),highest_20pct,1242,10146.900971497584,7478.265000000002,15266.269800000004,-331.4170692431562,-510.0,39.36231884057971,370.7793880837359,-205.81,172,1067,3,13.848631239935589,85.90982286634461,0.24154589371980675
wind_actual_mw,Actual wind output,Summer,INTIFA2,IFA2 (INTIFA2),lowest_20pct,4100,1098.341454097561,-54.174,1976.46,391.79756097560977,704.0,554.4624390243903,162.66487804878048,803.185,2794,1304,2,68.14634146341464,31.804878048780488,0.04878048780487805
wind_actual_mw,Actual wind output,Summer,INTIFA2,IFA2 (INTIFA2),20_40pct,4096,2678.866009375,1976.836,3387.111999999999,368.412109375,702.0,545.79443359375,177.38232421875,754.508,2789,1302,5,68.0908203125,31.787109375,0.1220703125
wind_actual_mw,Actual wind output,Summer,INTIFA2,IFA2 (INTIFA2),40_60pct,4098,4165.115019619327,3387.3943999999974,5078.734000000002,392.0004880429478,702.0,554.5734504636408,162.57296242069302,803.209,2804,1291,3,68.42362127867251,31.50317227916057,0.07320644216691069
wind_actual_mw,Actual wind output,Summer,INTIFA2,IFA2 (INTIFA2),60_80pct,4099,6176.71482737253,5080.3744000000015,7478.050800000002,323.24664552329835,566.0,491.28519151012443,168.03854598682605,662.494,2655,1443,1,64.77189558428886,35.203708221517445,0.02439619419370578
wind_actual_mw,Actual wind output,Summer,INTIFA2,IFA2 (INTIFA2),highest_20pct,4099,9598.023078604538,7478.265000000002,15266.269800000004,156.197609172969,166.0,377.25445230544034,221.05684313247133,320.127,2267,1830,2,55.306172237131015,44.64503537448158,0.04879238838741156
wind_actual_mw,Actual wind output,Summer,INTIRL,Northern Ireland(Moyle),lowest_20pct,4100,1098.341454097561,-54.174,1976.46,-211.99951219512195,-254.0,28.12439024390244,240.1239024390244,-434.599,767,2892,441,18.70731707317073,70.53658536585365,10.75609756097561
wind_actual_mw,Actual wind output,Summer,INTIRL,Northern Ireland(Moyle),20_40pct,4096,2678.866009375,1976.836,3387.111999999999,-193.345703125,-234.0,26.2587890625,219.6044921875,-395.972,700,2815,581,17.08984375,68.7255859375,14.1845703125
wind_actual_mw,Actual wind output,Summer,INTIRL,Northern Ireland(Moyle),40_60pct,4098,4165.115019619327,3387.3943999999974,5078.734000000002,-226.42752562225476,-296.0,20.765739385065885,247.19326500732063,-463.95,516,2995,587,12.591508052708638,73.08443142996583,14.324060517325524
wind_actual_mw,Actual wind output,Summer,INTIRL,Northern Ireland(Moyle),60_80pct,4099,6176.71482737253,5080.3744000000015,7478.050800000002,-192.0487923883874,-272.0,37.45547694559649,229.5042693339839,-393.604,756,2758,585,18.44352281044157,67.28470358624054,14.271773603317882
wind_actual_mw,Actual wind output,Summer,INTIRL,Northern Ireland(Moyle),highest_20pct,4099,9598.023078604538,7478.265000000002,15266.269800000004,-199.23786289338864,-282.0,38.76604049768236,238.003903391071,-408.338,815,2874,410,19.88289826787021,70.11466211271042,10.00243961941937
wind_actual_mw,Actual wind output,Summer,INTNED,Netherlands(BritNed),lowest_20pct,4100,1098.341454097561,-54.174,1976.46,422.99658536585366,694.0,552.6375609756097,129.6409756097561,867.143,2853,825,422,69.58536585365853,20.121951219512198,10.292682926829269
wind_actual_mw,Actual wind output,Summer,INTNED,Netherlands(BritNed),20_40pct,4096,2678.866009375,1976.836,3387.111999999999,227.11474609375,336.0,429.2900390625,202.17529296875,465.13100000000003,2375,1280,441,57.9833984375,31.25,10.7666015625
wind_actual_mw,Actual wind output,Summer,INTNED,Netherlands(BritNed),40_60pct,4098,4165.115019619327,3387.3943999999974,5078.734000000002,144.47535383113714,104.0,381.79062957540265,237.3152757442655,296.03000000000003,2116,1424,558,51.634943875061,34.74865788189361,13.616398243045388
wind_actual_mw,Actual wind output,Summer,INTNED,Netherlands(BritNed),60_80pct,4099,6176.71482737253,5080.3744000000015,7478.050800000002,34.30104903635033,0.0,327.8238594779214,293.5228104415711,70.3,1858,1699,542,45.328128811905344,41.449133935106126,13.222737252988534
wind_actual_mw,Actual wind output,Summer,INTNED,Netherlands(BritNed),highest_20pct,4099,9598.023078604538,7478.265000000002,15266.269800000004,-199.01341790680655,-258.0,213.0612344474262,412.07465235423274,-407.878,1316,2290,493,32.10539155891681,55.867284703586236,12.02732373749695
wind_actual_mw,Actual wind output,Summer,INTNEM,Belgium (Nemolink),lowest_20pct,4100,1098.341454097561,-54.174,1976.46,491.0687804878049,804.0,617.5751219512196,126.50634146341463,1006.691,3184,891,25,77.65853658536585,21.73170731707317,0.6097560975609756
wind_actual_mw,Actual wind output,Summer,INTNEM,Belgium (Nemolink),20_40pct,4096,2678.866009375,1976.836,3387.111999999999,363.39013671875,602.0,511.70947265625,148.3193359375,744.223,2927,1135,34,71.4599609375,27.7099609375,0.830078125
wind_actual_mw,Actual wind output,Summer,INTNEM,Belgium (Nemolink),40_60pct,4098,4165.115019619327,3387.3943999999974,5078.734000000002,296.74524158125917,487.0,471.2650073206442,174.51976573938506,608.031,2770,1298,30,67.59394826744753,31.673987310883355,0.7320644216691069
wind_actual_mw,Actual wind output,Summer,INTNEM,Belgium (Nemolink),60_80pct,4099,6176.71482737253,5080.3744000000015,7478.050800000002,153.99707245669674,242.0,386.7216394242498,232.72456696755307,315.617,2447,1626,26,59.69748719199804,39.6682117589656,0.6343010490363503
wind_actual_mw,Actual wind output,Summer,INTNEM,Belgium (Nemolink),highest_20pct,4099,9598.023078604538,7478.265000000002,15266.269800000004,-75.14954867040741,-100.0,278.54696267382286,353.6965113442303,-154.019,1874,2195,30,45.71846791900464,53.54964625518419,0.7318858258111735
wind_actual_mw,Actual wind output,Summer,INTNSL,North Sea Link (INTNSL),lowest_20pct,2876,1202.6239276077886,-40.40199999999999,1976.41,969.9561891515995,1396.0,1014.3970792767733,44.44089012517385,1394.797,2526,326,24,87.83031988873435,11.33518776077886,0.8344923504867872
wind_actual_mw,Actual wind output,Summer,INTNSL,North Sea Link (INTNSL),20_40pct,3495,2685.1816281545066,1976.836,3387.111999999999,1015.6,1396.0,1056.7708154506438,41.17081545064378,1774.7610000000002,3100,374,21,88.69814020028612,10.701001430615165,0.6008583690987125
wind_actual_mw,Actual wind output,Summer,INTNSL,North Sea Link (INTNSL),40_60pct,3604,4154.405944617092,3387.3943999999974,5078.734000000002,1041.476692563818,1396.0,1079.9400665926748,38.463374028856826,1876.7410000000002,3195,335,74,88.65149833518313,9.295227524972253,2.0532741398446173
wind_actual_mw,Actual wind output,Summer,INTNSL,North Sea Link (INTNSL),60_80pct,3698,6181.675561763115,5080.3744000000015,7478.050800000002,906.7479718766901,1320.0,970.8891292590589,64.14115738236885,1676.5770000000002,3127,449,122,84.559221200649,12.141698215251488,3.299080584099513
wind_actual_mw,Actual wind output,Summer,INTNSL,North Sea Link (INTNSL),highest_20pct,3843,9657.120334946656,7478.265000000002,15266.269800000004,497.1751236013531,686.0,666.9898516783762,169.81472807702315,955.3220000000001,2567,1089,187,66.7967733541504,28.337236533957842,4.865990111891751
wind_actual_mw,Actual wind output,Summer,INTVKL,Denmark (Viking link),lowest_20pct,1086,1239.751729097606,28.636199999999945,1974.2684,609.1307550644567,920.0,700.1068139963168,90.97605893186004,330.758,860,160,66,79.18968692449356,14.732965009208105,6.077348066298343
wind_actual_mw,Actual wind output,Summer,INTVKL,Denmark (Viking link),20_40pct,1492,2721.9973943699733,1976.9558000000009,3386.997800000001,335.3538873994638,533.0,525.9798927613941,190.62600536193028,250.174,920,432,140,61.66219839142091,28.9544235924933,9.383378016085791
wind_actual_mw,Actual wind output,Summer,INTVKL,Denmark (Viking link),40_60pct,1978,4183.147842467139,3387.3943999999974,5078.734000000002,337.39130434782606,402.0,514.8331648129424,177.4418604651163,333.68,1160,559,259,58.64509605662285,28.26086956521739,13.094034378159758
wind_actual_mw,Actual wind output,Summer,INTVKL,Denmark (Viking link),60_80pct,1938,6140.147692156862,5080.3744000000015,7478.050800000002,211.14757481940146,167.0,456.92776057791536,245.78018575851394,204.602,1057,673,208,54.540763673890616,34.726522187822496,10.732714138286893
wind_actual_mw,Actual wind output,Summer,INTVKL,Denmark (Viking link),highest_20pct,2338,9940.621495808384,7478.265000000002,15266.269800000004,-90.34217279726262,-54.0,302.5175363558597,392.8597091531223,-105.61000000000001,885,1210,243,37.85286569717707,51.75363558597091,10.39349871685201
wind_actual_mw,Actual wind output,Summer,TOTAL_GB_INTERCONNECTORS,GB interconnector fleet total,lowest_20pct,4100,1098.341454097561,-54.174,1976.46,2811.298536585366,3766.0,3285.4629268292683,474.16439024390246,5763.162,3222,878,0,78.58536585365854,21.414634146341463,0.0
wind_actual_mw,Actual wind output,Summer,TOTAL_GB_INTERCONNECTORS,GB interconnector fleet total,20_40pct,4096,2678.866009375,1976.836,3387.111999999999,2642.0400390625,3497.0,3129.380859375,487.3408203125,5410.898,3156,936,4,77.05078125,22.8515625,0.09765625
wind_actual_mw,Actual wind output,Summer,TOTAL_GB_INTERCONNECTORS,GB interconnector fleet total,40_60pct,4098,4165.115019619327,3387.3943999999974,5078.734000000002,2774.4816983894584,3579.0,3250.816495851635,476.33479746217665,5684.9130000000005,3242,855,1,79.11176183504148,20.863836017569547,0.02440214738897023
wind_actual_mw,Actual wind output,Summer,TOTAL_GB_INTERCONNECTORS,GB interconnector fleet total,60_80pct,4099,6176.71482737253,5080.3744000000015,7478.050800000002,2155.4462063918027,2854.0,2750.0239082703097,594.5777018785069,4417.587,3082,1017,0,75.18907050500123,24.810929494998778,0.0
wind_actual_mw,Actual wind output,Summer,TOTAL_GB_INTERCONNECTORS,GB interconnector fleet total,highest_20pct,4099,9598.023078604538,7478.265000000002,15266.269800000004,514.4122956818736,602.0,1608.631861429617,1094.2195657477434,1054.288,2323,1776,0,56.67235911197853,43.32764088802147,0.0
wind_actual_mw,Actual wind output,Autumn,INTELEC,Eleclink (INTELEC),lowest_20pct,3086,1976.9919580686974,-115.2388,3295.3670000000006,274.6202203499676,142.0,413.51198963058977,138.89176928062216,423.739,1625,639,822,52.657161373946856,20.70641607258587,26.63642255346727
wind_actual_mw,Actual wind output,Autumn,INTELEC,Eleclink (INTELEC),20_40pct,3491,4537.546557662561,3296.92,5845.433399999999,174.67373245488398,0.0,421.35720423947294,246.68347178458893,304.893,1668,1108,715,47.780005729017475,31.73875680320825,20.481237467774278
wind_actual_mw,Actual wind output,Autumn,INTELEC,Eleclink (INTELEC),40_60pct,3482,7095.967412291787,5847.720199999998,8409.117999999999,235.14072372199885,186.0,441.68753589890866,206.5468121769098,409.38,1807,871,804,51.895462377943716,25.01435956346927,23.090178058587018
wind_actual_mw,Actual wind output,Autumn,INTELEC,Eleclink (INTELEC),60_80pct,3283,9907.965869083155,8409.8856,11391.267599999992,129.02528175449285,0.0,362.61468169357295,233.5893999390801,211.795,1510,1023,750,45.994517209869024,31.16052391105696,22.844958879074017
wind_actual_mw,Actual wind output,Autumn,INTELEC,Eleclink (INTELEC),highest_20pct,4033,13201.5809630548,11391.305000000004,16861.473400000003,109.7074138358542,16.0,373.877510538061,264.1700967022068,221.225,2036,1340,657,50.483511033969755,33.225886436895614,16.29060252913464
wind_actual_mw,Actual wind output,Autumn,INTEW,Ireland(East-West),lowest_20pct,4345,1972.1786551438436,-115.2388,3295.3670000000006,-172.7866513233602,-94.0,28.59470655926352,201.38135788262372,-375.379,593,2659,1093,13.647871116225547,61.19677790563867,25.155350978135786
wind_actual_mw,Actual wind output,Autumn,INTEW,Ireland(East-West),20_40pct,4346,4538.139454855039,3296.2160000000003,5846.744000000002,-143.798435342844,-35.0,48.793833410032214,192.5922687528762,-312.474,864,2371,1111,19.880349746893692,54.55591348366314,25.563736769443167
wind_actual_mw,Actual wind output,Autumn,INTEW,Ireland(East-West),40_60pct,4347,7123.523665884518,5847.556,8409.117999999999,-151.07246376811594,-42.0,49.35311709224753,200.42558086036348,-328.356,934,2399,1014,21.486082355647575,55.18748562226823,23.326432022084195
wind_actual_mw,Actual wind output,Autumn,INTEW,Ireland(East-West),60_80pct,4349,9881.675903012187,8409.8856,11391.267599999992,-153.74292940905954,-54.0,45.73235226488848,199.47528167394805,-334.314,880,2490,979,20.234536675097722,57.25454127385606,22.51092205104622
wind_actual_mw,Actual wind output,Autumn,INTEW,Ireland(East-West),highest_20pct,4349,13105.11319199816,11391.305000000004,16861.473400000003,-126.95332260289722,-2.0,48.41342837433893,175.36675097723614,-276.06,953,2189,1207,21.913083467463785,50.333409979305586,27.75350655323063
wind_actual_mw,Actual wind output,Autumn,INTFR,France(IFA),lowest_20pct,4345,1972.1786551438436,-115.2388,3295.3670000000006,752.868584579977,832.0,797.3238204833142,44.45523590333717,1635.607,3226,409,710,74.24626006904488,9.413118527042577,16.340621403912543
wind_actual_mw,Actual wind output,Autumn,INTFR,France(IFA),20_40pct,4346,4538.139454855039,3296.2160000000003,5846.744000000002,523.9631845375058,660.0,646.1596870685688,122.19650253106305,1138.572,2648,886,812,60.929590427979754,20.3865623561896,18.68384721583065
wind_actual_mw,Actual wind output,Autumn,INTFR,France(IFA),40_60pct,4347,7123.523665884518,5847.556,8409.117999999999,527.4221302047389,758.0,671.0227743271222,143.60064412238324,1146.352,2732,1065,550,62.84794110881068,24.499654934437544,12.652403956751781
wind_actual_mw,Actual wind output,Autumn,INTFR,France(IFA),60_80pct,4349,9881.675903012187,8409.8856,11391.267599999992,335.9664290641527,288.0,532.0160956541733,196.0496665900207,730.559,2397,1344,608,55.11611864796505,30.903656012876525,13.980225339158428
wind_actual_mw,Actual wind output,Autumn,INTFR,France(IFA),highest_20pct,4349,13105.11319199816,11391.305000000004,16861.473400000003,308.24557369510234,290.0,533.9701080708209,225.72453437571855,670.28,2472,1465,412,56.84065302368361,33.685904805702464,9.473442170613934
wind_actual_mw,Actual wind output,Autumn,INTGRNL,Ireland (Greenlink),lowest_20pct,516,1971.911730620155,15.667399999999992,3291.8124,-450.8992248062016,-514.0,5.941860465116279,456.8410852713178,-116.33200000000001,15,493,8,2.9069767441860463,95.54263565891473,1.550387596899225
wind_actual_mw,Actual wind output,Autumn,INTGRNL,Ireland (Greenlink),20_40pct,666,4599.569150150151,3304.4994000000006,5845.433399999999,-383.3453453453453,-514.0,27.93093093093093,411.2762762762763,-127.654,66,578,22,9.90990990990991,86.78678678678679,3.303303303303303
wind_actual_mw,Actual wind output,Autumn,INTGRNL,Ireland (Greenlink),40_60pct,833,7102.444302761104,5847.720199999998,8407.065000000002,-311.2172869147659,-498.0,49.308523409363744,360.5258103241297,-129.622,146,681,6,17.52701080432173,81.75270108043217,0.7202881152460985
wind_actual_mw,Actual wind output,Autumn,INTGRNL,Ireland (Greenlink),60_80pct,720,9875.77688611111,8409.8856,11391.267599999992,-361.1111111111111,-514.0,29.65,390.7611111111111,-130.0,83,631,6,11.527777777777779,87.63888888888889,0.8333333333333334
wind_actual_mw,Actual wind output,Autumn,INTGRNL,Ireland (Greenlink),highest_20pct,1633,13670.492944274341,11392.599999999991,16861.473400000003,-273.03368034292714,-476.0,55.32884262094305,328.36252296387016,-222.93200000000002,354,1265,14,21.677893447642376,77.46478873239437,0.8573178199632578
wind_actual_mw,Actual wind output,Autumn,INTIFA2,IFA2 (INTIFA2),lowest_20pct,4345,1972.1786551438436,-115.2388,3295.3670000000006,426.2131185270426,590.0,518.3691599539701,92.1560414269275,925.948,2821,1522,2,64.92520138089758,35.028768699654776,0.04602991944764096
wind_actual_mw,Actual wind output,Autumn,INTIFA2,IFA2 (INTIFA2),20_40pct,4346,4538.139454855039,3296.2160000000003,5846.744000000002,162.28716060745512,-2.0,375.4597330878969,213.17257248044177,352.65,2034,2310,2,46.80165669581224,53.15232397606995,0.04601932811780948
wind_actual_mw,Actual wind output,Autumn,INTIFA2,IFA2 (INTIFA2),40_60pct,4347,7123.523665884518,5847.556,8409.117999999999,168.59489302967563,-2.0,367.8697952610996,199.27490223142397,366.441,2048,2299,0,47.112951460777545,52.88704853922245,0.0
wind_actual_mw,Actual wind output,Autumn,INTIFA2,IFA2 (INTIFA2),60_80pct,4349,9881.675903012187,8409.8856,11391.267599999992,29.398022533915842,-2.0,278.8673258220281,249.4693032881122,63.92599999999999,1659,2684,6,38.14670039089446,61.71533685904805,0.13796275005748448
wind_actual_mw,Actual wind output,Autumn,INTIFA2,IFA2 (INTIFA2),highest_20pct,4349,13105.11319199816,11391.305000000004,16861.473400000003,-5.7047597148769835,-2.0,282.03724994251553,287.7420096573925,-12.405000000000012,1738,2605,6,39.963209933318005,59.89882731662451,0.13796275005748448
wind_actual_mw,Actual wind output,Autumn,INTIRL,Northern Ireland(Moyle),lowest_20pct,4345,1972.1786551438436,-115.2388,3295.3670000000006,-230.99240506329113,-326.0,33.136478711162255,264.1288837744534,-501.831,874,3383,88,20.115074798619105,77.8596087456847,2.0253164556962027
wind_actual_mw,Actual wind output,Autumn,INTIRL,Northern Ireland(Moyle),20_40pct,4346,4538.139454855039,3296.2160000000003,5846.744000000002,-182.3193741371376,-302.0,63.13897837091579,245.4583525080534,-396.18,1190,3053,103,27.381500230096638,70.24850437183618,2.3699953980671884
wind_actual_mw,Actual wind output,Autumn,INTIRL,Northern Ireland(Moyle),40_60pct,4347,7123.523665884518,5847.556,8409.117999999999,-164.02116402116403,-288.0,69.61352657004831,233.63469059121232,-356.5,1319,2935,93,30.342765125373823,67.5178283873936,2.139406487232574
wind_actual_mw,Actual wind output,Autumn,INTIRL,Northern Ireland(Moyle),60_80pct,4349,9881.675903012187,8409.8856,11391.267599999992,-172.04736721085308,-300.0,68.53621522189009,240.58358243274316,-374.117,1262,3029,58,29.018165095424237,69.64819498735342,1.33363991722235
wind_actual_mw,Actual wind output,Autumn,INTIRL,Northern Ireland(Moyle),highest_20pct,4349,13105.11319199816,11391.305000000004,16861.473400000003,-119.90756495746149,-190.0,83.0692113129455,202.976776270407,-260.739,1407,2716,226,32.35226488848011,62.45113819268797,5.196596918831915
wind_actual_mw,Actual wind output,Autumn,INTNED,Netherlands(BritNed),lowest_20pct,4345,1972.1786551438436,-115.2388,3295.3670000000006,329.3298043728424,568.0,508.01426927502877,178.68446490218642,715.469,2843,1241,261,65.43153049482163,28.56156501726122,6.006904487917146
wind_actual_mw,Actual wind output,Autumn,INTNED,Netherlands(BritNed),20_40pct,4346,4538.139454855039,3296.2160000000003,5846.744000000002,162.6723423838012,266.0,416.26967326277037,253.59733087896916,353.487,2449,1628,269,56.3506672802577,37.45973308789692,6.189599631845375
wind_actual_mw,Actual wind output,Autumn,INTNED,Netherlands(BritNed),40_60pct,4347,7123.523665884518,5847.556,8409.117999999999,169.20450885668276,234.0,419.0720036806993,249.86749482401657,367.766,2445,1654,248,56.245686680469284,38.04922935357718,5.7050839659535315
wind_actual_mw,Actual wind output,Autumn,INTNED,Netherlands(BritNed),60_80pct,4349,9881.675903012187,8409.8856,11391.267599999992,188.1071510692113,204.0,407.7810991032421,219.67394803403081,409.039,2469,1522,358,56.771671648654866,34.996550931248564,8.231777420096574
wind_actual_mw,Actual wind output,Autumn,INTNED,Netherlands(BritNed),highest_20pct,4349,13105.11319199816,11391.305000000004,16861.473400000003,-60.93676707289032,-100.0,275.5658772131525,336.50264428604277,-132.507,1729,2181,439,39.75626580823178,50.14945964589561,10.094274545872613
wind_actual_mw,Actual wind output,Autumn,INTNEM,Belgium (Nemolink),lowest_20pct,4345,1972.1786551438436,-115.2388,3295.3670000000006,499.83014959723823,762.0,595.6768699654775,95.84672036823936,1085.881,3327,787,231,76.57077100115075,18.11277330264672,5.3164556962025316
wind_actual_mw,Actual wind output,Autumn,INTNEM,Belgium (Nemolink),20_40pct,4346,4538.139454855039,3296.2160000000003,5846.744000000002,290.6258628624022,454.0,461.35895075931893,170.73308789691671,631.53,2719,1236,391,62.56327657616198,28.439944776806257,8.996778647031753
wind_actual_mw,Actual wind output,Autumn,INTNEM,Belgium (Nemolink),40_60pct,4347,7123.523665884518,5847.556,8409.117999999999,301.66137566137564,458.0,465.51000690131127,163.8486312399356,655.661,2782,1190,375,63.99815965033356,27.375201288244767,8.62663906142167
wind_actual_mw,Actual wind output,Autumn,INTNEM,Belgium (Nemolink),60_80pct,4349,9881.675903012187,8409.8856,11391.267599999992,338.25339158427226,474.0,473.54518280064383,135.2917912163716,735.532,2948,1085,316,67.78569786157738,24.948263968728444,7.266038169694182
wind_actual_mw,Actual wind output,Autumn,INTNEM,Belgium (Nemolink),highest_20pct,4349,13105.11319199816,11391.305000000004,16861.473400000003,93.62796045067832,96.0,347.02736261209475,253.39940216141642,203.594,2299,1817,233,52.8627270636928,41.77971947574155,5.357553460565647
wind_actual_mw,Actual wind output,Autumn,INTNSL,North Sea Link (INTNSL),lowest_20pct,3482,1999.8123654796095,-115.2388,3295.3670000000006,1025.586444572085,1398.0,1069.120620333142,43.534175761056865,1785.546,3046,291,145,87.4784606547961,8.35726593911545,4.164273406088455
wind_actual_mw,Actual wind output,Autumn,INTNSL,North Sea Link (INTNSL),20_40pct,4086,4556.22709319628,3296.2160000000003,5846.744000000002,739.059716103769,1258.0,875.41458639256,136.354870288791,1509.8990000000001,3072,692,322,75.18355359765052,16.93587860988742,7.880567792462066
wind_actual_mw,Actual wind output,Autumn,INTNSL,North Sea Link (INTNSL),40_60pct,4230,7123.035649550828,5847.556,8409.117999999999,780.2983451536643,1096.0,873.3858156028368,93.08747044917257,1650.3310000000001,3306,575,349,78.15602836879432,13.59338061465721,8.250591016548462
wind_actual_mw,Actual wind output,Autumn,INTNSL,North Sea Link (INTNSL),60_80pct,4133,9891.550233776918,8409.8856,11391.267599999992,714.7311879990322,698.0,804.8458746673119,90.1146866682797,1476.9920000000002,3267,574,292,79.04669731429954,13.888216791676747,7.065085894023712
wind_actual_mw,Actual wind output,Autumn,INTNSL,North Sea Link (INTNSL),highest_20pct,4319,13114.7708983561,11391.305000000004,16861.473400000003,512.4857605927298,694.0,688.8048159296134,176.31905533688354,1106.7130000000002,2970,1096,253,68.76591803658255,25.376244501041906,5.85783746237555
wind_actual_mw,Actual wind output,Autumn,INTVKL,Denmark (Viking link),lowest_20pct,1455,2071.7501063917525,15.667399999999992,3292.668,314.727147766323,420.0,549.8625429553265,235.13539518900345,228.964,915,494,46,62.88659793814433,33.95189003436426,3.161512027491409
wind_actual_mw,Actual wind output,Autumn,INTVKL,Denmark (Viking link),20_40pct,1735,4499.461929913545,3296.92,5845.433399999999,351.2219020172911,698.0,598.8046109510086,247.58270893371758,304.685,1126,547,62,64.89913544668588,31.52737752161383,3.5734870317002883
wind_actual_mw,Actual wind output,Autumn,INTVKL,Denmark (Viking link),40_60pct,1784,7097.346908856502,5847.720199999998,8409.117999999999,334.23766816143495,594.0,609.4047085201794,275.1670403587444,298.14,1125,622,37,63.06053811659192,34.865470852017935,2.0739910313901344
wind_actual_mw,Actual wind output,Autumn,INTVKL,Denmark (Viking link),60_80pct,1501,9907.682160826116,8409.8856,11391.267599999992,453.81212524983346,744.0,677.8707528314457,224.05862758161226,340.586,999,495,7,66.55562958027981,32.978014656895404,0.4663557628247834
wind_actual_mw,Actual wind output,Autumn,INTVKL,Denmark (Viking link),highest_20pct,2165,13467.95842069284,11392.599999999991,16861.473400000003,224.25588914549652,388.0,531.115935334873,306.8600461893764,242.75699999999998,1321,838,6,61.01616628175519,38.70669745958429,0.27713625866050806
wind_actual_mw,Actual wind output,Autumn,TOTAL_GB_INTERCONNECTORS,GB interconnector fleet total,lowest_20pct,4345,1972.1786551438436,-115.2388,3295.3670000000006,2673.2391254315303,3248.0,2938.099424626007,264.8602991944764,5807.612,3712,633,0,85.43153049482164,14.568469505178367,0.0
wind_actual_mw,Actual wind output,Autumn,TOTAL_GB_INTERCONNECTORS,GB interconnector fleet total,20_40pct,4346,4538.139454855039,3296.2160000000003,5846.744000000002,1730.054302807179,2449.0,2447.5467096180396,717.4924068108605,3759.408,3210,1135,1,73.8610216290842,26.11596870685688,0.02300966405890474
wind_actual_mw,Actual wind output,Autumn,TOTAL_GB_INTERCONNECTORS,GB interconnector fleet total,40_60pct,4347,7123.523665884518,5847.556,8409.117999999999,1876.9694041867956,2416.0,2499.75845410628,622.7890499194847,4079.593,3274,1073,0,75.31631009891879,24.683689901081205,0.0
wind_actual_mw,Actual wind output,Autumn,TOTAL_GB_INTERCONNECTORS,GB interconnector fleet total,60_80pct,4349,9881.675903012187,8409.8856,11391.267599999992,1439.410439181421,1642.0,2068.4681535985283,629.0577144171074,3129.998,3132,1215,2,72.0165555300069,27.937456886640604,0.04598758335249483
wind_actual_mw,Actual wind output,Autumn,TOTAL_GB_INTERCONNECTORS,GB interconnector fleet total,highest_20pct,4349,13105.11319199816,11391.305000000004,16861.473400000003,708.1747528167394,816.0,1739.6325592090136,1031.457806392274,1539.926,2501,1847,1,57.507472982294786,42.46953322602897,0.022993791676247415
wind_before_curtailment_mw,Wind before curtailment proxy,All,INTELEC,Eleclink (INTELEC),lowest_20pct,11331,1744.1608888458488,-115.2388,2888.24,391.52219574618306,736.0,544.7235018974495,153.20130615126644,2218.169,7300,2571,1460,64.42502868237578,22.68996558114906,12.885005736475158
wind_before_curtailment_mw,Wind before curtailment proxy,All,INTELEC,Eleclink (INTELEC),20_40pct,12695,4036.1911742991656,2888.9742,5299.1068000000005,429.26979125640014,824.0,572.3325718786924,143.06278062229225,2724.79,8612,2628,1455,67.83773139031115,20.70106341079165,11.461205198897204
wind_before_curtailment_mw,Wind before curtailment proxy,All,INTELEC,Eleclink (INTELEC),40_60pct,12852,6716.66258827431,5299.447999999998,8257.739600000003,412.42483660130716,750.0,556.0961718020542,143.67133520074697,2650.242,8739,2602,1511,67.99719887955182,20.24587612822907,11.75692499221911
wind_before_curtailment_mw,Wind before curtailment proxy,All,INTELEC,Eleclink (INTELEC),60_80pct,12356,10062.249832304151,8257.972000000005,12054.916999999996,369.0487212690191,553.0,505.4975720297831,136.448850760764,2279.983,7833,2710,1813,63.39430236322434,21.932664292651342,14.673033344124311
wind_before_curtailment_mw,Wind before curtailment proxy,All,INTELEC,Eleclink (INTELEC),highest_20pct,13594,14857.147664103326,12055.908399999991,20950.5694666664,266.00588494924233,216.0,410.183169045167,144.17728409592468,1808.042,7796,3270,2528,57.34883036633809,24.054730027953507,18.5964396057084
wind_before_curtailment_mw,Wind before curtailment proxy,All,INTEW,Ireland(East-West),lowest_20pct,15712,1666.26861771336,-115.2388,2888.24,-156.96614052953157,-35.0,32.05982688391039,189.02596741344195,-1233.126,2170,8487,5055,13.81109979633401,54.016038696537684,32.17286150712831
wind_before_curtailment_mw,Wind before curtailment proxy,All,INTEW,Ireland(East-West),20_40pct,15705,4043.541077855964,2888.8560000000007,5299.334,-165.87265202164915,-68.0,35.240369309137215,201.11302133078638,-1302.515,2329,8896,4480,14.829672078955747,56.64438077045527,28.525947150588983
wind_before_curtailment_mw,Wind before curtailment proxy,All,INTEW,Ireland(East-West),40_60pct,15711,6708.135708516417,5299.447999999998,8257.739600000003,-147.78180892368405,-30.0,44.579848513780156,192.3616574374642,-1160.9,2913,8458,4340,18.541149513080008,53.83489275030233,27.623957736617655
wind_before_curtailment_mw,Wind before curtailment proxy,All,INTEW,Ireland(East-West),60_80pct,15706,10082.047673879415,8257.972000000005,12054.916999999996,-141.87698968547053,-20.0,43.435120336177256,185.31211002164778,-1114.16,3004,8329,4373,19.126448491022536,53.03068890869731,27.84286260028015
wind_before_curtailment_mw,Wind before curtailment proxy,All,INTEW,Ireland(East-West),highest_20pct,15710,14657.12997007133,12055.246000000005,20950.5694666664,-107.36499045194144,0.0,57.69535327816677,165.0603437301082,-843.3520000000001,3765,7656,4289,23.96562698917887,48.733290897517506,27.301082113303625
wind_before_curtailment_mw,Wind before curtailment proxy,All,INTFR,France(IFA),lowest_20pct,15712,1666.26861771336,-115.2388,2888.24,832.3792006109979,1002.0,969.5176934826884,137.13849287169043,6539.171,11698,3383,631,74.45264765784114,21.531313645621182,4.016038696537678
wind_before_curtailment_mw,Wind before curtailment proxy,All,INTFR,France(IFA),20_40pct,15705,4043.541077855964,2888.8560000000007,5299.334,815.1577204711875,1000.0,953.7068449538364,138.54912448264884,6401.026,11775,3240,690,74.97612225405922,20.630372492836678,4.393505253104107
wind_before_curtailment_mw,Wind before curtailment proxy,All,INTFR,France(IFA),40_60pct,15711,6708.135708516417,5299.447999999998,8257.739600000003,721.6925720832538,996.0,873.333842530711,151.6412704474572,5669.256,11203,3783,725,71.30672777035198,24.078670994844376,4.614601234803641
wind_before_curtailment_mw,Wind before curtailment proxy,All,INTFR,France(IFA),60_80pct,15706,10082.047673879415,8257.972000000005,12054.916999999996,575.3804915318987,786.0,758.0665987520692,182.68610722017064,4518.463,10585,4465,656,67.39462625748122,28.428626002801476,4.176747739717306
wind_before_curtailment_mw,Wind before curtailment proxy,All,INTFR,France(IFA),highest_20pct,15710,14657.12997007133,12055.246000000005,20950.5694666664,383.3492043284532,453.0,639.3304901336728,255.9812858052196,3011.208,9707,5501,502,61.788669637173776,35.01591343093571,3.1954169318905157
wind_before_curtailment_mw,Wind before curtailment proxy,All,INTGRNL,Ireland (Greenlink),lowest_20pct,2288,1829.3730878551135,15.667399999999992,2887.8689999999992,-424.25174825174827,-514.0,7.851398601398602,432.1031468531468,-485.344,155,2123,10,6.774475524475525,92.78846153846155,0.4370629370629371
wind_before_curtailment_mw,Wind before curtailment proxy,All,INTGRNL,Ireland (Greenlink),20_40pct,2991,4070.5344889634102,2889.780000000001,5299.0852,-384.2400534938148,-514.0,20.61250417920428,404.8525576730191,-574.631,277,2658,56,9.261116683383484,88.86659979939819,1.8722835172183216
wind_before_curtailment_mw,Wind before curtailment proxy,All,INTGRNL,Ireland (Greenlink),40_60pct,3257,6715.361963427522,5300.187400000005,8257.739600000003,-376.1547436291065,-514.0,25.863064169481117,402.0178077985877,-612.568,327,2885,45,10.039914031317162,88.57844642308874,1.3816395455941048
wind_before_curtailment_mw,Wind before curtailment proxy,All,INTGRNL,Ireland (Greenlink),60_80pct,3250,10079.17094386671,8258.315799999997,12053.874000000002,-346.17846153846153,-512.0,32.75753846153846,378.936,-562.54,412,2784,54,12.676923076923078,85.66153846153847,1.6615384615384614
wind_before_curtailment_mw,Wind before curtailment proxy,All,INTGRNL,Ireland (Greenlink),highest_20pct,4198,15562.838811667118,12056.089733333209,20950.5694666664,-261.1948546927108,-444.0,60.966650786088614,322.1615054787994,-548.248,939,3216,43,22.36779418770843,76.60790852787042,1.024297284421153
wind_before_curtailment_mw,Wind before curtailment proxy,All,INTIFA2,IFA2 (INTIFA2),lowest_20pct,15712,1666.26861771336,-115.2388,2888.24,407.90185845213847,712.0,554.7894602851323,146.88760183299388,3204.477,10678,5022,12,67.96079429735235,31.962830957230143,0.07637474541751527
wind_before_curtailment_mw,Wind before curtailment proxy,All,INTIFA2,IFA2 (INTIFA2),20_40pct,15705,4043.541077855964,2888.8560000000007,5299.334,365.65794333014964,664.0,523.5959248646927,157.93798153454313,2871.329,10287,5407,11,65.50143266475644,34.42852594715059,0.07004138809296402
wind_before_curtailment_mw,Wind before curtailment proxy,All,INTIFA2,IFA2 (INTIFA2),40_60pct,15711,6708.135708516417,5299.447999999998,8257.739600000003,294.580103112469,412.0,462.8218445675005,168.2417414550315,2314.074,9436,6262,13,60.05983069187194,39.85742473426262,0.08274457386544459
wind_before_curtailment_mw,Wind before curtailment proxy,All,INTIFA2,IFA2 (INTIFA2),60_80pct,15706,10082.047673879415,8257.972000000005,12054.916999999996,229.83738698586527,187.0,411.777537246912,181.94015026104674,1804.913,8520,7177,9,54.24678466827964,45.69591239016936,0.05730294155099962
wind_before_curtailment_mw,Wind before curtailment proxy,All,INTIFA2,IFA2 (INTIFA2),highest_20pct,15710,14657.12997007133,12055.246000000005,20950.5694666664,111.39452577975811,-2.0,323.6549968173138,212.2604710375557,875.004,7349,8341,20,46.77912157861235,53.09357097390197,0.1273074474856779
wind_before_curtailment_mw,Wind before curtailment proxy,All,INTIRL,Northern Ireland(Moyle),lowest_20pct,15712,1666.26861771336,-115.2388,2888.24,-205.3841649694501,-278.0,39.651985743380855,245.03615071283096,-1613.498,3400,11381,931,21.63951120162933,72.43508146639512,5.92540733197556
wind_before_curtailment_mw,Wind before curtailment proxy,All,INTIRL,Northern Ireland(Moyle),20_40pct,15705,4043.541077855964,2888.8560000000007,5299.334,-205.04616364215218,-302.0,44.54492199936326,249.59108564151543,-1610.125,3277,11350,1078,20.865966252785736,72.26997771410379,6.864056033110474
wind_before_curtailment_mw,Wind before curtailment proxy,All,INTIRL,Northern Ireland(Moyle),40_60pct,15711,6708.135708516417,5299.447999999998,8257.739600000003,-179.51422570173764,-294.0,59.38310737699701,238.89733307873465,-1410.174,3988,10880,843,25.383489275030236,69.25084335815671,5.365667366813061
wind_before_curtailment_mw,Wind before curtailment proxy,All,INTIRL,Northern Ireland(Moyle),60_80pct,15706,10082.047673879415,8257.972000000005,12054.916999999996,-168.83980644339744,-264.0,62.31987775372469,231.15968419712212,-1325.8990000000001,4295,10793,618,27.34623710683815,68.71896090665987,3.9348019865019737
wind_before_curtailment_mw,Wind before curtailment proxy,All,INTIRL,Northern Ireland(Moyle),highest_20pct,15710,14657.12997007133,12055.246000000005,20950.5694666664,-112.99974538510503,-156.0,82.02507956715468,195.0248249522597,-887.6129999999999,5412,9687,611,34.44939528962444,61.6613621896881,3.88924252068746
wind_before_curtailment_mw,Wind before curtailment proxy,All,INTNED,Netherlands(BritNed),lowest_20pct,15712,1666.26861771336,-115.2388,2888.24,365.21283095723015,566.0,517.4647403258656,152.25190936863544,2869.112,10554,3750,1408,67.17158859470469,23.867107942973522,8.961303462321792
wind_before_curtailment_mw,Wind before curtailment proxy,All,INTNED,Netherlands(BritNed),20_40pct,15705,4043.541077855964,2888.8560000000007,5299.334,294.6009551098376,442.0,472.5897484877428,177.98879337790513,2313.354,9834,4348,1523,62.61700095510984,27.685450493473418,9.697548551416746
wind_before_curtailment_mw,Wind before curtailment proxy,All,INTNED,Netherlands(BritNed),40_60pct,15711,6708.135708516417,5299.447999999998,8257.739600000003,243.76831519317676,352.0,442.13009992998536,198.3617847368086,1914.922,9431,4740,1540,60.02800585576984,30.169944624785185,9.802049519444974
wind_before_curtailment_mw,Wind before curtailment proxy,All,INTNED,Netherlands(BritNed),60_80pct,15706,10082.047673879415,8257.972000000005,12054.916999999996,227.78288552145676,320.0,433.99694384311726,206.2140583216605,1788.779,9257,5020,1429,58.939258881955936,31.962307398446455,9.098433719597605
wind_before_curtailment_mw,Wind before curtailment proxy,All,INTNED,Netherlands(BritNed),highest_20pct,15710,14657.12997007133,12055.246000000005,20950.5694666664,74.68682367918524,0.0,341.3028644175684,266.6160407383832,586.665,7643,6190,1877,48.65054105665181,39.401654996817314,11.947803946530872
wind_before_curtailment_mw,Wind before curtailment proxy,All,INTNEM,Belgium (Nemolink),lowest_20pct,15712,1666.26861771336,-115.2388,2888.24,468.7899694501018,740.0,589.1220723014256,120.33210285132382,3682.814,12092,3372,248,76.9602851323829,21.461303462321794,1.5784114052953158
wind_before_curtailment_mw,Wind before curtailment proxy,All,INTNEM,Belgium (Nemolink),20_40pct,15705,4043.541077855964,2888.8560000000007,5299.334,392.81833810888253,602.0,524.7323782234957,131.9140401146132,3084.606,11447,3863,395,72.88761540910538,24.597262018465457,2.5151225724291626
wind_before_curtailment_mw,Wind before curtailment proxy,All,INTNEM,Belgium (Nemolink),40_60pct,15711,6708.135708516417,5299.447999999998,8257.739600000003,313.86990007001464,492.0,475.73852714658517,161.86862707657056,2465.605,10699,4606,406,68.0987842912609,29.317039017249062,2.584176691490039
wind_before_curtailment_mw,Wind before curtailment proxy,All,INTNEM,Belgium (Nemolink),60_80pct,15706,10082.047673879415,8257.972000000005,12054.916999999996,316.99694384311726,476.0,474.6656055010824,157.66866165796512,2489.377,10672,4463,571,67.94855469247422,28.415892015790146,3.635553291735642
wind_before_curtailment_mw,Wind before curtailment proxy,All,INTNEM,Belgium (Nemolink),highest_20pct,15710,14657.12997007133,12055.246000000005,20950.5694666664,159.68771483131763,228.0,391.73036282622536,232.0426479949077,1254.347,9157,6092,461,58.28771483131763,38.77784850413749,2.934436664544876
wind_before_curtailment_mw,Wind before curtailment proxy,All,INTNSL,North Sea Link (INTNSL),lowest_20pct,13317,1715.6926516116478,-115.2388,2888.24,968.601787189307,1298.0,1010.2721333633701,41.670346174063226,6449.435,11861,1332,124,89.06660659307651,10.002252759630547,0.9311406472929339
wind_before_curtailment_mw,Wind before curtailment proxy,All,INTNSL,North Sea Link (INTNSL),20_40pct,14651,4049.917062024975,2888.9742,5299.334,957.0367892976589,1296.0,1013.9407548972766,56.90396559961777,7010.773,12757,1554,340,87.07255477441814,10.606784519827999,2.3206607057538733
wind_before_curtailment_mw,Wind before curtailment proxy,All,INTNSL,North Sea Link (INTNSL),40_60pct,15132,6711.021666435463,5299.447999999998,8257.739600000003,903.2142479513614,1200.0,964.3156225218081,61.10137457044674,6833.719,12985,1634,513,85.81152524451493,10.798308220988634,3.3901665344964313
wind_before_curtailment_mw,Wind before curtailment proxy,All,INTNSL,North Sea Link (INTNSL),60_80pct,15298,10090.918111383848,8257.972000000005,12054.916999999996,820.5356255719702,1050.0,892.1555758922735,71.6199503203033,6276.277,12887,2028,383,84.23976990456269,13.25663485422931,2.503595241208001
wind_before_curtailment_mw,Wind before curtailment proxy,All,INTNSL,North Sea Link (INTNSL),highest_20pct,15684,14660.497290348165,12055.246000000005,20950.5694666664,574.9734761540424,698.0,730.881662841112,155.90818668706962,4508.942,11586,3580,518,73.87146136189747,22.825809742412652,3.302728895689875
wind_before_curtailment_mw,Wind before curtailment proxy,All,INTVKL,Denmark (Viking link),lowest_20pct,5436,1776.5951910455499,-114.5882,2888.1594,454.3708609271523,698.0,597.3351729212657,142.96431199411333,1234.98,3821,1295,320,70.2906548933039,23.822663723325974,5.886681383370125
wind_before_curtailment_mw,Wind before curtailment proxy,All,INTVKL,Denmark (Viking link),20_40pct,6511,4054.4742779364046,2889.092999999999,5299.1068000000005,335.27292274612194,520.0,528.4386422976502,193.16571955152818,1091.481,4068,1912,531,62.47888189218246,29.36568883428045,8.155429273537091
wind_before_curtailment_mw,Wind before curtailment proxy,All,INTVKL,Denmark (Viking link),40_60pct,7105,6744.086578308894,5299.447999999998,8257.739600000003,325.09584799437016,440.0,521.785503166784,196.68965517241378,1154.903,4355,2092,658,61.29486277269528,29.44405348346235,9.261083743842365
wind_before_curtailment_mw,Wind before curtailment proxy,All,INTVKL,Denmark (Viking link),60_80pct,7202,10073.70161632043,8258.315799999997,12054.916999999996,352.90697028603165,534.0,578.6648153290753,225.7578450430436,1270.818,4409,2379,414,61.21910580394335,33.03249097472924,5.748403221327409
wind_before_curtailment_mw,Wind before curtailment proxy,All,INTVKL,Denmark (Viking link),highest_20pct,8690,15113.54079813331,12056.089733333209,20950.5694666664,323.5081703107019,456.0,567.2255466052934,243.71737629459147,1405.643,5263,2947,480,60.5638665132336,33.912543153049484,5.523590333716916
wind_before_curtailment_mw,Wind before curtailment proxy,All,TOTAL_GB_INTERCONNECTORS,GB interconnector fleet total,lowest_20pct,15712,1666.26861771336,-115.2388,2888.24,2910.665733197556,3685.0,3308.563900203666,397.89816700611,22866.19,12923,2784,5,82.24923625254583,17.718940936863543,0.03182281059063136
wind_before_curtailment_mw,Wind before curtailment proxy,All,TOTAL_GB_INTERCONNECTORS,GB interconnector fleet total,20_40pct,15705,4043.541077855964,2888.8560000000007,5299.334,2802.9402101241644,3470.0,3241.4673034065586,438.52709328239416,22010.088,12749,2952,4,81.1779687997453,18.79656160458453,0.025469595670168738
wind_before_curtailment_mw,Wind before curtailment proxy,All,TOTAL_GB_INTERCONNECTORS,GB interconnector fleet total,40_60pct,15711,6708.135708516417,5299.447999999998,8257.739600000003,2522.955763477818,3062.0,3000.9903888994972,478.0346254216791,19819.079,12551,3157,3,79.88670358347655,20.0942015148622,0.019094901661256446
wind_before_curtailment_mw,Wind before curtailment proxy,All,TOTAL_GB_INTERCONNECTORS,GB interconnector fleet total,60_80pct,15706,10082.047673879415,8257.972000000005,12054.916999999996,2219.0259773335033,2519.0,2678.1885903476377,459.1626130141347,17426.011,12235,3469,2,77.90016554183114,22.08710047115752,0.012733987011333249
wind_before_curtailment_mw,Wind before curtailment proxy,All,TOTAL_GB_INTERCONNECTORS,GB interconnector fleet total,highest_20pct,15710,14657.12997007133,12055.246000000005,20950.5694666664,1422.1054105665182,1556.0,2142.1639719923614,720.0585614258434,11170.638,10565,5140,5,67.25015913430936,32.71801400381922,0.031826861871419476
wind_before_curtailment_mw,Wind before curtailment proxy,Winter,INTELEC,Eleclink (INTELEC),lowest_20pct,2829,3169.5918604098265,-114.5882,5265.4885333334,359.8168964298339,210.0,418.29904559915167,58.48214916931778,508.961,1618,392,819,57.19335454224107,13.856486390950867,28.950159066808055
wind_before_curtailment_mw,Wind before curtailment proxy,Winter,INTELEC,Eleclink (INTELEC),20_40pct,2814,6903.112846211451,5265.9838000000045,8427.633199999998,347.62473347547973,376.0,457.7398720682303,110.11513859275053,489.108,1795,572,447,63.78820184790334,20.326936744847192,15.884861407249467
wind_before_curtailment_mw,Wind before curtailment proxy,Winter,INTELEC,Eleclink (INTELEC),40_60pct,2870,9931.952764231686,8427.725800000879,11376.034466665877,387.26132404181186,436.0,476.406968641115,89.14564459930314,555.72,1831,518,521,63.79790940766551,18.048780487804876,18.153310104529616
wind_before_curtailment_mw,Wind before curtailment proxy,Winter,INTELEC,Eleclink (INTELEC),60_80pct,2498,12780.549076845575,11376.3726,14205.201007471338,375.4955964771817,282.0,428.42514011208965,52.92954363490793,468.99399999999997,1506,398,594,60.28823058446757,15.932746196957567,23.77902321857486
wind_before_curtailment_mw,Wind before curtailment proxy,Winter,INTELEC,Eleclink (INTELEC),highest_20pct,3484,16243.425947939295,14207.83033333334,20432.2055777778,248.91044776119404,51.0,360.7675086107922,111.85706084959816,433.602,1821,792,871,52.26750861079219,22.732491389207805,25.0
wind_before_curtailment_mw,Wind before curtailment proxy,Winter,INTEW,Ireland(East-West),lowest_20pct,3763,3092.8111669145364,-114.5882,5265.4885333334,-97.39197448844007,-2.0,76.52245548764284,173.9144299760829,-183.24300000000002,1059,1891,813,28.142439542917884,50.252458145097,21.60510231198512
wind_before_curtailment_mw,Wind before curtailment proxy,Winter,INTEW,Ireland(East-West),20_40pct,3760,6860.594379584847,5265.9838000000045,8427.633199999998,-97.04042553191489,0.0,58.943617021276594,155.9840425531915,-182.436,948,1849,963,25.21276595744681,49.17553191489362,25.611702127659576
wind_before_curtailment_mw,Wind before curtailment proxy,Winter,INTEW,Ireland(East-West),40_60pct,3755,9955.992600624486,8427.725800000879,11376.034466665877,-124.05272969374168,-10.0,52.58055925432756,176.63328894806924,-232.90900000000002,811,1948,996,21.59786950732357,51.87749667110519,26.524633821571236
wind_before_curtailment_mw,Wind before curtailment proxy,Winter,INTEW,Ireland(East-West),60_80pct,3761,12805.892106875895,11376.3726,14207.466000000006,-61.16990162190907,0.0,74.57325179473544,135.7431534166445,-115.03,1079,1672,1010,28.68917840999734,44.45626163254454,26.854559957458125
wind_before_curtailment_mw,Wind before curtailment proxy,Winter,INTEW,Ireland(East-West),highest_20pct,3760,16126.08072835652,14207.83033333334,20432.2055777778,-57.4281914893617,0.0,65.79361702127659,123.2218085106383,-107.965,1108,1561,1091,29.46808510638298,41.51595744680851,29.01595744680851
wind_before_curtailment_mw,Wind before curtailment proxy,Winter,INTFR,France(IFA),lowest_20pct,3763,3092.8111669145364,-114.5882,5265.4885333334,804.977943130481,972.0,924.808929045974,119.83098591549296,1514.566,2909,843,11,77.30534148285942,22.402338559659846,0.29231995748073347
wind_before_curtailment_mw,Wind before curtailment proxy,Winter,INTFR,France(IFA),20_40pct,3760,6860.594379584847,5265.9838000000045,8427.633199999998,626.311170212766,736.0,807.3654255319149,181.05425531914895,1177.465,2623,1128,9,69.76063829787233,30.0,0.23936170212765956
wind_before_curtailment_mw,Wind before curtailment proxy,Winter,INTFR,France(IFA),40_60pct,3755,9955.992600624486,8427.725800000879,11376.034466665877,701.11637816245,914.0,853.9291611185087,152.81278295605858,1316.346,2782,968,5,74.0878828229028,25.77896138482024,0.13315579227696406
wind_before_curtailment_mw,Wind before curtailment proxy,Winter,INTFR,France(IFA),60_80pct,3761,12805.892106875895,11376.3726,14207.466000000006,439.9590534432332,504.0,668.6647168306301,228.70566338739698,827.343,2414,1329,18,64.18505716564744,35.336346716298856,0.47859611805370916
wind_before_curtailment_mw,Wind before curtailment proxy,Winter,INTFR,France(IFA),highest_20pct,3760,16126.08072835652,14207.83033333334,20432.2055777778,384.6654255319149,514.0,718.8085106382979,334.14308510638296,723.171,2364,1392,4,62.87234042553192,37.02127659574468,0.10638297872340426
wind_before_curtailment_mw,Wind before curtailment proxy,Winter,INTGRNL,Ireland (Greenlink),lowest_20pct,371,3862.3377852802796,955.9150000000004,5253.668800000001,-352.4851752021563,-514.0,38.36657681940701,390.85175202156336,-65.386,41,322,8,11.05121293800539,86.79245283018868,2.15633423180593
wind_before_curtailment_mw,Wind before curtailment proxy,Winter,INTGRNL,Ireland (Greenlink),20_40pct,555,6969.671042348092,5265.9838000000045,8427.633199999998,-293.02702702702703,-514.0,56.443243243243245,349.47027027027025,-81.315,105,433,17,18.91891891891892,78.01801801801803,3.063063063063063
wind_before_curtailment_mw,Wind before curtailment proxy,Winter,INTGRNL,Ireland (Greenlink),40_60pct,709,9938.259577206787,8427.725800000879,11376.034466665877,-343.28067700987305,-514.0,34.20028208744711,377.4809590973202,-121.693,85,594,30,11.988716502115656,83.77997179125529,4.231311706629055
wind_before_curtailment_mw,Wind before curtailment proxy,Winter,INTGRNL,Ireland (Greenlink),60_80pct,519,12570.698516948622,11383.953799999992,14205.024723808863,-262.90558766859345,-418.0,54.96724470134875,317.8728323699422,-68.224,92,397,30,17.726396917148364,76.49325626204238,5.780346820809249
wind_before_curtailment_mw,Wind before curtailment proxy,Winter,INTGRNL,Ireland (Greenlink),highest_20pct,774,17178.25805365087,14221.684799998797,20432.2055777778,-180.65891472868216,-330.0,92.66925064599484,273.328165374677,-69.915,267,506,1,34.49612403100775,65.37467700258398,0.12919896640826875
wind_before_curtailment_mw,Wind before curtailment proxy,Winter,INTIFA2,IFA2 (INTIFA2),lowest_20pct,3763,3092.8111669145364,-114.5882,5265.4885333334,342.7222960403933,372.0,450.9752856763221,108.25298963592878,644.832,2320,1439,4,61.6529364868456,38.240765346797765,0.10629816635663034
wind_before_curtailment_mw,Wind before curtailment proxy,Winter,INTIFA2,IFA2 (INTIFA2),20_40pct,3760,6860.594379584847,5265.9838000000045,8427.633199999998,192.9,30.0,341.6718085106383,148.7718085106383,362.652,1908,1846,6,50.744680851063826,49.09574468085106,0.15957446808510636
wind_before_curtailment_mw,Wind before curtailment proxy,Winter,INTIFA2,IFA2 (INTIFA2),40_60pct,3755,9955.992600624486,8427.725800000879,11376.034466665877,305.392809587217,236.0,414.0553928095872,108.66258322237017,573.375,2098,1655,2,55.87217043941411,44.0745672436751,0.05326231691078562
wind_before_curtailment_mw,Wind before curtailment proxy,Winter,INTIFA2,IFA2 (INTIFA2),60_80pct,3761,12805.892106875895,11376.3726,14207.466000000006,197.93937782504653,10.0,364.4551980856155,166.515820260569,372.22499999999997,1885,1869,7,50.119649029513425,49.694230257910135,0.18612071257644244
wind_before_curtailment_mw,Wind before curtailment proxy,Winter,INTIFA2,IFA2 (INTIFA2),highest_20pct,3760,16126.08072835652,14207.83033333334,20432.2055777778,112.81276595744681,-4.0,280.4457446808511,167.63297872340425,212.088,1586,2173,1,42.18085106382979,57.79255319148936,0.026595744680851064
wind_before_curtailment_mw,Wind before curtailment proxy,Winter,INTIRL,Northern Ireland(Moyle),lowest_20pct,3763,3092.8111669145364,-114.5882,5265.4885333334,-111.61307467446187,-180.0,95.72947116662237,207.34254584108425,-210.0,1425,2254,84,37.86872176454956,59.8990167419612,2.2322614934892373
wind_before_curtailment_mw,Wind before curtailment proxy,Winter,INTIRL,Northern Ireland(Moyle),20_40pct,3760,6860.594379584847,5265.9838000000045,8427.633199999998,-124.82287234042553,-199.0,87.2468085106383,212.06968085106382,-234.667,1302,2400,58,34.62765957446808,63.829787234042556,1.5425531914893618
wind_before_curtailment_mw,Wind before curtailment proxy,Winter,INTIRL,Northern Ireland(Moyle),40_60pct,3755,9955.992600624486,8427.725800000879,11376.034466665877,-153.38801597869508,-266.0,73.2,226.58801597869507,-287.986,1162,2526,67,30.945406125166446,67.27030625832224,1.7842876165113184
wind_before_curtailment_mw,Wind before curtailment proxy,Winter,INTIRL,Northern Ireland(Moyle),60_80pct,3761,12805.892106875895,11376.3726,14207.466000000006,-77.04333953735708,-74.0,93.26083488433927,170.30417442169636,-144.88,1552,2126,83,41.265620845519805,56.527519276788084,2.206859877692103
wind_before_curtailment_mw,Wind before curtailment proxy,Winter,INTIRL,Northern Ireland(Moyle),highest_20pct,3760,16126.08072835652,14207.83033333334,20432.2055777778,-76.60372340425532,-74.0,92.97765957446809,169.5813829787234,-144.015,1471,2156,133,39.12234042553192,57.340425531914896,3.537234042553192
wind_before_curtailment_mw,Wind before curtailment proxy,Winter,INTNED,Netherlands(BritNed),lowest_20pct,3763,3092.8111669145364,-114.5882,5265.4885333334,535.4823279298432,674.0,575.0305607228275,39.54823279298432,1007.51,2916,285,562,77.49136327398352,7.573744352909912,14.934892373106564
wind_before_curtailment_mw,Wind before curtailment proxy,Winter,INTNED,Netherlands(BritNed),20_40pct,3760,6860.594379584847,5265.9838000000045,8427.633199999998,445.82712765957444,574.0,531.4914893617022,85.66436170212766,838.155,2755,591,414,73.27127659574468,15.71808510638298,11.01063829787234
wind_before_curtailment_mw,Wind before curtailment proxy,Winter,INTNED,Netherlands(BritNed),40_60pct,3755,9955.992600624486,8427.725800000879,11376.034466665877,434.2753661784288,576.0,533.0982689747004,98.82290279627163,815.352,2680,643,432,71.37150466045273,17.123834886817576,11.504660452729693
wind_before_curtailment_mw,Wind before curtailment proxy,Winter,INTNED,Netherlands(BritNed),60_80pct,3761,12805.892106875895,11376.3726,14207.466000000006,425.41558096251,528.0,515.1220420101037,89.70646104759372,799.994,2592,678,491,68.91784099973411,18.02712044668971,13.055038553576177
wind_before_curtailment_mw,Wind before curtailment proxy,Winter,INTNED,Netherlands(BritNed),highest_20pct,3760,16126.08072835652,14207.83033333334,20432.2055777778,187.74202127659575,100.0,357.6531914893617,169.91117021276597,352.955,2009,1047,704,53.430851063829785,27.845744680851066,18.72340425531915
wind_before_curtailment_mw,Wind before curtailment proxy,Winter,INTNEM,Belgium (Nemolink),lowest_20pct,3763,3092.8111669145364,-114.5882,5265.4885333334,575.5886260961998,800.0,644.5702896625033,68.98166356630348,1082.97,3201,544,18,85.06510762689344,14.456550624501727,0.4783417486048365
wind_before_curtailment_mw,Wind before curtailment proxy,Winter,INTNEM,Belgium (Nemolink),20_40pct,3760,6860.594379584847,5265.9838000000045,8427.633199999998,381.90159574468083,540.0,505.1281914893617,123.22659574468085,717.975,2742,974,44,72.92553191489361,25.904255319148938,1.1702127659574468
wind_before_curtailment_mw,Wind before curtailment proxy,Winter,INTNEM,Belgium (Nemolink),40_60pct,3755,9955.992600624486,8427.725800000879,11376.034466665877,437.782689747004,624.0,538.4516644474035,100.66897470039947,821.937,2821,824,110,75.12649800266311,21.944074567243675,2.929427430093209
wind_before_curtailment_mw,Wind before curtailment proxy,Winter,INTNEM,Belgium (Nemolink),60_80pct,3761,12805.892106875895,11376.3726,14207.466000000006,473.8984312682797,656.0,562.4392448816805,88.54081361340069,891.166,2928,762,71,77.85163520340335,20.26056899760702,1.8877957989896306
wind_before_curtailment_mw,Wind before curtailment proxy,Winter,INTNEM,Belgium (Nemolink),highest_20pct,3760,16126.08072835652,14207.83033333334,20432.2055777778,196.01755319148936,287.0,413.2893617021277,217.2718085106383,368.513,2284,1428,48,60.744680851063826,37.97872340425532,1.276595744680851
wind_before_curtailment_mw,Wind before curtailment proxy,Winter,INTNSL,North Sea Link (INTNSL),lowest_20pct,3763,3092.8111669145364,-114.5882,5265.4885333334,1005.6779165559394,1258.0,1013.5620515546107,7.884134998671273,1892.183,3593,168,2,95.48232792984321,4.464522986978475,0.05314908317831517
wind_before_curtailment_mw,Wind before curtailment proxy,Winter,INTNSL,North Sea Link (INTNSL),20_40pct,3760,6860.594379584847,5265.9838000000045,8427.633199999998,925.9047872340426,1096.0,956.3718085106383,30.467021276595744,1740.701,3490,266,4,92.81914893617021,7.074468085106384,0.10638297872340426
wind_before_curtailment_mw,Wind before curtailment proxy,Winter,INTNSL,North Sea Link (INTNSL),40_60pct,3755,9955.992600624486,8427.725800000879,11376.034466665877,900.133688415446,1096.0,939.1254327563249,38.99174434087883,1690.0010000000002,3372,378,5,89.80026631158455,10.066577896138481,0.13315579227696406
wind_before_curtailment_mw,Wind before curtailment proxy,Winter,INTNSL,North Sea Link (INTNSL),60_80pct,3761,12805.892106875895,11376.3726,14207.466000000006,754.5833554905611,1048.0,855.3028449880351,100.71948949747407,1418.9940000000001,3143,587,31,83.56819994682266,15.607551183195959,0.8242488699813879
wind_before_curtailment_mw,Wind before curtailment proxy,Winter,INTNSL,North Sea Link (INTNSL),highest_20pct,3760,16126.08072835652,14207.83033333334,20432.2055777778,731.0324468085106,1080.0,861.3526595744681,130.32021276595745,1374.3410000000001,3068,690,2,81.59574468085107,18.351063829787233,0.05319148936170213
wind_before_curtailment_mw,Wind before curtailment proxy,Winter,INTVKL,Denmark (Viking link),lowest_20pct,1576,3091.199678951696,-114.5882,5265.4885333334,422.26015228426394,678.0,553.9175126903554,131.65736040609136,332.741,1113,381,82,70.62182741116752,24.1751269035533,5.203045685279188
wind_before_curtailment_mw,Wind before curtailment proxy,Winter,INTVKL,Denmark (Viking link),20_40pct,1618,6938.689133296964,5265.9838000000045,8427.633199999998,285.89245982694683,470.0,487.9307787391842,202.03831891223734,231.287,1063,502,53,65.69839307787392,31.025957972805934,3.2756489493201486
wind_before_curtailment_mw,Wind before curtailment proxy,Winter,INTVKL,Denmark (Viking link),40_60pct,1804,9948.21746967674,8427.725800000879,11376.034466665877,496.9523281596452,698.0,667.5521064301552,170.59977827050997,448.251,1297,468,39,71.89578713968959,25.942350332594234,2.161862527716186
wind_before_curtailment_mw,Wind before curtailment proxy,Winter,INTVKL,Denmark (Viking link),60_80pct,1558,12731.51041862298,11383.953799999992,14205.201007471338,638.8806161745828,768.0,755.1720154043645,116.29139922978177,497.688,1198,317,43,76.89345314505776,20.346598202824133,2.7599486521181
wind_before_curtailment_mw,Wind before curtailment proxy,Winter,INTVKL,Denmark (Viking link),highest_20pct,2228,16497.204375074652,14209.738400000737,20432.2055777778,666.6301615798923,830.0,786.12118491921,119.49102333931778,742.626,1712,392,124,76.84021543985638,17.594254937163374,5.565529622980251
wind_before_curtailment_mw,Wind before curtailment proxy,Winter,TOTAL_GB_INTERCONNECTORS,GB interconnector fleet total,lowest_20pct,3763,3092.8111669145364,-114.5882,5265.4885333334,3468.048897156524,3968.0,3636.5766675524847,168.52777039596066,6525.134,3373,390,0,89.63592878022854,10.364071219771459,0.0
wind_before_curtailment_mw,Wind before curtailment proxy,Winter,TOTAL_GB_INTERCONNECTORS,GB interconnector fleet total,20_40pct,3760,6860.594379584847,5265.9838000000045,8427.633199999998,2690.9175531914893,2877.0,2971.3984042553193,280.4808510638298,5058.925,3116,642,2,82.87234042553192,17.074468085106385,0.05319148936170213
wind_before_curtailment_mw,Wind before curtailment proxy,Winter,TOTAL_GB_INTERCONNECTORS,GB interconnector fleet total,40_60pct,3755,9955.992600624486,8427.725800000879,11376.034466665877,2971.1818908122505,3120.0,3176.1501997336886,204.96830892143808,5578.394,3186,569,0,84.8468708388815,15.153129161118509,0.0
wind_before_curtailment_mw,Wind before curtailment proxy,Winter,TOTAL_GB_INTERCONNECTORS,GB interconnector fleet total,60_80pct,3761,12805.892106875895,11376.3726,14207.466000000006,2631.358681201808,2694.0,2868.7136399893643,237.3549587875565,4948.27,3130,627,4,83.22254719489499,16.671098112204202,0.10635469290082426
wind_before_curtailment_mw,Wind before curtailment proxy,Winter,TOTAL_GB_INTERCONNECTORS,GB interconnector fleet total,highest_20pct,3760,16126.08072835652,14207.83033333334,20432.2055777778,2066.7026595744683,2236.0,2607.592021276596,540.8893617021276,3885.401,2753,1007,0,73.21808510638299,26.78191489361702,0.0
wind_before_curtailment_mw,Wind before curtailment proxy,Spring,INTELEC,Eleclink (INTELEC),lowest_20pct,2397,1617.4996324850508,52.42120000000001,2574.3596,789.5536086775136,996.0,815.0296203587818,25.47601168126825,946.28,2157,147,93,89.98748435544431,6.132665832290362,3.879849812265332
wind_before_curtailment_mw,Wind before curtailment proxy,Spring,INTELEC,Eleclink (INTELEC),20_40pct,2739,3543.5453681633862,2579.7985999999987,4507.708199999999,748.8981380065717,996.0,778.7345746622855,29.836436655713765,1025.616,2424,193,122,88.49945235487404,7.046367287331143,4.454180357794816
wind_before_curtailment_mw,Wind before curtailment proxy,Spring,INTELEC,Eleclink (INTELEC),40_60pct,2725,5621.964369302286,4508.498,6820.248400000002,708.7280733944954,994.0,740.3478899082569,31.619816513761467,965.642,2315,175,235,84.95412844036697,6.422018348623854,8.623853211009175
wind_before_curtailment_mw,Wind before curtailment proxy,Spring,INTELEC,Eleclink (INTELEC),60_80pct,2796,8527.71123875068,6820.868399999999,10532.172800000002,732.3505007153076,996.0,769.60443490701,37.253934191702434,1023.826,2466,228,102,88.19742489270385,8.15450643776824,3.648068669527897
wind_before_curtailment_mw,Wind before curtailment proxy,Spring,INTELEC,Eleclink (INTELEC),highest_20pct,2785,13360.093570663532,10533.216133333202,20191.140466666995,591.7127468581688,876.0,646.813644524237,55.10089766606822,823.96,2241,310,234,80.46678635547576,11.131059245960502,8.402154398563734
wind_before_curtailment_mw,Wind before curtailment proxy,Spring,INTEW,Ireland(East-West),lowest_20pct,3504,1530.4934917427704,-4.5900000000000025,2575.7899999999995,-144.83390410958904,0.0,8.498287671232877,153.33219178082192,-253.749,158,1427,1919,4.509132420091324,40.72488584474886,54.76598173515982
wind_before_curtailment_mw,Wind before curtailment proxy,Spring,INTEW,Ireland(East-West),20_40pct,3502,3530.1453733293874,2577.208,4507.732,-171.24100513992005,0.0,13.341519131924615,184.58252427184465,-299.843,223,1741,1538,6.367789834380353,49.71444888635066,43.917761279268994
wind_before_curtailment_mw,Wind before curtailment proxy,Spring,INTEW,Ireland(East-West),40_60pct,3504,5598.99653263377,4508.498,6820.248400000002,-153.12043378995435,0.0,23.267123287671232,176.38755707762556,-268.267,373,1636,1495,10.644977168949772,46.68949771689498,42.66552511415525
wind_before_curtailment_mw,Wind before curtailment proxy,Spring,INTEW,Ireland(East-West),60_80pct,3503,8588.69125079843,6820.868399999999,10532.172800000002,-150.55609477590636,0.0,17.450185555238367,168.00628033114472,-263.699,310,1681,1512,8.849557522123893,47.98743933771053,43.16300314016557
wind_before_curtailment_mw,Wind before curtailment proxy,Spring,INTEW,Ireland(East-West),highest_20pct,3504,13144.637498943475,10533.216133333202,20191.140466666995,-121.34246575342466,0.0,37.291666666666664,158.63413242009133,-212.592,582,1624,1298,16.60958904109589,46.34703196347032,37.04337899543379
wind_before_curtailment_mw,Wind before curtailment proxy,Spring,INTFR,France(IFA),lowest_20pct,3504,1530.4934917427704,-4.5900000000000025,2575.7899999999995,744.8367579908676,1002.0,887.2842465753424,142.44748858447488,1304.954,2590,904,10,73.91552511415526,25.799086757990867,0.28538812785388123
wind_before_curtailment_mw,Wind before curtailment proxy,Spring,INTFR,France(IFA),20_40pct,3502,3530.1453733293874,2577.208,4507.732,916.1010850942318,1004.0,1038.464877213021,122.36379211878926,1604.093,2814,688,0,80.35408338092519,19.645916619074814,0.0
wind_before_curtailment_mw,Wind before curtailment proxy,Spring,INTFR,France(IFA),40_60pct,3504,5598.99653263377,4508.498,6820.248400000002,844.9537671232877,1004.0,988.7220319634703,143.76826484018264,1480.359,2741,762,1,78.22488584474885,21.746575342465754,0.028538812785388126
wind_before_curtailment_mw,Wind before curtailment proxy,Spring,INTFR,France(IFA),60_80pct,3503,8588.69125079843,6820.868399999999,10532.172800000002,798.4858692549243,1002.0,923.2880388238652,124.80216956894091,1398.548,2685,799,19,76.64858692549244,22.809020839280617,0.5423922352269483
wind_before_curtailment_mw,Wind before curtailment proxy,Spring,INTFR,France(IFA),highest_20pct,3504,13144.637498943475,10533.216133333202,20191.140466666995,581.4589041095891,794.0,788.3127853881278,206.8538812785388,1018.716,2458,1042,4,70.14840182648402,29.73744292237443,0.1141552511415525
wind_before_curtailment_mw,Wind before curtailment proxy,Spring,INTGRNL,Ireland (Greenlink),lowest_20pct,679,1736.4313064310263,52.42120000000001,2568.675999999999,-424.3298969072165,-514.0,9.63181148748159,433.96170839469806,-144.06,61,614,4,8.98379970544919,90.42709867452136,0.5891016200294551
wind_before_curtailment_mw,Wind before curtailment proxy,Spring,INTGRNL,Ireland (Greenlink),20_40pct,861,3476.05362317396,2580.605999999999,4504.687999999998,-367.9953542392567,-514.0,22.91521486643438,390.9105691056911,-158.422,130,717,14,15.098722415795587,83.27526132404182,1.6260162601626018
wind_before_curtailment_mw,Wind before curtailment proxy,Spring,INTGRNL,Ireland (Greenlink),40_60pct,978,5600.847418023835,4508.498,6817.500000000001,-391.9672801635992,-514.0,18.34355828220859,410.31083844580775,-191.672,86,878,14,8.793456032719837,89.77505112474438,1.4314928425357873
wind_before_curtailment_mw,Wind before curtailment proxy,Spring,INTGRNL,Ireland (Greenlink),60_80pct,970,8441.182556354132,6824.250266666801,10520.670000000002,-407.579381443299,-514.0,15.0,422.579381443299,-197.67600000000002,75,895,0,7.731958762886598,92.26804123711341,0.0
wind_before_curtailment_mw,Wind before curtailment proxy,Spring,INTGRNL,Ireland (Greenlink),highest_20pct,784,13783.594824181782,10533.216133333202,20191.140466666995,-321.94897959183675,-496.0,39.48979591836735,361.4387755102041,-126.20400000000001,123,660,1,15.688775510204081,84.18367346938776,0.12755102040816327
wind_before_curtailment_mw,Wind before curtailment proxy,Spring,INTIFA2,IFA2 (INTIFA2),lowest_20pct,3504,1530.4934917427704,-4.5900000000000025,2575.7899999999995,435.6472602739726,906.0,599.9908675799087,164.34360730593608,763.254,2508,995,1,71.57534246575342,28.39611872146119,0.028538812785388126
wind_before_curtailment_mw,Wind before curtailment proxy,Spring,INTIFA2,IFA2 (INTIFA2),20_40pct,3502,3530.1453733293874,2577.208,4507.732,539.7664191890349,946.0,661.9446030839521,122.1781838949172,945.131,2759,739,4,78.78355225585379,21.102227298686465,0.1142204454597373
wind_before_curtailment_mw,Wind before curtailment proxy,Spring,INTIFA2,IFA2 (INTIFA2),40_60pct,3504,5598.99653263377,4508.498,6820.248400000002,469.9651826484018,930.0,630.0045662100457,160.03938356164383,823.379,2623,877,4,74.85730593607306,25.02853881278539,0.1141552511415525
wind_before_curtailment_mw,Wind before curtailment proxy,Spring,INTIFA2,IFA2 (INTIFA2),60_80pct,3503,8588.69125079843,6820.868399999999,10532.172800000002,448.4538966600057,846.0,592.6268912360833,144.17299457607766,785.467,2530,969,4,72.2238081644305,27.662003996574363,0.11418783899514702
wind_before_curtailment_mw,Wind before curtailment proxy,Spring,INTIFA2,IFA2 (INTIFA2),highest_20pct,3504,13144.637498943475,10533.216133333202,20191.140466666995,312.3921232876712,627.0,523.2345890410959,210.84246575342465,547.311,2444,1057,3,69.74885844748859,30.16552511415525,0.08561643835616438
wind_before_curtailment_mw,Wind before curtailment proxy,Spring,INTIRL,Northern Ireland(Moyle),lowest_20pct,3504,1530.4934917427704,-4.5900000000000025,2575.7899999999995,-227.20890410958904,-312.0,39.970319634703195,267.17922374429224,-398.07,702,2738,64,20.034246575342465,78.1392694063927,1.82648401826484
wind_before_curtailment_mw,Wind before curtailment proxy,Spring,INTIRL,Northern Ireland(Moyle),20_40pct,3502,3530.1453733293874,2577.208,4507.732,-247.42147344374644,-376.0,36.327241576242145,283.7487150199886,-433.235,606,2793,103,17.3043974871502,79.75442604226156,2.941176470588235
wind_before_curtailment_mw,Wind before curtailment proxy,Spring,INTIRL,Northern Ireland(Moyle),40_60pct,3504,5598.99653263377,4508.498,6820.248400000002,-208.74543378995435,-343.0,53.489155251141554,262.2345890410959,-365.722,812,2583,109,23.17351598173516,73.71575342465754,3.1107305936073057
wind_before_curtailment_mw,Wind before curtailment proxy,Spring,INTIRL,Northern Ireland(Moyle),60_80pct,3503,8588.69125079843,6820.868399999999,10532.172800000002,-220.15186982586354,-330.0,44.18669711675707,264.3385669426206,-385.596,683,2719,101,19.497573508421354,77.61918355695119,2.883242934627462
wind_before_curtailment_mw,Wind before curtailment proxy,Spring,INTIRL,Northern Ireland(Moyle),highest_20pct,3504,13144.637498943475,10533.216133333202,20191.140466666995,-146.86529680365297,-226.0,71.13869863013699,218.00399543378995,-257.308,1051,2346,107,29.99429223744292,66.95205479452055,3.0536529680365296
wind_before_curtailment_mw,Wind before curtailment proxy,Spring,INTNED,Netherlands(BritNed),lowest_20pct,3504,1530.4934917427704,-4.5900000000000025,2575.7899999999995,317.5068493150685,502.0,505.98059360730593,188.47374429223746,556.272,2323,1033,148,66.29566210045662,29.480593607305938,4.223744292237443
wind_before_curtailment_mw,Wind before curtailment proxy,Spring,INTNED,Netherlands(BritNed),20_40pct,3502,3530.1453733293874,2577.208,4507.732,397.01484865790974,614.0,544.6727584237578,147.65790976584807,695.173,2439,812,251,69.64591661907481,23.186750428326672,7.167332952598516
wind_before_curtailment_mw,Wind before curtailment proxy,Spring,INTNED,Netherlands(BritNed),40_60pct,3504,5598.99653263377,4508.498,6820.248400000002,355.1312785388128,513.0,507.27853881278537,152.1472602739726,622.19,2313,852,339,66.01027397260275,24.315068493150687,9.674657534246576
wind_before_curtailment_mw,Wind before curtailment proxy,Spring,INTNED,Netherlands(BritNed),60_80pct,3503,8588.69125079843,6820.868399999999,10532.172800000002,328.71881244647443,502.0,493.9126463031687,165.19383385669425,575.751,2302,948,253,65.71510134170711,27.062517841849843,7.2223808164430485
wind_before_curtailment_mw,Wind before curtailment proxy,Spring,INTNED,Netherlands(BritNed),highest_20pct,3504,13144.637498943475,10533.216133333202,20191.140466666995,117.29452054794521,212.0,407.2009132420091,289.9063926940639,205.5,1937,1415,152,55.2796803652968,40.3824200913242,4.337899543378995
wind_before_curtailment_mw,Wind before curtailment proxy,Spring,INTNEM,Belgium (Nemolink),lowest_20pct,3504,1530.4934917427704,-4.5900000000000025,2575.7899999999995,401.6421232876712,624.0,544.5816210045662,142.93949771689498,703.677,2634,856,14,75.17123287671232,24.429223744292237,0.3995433789954338
wind_before_curtailment_mw,Wind before curtailment proxy,Spring,INTNEM,Belgium (Nemolink),20_40pct,3502,3530.1453733293874,2577.208,4507.732,445.9263278126785,640.0,554.2604226156482,108.33409480296973,780.817,2739,746,17,78.21245002855511,21.302113078241007,0.48543689320388345
wind_before_curtailment_mw,Wind before curtailment proxy,Spring,INTNEM,Belgium (Nemolink),40_60pct,3504,5598.99653263377,4508.498,6820.248400000002,424.2796803652968,650.0,556.2089041095891,131.92922374429224,743.338,2667,821,16,76.11301369863014,23.430365296803654,0.45662100456621
wind_before_curtailment_mw,Wind before curtailment proxy,Spring,INTNEM,Belgium (Nemolink),60_80pct,3503,8588.69125079843,6820.868399999999,10532.172800000002,391.77790465315445,538.0,514.0291178989438,122.25121324578933,686.199,2611,868,24,74.53611190408222,24.778761061946902,0.6851270339708821
wind_before_curtailment_mw,Wind before curtailment proxy,Spring,INTNEM,Belgium (Nemolink),highest_20pct,3504,13144.637498943475,10533.216133333202,20191.140466666995,198.29680365296804,345.0,426.4189497716895,228.12214611872147,347.416,2163,1313,28,61.72945205479452,37.47146118721461,0.7990867579908676
wind_before_curtailment_mw,Wind before curtailment proxy,Spring,INTNSL,North Sea Link (INTNSL),lowest_20pct,3504,1530.4934917427704,-4.5900000000000025,2575.7899999999995,929.3127853881278,1096.0,973.3156392694063,44.00285388127854,1628.1560000000002,3126,376,2,89.21232876712328,10.730593607305936,0.05707762557077625
wind_before_curtailment_mw,Wind before curtailment proxy,Spring,INTNSL,North Sea Link (INTNSL),20_40pct,3502,3530.1453733293874,2577.208,4507.732,1008.5899486007995,1295.0,1043.9571673329526,35.367218732153056,1766.0410000000002,3171,319,12,90.54825813820673,9.10908052541405,0.34266133637921187
wind_before_curtailment_mw,Wind before curtailment proxy,Spring,INTNSL,North Sea Link (INTNSL),40_60pct,3504,5598.99653263377,4508.498,6820.248400000002,982.6381278538813,1260.0,1035.6969178082193,53.0587899543379,1721.582,3097,395,12,88.38470319634703,11.27283105022831,0.3424657534246575
wind_before_curtailment_mw,Wind before curtailment proxy,Spring,INTNSL,North Sea Link (INTNSL),60_80pct,3503,8588.69125079843,6820.868399999999,10532.172800000002,985.033399942906,1096.0,1015.764202112475,30.730802169568943,1725.286,3233,264,6,92.29232086782757,7.536397373679702,0.17128175849272054
wind_before_curtailment_mw,Wind before curtailment proxy,Spring,INTNSL,North Sea Link (INTNSL),highest_20pct,3504,13144.637498943475,10533.216133333202,20191.140466666995,521.7933789954338,698.0,689.1683789954338,167.375,914.182,2607,884,13,74.40068493150685,25.228310502283108,0.3710045662100456
wind_before_curtailment_mw,Wind before curtailment proxy,Spring,INTVKL,Denmark (Viking link),lowest_20pct,1519,1608.4730353302612,52.42120000000001,2572.7186,474.64384463462807,742.0,610.9677419354839,136.32389730085583,360.492,1085,355,79,71.42857142857143,23.37063857801185,5.200789993416722
wind_before_curtailment_mw,Wind before curtailment proxy,Spring,INTVKL,Denmark (Viking link),20_40pct,1472,3477.8731364445407,2579.7985999999987,4504.687999999998,428.3328804347826,658.0,564.4701086956521,136.13722826086956,315.253,989,353,130,67.1875,23.980978260869566,8.831521739130435
wind_before_curtailment_mw,Wind before curtailment proxy,Spring,INTVKL,Denmark (Viking link),40_60pct,1744,5623.385456321074,4508.498,6820.248400000002,362.0802752293578,330.0,497.4071100917431,135.3268348623853,315.734,1022,417,305,58.600917431192656,23.910550458715598,17.488532110091743
wind_before_curtailment_mw,Wind before curtailment proxy,Spring,INTVKL,Denmark (Viking link),60_80pct,1947,8481.784837076846,6824.250266666801,10522.566533334,368.01335387776066,420.0,530.6697483307653,162.65639445300462,358.261,1183,580,184,60.76014381099127,29.789419619928093,9.450436569080637
wind_before_curtailment_mw,Wind before curtailment proxy,Spring,INTVKL,Denmark (Viking link),highest_20pct,2006,13509.753876617193,10533.216133333202,20191.140466666995,126.37686939182453,0.0,392.65503489531403,266.2781655034895,126.756,886,830,290,44.16749750747756,41.37587238285145,14.456630109670987
wind_before_curtailment_mw,Wind before curtailment proxy,Spring,TOTAL_GB_INTERCONNECTORS,GB interconnector fleet total,lowest_20pct,3504,1530.4934917427704,-4.5900000000000025,2575.7899999999995,3120.551369863014,3888.0,3573.0582191780823,452.5068493150685,5467.206,2924,580,0,83.44748858447488,16.552511415525114,0.0
wind_before_curtailment_mw,Wind before curtailment proxy,Spring,TOTAL_GB_INTERCONNECTORS,GB interconnector fleet total,20_40pct,3502,3530.1453733293874,2577.208,4507.732,3564.034266133638,4245.0,3844.56025128498,280.52598515134207,6240.624,3066,433,3,87.54997144488863,12.364363221016562,0.08566533409480297
wind_before_curtailment_mw,Wind before curtailment proxy,Spring,TOTAL_GB_INTERCONNECTORS,GB interconnector fleet total,40_60pct,3504,5598.99653263377,4508.498,6820.248400000002,3337.0793378995436,4066.0,3692.9828767123286,355.90353881278537,5846.563,2999,504,1,85.587899543379,14.383561643835616,0.028538812785388126
wind_before_curtailment_mw,Wind before curtailment proxy,Spring,TOTAL_GB_INTERCONNECTORS,GB interconnector fleet total,60_80pct,3503,8588.69125079843,6820.868399999999,10532.172800000002,3257.9885812161006,3598.0,3508.3145874964316,250.32600628033114,5706.367,3075,428,0,87.78190122751927,12.21809877248073,0.0
wind_before_curtailment_mw,Wind before curtailment proxy,Spring,TOTAL_GB_INTERCONNECTORS,GB interconnector fleet total,highest_20pct,3504,13144.637498943475,10533.216133333202,20191.140466666995,1933.6398401826484,2017.0,2528.2836757990867,594.6438356164383,3387.737,2547,957,0,72.68835616438356,27.31164383561644,0.0
wind_before_curtailment_mw,Wind before curtailment proxy,Summer,INTELEC,Eleclink (INTELEC),lowest_20pct,2868,1205.0077800879437,-40.40199999999999,1988.8760000000009,234.76847977684798,506.0,492.5543933054393,257.7859135285914,336.658,1677,1081,110,58.47280334728033,37.691771269177124,3.8354253835425385
wind_before_curtailment_mw,Wind before curtailment proxy,Summer,INTELEC,Eleclink (INTELEC),20_40pct,3491,2751.5573087189277,1989.6748000000011,3500.3542000000016,277.33371526783156,592.0,514.8547694070467,237.52105413921512,484.086,2168,1125,198,62.10254941277571,32.22572328845603,5.671727298768261
wind_before_curtailment_mw,Wind before curtailment proxy,Summer,INTELEC,Eleclink (INTELEC),40_60pct,3536,4381.168377654041,3500.7300000000014,5425.185266666606,416.8156108597285,894.0,597.7533936651583,180.93778280542986,736.93,2493,840,203,70.50339366515837,23.755656108597282,5.740950226244344
wind_before_curtailment_mw,Wind before curtailment proxy,Summer,INTELEC,Eleclink (INTELEC),60_80pct,3688,6696.369456633084,5425.821599999999,8314.965999999999,398.86659436008676,775.0,568.691431670282,169.82483731019522,735.51,2614,870,204,70.87852494577007,23.59002169197397,5.531453362255966
wind_before_curtailment_mw,Wind before curtailment proxy,Summer,INTELEC,Eleclink (INTELEC),highest_20pct,3933,11553.799717075632,8315.280000000002,18984.820333332627,292.5507246376812,370.0,452.46325959827107,159.91253496058988,575.301,2508,1159,266,63.76811594202898,29.468599033816425,6.763285024154589
wind_before_curtailment_mw,Wind before curtailment proxy,Summer,INTEW,Ireland(East-West),lowest_20pct,4100,1101.5953890956641,-54.174,1988.8760000000009,-183.99365853658537,-118.0,32.701951219512196,216.69560975609755,-377.187,610,2481,1009,14.878048780487804,60.512195121951216,24.609756097560975
wind_before_curtailment_mw,Wind before curtailment proxy,Summer,INTEW,Ireland(East-West),20_40pct,4096,2741.9211461762147,1989.6748000000011,3500.3542000000016,-173.96533203125,-112.0,32.80029296875,206.765625,-356.281,586,2485,1025,14.306640625,60.6689453125,25.0244140625
wind_before_curtailment_mw,Wind before curtailment proxy,Summer,INTEW,Ireland(East-West),40_60pct,4098,4384.796423959173,3500.7300000000014,5425.185266666606,-201.7271839921913,-184.0,34.50073206442167,236.22791605661297,-413.339,580,2674,844,14.153245485602733,65.2513421181064,20.595412396290875
wind_before_curtailment_mw,Wind before curtailment proxy,Summer,INTEW,Ireland(East-West),60_80pct,4099,6697.3988529062735,5425.821599999999,8314.965999999999,-177.7453037326177,-142.0,46.37570139058307,224.12100512320077,-364.289,732,2500,867,17.858014149792634,60.990485484264454,21.151500365942912
wind_before_curtailment_mw,Wind before curtailment proxy,Summer,INTEW,Ireland(East-West),highest_20pct,4099,11461.488311602454,8315.280000000002,18984.820333332627,-193.5306172237131,-182.0,49.10124420590388,242.63186142961698,-396.641,798,2548,753,19.468162966577214,62.16150280556233,18.370334227860454
wind_before_curtailment_mw,Wind before curtailment proxy,Summer,INTFR,France(IFA),lowest_20pct,4100,1101.5953890956641,-54.174,1988.8760000000009,949.5190243902439,1370.0,1143.580487804878,194.06146341463415,1946.514,3045,1050,5,74.26829268292683,25.609756097560975,0.12195121951219512
wind_before_curtailment_mw,Wind before curtailment proxy,Summer,INTFR,France(IFA),20_40pct,4096,2741.9211461762147,1989.6748000000011,3500.3542000000016,857.728515625,1246.0,1043.89208984375,186.16357421875,1756.628,3024,1064,8,73.828125,25.9765625,0.1953125
wind_before_curtailment_mw,Wind before curtailment proxy,Summer,INTFR,France(IFA),40_60pct,4098,4384.796423959173,3500.7300000000014,5425.185266666606,985.6461688628599,1348.0,1140.7540263543192,155.10785749145924,2019.589,3253,842,3,79.38018545632015,20.546608101512934,0.07320644216691069
wind_before_curtailment_mw,Wind before curtailment proxy,Summer,INTFR,France(IFA),60_80pct,4099,6697.3988529062735,5425.821599999999,8314.965999999999,851.2193217858014,1230.0,1023.2881190534276,172.06879726762625,1744.574,3139,959,1,76.57965357404245,23.395950231763845,0.02439619419370578
wind_before_curtailment_mw,Wind before curtailment proxy,Summer,INTFR,France(IFA),highest_20pct,4099,11461.488311602454,8315.280000000002,18984.820333332627,480.55037814101,648.0,750.488411807758,269.93803366674797,984.888,2652,1433,14,64.69870700170773,34.959746279580386,0.3415467187118809
wind_before_curtailment_mw,Wind before curtailment proxy,Summer,INTGRNL,Ireland (Greenlink),lowest_20pct,553,1233.9964741872618,28.636199999999945,1987.8052,-410.35804701627484,-510.0,4.314647377938517,414.6726943942134,-113.464,30,522,1,5.424954792043399,94.39421338155516,0.18083182640144665
wind_before_curtailment_mw,Wind before curtailment proxy,Summer,INTGRNL,Ireland (Greenlink),20_40pct,711,2778.232794530002,1989.6748000000011,3500.3542000000016,-425.25457102672294,-514.0,8.123769338959212,433.37834036568216,-151.178,30,677,4,4.219409282700422,95.21800281293952,0.5625879043600562
wind_before_curtailment_mw,Wind before curtailment proxy,Summer,INTGRNL,Ireland (Greenlink),40_60pct,878,4369.068922326649,3500.7372,5425.185266666606,-404.49658314350796,-514.0,10.82004555808656,415.31662870159454,-177.574,53,818,7,6.0364464692482915,93.16628701594533,0.7972665148063782
wind_before_curtailment_mw,Wind before curtailment proxy,Summer,INTGRNL,Ireland (Greenlink),60_80pct,933,6639.100886830489,5425.821599999999,8309.374599999997,-385.17899249732045,-514.0,19.607717041800644,404.7867095391211,-179.686,74,850,9,7.931404072883172,91.10396570203643,0.964630225080386
wind_before_curtailment_mw,Wind before curtailment proxy,Summer,INTGRNL,Ireland (Greenlink),highest_20pct,1341,12583.190373108904,8318.5068666666,18984.820333332627,-313.6793437733035,-494.0,41.81357196122297,355.4929157345265,-210.322,194,1135,12,14.466815809097689,84.63832960477255,0.8948545861297539
wind_before_curtailment_mw,Wind before curtailment proxy,Summer,INTIFA2,IFA2 (INTIFA2),lowest_20pct,4100,1101.5953890956641,-54.174,1988.8760000000009,391.5170731707317,704.0,553.9526829268293,162.43560975609756,802.61,2793,1305,2,68.1219512195122,31.829268292682926,0.04878048780487805
wind_before_curtailment_mw,Wind before curtailment proxy,Summer,INTIFA2,IFA2 (INTIFA2),20_40pct,4096,2741.9211461762147,1989.6748000000011,3500.3542000000016,349.2294921875,700.0,535.09716796875,185.86767578125,715.222,2753,1338,5,67.2119140625,32.666015625,0.1220703125
wind_before_curtailment_mw,Wind before curtailment proxy,Summer,INTIFA2,IFA2 (INTIFA2),40_60pct,4098,4384.796423959173,3500.7300000000014,5425.185266666606,390.3850658857979,704.0,563.4089799902391,173.0239141044412,799.899,2831,1264,3,69.08247925817473,30.84431429965837,0.07320644216691069
wind_before_curtailment_mw,Wind before curtailment proxy,Summer,INTIFA2,IFA2 (INTIFA2),60_80pct,4099,6697.3988529062735,5425.821599999999,8314.965999999999,337.69163210539153,588.0,499.55159795071967,161.85996584532813,692.099,2692,1406,1,65.67455476945597,34.30104903635033,0.02439619419370578
wind_before_curtailment_mw,Wind before curtailment proxy,Summer,INTIFA2,IFA2 (INTIFA2),highest_20pct,4099,11461.488311602454,8315.280000000002,18984.820333332627,162.81678458160528,142.0,371.35398877775066,208.5372041961454,333.693,2240,1857,2,54.64747499390094,45.30373261771164,0.04879238838741156
wind_before_curtailment_mw,Wind before curtailment proxy,Summer,INTIRL,Northern Ireland(Moyle),lowest_20pct,4100,1101.5953890956641,-54.174,1988.8760000000009,-212.53268292682927,-256.0,28.298048780487804,240.83073170731709,-435.692,769,2897,434,18.75609756097561,70.65853658536585,10.585365853658537
wind_before_curtailment_mw,Wind before curtailment proxy,Summer,INTIRL,Northern Ireland(Moyle),20_40pct,4096,2741.9211461762147,1989.6748000000011,3500.3542000000016,-193.927734375,-230.0,25.81201171875,219.73974609375,-397.164,703,2827,566,17.1630859375,69.0185546875,13.818359375
wind_before_curtailment_mw,Wind before curtailment proxy,Summer,INTIRL,Northern Ireland(Moyle),40_60pct,4098,4384.796423959173,3500.7300000000014,5425.185266666606,-229.65056124938994,-302.0,21.308443142996584,250.95900439238653,-470.55400000000003,533,2994,571,13.006344558321132,73.06002928257686,13.933626159102
wind_before_curtailment_mw,Wind before curtailment proxy,Summer,INTIRL,Northern Ireland(Moyle),60_80pct,4099,6697.3988529062735,5425.821599999999,8314.965999999999,-194.2376189314467,-264.0,35.90875823371554,230.14637716516222,-398.09000000000003,718,2788,593,17.516467431080752,68.01658941205172,14.46694315686753
wind_before_curtailment_mw,Wind before curtailment proxy,Summer,INTIRL,Northern Ireland(Moyle),highest_20pct,4099,11461.488311602454,8315.280000000002,18984.820333332627,-192.71188094657234,-276.0,40.042937301780924,232.75481824835325,-394.963,831,2828,440,20.273237374969504,68.99243717979995,10.734325445230544
wind_before_curtailment_mw,Wind before curtailment proxy,Summer,INTNED,Netherlands(BritNed),lowest_20pct,4100,1101.5953890956641,-54.174,1988.8760000000009,423.86731707317074,707.0,554.4629268292683,130.59560975609756,868.928,2859,828,413,69.73170731707316,20.195121951219512,10.073170731707318
wind_before_curtailment_mw,Wind before curtailment proxy,Summer,INTNED,Netherlands(BritNed),20_40pct,4096,2741.9211461762147,1989.6748000000011,3500.3542000000016,231.4619140625,340.0,429.0966796875,197.634765625,474.034,2376,1266,454,58.0078125,30.908203125,11.083984375
wind_before_curtailment_mw,Wind before curtailment proxy,Summer,INTNED,Netherlands(BritNed),40_60pct,4098,4384.796423959173,3500.7300000000014,5425.185266666606,187.2776964372865,171.0,397.8555392874573,210.5778428501708,383.732,2202,1304,592,53.733528550512446,31.82040019521718,14.446071254270375
wind_before_curtailment_mw,Wind before curtailment proxy,Summer,INTNED,Netherlands(BritNed),60_80pct,4099,6697.3988529062735,5425.821599999999,8314.965999999999,15.515003659429128,0.0,323.7477433520371,308.23273969260794,31.798,1849,1761,489,45.10856306416199,42.96169797511588,11.929738960722128
wind_before_curtailment_mw,Wind before curtailment proxy,Summer,INTNED,Netherlands(BritNed),highest_20pct,4099,11461.488311602454,8315.280000000002,18984.820333332627,-228.23420346425956,-308.0,199.4437667723835,427.6779702366431,-467.766,1232,2359,508,30.05611124664552,57.55062210295194,12.393266650402538
wind_before_curtailment_mw,Wind before curtailment proxy,Summer,INTNEM,Belgium (Nemolink),lowest_20pct,4100,1101.5953890956641,-54.174,1988.8760000000009,492.3526829268293,804.0,618.8239024390244,126.47121951219512,1009.323,3192,884,24,77.85365853658537,21.5609756097561,0.5853658536585366
wind_before_curtailment_mw,Wind before curtailment proxy,Summer,INTNEM,Belgium (Nemolink),20_40pct,4096,2741.9211461762147,1989.6748000000011,3500.3542000000016,356.59765625,582.0,506.81787109375,150.22021484375,730.312,2906,1154,36,70.947265625,28.173828125,0.87890625
wind_before_curtailment_mw,Wind before curtailment proxy,Summer,INTNEM,Belgium (Nemolink),40_60pct,4098,4384.796423959173,3500.7300000000014,5425.185266666606,338.1224987798926,552.0,496.36359199609564,158.241093216203,692.813,2869,1199,30,70.00976085895559,29.258174719375308,0.7320644216691069
wind_before_curtailment_mw,Wind before curtailment proxy,Summer,INTNEM,Belgium (Nemolink),60_80pct,4099,6697.3988529062735,5425.821599999999,8314.965999999999,152.25859965845328,210.0,379.2154183947304,226.95681873627714,312.054,2431,1641,27,59.307148084898756,40.034154671871185,0.6586972432300561
wind_before_curtailment_mw,Wind before curtailment proxy,Summer,INTNEM,Belgium (Nemolink),highest_20pct,4099,11461.488311602454,8315.280000000002,18984.820333332627,-109.27494510856306,-164.0,264.5996584532813,373.87460356184437,-223.959,1804,2267,28,44.010734325445235,55.306172237131015,0.6830934374237618
wind_before_curtailment_mw,Wind before curtailment proxy,Summer,INTNSL,North Sea Link (INTNSL),lowest_20pct,2868,1205.0077800879437,-40.40199999999999,1988.8760000000009,972.8821478382148,1396.0,1015.9218967921897,43.03974895397489,1395.113,2525,319,24,88.04044630404462,11.122733612273361,0.8368200836820083
wind_before_curtailment_mw,Wind before curtailment proxy,Summer,INTNSL,North Sea Link (INTNSL),20_40pct,3491,2751.5573087189277,1989.6748000000011,3500.3542000000016,989.6568318533372,1396.0,1034.635920939559,44.97908908622171,1727.4460000000001,3056,408,27,87.53938699513033,11.68719564594672,0.7734173589229447
wind_before_curtailment_mw,Wind before curtailment proxy,Summer,INTNSL,North Sea Link (INTNSL),40_60pct,3536,4381.168377654041,3500.7300000000014,5425.185266666606,1010.5299773755656,1396.0,1057.4315610859728,46.90158371040724,1786.6170000000002,3106,357,73,87.8393665158371,10.096153846153847,2.0644796380090495
wind_before_curtailment_mw,Wind before curtailment proxy,Summer,INTNSL,North Sea Link (INTNSL),60_80pct,3688,6696.369456633084,5425.821599999999,8314.965999999999,941.9191973969631,1396.0,1000.3172451193059,58.39804772234273,1736.8990000000001,3150,412,126,85.412147505423,11.171366594360087,3.4164859002169194
wind_before_curtailment_mw,Wind before curtailment proxy,Summer,INTNSL,North Sea Link (INTNSL),highest_20pct,3933,11553.799717075632,8315.280000000002,18984.820333332627,524.8527841342486,696.0,687.1823035850496,162.32951945080092,1032.123,2678,1077,178,68.09051614543606,27.38367658276125,4.525807271802695
wind_before_curtailment_mw,Wind before curtailment proxy,Summer,INTVKL,Denmark (Viking link),lowest_20pct,1070,1237.8226329833853,28.636199999999945,1987.9898000000003,610.6990654205607,929.0,702.396261682243,91.69719626168224,326.724,850,154,66,79.43925233644859,14.392523364485982,6.16822429906542
wind_before_curtailment_mw,Wind before curtailment proxy,Summer,INTVKL,Denmark (Viking link),20_40pct,1399,2793.3163436295754,1989.6748000000011,3500.3542000000016,349.0092923516798,554.0,529.506790564689,180.4974982130093,244.132,879,392,128,62.83059328091494,28.02001429592566,9.1493924231594
wind_before_curtailment_mw,Wind before curtailment proxy,Summer,INTVKL,Denmark (Viking link),40_60pct,1837,4419.6400584565545,3500.7372,5425.185266666606,369.26183995645073,558.0,549.5449101796407,180.28307022318998,339.167,1152,525,160,62.71094175285792,28.579205225911814,8.709853021230266
wind_before_curtailment_mw,Wind before curtailment proxy,Summer,INTVKL,Denmark (Viking link),60_80pct,1975,6682.1200506647165,5425.821599999999,8314.35053333334,181.79443037974684,42.0,426.6146835443038,244.82025316455696,179.522,1012,693,270,51.24050632911392,35.08860759493671,13.670886075949367
wind_before_curtailment_mw,Wind before curtailment proxy,Summer,INTVKL,Denmark (Viking link),highest_20pct,2551,12102.767883676388,8318.5068666666,18984.820333332627,-59.538220305762444,0.0,318.2312818502548,377.76950215601727,-75.94100000000002,989,1270,292,38.769110152881225,49.784398275186206,11.446491571932576
wind_before_curtailment_mw,Wind before curtailment proxy,Summer,TOTAL_GB_INTERCONNECTORS,GB interconnector fleet total,lowest_20pct,4100,1101.5953890956641,-54.174,1988.8760000000009,2809.5253658536585,3764.0,3280.669756097561,471.1443902439024,5759.527,3227,873,0,78.70731707317074,21.29268292682927,0.0
wind_before_curtailment_mw,Wind before curtailment proxy,Summer,TOTAL_GB_INTERCONNECTORS,GB interconnector fleet total,20_40pct,4096,2741.9211461762147,1989.6748000000011,3500.3542000000016,2552.36181640625,3469.0,3071.43603515625,519.07421875,5227.237,3106,986,4,75.830078125,24.072265625,0.09765625
wind_before_curtailment_mw,Wind before curtailment proxy,Summer,TOTAL_GB_INTERCONNECTORS,GB interconnector fleet total,40_60pct,4098,4384.796423959173,3500.7300000000014,5425.185266666606,2780.5173255246464,3671.0,3292.1961932650074,511.67886774036117,5697.28,3219,878,1,78.55051244509517,21.425085407515862,0.02440214738897023
wind_before_curtailment_mw,Wind before curtailment proxy,Summer,TOTAL_GB_INTERCONNECTORS,GB interconnector fleet total,60_80pct,4099,6697.3988529062735,5425.821599999999,8314.965999999999,2190.969016833374,2854.0,2767.7540863625272,576.7850695291535,4490.391,3123,976,0,76.18931446694316,23.810685533056844,0.0
wind_before_curtailment_mw,Wind before curtailment proxy,Summer,TOTAL_GB_INTERCONNECTORS,GB interconnector fleet total,highest_20pct,4099,11461.488311602454,8315.280000000002,18984.820333332627,564.2415223225177,662.0,1612.228836301537,1047.9873139790193,1156.413,2350,1749,0,57.33105635520859,42.66894364479141,0.0
wind_before_curtailment_mw,Wind before curtailment proxy,Autumn,INTELEC,Eleclink (INTELEC),lowest_20pct,3070,2011.707436046809,-115.2388,3445.6359999999995,258.9980456026059,113.0,407.99674267100977,148.9986970684039,397.562,1590,661,819,51.79153094462541,21.530944625407166,26.677524429967427
wind_before_curtailment_mw,Wind before curtailment proxy,Autumn,INTELEC,Eleclink (INTELEC),20_40pct,3468,4833.700701527827,3445.755399999998,6359.101600000001,168.7733564013841,0.0,430.1130334486736,261.3396770472895,292.65299999999996,1690,1125,653,48.73125720876586,32.43944636678201,18.82929642445213
wind_before_curtailment_mw,Wind before curtailment proxy,Autumn,INTELEC,Eleclink (INTELEC),40_60pct,3426,7841.206778733017,6359.623999999999,9385.1879333334,190.2551079976649,9.0,418.128429655575,227.8733216579101,325.907,1717,964,745,50.116754232340924,28.137769994162287,21.74547577349679
wind_before_curtailment_mw,Wind before curtailment proxy,Autumn,INTELEC,Eleclink (INTELEC),60_80pct,3319,11056.11125362671,9386.0343333334,12823.7649333334,164.02892437481168,0.0,383.8059656523049,219.77704127749323,272.206,1557,993,769,46.911720397710155,29.918650195842122,23.169629406447726
wind_before_curtailment_mw,Wind before curtailment proxy,Autumn,INTELEC,Eleclink (INTELEC),highest_20pct,4092,15411.597934399795,12825.422199999994,20950.5694666664,138.1739980449658,43.0,374.58015640273703,236.40615835777126,282.704,2092,1238,762,51.12414467253177,30.254154447702835,18.621700879765395
wind_before_curtailment_mw,Wind before curtailment proxy,Autumn,INTEW,Ireland(East-West),lowest_20pct,4346,2012.9941446534065,-115.2388,3445.6359999999995,-165.6658996778647,-78.0,30.50483202945237,196.17073170731706,-359.992,626,2612,1108,14.404049700874367,60.10124252185918,25.494707777266452
wind_before_curtailment_mw,Wind before curtailment proxy,Autumn,INTEW,Ireland(East-West),20_40pct,4345,4833.782803889184,3445.6960000000004,6359.101600000001,-150.09666283084005,-46.0,45.821403912543154,195.9180667433832,-326.08500000000004,833,2409,1103,19.171461449942463,55.44303797468354,25.385500575373992
wind_before_curtailment_mw,Wind before curtailment proxy,Autumn,INTEW,Ireland(East-West),40_60pct,4347,7849.504343211253,6359.623999999999,9385.1879333334,-152.02392454566368,-54.0,50.52910052910053,202.5530250747642,-330.42400000000004,935,2437,975,21.50908672647803,56.061651713825626,22.429261559696343
wind_before_curtailment_mw,Wind before curtailment proxy,Autumn,INTEW,Ireland(East-West),60_80pct,4349,11027.544879463567,9385.211999999996,12824.747999999998,-147.56817659232007,-28.0,41.70705909404461,189.27523568636468,-320.887,907,2371,1071,20.855369050356405,54.518280064382616,24.62635088526098
wind_before_curtailment_mw,Wind before curtailment proxy,Autumn,INTEW,Ireland(East-West),highest_20pct,4349,15314.157271916292,12825.422199999994,20950.5694666664,-132.9937916762474,-16.0,52.32881122097034,185.32260289721776,-289.195,923,2279,1147,21.223269717176365,52.402851230167855,26.373879052655784
wind_before_curtailment_mw,Wind before curtailment proxy,Autumn,INTFR,France(IFA),lowest_20pct,4346,2012.9941446534065,-115.2388,3445.6359999999995,749.1606074551312,841.0,795.5098941555453,46.349286700414176,1627.926,3202,409,735,73.67694431661297,9.410952600092038,16.912103083294983
wind_before_curtailment_mw,Wind before curtailment proxy,Autumn,INTFR,France(IFA),20_40pct,4345,4833.782803889184,3445.6960000000004,6359.101600000001,502.52750287686996,522.0,629.1825086306098,126.65500575373993,1091.741,2608,871,866,60.02301495972382,20.04602991944764,19.93095512082854
wind_before_curtailment_mw,Wind before curtailment proxy,Autumn,INTFR,France(IFA),40_60pct,4347,7849.504343211253,6359.623999999999,9385.1879333334,505.42857142857144,706.0,659.1037497124454,153.67517828387395,1098.549,2656,1125,566,61.09960892569588,25.87991718426501,13.020473890039108
wind_before_curtailment_mw,Wind before curtailment proxy,Autumn,INTFR,France(IFA),60_80pct,4349,11027.544879463567,9385.211999999996,12824.747999999998,359.34651644056106,318.0,543.7810991032421,184.43458266268107,781.399,2433,1333,583,55.94389514830995,30.650724304437805,13.405380547252241
wind_before_curtailment_mw,Wind before curtailment proxy,Autumn,INTFR,France(IFA),highest_20pct,4349,15314.157271916292,12825.422199999994,20950.5694666664,331.917682225799,376.0,552.8581283053576,220.9404460795585,721.755,2576,1431,342,59.23200735801334,32.90411588871005,7.863876753276615
wind_before_curtailment_mw,Wind before curtailment proxy,Autumn,INTGRNL,Ireland (Greenlink),lowest_20pct,532,2055.4900000375956,15.667399999999992,3445.0233999999987,-449.6691729323308,-514.0,5.7631578947368425,455.4323308270677,-119.61200000000001,15,507,10,2.819548872180451,95.30075187969925,1.8796992481203008
wind_before_curtailment_mw,Wind before curtailment proxy,Autumn,INTGRNL,Ireland (Greenlink),20_40pct,587,4904.182132053299,3445.902133333401,6358.739800000002,-389.0664395229983,-514.0,22.180579216354346,411.24701873935265,-114.191,49,518,20,8.347529812606473,88.24531516183987,3.4071550255536627
wind_before_curtailment_mw,Wind before curtailment proxy,Autumn,INTGRNL,Ireland (Greenlink),40_60pct,753,7865.825386628258,6377.380000000002,9376.083000000204,-354.71978751660026,-514.0,39.179282868525895,393.89907038512615,-133.552,105,642,6,13.94422310756972,85.2589641434263,0.796812749003984
wind_before_curtailment_mw,Wind before curtailment proxy,Autumn,INTGRNL,Ireland (Greenlink),60_80pct,835,10965.717429767805,9386.26293333486,12817.68448874784,-327.7988023952096,-514.0,40.29940119760479,368.09820359281434,-136.856,126,705,4,15.089820359281436,84.4311377245509,0.47904191616766467
wind_before_curtailment_mw,Wind before curtailment proxy,Autumn,INTGRNL,Ireland (Greenlink),highest_20pct,1661,16193.60093976197,12826.9956666668,20950.5694666664,-267.7049969897652,-466.0,57.31727874774232,325.0222757375075,-222.329,369,1276,16,22.215532811559303,76.82119205298014,0.963275135460566
wind_before_curtailment_mw,Wind before curtailment proxy,Autumn,INTIFA2,IFA2 (INTIFA2),lowest_20pct,4346,2012.9941446534065,-115.2388,3445.6359999999995,420.0648872526461,585.0,516.4279797514956,96.36309249884951,912.801,2798,1546,2,64.38104003681546,35.57294063506673,0.04601932811780948
wind_before_curtailment_mw,Wind before curtailment proxy,Autumn,INTIFA2,IFA2 (INTIFA2),20_40pct,4345,4833.782803889184,3445.6960000000004,6359.101600000001,159.94246260069045,-2.0,382.9021864211738,222.9597238204833,347.47499999999997,2094,2249,2,48.19332566168009,51.76064441887227,0.04602991944764096
wind_before_curtailment_mw,Wind before curtailment proxy,Autumn,INTIFA2,IFA2 (INTIFA2),40_60pct,4347,7849.504343211253,6359.623999999999,9385.1879333334,137.30296756383714,-2.0,352.3570278352887,215.0540602714516,298.428,1981,2365,1,45.571658615136876,54.40533701403266,0.023004370830457786
wind_before_curtailment_mw,Wind before curtailment proxy,Autumn,INTIFA2,IFA2 (INTIFA2),60_80pct,4349,11027.544879463567,9385.211999999996,12824.747999999998,66.01885490917452,-2.0,303.4945964589561,237.47574154978156,143.558,1751,2594,4,40.26212922510922,59.645895608185796,0.09197516670498966
wind_before_curtailment_mw,Wind before curtailment proxy,Autumn,INTIFA2,IFA2 (INTIFA2),highest_20pct,4349,15314.157271916292,12825.422199999994,20950.5694666664,-2.622212002759255,-2.0,267.38698551391127,270.0091975166705,-5.7020000000000115,1676,2666,7,38.537594849390665,61.30144860887561,0.1609565417337319
wind_before_curtailment_mw,Wind before curtailment proxy,Autumn,INTIRL,Northern Ireland(Moyle),lowest_20pct,4346,2012.9941446534065,-115.2388,3445.6359999999995,-223.1928209848136,-310.0,35.48412333179935,258.676944316613,-484.998,914,3337,95,21.03083294983893,76.78324896456512,2.1859180855959504
wind_before_curtailment_mw,Wind before curtailment proxy,Autumn,INTIRL,Northern Ireland(Moyle),20_40pct,4345,4833.782803889184,3445.6960000000004,6359.101600000001,-189.24188722669734,-306.0,59.79976985040276,249.04165707710013,-411.128,1156,3086,103,26.605293440736478,71.02416570771001,2.3705408515535096
wind_before_curtailment_mw,Wind before curtailment proxy,Autumn,INTIRL,Northern Ireland(Moyle),40_60pct,4347,7849.504343211253,6359.623999999999,9385.1879333334,-171.04715896020244,-302.0,70.48401196227283,241.53117092247527,-371.771,1321,2979,47,30.388773867034736,68.53002070393374,1.081205429031516
wind_before_curtailment_mw,Wind before curtailment proxy,Autumn,INTIRL,Northern Ireland(Moyle),60_80pct,4349,11027.544879463567,9385.211999999996,12824.747999999998,-158.9050356403771,-266.0,71.09634398712348,230.00137962750057,-345.539,1304,2952,93,29.98390434582663,67.87767302828236,2.1384226258910095
wind_before_curtailment_mw,Wind before curtailment proxy,Autumn,INTIRL,Northern Ireland(Moyle),highest_20pct,4349,15314.157271916292,12825.422199999994,20950.5694666664,-126.8939986203725,-202.0,80.636008277765,207.53000689813751,-275.931,1357,2762,230,31.20257530466774,63.508852609795355,5.288572085536905
wind_before_curtailment_mw,Wind before curtailment proxy,Autumn,INTNED,Netherlands(BritNed),lowest_20pct,4346,2012.9941446534065,-115.2388,3445.6359999999995,338.95904279797514,586.0,514.4970087436724,175.53796594569718,736.558,2865,1214,267,65.92268752876208,27.933732167510357,6.143580303727566
wind_before_curtailment_mw,Wind before curtailment proxy,Autumn,INTNED,Netherlands(BritNed),20_40pct,4345,4833.782803889184,3445.6960000000004,6359.101600000001,166.92336018411967,274.0,421.07203682393555,254.14867663981587,362.641,2448,1652,245,56.340621403912536,38.020713463751434,5.638665132336018
wind_before_curtailment_mw,Wind before curtailment proxy,Autumn,INTNED,Netherlands(BritNed),40_60pct,4347,7849.504343211253,6359.623999999999,9385.1879333334,216.03772716816195,326.0,437.7170462387854,221.67931907062342,469.558,2561,1495,291,58.9141936968024,34.39153439153439,6.694271911663216
wind_before_curtailment_mw,Wind before curtailment proxy,Autumn,INTNED,Netherlands(BritNed),60_80pct,4349,11027.544879463567,9385.211999999996,12824.747999999998,158.18532996091056,142.0,392.9661991262359,234.78086916532536,343.974,2369,1637,343,54.472292481030124,37.64083697401702,7.886870544952863
wind_before_curtailment_mw,Wind before curtailment proxy,Autumn,INTNED,Netherlands(BritNed),highest_20pct,4349,15314.157271916292,12825.422199999994,20950.5694666664,-91.7346516440561,-104.0,260.44699931018624,352.18165095424234,-199.477,1692,2228,429,38.90549551621063,51.23016785467923,9.86433662911014
wind_before_curtailment_mw,Wind before curtailment proxy,Autumn,INTNEM,Belgium (Nemolink),lowest_20pct,4346,2012.9941446534065,-115.2388,3445.6359999999995,502.37459733087894,774.0,600.9608835710999,98.58628624022089,1091.66,3328,796,222,76.57616198803497,18.315692590888172,5.108145421076853
wind_before_curtailment_mw,Wind before curtailment proxy,Autumn,INTNEM,Belgium (Nemolink),20_40pct,4345,4833.782803889184,3445.6960000000004,6359.101600000001,288.9638665132336,448.0,458.6365937859609,169.6727272727273,627.774,2694,1237,414,62.002301495972375,28.46950517836594,9.528193325661679
wind_before_curtailment_mw,Wind before curtailment proxy,Autumn,INTNEM,Belgium (Nemolink),40_60pct,4347,7849.504343211253,6359.623999999999,9385.1879333334,338.3772716816195,526.0,489.29974695192084,150.92247527030136,735.463,2922,1109,316,67.21877156659765,25.511847250977688,7.269381182424661
wind_before_curtailment_mw,Wind before curtailment proxy,Autumn,INTNEM,Belgium (Nemolink),60_80pct,4349,11027.544879463567,9385.211999999996,12824.747999999998,328.97033800873766,468.0,467.93653713497355,138.96619912623592,715.346,2875,1138,336,66.10715106921131,26.166934927569557,7.725914003219131
wind_before_curtailment_mw,Wind before curtailment proxy,Autumn,INTNEM,Belgium (Nemolink),highest_20pct,4349,15314.157271916292,12825.422199999994,20950.5694666664,65.28167394803403,64.0,326.26580823177744,260.9841342837434,141.95499999999998,2256,1835,258,51.873994021614166,42.193607725914,5.932398252471833
wind_before_curtailment_mw,Wind before curtailment proxy,Autumn,INTNSL,North Sea Link (INTNSL),lowest_20pct,3459,2041.1645026492351,-115.2388,3445.6359999999995,1014.7586007516624,1398.0,1065.0795027464585,50.32090199479618,1755.025,3022,317,120,87.36629083550159,9.164498409945072,3.469210754553339
wind_before_curtailment_mw,Wind before curtailment proxy,Autumn,INTNSL,North Sea Link (INTNSL),20_40pct,4100,4850.189673389878,3445.755399999998,6359.101600000001,703.7082926829269,1076.0,849.2487804878049,145.54048780487804,1442.602,3027,736,337,73.82926829268293,17.95121951219512,8.219512195121952
wind_before_curtailment_mw,Wind before curtailment proxy,Autumn,INTNSL,North Sea Link (INTNSL),40_60pct,4195,7848.588083418193,6359.623999999999,9385.1879333334,768.1644815256258,1058.0,859.2896305125149,91.12514898688916,1611.2250000000001,3280,575,340,78.18831942789033,13.706793802145413,8.104886769964244
wind_before_curtailment_mw,Wind before curtailment proxy,Autumn,INTNSL,North Sea Link (INTNSL),60_80pct,4157,11042.232729080357,9385.211999999996,12824.747999999998,767.2494587442867,962.0,858.0105845561703,90.76112581188357,1594.728,3345,565,247,80.46668270387298,13.591532355063748,5.941784941063267
wind_before_curtailment_mw,Wind before curtailment proxy,Autumn,INTNSL,North Sea Link (INTNSL),highest_20pct,4339,15319.433660189896,12825.422199999994,20950.5694666664,518.9679649688868,694.0,681.7054620880388,162.73749711915187,1125.901,2987,1035,317,68.84074671583315,23.853422447568565,7.305830836598294
wind_before_curtailment_mw,Wind before curtailment proxy,Autumn,INTVKL,Denmark (Viking link),lowest_20pct,1464,2126.9467122328483,15.667399999999992,3445.6359999999995,302.7363387978142,419.0,546.1912568306011,243.45491803278688,221.60299999999998,911,508,45,62.22677595628415,34.69945355191257,3.0737704918032787
wind_before_curtailment_mw,Wind before curtailment proxy,Autumn,INTVKL,Denmark (Viking link),20_40pct,1540,4741.753792455995,3445.902133333401,6358.739800000002,302.5181818181818,654.0,561.7428571428571,259.22467532467533,232.939,974,505,61,63.24675324675325,32.7922077922078,3.961038961038961
wind_before_curtailment_mw,Wind before curtailment proxy,Autumn,INTVKL,Denmark (Viking link),40_60pct,1654,7858.73600439527,6359.623999999999,9381.273999999998,422.3325272067715,716.0,661.328899637243,238.99637243047158,349.269,1101,511,42,66.5659008464329,30.894800483675937,2.539298669891173
wind_before_curtailment_mw,Wind before curtailment proxy,Autumn,INTVKL,Denmark (Viking link),60_80pct,1614,10996.734799273589,9386.26293333486,12822.553999999993,437.3543990086741,753.0,678.633209417596,241.27881040892194,352.945,1076,535,3,66.66666666666666,33.147459727385375,0.18587360594795538
wind_before_curtailment_mw,Wind before curtailment proxy,Autumn,INTVKL,Denmark (Viking link),highest_20pct,2368,15901.020488997534,12826.9956666668,20950.5694666664,218.22297297297297,337.0,523.4983108108108,305.2753378378378,258.376,1424,937,7,60.13513513513513,39.56925675675676,0.2956081081081081
wind_before_curtailment_mw,Wind before curtailment proxy,Autumn,TOTAL_GB_INTERCONNECTORS,GB interconnector fleet total,lowest_20pct,4346,2012.9941446534065,-115.2388,3445.6359999999995,2659.2420616658997,3278.0,2947.3083294983894,288.06626783248964,5778.533,3685,661,0,84.79061205706397,15.209387942936035,0.0
wind_before_curtailment_mw,Wind before curtailment proxy,Autumn,TOTAL_GB_INTERCONNECTORS,GB interconnector fleet total,20_40pct,4345,4833.782803889184,3445.6960000000004,6359.101600000001,1632.4147295742232,2390.0,2390.1827387802073,757.7680092059838,3546.421,3173,1171,1,73.02646720368239,26.950517836593786,0.02301495972382048
wind_before_curtailment_mw,Wind before curtailment proxy,Autumn,TOTAL_GB_INTERCONNECTORS,GB interconnector fleet total,40_60pct,4347,7849.504343211253,6359.623999999999,9385.1879333334,1864.5741890959282,2490.0,2521.0246146767886,656.4504255808604,4052.652,3241,1106,0,74.55716586151368,25.442834138486315,0.0
wind_before_curtailment_mw,Wind before curtailment proxy,Autumn,TOTAL_GB_INTERCONNECTORS,GB interconnector fleet total,60_80pct,4349,11027.544879463567,9385.211999999996,12824.747999999998,1563.9797654633248,1796.0,2149.4670039089447,585.4872384456197,3400.8740000000003,3179,1167,3,73.09726373879053,26.83375488618073,0.06898137502874224
wind_before_curtailment_mw,Wind before curtailment proxy,Autumn,TOTAL_GB_INTERCONNECTORS,GB interconnector fleet total,highest_20pct,4349,15314.157271916292,12825.422199999994,20950.5694666664,707.3152448838814,846.0,1685.3731892389055,978.0579443550241,1538.057,2551,1798,0,58.65716256610715,41.342837433892846,0.0
