wind_metric,wind_metric_label,season,interconnectorId,interconnectorName,wind_bucket,observations,mean_wind_mw,min_wind_mw,max_wind_mw,mean_signed_mw,median_signed_mw,mean_import_mw,mean_export_mw,net_gwh,import_half_hours,export_half_hours,near_zero_half_hours,import_share_pct,export_share_pct,near_zero_share_pct
wind_actual_mw,Actual wind output,Winter,INTELEC,Eleclink (INTELEC),lowest_20pct,1150,1832.8721794782612,-114.5882,2830.094000000002,347.1495652173913,0.0,393.9669565217391,46.81739130434783,199.611,565,113,472,49.130434782608695,9.826086956521738,41.04347826086956
wind_actual_mw,Actual wind output,Winter,INTELEC,Eleclink (INTELEC),20_40pct,1551,3946.892093230174,2831.684799999998,5018.455600000001,357.9097356544165,252.0,423.2301740812379,65.32043842682141,277.559,958,253,340,61.766602192134116,16.312056737588655,21.92134107027724
wind_actual_mw,Actual wind output,Winter,INTELEC,Eleclink (INTELEC),40_60pct,2483,6339.9454016915015,5019.123599999999,7611.486599999997,372.1409585179219,416.0,464.9206604913411,92.77970197341925,462.013,1595,441,447,64.23681031010874,17.760773258155456,18.002416431735803
wind_actual_mw,Actual wind output,Winter,INTELEC,Eleclink (INTELEC),60_80pct,3549,9170.608061932939,7612.539400000001,10784.247799999996,339.6263736263736,298.0,438.1375035221189,98.51112989574528,602.667,2158,716,675,60.8058608058608,20.174697097774022,19.019442096365175
wind_actual_mw,Actual wind output,Winter,INTELEC,Eleclink (INTELEC),highest_20pct,5762,13176.568778444986,10784.7864,17142.889999999996,317.4366539396043,187.0,407.32662270045125,89.88996876084693,914.535,3295,1149,1318,57.18500520652551,19.940992710864283,22.874002082610204
wind_actual_mw,Actual wind output,Winter,INTEW,Ireland(East-West),lowest_20pct,1613,1735.6276704277745,-114.5882,2830.094000000002,-98.86174829510229,-22.0,89.74953502789833,188.6112833230006,-79.732,492,839,282,30.502169869807812,52.01487910725356,17.48295102293862
wind_actual_mw,Actual wind output,Winter,INTEW,Ireland(East-West),20_40pct,2039,3987.7803210397255,2831.1780000000003,5018.455600000001,-87.95291809710642,0.0,70.35115252574792,158.30407062285434,-89.668,561,956,522,27.513487003433056,46.885728298185384,25.600784698381563
wind_actual_mw,Actual wind output,Winter,INTEW,Ireland(East-West),40_60pct,3342,6316.508016277678,5019.123599999999,7611.486599999997,-78.89108318372232,0.0,63.48234590065829,142.3734290843806,-131.827,893,1538,911,26.720526630760023,46.02034709754638,27.259126271693596
wind_actual_mw,Actual wind output,Winter,INTEW,Ireland(East-West),60_80pct,4655,9250.68988481203,7612.539400000001,10784.568000000005,-113.85692803437165,-8.0,58.61825993555317,172.4751879699248,-265.002,1076,2405,1174,23.114930182599355,51.66487647690655,25.22019334049409
wind_actual_mw,Actual wind output,Winter,INTEW,Ireland(East-West),highest_20pct,7150,12936.35920718881,10784.7864,17142.889999999996,-71.42769230769231,0.0,64.56475524475525,135.99244755244754,-255.354,1983,3183,1984,27.734265734265733,44.51748251748251,27.74825174825175
wind_actual_mw,Actual wind output,Winter,INTFR,France(IFA),lowest_20pct,1613,1735.6276704277745,-114.5882,2830.094000000002,885.8214507129572,996.0,994.1078735275884,108.28642281463112,714.415,1277,332,4,79.1692498450093,20.582765034097957,0.24798512089274644
wind_actual_mw,Actual wind output,Winter,INTFR,France(IFA),20_40pct,2039,3987.7803210397255,2831.1780000000003,5018.455600000001,703.8675821481119,858.0,843.2388425698872,139.3712604217754,717.593,1510,523,6,74.05590975968612,25.649828347229032,0.2942618930848455
wind_actual_mw,Actual wind output,Winter,INTFR,France(IFA),40_60pct,3342,6316.508016277678,5019.123599999999,7611.486599999997,642.2423698384201,745.0,820.5691202872531,178.32675044883302,1073.187,2371,962,9,70.94554159186116,28.785158587672054,0.26929982046678635
wind_actual_mw,Actual wind output,Winter,INTFR,France(IFA),60_80pct,4655,9250.68988481203,7612.539400000001,10784.568000000005,630.4133190118152,788.0,803.3052631578947,172.89194414607948,1467.287,3269,1377,9,70.22556390977444,29.58109559613319,0.1933404940923738
wind_actual_mw,Actual wind output,Winter,INTFR,France(IFA),highest_20pct,7150,12936.35920718881,10784.7864,17142.889999999996,443.7507692307692,558.0,718.2145454545455,274.4637762237762,1586.4089999999999,4665,2466,19,65.24475524475525,34.48951048951049,0.26573426573426573
wind_actual_mw,Actual wind output,Winter,INTGRNL,Ireland (Greenlink),lowest_20pct,61,2181.7937278688523,955.9150000000004,2821.9242000000004,-475.57377049180326,-514.0,0.0,475.57377049180326,-14.505,0,61,0,0.0,100.0,0.0
wind_actual_mw,Actual wind output,Winter,INTGRNL,Ireland (Greenlink),20_40pct,301,4055.477618604651,2837.0536,5010.9938,-339.3421926910299,-514.0,39.95348837209303,379.2956810631229,-51.071,35,259,7,11.627906976744185,86.04651162790698,2.3255813953488373
wind_actual_mw,Actual wind output,Winter,INTGRNL,Ireland (Greenlink),40_60pct,530,6482.2545132075475,5044.7214,7611.486599999997,-247.56981132075472,-469.0,72.09433962264151,319.66415094339624,-65.606,127,383,20,23.962264150943398,72.26415094339622,3.7735849056603774
wind_actual_mw,Actual wind output,Winter,INTGRNL,Ireland (Greenlink),60_80pct,906,9155.860894481237,7612.539400000001,10781.907800000004,-294.0551876379691,-513.0,56.63134657836645,350.68653421633553,-133.207,153,698,55,16.887417218543046,77.04194260485652,6.070640176600441
wind_actual_mw,Actual wind output,Winter,INTGRNL,Ireland (Greenlink),highest_20pct,1130,13108.185306725663,10784.7864,17142.889999999996,-251.58230088495574,-413.0,60.6353982300885,312.21769911504424,-142.144,275,851,4,24.336283185840706,75.30973451327434,0.35398230088495575
wind_actual_mw,Actual wind output,Winter,INTIFA2,IFA2 (INTIFA2),lowest_20pct,1613,1735.6276704277745,-114.5882,2830.094000000002,402.548047117173,596.0,516.5691258524489,114.02107873527588,324.655,1024,586,3,63.48419094854309,36.329820210787354,0.18598884066955984
wind_actual_mw,Actual wind output,Winter,INTIFA2,IFA2 (INTIFA2),20_40pct,2039,3987.7803210397255,2831.1780000000003,5018.455600000001,278.1265326140265,220.0,398.3727317312408,120.24619911721432,283.55,1219,819,1,59.78420794507111,40.16674840608142,0.04904364884747425
wind_actual_mw,Actual wind output,Winter,INTIFA2,IFA2 (INTIFA2),40_60pct,3342,6316.508016277678,5019.123599999999,7611.486599999997,214.64512268102933,72.0,353.8258527827648,139.1807301017355,358.67199999999997,1765,1571,6,52.81268701376421,47.00777977259126,0.17953321364452424
wind_actual_mw,Actual wind output,Winter,INTIFA2,IFA2 (INTIFA2),60_80pct,4655,9250.68988481203,7612.539400000001,10784.568000000005,236.05843179377013,46.0,373.1471535982814,137.08872180451127,549.426,2403,2249,3,51.6219119226638,48.31364124597207,0.06444683136412459
wind_actual_mw,Actual wind output,Winter,INTIFA2,IFA2 (INTIFA2),highest_20pct,7150,12936.35920718881,10784.7864,17142.889999999996,181.50181818181818,-4.0,335.2002797202797,153.69846153846154,648.869,3386,3757,7,47.35664335664336,52.545454545454554,0.0979020979020979
wind_actual_mw,Actual wind output,Winter,INTIRL,Northern Ireland(Moyle),lowest_20pct,1613,1735.6276704277745,-114.5882,2830.094000000002,-110.88654680719156,-154.0,97.44327340359578,208.32982021078735,-89.43,625,951,37,38.74767513949163,58.95846249225046,2.2938623682579045
wind_actual_mw,Actual wind output,Winter,INTIRL,Northern Ireland(Moyle),20_40pct,2039,3987.7803210397255,2831.1780000000003,5018.455600000001,-101.38205002452183,-166.0,98.91123099558607,200.29328102010788,-103.359,788,1208,43,38.64639529180971,59.2447278077489,2.108876900441393
wind_actual_mw,Actual wind output,Winter,INTIRL,Northern Ireland(Moyle),40_60pct,3342,6316.508016277678,5019.123599999999,7611.486599999997,-105.15140634350688,-153.0,93.92160383004189,199.07301017354877,-175.708,1233,2052,57,36.894075403949735,61.40035906642729,1.7055655296229804
wind_actual_mw,Actual wind output,Winter,INTIRL,Northern Ireland(Moyle),60_80pct,4655,9250.68988481203,7612.539400000001,10784.568000000005,-141.140708915145,-240.0,78.19462943071966,219.33533834586467,-328.505,1524,3034,97,32.73899033297529,65.17722878625133,2.0837808807733618
wind_actual_mw,Actual wind output,Winter,INTIRL,Northern Ireland(Moyle),highest_20pct,7150,12936.35920718881,10784.7864,17142.889999999996,-90.7820979020979,-102.0,87.65818181818182,178.44027972027973,-324.546,2742,4217,191,38.34965034965035,58.97902097902098,2.6713286713286712
wind_actual_mw,Actual wind output,Winter,INTNED,Netherlands(BritNed),lowest_20pct,1613,1735.6276704277745,-114.5882,2830.094000000002,554.3335399876007,704.0,565.2920024798512,10.958462492250465,447.07,1232,45,336,76.37941723496591,2.7898326100433977,20.830750154990703
wind_actual_mw,Actual wind output,Winter,INTNED,Netherlands(BritNed),20_40pct,2039,3987.7803210397255,2831.1780000000003,5018.455600000001,507.4330554193232,642.0,569.8734673859735,62.440411966650316,517.328,1572,234,233,77.09661598822952,11.476213830308975,11.4271701814615
wind_actual_mw,Actual wind output,Winter,INTNED,Netherlands(BritNed),40_60pct,3342,6316.508016277678,5019.123599999999,7611.486599999997,419.8126870137642,552.0,516.7809694793536,96.96828246558947,701.5070000000001,2393,563,386,71.60383004189109,16.84619988031119,11.549970077797726
wind_actual_mw,Actual wind output,Winter,INTNED,Netherlands(BritNed),60_80pct,4655,9250.68988481203,7612.539400000001,10784.568000000005,398.4876476906552,516.0,503.2468313641246,104.7591836734694,927.48,3206,861,588,68.87218045112782,18.49624060150376,12.631578947368421
wind_actual_mw,Actual wind output,Winter,INTNED,Netherlands(BritNed),highest_20pct,7150,12936.35920718881,10784.7864,17142.889999999996,341.4212587412587,410.0,461.9158041958042,120.49454545454546,1220.581,4549,1541,1060,63.62237762237763,21.55244755244755,14.825174825174825
wind_actual_mw,Actual wind output,Winter,INTNEM,Belgium (Nemolink),lowest_20pct,1613,1735.6276704277745,-114.5882,2830.094000000002,650.5034097954123,888.0,708.957222566646,58.45381277123373,524.631,1436,175,2,89.02665840049598,10.849349039057657,0.12399256044637322
wind_actual_mw,Actual wind output,Winter,INTNEM,Belgium (Nemolink),20_40pct,2039,3987.7803210397255,2831.1780000000003,5018.455600000001,504.9592937714566,698.0,587.5429131927416,82.58361942128495,514.806,1658,369,12,81.3143697891123,18.097106424718,0.588523786169691
wind_actual_mw,Actual wind output,Winter,INTNEM,Belgium (Nemolink),40_60pct,3342,6316.508016277678,5019.123599999999,7611.486599999997,360.77259126271696,528.0,496.0508677438659,135.27827648114902,602.851,2382,924,36,71.27468581687613,27.648114901256733,1.0771992818671454
wind_actual_mw,Actual wind output,Winter,INTNEM,Belgium (Nemolink),60_80pct,4655,9250.68988481203,7612.539400000001,10784.568000000005,388.0567132116004,548.0,502.0515574650913,113.99484425349087,903.202,3381,1150,124,72.63157894736842,24.704618689581096,2.6638023630504835
wind_actual_mw,Actual wind output,Winter,INTNEM,Belgium (Nemolink),highest_20pct,7150,12936.35920718881,10784.7864,17142.889999999996,374.00587412587413,566.0,514.6276923076923,140.62181818181818,1337.071,5119,1914,117,71.5944055944056,26.769230769230766,1.6363636363636365
wind_actual_mw,Actual wind output,Winter,INTNSL,North Sea Link (INTNSL),lowest_20pct,1613,1735.6276704277745,-114.5882,2830.094000000002,968.8927464352139,996.0,975.1692498450093,6.276503409795413,781.412,1544,68,1,95.72225666460012,4.215747055176689,0.06199628022318661
wind_actual_mw,Actual wind output,Winter,INTNSL,North Sea Link (INTNSL),20_40pct,2039,3987.7803210397255,2831.1780000000003,5018.455600000001,1031.7351642962237,1258.0,1040.6326630701324,8.89749877390878,1051.854,1950,89,0,95.63511525257479,4.364884747425209,0.0
wind_actual_mw,Actual wind output,Winter,INTNSL,North Sea Link (INTNSL),40_60pct,3342,6316.508016277678,5019.123599999999,7611.486599999997,952.7648114901257,1096.0,980.1160981448235,27.351286654697788,1592.0700000000002,3136,201,5,93.83602633153801,6.014362657091562,0.14961101137043686
wind_actual_mw,Actual wind output,Winter,INTNSL,North Sea Link (INTNSL),60_80pct,4655,9250.68988481203,7612.539400000001,10784.568000000005,902.1877551020408,1096.0,942.240171858217,40.05241675617616,2099.842,4180,466,9,89.79591836734694,10.010741138560688,0.1933404940923738
wind_actual_mw,Actual wind output,Winter,INTNSL,North Sea Link (INTNSL),highest_20pct,7150,12936.35920718881,10784.7864,17142.889999999996,724.7669930069931,1048.0,844.1138461538461,119.34685314685315,2591.0420000000004,5856,1265,29,81.9020979020979,17.692307692307693,0.4055944055944056
wind_actual_mw,Actual wind output,Winter,INTVKL,Denmark (Viking link),lowest_20pct,704,1843.3448636363637,-114.5882,2829.342999999999,463.88352272727275,698.0,570.1335227272727,106.25,163.287,501,155,48,71.16477272727273,22.017045454545457,6.8181818181818175
wind_actual_mw,Actual wind output,Winter,INTVKL,Denmark (Viking link),20_40pct,817,3952.836061689107,2831.9568000000004,5018.455600000001,379.718482252142,602.0,537.5716034271726,157.8531211750306,155.115,566,220,31,69.27784577723378,26.92778457772338,3.7943696450428397
wind_actual_mw,Actual wind output,Winter,INTVKL,Denmark (Viking link),40_60pct,1501,6384.491454896736,5019.123599999999,7611.486599999997,265.1179213857428,438.0,479.08594270486344,213.9680213191206,198.971,958,497,46,63.82411725516322,33.11125916055963,3.0646235842771485
wind_actual_mw,Actual wind output,Winter,INTVKL,Denmark (Viking link),60_80pct,2280,9171.572573771931,7612.539400000001,10782.910000000002,481.88947368421054,698.0,653.8517543859649,171.9622807017544,549.3539999999999,1642,590,48,72.01754385964912,25.877192982456144,2.1052631578947367
wind_actual_mw,Actual wind output,Winter,INTVKL,Denmark (Viking link),highest_20pct,3482,13017.05744078116,10784.7864,17142.889999999996,681.1407237219988,822.0,788.1349798966112,106.99425617461229,1185.866,2716,598,168,78.00114876507755,17.17403790924756,4.824813325674899
wind_actual_mw,Actual wind output,Winter,TOTAL_GB_INTERCONNECTORS,GB interconnector fleet total,lowest_20pct,1613,1735.6276704277745,-114.5882,2830.094000000002,3684.332300061996,4190.0,3840.676999380037,156.3446993180409,2971.414,1458,155,0,90.39057656540608,9.609423434593925,0.0
wind_actual_mw,Actual wind output,Winter,TOTAL_GB_INTERCONNECTORS,GB interconnector fleet total,20_40pct,2039,3987.7803210397255,2831.1780000000003,5018.455600000001,3211.090730750368,3616.0,3391.320255026974,180.22952427660618,3273.707,1797,242,0,88.13143697891122,11.86856302108877,0.0
wind_actual_mw,Actual wind output,Winter,TOTAL_GB_INTERCONNECTORS,GB interconnector fleet total,40_60pct,3342,6316.508016277678,5019.123599999999,7611.486599999997,2762.4955116696588,2973.0,3031.672052663076,269.1765409934171,4616.13,2822,518,2,84.44045481747456,15.49970077797726,0.059844404548174746
wind_actual_mw,Actual wind output,Winter,TOTAL_GB_INTERCONNECTORS,GB interconnector fleet total,60_80pct,4655,9250.68988481203,7612.539400000001,10784.568000000005,2737.9351235230934,2824.0,2967.8109559613317,229.87583243823846,6372.544,3831,823,1,82.29860365198711,17.679914070891513,0.021482277121374866
wind_actual_mw,Actual wind output,Winter,TOTAL_GB_INTERCONNECTORS,GB interconnector fleet total,highest_20pct,7150,12936.35920718881,10784.7864,17142.889999999996,2451.001118881119,2629.0,2841.9854545454546,390.9843356643357,8762.329,5650,1497,3,79.02097902097903,20.937062937062937,0.04195804195804196
wind_actual_mw,Actual wind output,Spring,INTELEC,Eleclink (INTELEC),lowest_20pct,2794,1766.9234752326413,52.42120000000001,2828.264000000001,786.7845382963493,996.0,810.4051539012169,23.620615604867574,1099.138,2517,165,112,90.0858983536149,5.905511811023622,4.008589835361489
wind_actual_mw,Actual wind output,Spring,INTELEC,Eleclink (INTELEC),20_40pct,3376,3921.0834453199054,2830.7489999999984,5018.745599999998,736.917654028436,996.0,770.8986966824644,33.981042654028435,1243.917,2939,237,200,87.05568720379146,7.020142180094786,5.924170616113744
wind_actual_mw,Actual wind output,Spring,INTELEC,Eleclink (INTELEC),40_60pct,2862,6239.617736408107,5019.303999999999,7611.3868,714.4542278127184,994.0,744.6415094339623,30.187281621243887,1022.384,2469,196,197,86.26834381551363,6.848357791754019,6.883298392732355
wind_actual_mw,Actual wind output,Spring,INTELEC,Eleclink (INTELEC),60_80pct,2432,9068.644728947367,7613.437999999998,10783.756,698.2047697368421,994.0,738.3421052631579,40.13733552631579,849.017,2078,226,128,85.44407894736842,9.292763157894738,5.263157894736842
wind_actual_mw,Actual wind output,Spring,INTELEC,Eleclink (INTELEC),highest_20pct,1978,12307.299487664306,10784.956399999995,15163.815399999994,577.2173913043479,854.0,638.8169868554095,61.599595551061675,570.868,1600,229,149,80.88978766430738,11.577350859453993,7.532861476238625
wind_actual_mw,Actual wind output,Spring,INTEW,Ireland(East-West),lowest_20pct,4039,1680.3345391928697,-4.5900000000000025,2829.956,-144.20450606585788,0.0,8.081703391928695,152.28620945778658,-291.221,176,1653,2210,4.357514236197078,40.925971775191876,54.71651398861104
wind_actual_mw,Actual wind output,Spring,INTEW,Ireland(East-West),20_40pct,4240,3924.446560235849,2830.7489999999984,5018.745599999998,-168.04009433962264,0.0,17.808962264150942,185.8490566037736,-356.245,344,2077,1819,8.11320754716981,48.985849056603776,42.90094339622642
wind_actual_mw,Actual wind output,Spring,INTEW,Ireland(East-West),40_60pct,3598,6213.557779766537,5018.818,7611.3868,-152.21734296831573,0.0,20.79377431906615,173.0111172873819,-273.839,356,1715,1527,9.894385769872152,47.66536964980545,42.4402445803224
wind_actual_mw,Actual wind output,Spring,INTEW,Ireland(East-West),60_80pct,3195,9148.51545001565,7613.437999999998,10783.756,-149.6244131455399,0.0,21.066666666666666,170.69107981220657,-239.025,327,1540,1328,10.234741784037558,48.200312989045386,41.56494522691706
wind_actual_mw,Actual wind output,Spring,INTEW,Ireland(East-West),highest_20pct,2445,12190.745431738242,10784.598000000004,15163.815399999994,-112.7361963190184,0.0,40.715746421267895,153.45194274028628,-137.82,443,1124,878,18.118609406952967,45.97137014314928,35.91002044989775
wind_actual_mw,Actual wind output,Spring,INTFR,France(IFA),lowest_20pct,4039,1680.3345391928697,-4.5900000000000025,2829.956,753.468185194355,1002.0,894.2292646694726,140.7610794751176,1521.629,3004,1025,10,74.3748452587274,25.377568705125032,0.24758603614756128
wind_actual_mw,Actual wind output,Spring,INTFR,France(IFA),20_40pct,4240,3924.446560235849,2830.7489999999984,5018.745599999998,933.1853773584905,1006.0,1058.5966981132076,125.41132075471698,1978.353,3431,809,0,80.91981132075472,19.080188679245282,0.0
wind_actual_mw,Actual wind output,Spring,INTFR,France(IFA),40_60pct,3598,6213.557779766537,5018.818,7611.3868,855.177320733741,1004.0,982.3652028904947,127.18788215675376,1538.464,2821,765,12,78.40466926070039,21.261812117843245,0.33351862145636463
wind_actual_mw,Actual wind output,Spring,INTFR,France(IFA),60_80pct,3195,9148.51545001565,7613.437999999998,10783.756,681.2926447574334,930.0,846.6084507042253,165.31580594679187,1088.365,2326,861,8,72.80125195618153,26.948356807511736,0.25039123630672927
wind_actual_mw,Actual wind output,Spring,INTFR,France(IFA),highest_20pct,2445,12190.745431738242,10784.598000000004,15163.815399999994,556.1218813905931,742.0,763.6196319018405,207.49775051124743,679.859,1706,735,4,69.77505112474438,30.061349693251532,0.16359918200409
wind_actual_mw,Actual wind output,Spring,INTGRNL,Ireland (Greenlink),lowest_20pct,844,1913.5447748815166,52.42120000000001,2824.6740000000004,-422.97156398104266,-514.0,9.850710900473933,432.8222748815166,-178.494,82,758,4,9.715639810426541,89.81042654028435,0.47393364928909953
wind_actual_mw,Actual wind output,Spring,INTGRNL,Ireland (Greenlink),20_40pct,1167,3954.9158553556126,2830.7489999999984,5017.237999999998,-377.09511568123395,-514.0,22.946015424164525,400.04113110539845,-220.035,147,997,23,12.596401028277635,85.43273350471294,1.970865467009426
wind_actual_mw,Actual wind output,Spring,INTGRNL,Ireland (Greenlink),40_60pct,1068,6251.51318258427,5019.303999999999,7610.033200000001,-393.6816479400749,-514.0,17.44007490636704,411.12172284644197,-210.226,88,975,5,8.239700374531834,91.29213483146067,0.46816479400749067
wind_actual_mw,Actual wind output,Spring,INTGRNL,Ireland (Greenlink),60_80pct,727,8936.369450068774,7613.437999999998,10783.756,-369.7138927097662,-510.0,26.07977991746905,395.7936726272352,-134.391,86,641,0,11.829436038514443,88.17056396148556,0.0
wind_actual_mw,Actual wind output,Spring,INTGRNL,Ireland (Greenlink),highest_20pct,466,12426.872102145922,10785.683000000006,15163.815399999994,-321.4077253218884,-499.0,36.57081545064378,357.9785407725322,-74.888,72,393,1,15.450643776824036,84.33476394849787,0.2145922746781116
wind_actual_mw,Actual wind output,Spring,INTIFA2,IFA2 (INTIFA2),lowest_20pct,4039,1680.3345391928697,-4.5900000000000025,2829.956,442.63282990839315,908.0,604.4149541965833,161.78212428819015,893.8969999999999,2909,1129,1,72.02277791532558,27.95246348105967,0.02475860361475613
wind_actual_mw,Actual wind output,Spring,INTIFA2,IFA2 (INTIFA2),20_40pct,4240,3924.446560235849,2830.7489999999984,5018.745599999998,537.7726415094339,960.0,664.5075471698113,126.73490566037736,1140.078,3322,913,5,78.34905660377358,21.53301886792453,0.1179245283018868
wind_actual_mw,Actual wind output,Spring,INTIFA2,IFA2 (INTIFA2),40_60pct,3598,6213.557779766537,5018.818,7611.3868,468.3140633685381,896.0,612.6564758198999,144.34241245136187,842.497,2656,937,5,73.81878821567538,26.042245692051143,0.13896609227348528
wind_actual_mw,Actual wind output,Spring,INTIFA2,IFA2 (INTIFA2),60_80pct,3195,9148.51545001565,7613.437999999998,10783.756,378.4231611893584,756.0,564.0344287949922,185.6112676056338,604.531,2255,936,4,70.5790297339593,29.295774647887324,0.12519561815336464
wind_actual_mw,Actual wind output,Spring,INTIFA2,IFA2 (INTIFA2),highest_20pct,2445,12190.745431738242,10784.598000000004,15163.815399999994,313.73333333333335,614.0,520.3468302658487,206.61349693251535,383.539,1722,722,1,70.42944785276075,29.52965235173824,0.0408997955010225
wind_actual_mw,Actual wind output,Spring,INTIRL,Northern Ireland(Moyle),lowest_20pct,4039,1680.3345391928697,-4.5900000000000025,2829.956,-232.4956672443674,-322.0,38.48229759841545,270.97796484278285,-469.52500000000003,773,3192,74,19.138400594206487,79.02946273830156,1.8321366674919535
wind_actual_mw,Actual wind output,Spring,INTIRL,Northern Ireland(Moyle),20_40pct,4240,3924.446560235849,2830.7489999999984,5018.745599999998,-237.40424528301887,-370.0,41.43443396226415,278.838679245283,-503.297,823,3293,124,19.410377358490567,77.66509433962264,2.9245283018867925
wind_actual_mw,Actual wind output,Spring,INTIRL,Northern Ireland(Moyle),40_60pct,3598,6213.557779766537,5018.818,7611.3868,-209.57476375764313,-333.0,50.290161200667036,259.86492495831016,-377.02500000000003,775,2696,127,21.53974430239022,74.93051695386326,3.5297387437465257
wind_actual_mw,Actual wind output,Spring,INTIRL,Northern Ireland(Moyle),60_80pct,3195,9148.51545001565,7613.437999999998,10783.756,-193.57809076682315,-300.0,54.38685446009389,247.96494522691705,-309.241,744,2360,91,23.286384976525824,73.86541471048514,2.8482003129890456
wind_actual_mw,Actual wind output,Spring,INTIRL,Northern Ireland(Moyle),highest_20pct,2445,12190.745431738242,10784.598000000004,15163.815399999994,-147.92883435582823,-226.0,70.72965235173824,218.65848670756645,-180.843,739,1638,68,30.224948875255624,66.99386503067485,2.78118609406953
wind_actual_mw,Actual wind output,Spring,INTNED,Netherlands(BritNed),lowest_20pct,4039,1680.3345391928697,-4.5900000000000025,2829.956,327.14137162664025,520.0,513.892547660312,186.7511760336717,660.662,2697,1172,170,66.77395394899727,29.017083436494183,4.2089626145085415
wind_actual_mw,Actual wind output,Spring,INTNED,Netherlands(BritNed),20_40pct,4240,3924.446560235849,2830.7489999999984,5018.745599999998,371.8622641509434,564.0,524.7066037735849,152.8443396226415,788.348,2874,1020,346,67.78301886792453,24.056603773584907,8.160377358490566
wind_actual_mw,Actual wind output,Spring,INTNED,Netherlands(BritNed),40_60pct,3598,6213.557779766537,5018.818,7611.3868,338.29738743746526,460.0,489.25458588104505,150.95719844357976,608.597,2359,900,339,65.56420233463035,25.01389660922735,9.421901056142302
wind_actual_mw,Actual wind output,Spring,INTNED,Netherlands(BritNed),60_80pct,3195,9148.51545001565,7613.437999999998,10783.756,283.26510172143975,476.0,479.6212832550861,196.35618153364632,452.516,2039,959,197,63.818466353677614,30.015649452269173,6.165884194053208
wind_actual_mw,Actual wind output,Spring,INTNED,Netherlands(BritNed),highest_20pct,2445,12190.745431738242,10784.598000000004,15163.815399999994,118.41554192229039,208.0,417.920654396728,299.5051124744376,144.763,1345,1009,91,55.010224948875255,41.2678936605317,3.7218813905930475
wind_actual_mw,Actual wind output,Spring,INTNEM,Belgium (Nemolink),lowest_20pct,4039,1680.3345391928697,-4.5900000000000025,2829.956,405.50829413221095,632.0,546.5243872245605,141.0160930923496,818.924,3043,981,15,75.3404307997029,24.28819014607576,0.37137905422134193
wind_actual_mw,Actual wind output,Spring,INTNEM,Belgium (Nemolink),20_40pct,4240,3924.446560235849,2830.7489999999984,5018.745599999998,425.413679245283,625.0,541.9990566037736,116.58537735849056,901.877,3238,977,25,76.36792452830188,23.04245283018868,0.589622641509434
wind_actual_mw,Actual wind output,Spring,INTNEM,Belgium (Nemolink),40_60pct,3598,6213.557779766537,5018.818,7611.3868,410.390772651473,620.0,542.4091161756531,132.0183435241801,738.293,2726,861,11,75.76431350750417,23.929961089494164,0.3057254030016676
wind_actual_mw,Actual wind output,Spring,INTNEM,Belgium (Nemolink),60_80pct,3195,9148.51545001565,7613.437999999998,10783.756,348.29921752738653,506.0,494.76306729264473,146.4638497652582,556.408,2291,875,29,71.70579029733959,27.386541471048513,0.9076682316118936
wind_actual_mw,Actual wind output,Spring,INTNEM,Belgium (Nemolink),highest_20pct,2445,12190.745431738242,10784.598000000004,15163.815399999994,201.18200408997956,344.0,431.559100204499,230.37709611451942,245.945,1516,910,19,62.0040899795501,37.21881390593047,0.7770961145194274
wind_actual_mw,Actual wind output,Spring,INTNSL,North Sea Link (INTNSL),lowest_20pct,4039,1680.3345391928697,-4.5900000000000025,2829.956,929.800445654865,1096.0,974.45308244615,44.65263679128497,1877.7320000000002,3600,437,2,89.13097301312206,10.819509779648428,0.04951720722951226
wind_actual_mw,Actual wind output,Spring,INTNSL,North Sea Link (INTNSL),20_40pct,4240,3924.446560235849,2830.7489999999984,5018.745599999998,1021.2966981132075,1296.0,1056.954245283019,35.65754716981132,2165.1490000000003,3849,376,15,90.77830188679246,8.867924528301886,0.3537735849056604
wind_actual_mw,Actual wind output,Spring,INTNSL,North Sea Link (INTNSL),40_60pct,3598,6213.557779766537,5018.818,7611.3868,996.8015564202335,1258.0,1044.0050027793218,47.20344635908838,1793.246,3214,371,13,89.32740411339634,10.311284046692606,0.3613118399110617
wind_actual_mw,Actual wind output,Spring,INTNSL,North Sea Link (INTNSL),60_80pct,3195,9148.51545001565,7613.437999999998,10783.756,845.4810641627543,1048.0,907.7602503912364,62.279186228482004,1350.6560000000002,2812,380,3,88.01251956181534,11.89358372456964,0.09389671361502347
wind_actual_mw,Actual wind output,Spring,INTNSL,North Sea Link (INTNSL),highest_20pct,2445,12190.745431738242,10784.598000000004,15163.815399999994,465.00122699386503,698.0,652.2126789366054,187.2114519427403,568.464,1759,674,12,71.94274028629857,27.56646216768916,0.49079754601227
wind_actual_mw,Actual wind output,Spring,INTVKL,Denmark (Viking link),lowest_20pct,1800,1771.2872284444445,52.42120000000001,2828.264000000001,470.01222222222225,728.0,603.9422222222222,133.93,423.011,1283,418,99,71.27777777777777,23.22222222222222,5.5
wind_actual_mw,Actual wind output,Spring,INTVKL,Denmark (Viking link),20_40pct,1909,3949.686377370351,2830.7489999999984,5017.237999999998,374.9219486642221,548.0,529.5945521215295,154.6726034573075,357.863,1197,500,212,62.702985856469354,26.191723415400737,11.105290728129912
wind_actual_mw,Actual wind output,Spring,INTVKL,Denmark (Viking link),40_60pct,1931,6274.3885834282755,5019.303999999999,7611.3868,412.809943034697,394.0,535.2511651993785,122.4412221646815,398.568,1176,462,293,60.901087519419995,23.92542723977214,15.17348524080787
wind_actual_mw,Actual wind output,Spring,INTVKL,Denmark (Viking link),60_80pct,1671,8971.381759186117,7613.437999999998,10783.756,298.75882704967086,336.0,505.90903650508676,207.15020945541593,249.613,945,546,180,56.552962298025136,32.675044883303414,10.771992818671453
wind_actual_mw,Actual wind output,Spring,INTVKL,Denmark (Viking link),highest_20pct,1377,12343.083586056646,10785.683000000006,15163.815399999994,68.9048656499637,0.0,341.5265068990559,272.62164124909225,47.440999999999995,564,609,204,40.95860566448802,44.226579520697165,14.814814814814813
wind_actual_mw,Actual wind output,Spring,TOTAL_GB_INTERCONNECTORS,GB interconnector fleet total,lowest_20pct,4039,1680.3345391928697,-4.5900000000000025,2829.956,3147.191384005942,3888.0,3590.9670710571922,443.7756870512503,6355.753,3385,653,1,83.80787323594949,16.167368160435753,0.02475860361475613
wind_actual_mw,Actual wind output,Spring,TOTAL_GB_INTERCONNECTORS,GB interconnector fleet total,20_40pct,4240,3924.446560235849,2830.7489999999984,5018.745599999998,3535.852830188679,4242.0,3818.9094339622643,283.0566037735849,7496.008,3704,534,2,87.35849056603774,12.59433962264151,0.04716981132075472
wind_actual_mw,Actual wind output,Spring,TOTAL_GB_INTERCONNECTORS,GB interconnector fleet total,40_60pct,3598,6213.557779766537,5018.818,7611.3868,3380.1884380211227,4012.0,3704.565869927738,324.3774319066148,6080.959,3109,488,1,86.40911617565314,13.563090605892162,0.027793218454697052
wind_actual_mw,Actual wind output,Spring,TOTAL_GB_INTERCONNECTORS,GB interconnector fleet total,60_80pct,3195,9148.51545001565,7613.437999999998,10783.756,2797.1511737089204,3026.0,3136.7017214397497,339.5505477308294,4468.449,2671,524,0,83.59937402190923,16.400625978090765,0.0
wind_actual_mw,Actual wind output,Spring,TOTAL_GB_INTERCONNECTORS,GB interconnector fleet total,highest_20pct,2445,12190.745431738242,10784.598000000004,15163.815399999994,1838.3051124744377,1908.0,2464.5022494887526,626.1971370143149,2247.328,1742,703,0,71.24744376278119,28.752556237218812,0.0
wind_actual_mw,Actual wind output,Summer,INTELEC,Eleclink (INTELEC),lowest_20pct,4978,1707.8921824025713,-40.40199999999999,2830.466,252.38408999598232,557.0,503.22659702691845,250.84250703093613,628.184,2985,1752,241,59.96384089995982,35.19485737243873,4.841301727601446
wind_actual_mw,Actual wind output,Summer,INTELEC,Eleclink (INTELEC),20_40pct,4891,3839.505314250664,2830.6159999999995,5018.335199999999,407.1036597832754,842.0,587.840932324678,180.73727254140258,995.572,3416,1200,275,69.84256798200776,24.534859946841138,5.622572071151094
wind_actual_mw,Actual wind output,Summer,INTELEC,Eleclink (INTELEC),40_60pct,3961,6205.273355465792,5018.8512,7611.049799999997,381.56071699065893,752.0,560.3529411764706,178.79222418581168,755.681,2793,985,183,70.51249684423125,24.867457712698812,4.620045443069932
wind_actual_mw,Actual wind output,Summer,INTELEC,Eleclink (INTELEC),60_80pct,2746,8983.272392862345,7612.374000000001,10780.984,288.52294246176257,429.0,469.4377276037873,180.91478514202475,396.142,1709,825,212,62.23597960670065,30.043699927166788,7.720320466132556
wind_actual_mw,Actual wind output,Summer,INTELEC,Eleclink (INTELEC),highest_20pct,940,11978.748273829788,10787.484,15266.269800000004,197.67234042553193,146.0,331.6021276595745,133.92978723404255,92.906,557,313,70,59.25531914893617,33.297872340425535,7.446808510638298
wind_actual_mw,Actual wind output,Summer,INTEW,Ireland(East-West),lowest_20pct,6577,1587.1004974912576,-54.174,2830.466,-179.52683594343927,-110.0,32.65227307282956,212.17910901626882,-590.374,982,3935,1660,14.930819522578684,59.82970959403984,25.239470883381482
wind_actual_mw,Actual wind output,Summer,INTEW,Ireland(East-West),20_40pct,5593,3840.5576456284643,2830.6159999999995,5018.335199999999,-199.20078669765778,-178.0,33.07133917396746,232.27212587162524,-557.065,754,3647,1192,13.481137135705346,65.20650813516896,21.312354729125694
wind_actual_mw,Actual wind output,Summer,INTEW,Ireland(East-West),40_60pct,4396,6198.594737716106,5018.8512,7611.049799999997,-171.34531392174705,-126.0,48.50682438580528,219.8521383075523,-376.617,851,2617,928,19.358507734303913,59.53139217470428,21.11010009099181
wind_actual_mw,Actual wind output,Summer,INTEW,Ireland(East-West),60_80pct,2986,8967.67663590087,7612.374000000001,10780.984,-176.9490957803081,-142.0,53.38446081714668,230.3335565974548,-264.185,608,1826,552,20.361687876758204,61.15204286671132,18.486269256530473
wind_actual_mw,Actual wind output,Summer,INTEW,Ireland(East-West),highest_20pct,940,11978.748273829788,10787.484,15266.269800000004,-254.2468085106383,-343.0,30.646808510638298,284.8936170212766,-119.49600000000001,111,663,166,11.808510638297873,70.53191489361701,17.659574468085108
wind_actual_mw,Actual wind output,Summer,INTFR,France(IFA),lowest_20pct,6577,1587.1004974912576,-54.174,2830.466,914.7352896457352,1358.0,1105.5326136536414,190.79732400790635,3008.107,4869,1697,11,74.03071309107496,25.80203740307131,0.16724950585373272
wind_actual_mw,Actual wind output,Summer,INTFR,France(IFA),20_40pct,5593,3840.5576456284643,2830.6159999999995,5018.335199999999,978.8263901305203,1356.0,1132.5124262470945,153.6860361165743,2737.288,4419,1169,5,79.00947613087789,20.90112640801001,0.08939746111210442
wind_actual_mw,Actual wind output,Summer,INTFR,France(IFA),40_60pct,4396,6198.594737716106,5018.8512,7611.049799999997,834.4604185623294,1181.0,1012.0500454959054,177.58962693357597,1834.144,3336,1057,3,75.88717015468607,24.044585987261147,0.06824385805277526
wind_actual_mw,Actual wind output,Summer,INTFR,France(IFA),60_80pct,2986,8967.67663590087,7612.374000000001,10780.984,544.1165438713998,825.0,804.748158070998,260.6316141995981,812.366,1994,981,11,66.7782987273945,32.85331547220361,0.3683858004018754
wind_actual_mw,Actual wind output,Summer,INTFR,France(IFA),highest_20pct,940,11978.748273829788,10787.484,15266.269800000004,128.27234042553192,77.0,481.70425531914896,353.43191489361703,60.288000000000004,495,444,1,52.659574468085104,47.23404255319149,0.10638297872340426
wind_actual_mw,Actual wind output,Summer,INTGRNL,Ireland (Greenlink),lowest_20pct,998,1753.7395765531062,28.636199999999945,2829.543599999999,-414.0,-514.0,6.424849699398798,420.4248496993988,-206.586,51,937,10,5.110220440881764,93.88777555110221,1.002004008016032
wind_actual_mw,Actual wind output,Summer,INTGRNL,Ireland (Greenlink),20_40pct,1193,3876.1659595976525,2831.5656000000004,5018.335199999999,-405.2690695725063,-514.0,9.222129086336965,414.49119865884325,-241.743,62,1124,7,5.1969823973176865,94.2162615255658,0.586756077116513
wind_actual_mw,Actual wind output,Summer,INTGRNL,Ireland (Greenlink),40_60pct,1025,6115.378460487806,5018.8512,7609.3888,-364.30048780487806,-512.0,25.346341463414635,389.64682926829266,-186.704,97,915,13,9.463414634146341,89.26829268292683,1.2682926829268293
wind_actual_mw,Actual wind output,Summer,INTGRNL,Ireland (Greenlink),60_80pct,767,9102.743228943937,7612.8282,10776.771800000002,-372.0495436766623,-514.0,27.13689700130378,399.1864406779661,-142.681,75,690,2,9.778357235984354,89.96088657105607,0.2607561929595828
wind_actual_mw,Actual wind output,Summer,INTGRNL,Ireland (Greenlink),highest_20pct,433,12249.378464203233,10790.599999999997,15266.269800000004,-251.7782909930716,-436.0,64.24942263279446,316.02771362586606,-54.51,96,336,1,22.170900692840647,77.59815242494227,0.23094688221709006
wind_actual_mw,Actual wind output,Summer,INTIFA2,IFA2 (INTIFA2),lowest_20pct,6577,1587.1004974912576,-54.174,2830.466,378.3202067812072,704.0,549.8674167553596,171.54720997415234,1244.106,4464,2107,6,67.87289037555117,32.03588262125589,0.09122700319294512
wind_actual_mw,Actual wind output,Summer,INTIFA2,IFA2 (INTIFA2),20_40pct,5593,3840.5576456284643,2830.6159999999995,5018.335199999999,391.4482388700161,702.0,554.6461648489183,163.1979259789022,1094.685,3843,1746,4,68.71088861076345,31.217593420346862,0.07151796888968354
wind_actual_mw,Actual wind output,Summer,INTIFA2,IFA2 (INTIFA2),40_60pct,4396,6198.594737716106,5018.8512,7611.049799999997,325.3030027297543,562.0,491.7670609645132,166.46405823475888,715.016,2856,1539,1,64.96815286624204,35.00909918107371,0.02274795268425842
wind_actual_mw,Actual wind output,Summer,INTIFA2,IFA2 (INTIFA2),60_80pct,2986,8967.67663590087,7612.374000000001,10780.984,195.52377762893502,296.0,419.2906898861353,223.76691225720026,291.917,1760,1225,1,58.94172806430007,41.02478231748158,0.03348961821835231
wind_actual_mw,Actual wind output,Summer,INTIFA2,IFA2 (INTIFA2),highest_20pct,940,11978.748273829788,10787.484,15266.269800000004,-4.682978723404255,-2.0,222.58723404255318,227.27021276595744,-2.2010000000000014,386,553,1,41.06382978723404,58.829787234042556,0.10638297872340426
wind_actual_mw,Actual wind output,Summer,INTIRL,Northern Ireland(Moyle),lowest_20pct,6577,1587.1004974912576,-54.174,2830.466,-199.8634635852212,-252.0,28.572905580051696,228.4363691652729,-657.251,1239,4536,802,18.838376159343166,68.96761441386651,12.194009426790329
wind_actual_mw,Actual wind output,Summer,INTIRL,Northern Ireland(Moyle),20_40pct,5593,3840.5576456284643,2830.6159999999995,5018.335199999999,-222.6994457357411,-286.0,20.866082603254068,243.56552833899516,-622.779,726,4071,796,12.980511353477562,72.78741283747542,14.232075809047023
wind_actual_mw,Actual wind output,Summer,INTIRL,Northern Ireland(Moyle),40_60pct,4396,6198.594737716106,5018.8512,7611.049799999997,-193.71883530482256,-274.0,36.93448589626934,230.6533212010919,-425.794,801,2979,616,18.221110100090993,67.76615104640582,14.012738853503185
wind_actual_mw,Actual wind output,Summer,INTIRL,Northern Ireland(Moyle),60_80pct,2986,8967.67663590087,7612.374000000001,10780.984,-189.2478231748158,-264.0,42.844608171466845,232.09243134628267,-282.547,627,2024,335,20.997990622906897,67.78298727394507,11.219022103148024
wind_actual_mw,Actual wind output,Summer,INTIRL,Northern Ireland(Moyle),highest_20pct,940,11978.748273829788,10787.484,15266.269800000004,-229.98297872340424,-300.0,27.095744680851062,257.0787234042553,-108.092,161,724,55,17.127659574468083,77.02127659574468,5.851063829787234
wind_actual_mw,Actual wind output,Summer,INTNED,Netherlands(BritNed),lowest_20pct,6577,1587.1004974912576,-54.174,2830.466,341.0679641173787,534.0,502.2086057473012,161.14064162992247,1121.602,4257,1622,698,64.72555876539455,24.661699863159495,10.612741371445948
wind_actual_mw,Actual wind output,Summer,INTNED,Netherlands(BritNed),20_40pct,5593,3840.5576456284643,2830.6159999999995,5018.335199999999,177.39424280350437,180.0,398.95440729483283,221.56016449132844,496.083,3021,1865,707,54.01394600393349,33.34525299481494,12.640801001251564
wind_actual_mw,Actual wind output,Summer,INTNED,Netherlands(BritNed),40_60pct,4396,6198.594737716106,5018.8512,7611.049799999997,35.62738853503185,0.0,327.96087352138306,292.3334849863512,78.309,1998,1813,585,45.45040946314832,41.24203821656051,13.307552320291174
wind_actual_mw,Actual wind output,Summer,INTNED,Netherlands(BritNed),60_80pct,2986,8967.67663590087,7612.374000000001,10780.984,-154.88479571332886,-181.0,228.0910917615539,382.97588747488277,-231.243,1026,1606,354,34.36034829202947,53.784326858673815,11.855324849296718
wind_actual_mw,Actual wind output,Summer,INTNED,Netherlands(BritNed),highest_20pct,940,11978.748273829788,10787.484,15266.269800000004,-370.2659574468085,-601.0,158.168085106383,528.4340425531915,-174.025,216,612,112,22.97872340425532,65.1063829787234,11.914893617021278
wind_actual_mw,Actual wind output,Summer,INTNEM,Belgium (Nemolink),lowest_20pct,6577,1587.1004974912576,-54.174,2830.466,437.74243576098524,740.0,575.8725862855405,138.13015052455526,1439.516,4916,1613,48,74.74532461608636,24.524859358370076,0.729816025543561
wind_actual_mw,Actual wind output,Summer,INTNEM,Belgium (Nemolink),20_40pct,5593,3840.5576456284643,2830.6159999999995,5018.335199999999,321.43965671374934,522.0,484.97657786518863,163.5369211514393,898.906,3880,1674,39,69.37242982299303,29.930269980332557,0.6973001966744145
wind_actual_mw,Actual wind output,Summer,INTNEM,Belgium (Nemolink),40_60pct,4396,6198.594737716106,5018.8512,7611.049799999997,157.1260236578708,243.0,386.8494085532302,229.72338489535943,345.363,2630,1735,31,59.82711555959963,39.46769790718835,0.705186533212011
wind_actual_mw,Actual wind output,Summer,INTNEM,Belgium (Nemolink),60_80pct,2986,8967.67663590087,7612.374000000001,10780.984,-30.071667782987273,-24.0,298.649698593436,328.7213663764233,-44.897,1448,1518,20,48.49296718017415,50.83724045545881,0.6697923643670463
wind_actual_mw,Actual wind output,Summer,INTNEM,Belgium (Nemolink),highest_20pct,940,11978.748273829788,10787.484,15266.269800000004,-251.79787234042553,-401.0,206.22765957446808,458.02553191489363,-118.345,328,605,7,34.8936170212766,64.36170212765957,0.7446808510638299
wind_actual_mw,Actual wind output,Summer,INTNSL,North Sea Link (INTNSL),lowest_20pct,4978,1707.8921824025713,-40.40199999999999,2830.466,975.8119726797911,1396.0,1023.383688228204,47.57171554841302,2428.7960000000003,4359,585,34,87.56528726396144,11.751707513057452,0.6830052229811169
wind_actual_mw,Actual wind output,Summer,INTNSL,North Sea Link (INTNSL),20_40pct,4891,3839.505314250664,2830.6159999999995,5018.335199999999,1049.004702514823,1396.0,1083.3804947863423,34.37579227151912,2565.3410000000003,4371,439,81,89.36822735636885,8.975669597219383,1.6561030464117765
wind_actual_mw,Actual wind output,Summer,INTNSL,North Sea Link (INTNSL),40_60pct,3961,6205.273355465792,5018.8512,7611.049799999997,908.4352436253471,1340.0,972.2923504165615,63.85710679121434,1799.1560000000002,3355,476,130,84.70083312294875,12.017167381974248,3.281999495077001
wind_actual_mw,Actual wind output,Summer,INTNSL,North Sea Link (INTNSL),60_80pct,2746,8983.272392862345,7612.374000000001,10780.984,635.9621267297888,842.0,761.1544064093226,125.19227967953387,873.176,2005,627,114,73.01529497450836,22.83321194464676,4.151493080844865
wind_actual_mw,Actual wind output,Summer,INTNSL,North Sea Link (INTNSL),highest_20pct,940,11978.748273829788,10787.484,15266.269800000004,24.95531914893617,0.0,342.46382978723403,317.5085106382979,11.729000000000005,425,446,69,45.21276595744681,47.4468085106383,7.340425531914893
wind_actual_mw,Actual wind output,Summer,INTVKL,Denmark (Viking link),lowest_20pct,1928,1752.868489626556,28.636199999999945,2829.604,499.5155601659751,796.0,630.350622406639,130.8350622406639,481.533,1401,390,137,72.66597510373444,20.228215767634854,7.105809128630705
wind_actual_mw,Actual wind output,Summer,INTVKL,Denmark (Viking link),20_40pct,2562,3891.165088212334,2830.775999999999,5018.335199999999,329.8165495706479,402.0,512.271662763466,182.45511319281812,422.495,1503,735,324,58.66510538641686,28.688524590163933,12.646370023419204
wind_actual_mw,Actual wind output,Summer,INTVKL,Denmark (Viking link),40_60pct,2095,6166.699730310263,5018.8512,7611.049799999997,208.6835322195704,156.0,457.0109785202864,248.327446300716,218.596,1133,738,224,54.08114558472553,35.226730310262525,10.692124105011933
wind_actual_mw,Actual wind output,Summer,INTVKL,Denmark (Viking link),60_80pct,1497,9012.876701937206,7612.8282,10779.224,-27.724782899131597,0.0,331.5804943219773,359.3052772211089,-20.75200000000001,608,727,162,40.61456245824983,48.56379425517702,10.821643286573146
wind_actual_mw,Actual wind output,Summer,INTVKL,Denmark (Viking link),highest_20pct,750,12083.2379272,10790.599999999997,15266.269800000004,-235.38133333333334,-320.0,232.88,468.2613333333333,-88.268,237,444,69,31.6,59.199999999999996,9.2
wind_actual_mw,Actual wind output,Summer,TOTAL_GB_INTERCONNECTORS,GB interconnector fleet total,lowest_20pct,6577,1587.1004974912576,-54.174,2830.466,2705.681313668846,3720.0,3201.521058233237,495.8397445643911,8897.633,5102,1471,4,77.57336171506766,22.36582028280371,0.06081800212863008
wind_actual_mw,Actual wind output,Summer,TOTAL_GB_INTERCONNECTORS,GB interconnector fleet total,20_40pct,5593,3840.5576456284643,2830.6159999999995,5018.335199999999,2785.1897014124797,3582.0,3246.2674772036476,461.07777579116754,7788.783,4418,1174,1,78.99159663865547,20.990523869122114,0.017879492222420884
wind_actual_mw,Actual wind output,Summer,TOTAL_GB_INTERCONNECTORS,GB interconnector fleet total,40_60pct,4396,6198.594737716106,5018.8512,7611.049799999997,2164.3084622383985,2863.0,2750.78889899909,586.4804367606915,4757.15,3314,1082,0,75.38671519563239,24.61328480436761,0.0
wind_actual_mw,Actual wind output,Summer,TOTAL_GB_INTERCONNECTORS,GB interconnector fleet total,60_80pct,2986,8967.67663590087,7612.374000000001,10780.984,929.2002679169458,1029.0,1840.7106496985934,911.5103817816477,1387.296,1852,1134,0,62.022772940388485,37.977227059611515,0.0
wind_actual_mw,Actual wind output,Summer,TOTAL_GB_INTERCONNECTORS,GB interconnector fleet total,highest_20pct,940,11978.748273829788,10787.484,15266.269800000004,-1063.8595744680852,-1164.0,717.7765957446809,1781.636170212766,-500.014,339,601,0,36.06382978723404,63.93617021276595,0.0
wind_actual_mw,Actual wind output,Autumn,INTELEC,Eleclink (INTELEC),lowest_20pct,2431,1682.094989304813,-115.2388,2829.577200000001,254.4179350061703,122.0,402.4401480872069,148.0222130810366,309.245,1261,521,649,51.87165775401069,21.431509666803787,26.69683257918552
wind_actual_mw,Actual wind output,Autumn,INTELEC,Eleclink (INTELEC),20_40pct,3044,3898.574097897503,2831.0960000000005,5018.726799999998,230.03088042049933,0.0,432.9034165571616,202.8725361366623,350.10699999999997,1498,843,703,49.21156373193167,27.69382391590013,23.094612352168202
wind_actual_mw,Actual wind output,Autumn,INTELEC,Eleclink (INTELEC),40_60pct,3565,6320.815825301543,5018.901200000002,7611.309999999998,218.24796633941094,88.0,442.0813464235624,223.8333800841515,389.027,1829,965,771,51.30434782608696,27.068723702664798,21.626928471248245
wind_actual_mw,Actual wind output,Autumn,INTELEC,Eleclink (INTELEC),60_80pct,3637,9157.799074292,7611.787199999998,10784.430800000004,130.93538630739621,0.0,366.21886169920265,235.28347539180643,238.106,1672,1131,834,45.971954907891124,31.097058014847402,22.93098707726148
wind_actual_mw,Actual wind output,Autumn,INTELEC,Eleclink (INTELEC),highest_20pct,4698,12903.895826692209,10785.830999999998,16861.473400000003,121.1353767560664,20.0,378.73052362707534,257.5951468710089,284.54699999999997,2386,1521,791,50.78756917837378,32.37547892720307,16.83695189442316
wind_actual_mw,Actual wind output,Autumn,INTEW,Ireland(East-West),lowest_20pct,3483,1699.7273669250646,-115.2388,2829.577200000001,-169.28969279356878,-88.0,30.346827447602642,199.6365202411714,-294.818,490,2123,870,14.068331897789262,60.95320126327878,24.978466838931958
wind_actual_mw,Actual wind output,Autumn,INTEW,Ireland(East-West),20_40pct,3833,3886.7486256196194,2831.0960000000005,5018.726799999998,-159.04774328202453,-64.0,38.04435168275502,197.09209496477953,-304.815,638,2196,999,16.644925645708323,57.29193842942865,26.06313592486303
wind_actual_mw,Actual wind output,Autumn,INTEW,Ireland(East-West),40_60pct,4376,6320.34402404022,5018.901200000002,7611.309999999998,-146.78062157221206,-38.0,53.70155393053017,200.48217550274222,-321.156,966,2385,1025,22.07495429616088,54.5018281535649,23.423217550274224
wind_actual_mw,Actual wind output,Autumn,INTEW,Ireland(East-West),60_80pct,4869,9157.572425795852,7611.787199999998,10784.430800000004,-143.5268022181146,-34.0,48.07270486752927,191.59950708564386,-349.416,1036,2686,1147,21.277469706305197,55.16533169028548,23.557198603409326
wind_actual_mw,Actual wind output,Autumn,INTEW,Ireland(East-West),highest_20pct,5175,12785.172944115942,10785.44400000001,16861.473400000003,-137.73062801932366,-16.0,46.31768115942029,184.04830917874395,-356.378,1094,2718,1363,21.140096618357486,52.52173913043479,26.33816425120773
wind_actual_mw,Actual wind output,Autumn,INTFR,France(IFA),lowest_20pct,3483,1699.7273669250646,-115.2388,2829.577200000001,755.7950043066322,802.0,798.3502727533735,42.555268446741316,1316.217,2570,320,593,73.78696525983348,9.18748205569911,17.025552684467414
wind_actual_mw,Actual wind output,Autumn,INTFR,France(IFA),20_40pct,3833,3886.7486256196194,2831.0960000000005,5018.726799999998,606.8051134881295,826.0,702.5196973649882,95.71458387685885,1162.942,2566,609,658,66.94495173493348,15.888338116357945,17.16671014870858
wind_actual_mw,Actual wind output,Autumn,INTFR,France(IFA),40_60pct,4376,6320.34402404022,5018.901200000002,7611.309999999998,526.278336380256,734.0,661.8468921389397,135.56855575868374,1151.497,2658,1032,686,60.740402193784284,23.583180987202926,15.676416819012799
wind_actual_mw,Actual wind output,Autumn,INTFR,France(IFA),60_80pct,4869,9157.572425795852,7611.787199999998,10784.430800000004,364.07434791538304,334.0,553.5678784144588,189.49353049907577,886.3389999999999,2746,1491,632,56.397617580612035,30.622304374614913,12.980078044773055
wind_actual_mw,Actual wind output,Autumn,INTFR,France(IFA),highest_20pct,5175,12785.172944115942,10785.44400000001,16861.473400000003,310.8695652173913,306.0,533.4330434782609,222.56347826086957,804.375,2935,1717,523,56.714975845410635,33.17874396135266,10.106280193236715
wind_actual_mw,Actual wind output,Autumn,INTGRNL,Ireland (Greenlink),lowest_20pct,411,1691.5388345498784,15.667399999999992,2828.436200000001,-460.26277372262774,-514.0,5.250608272506082,465.51338199513384,-94.584,11,399,1,2.67639902676399,97.08029197080292,0.24330900243309003
wind_actual_mw,Actual wind output,Autumn,INTGRNL,Ireland (Greenlink),20_40pct,541,3946.0075068391866,2836.9074,5015.037399999999,-402.1146025878004,-514.0,16.972273567467653,419.08687615526804,-108.772,37,481,23,6.839186691312385,88.909426987061,4.251386321626617
wind_actual_mw,Actual wind output,Autumn,INTGRNL,Ireland (Greenlink),40_60pct,835,6394.897868982035,5025.769999999999,7608.112399999994,-332.90299401197603,-514.0,45.053892215568865,377.9568862275449,-138.987,128,695,12,15.32934131736527,83.23353293413174,1.437125748502994
wind_actual_mw,Actual wind output,Autumn,INTGRNL,Ireland (Greenlink),60_80pct,780,9067.494920256411,7613.339800000003,10783.626199999995,-339.88461538461536,-514.0,33.14358974358974,373.0282051282051,-132.555,109,666,5,13.974358974358974,85.38461538461539,0.641025641025641
wind_actual_mw,Actual wind output,Autumn,INTGRNL,Ireland (Greenlink),highest_20pct,1801,13431.000370127707,10788.2706,16861.473400000003,-279.446973903387,-488.0,55.31926707384786,334.7662409772349,-251.642,379,1407,15,21.04386451971127,78.12326485285952,0.8328706274292059
wind_actual_mw,Actual wind output,Autumn,INTIFA2,IFA2 (INTIFA2),lowest_20pct,3483,1699.7273669250646,-115.2388,2829.577200000001,432.0264140109101,630.0,526.3215618719495,94.29514786103934,752.374,2274,1207,2,65.2885443583118,34.65403387884008,0.057421762848119444
wind_actual_mw,Actual wind output,Autumn,INTIFA2,IFA2 (INTIFA2),20_40pct,3833,3886.7486256196194,2831.0960000000005,5018.726799999998,247.10566136185756,128.0,413.49699973910776,166.3913383772502,473.578,1988,1843,2,51.865379598225935,48.08244195147404,0.05217845030002609
wind_actual_mw,Actual wind output,Autumn,INTIFA2,IFA2 (INTIFA2),40_60pct,4376,6320.34402404022,5018.901200000002,7611.309999999998,148.66681901279708,-2.0,364.67138939670934,216.00457038391224,325.283,2020,2356,0,46.16087751371115,53.83912248628885,0.0
wind_actual_mw,Actual wind output,Autumn,INTIFA2,IFA2 (INTIFA2),60_80pct,4869,9157.572425795852,7611.787199999998,10784.430800000004,69.47586773464778,-2.0,303.7654549188745,234.28958718422675,169.13899999999998,1997,2868,4,41.0145820497022,58.903265557609366,0.08215239268843705
wind_actual_mw,Actual wind output,Autumn,INTIFA2,IFA2 (INTIFA2),highest_20pct,5175,12785.172944115942,10785.44400000001,16861.473400000003,-9.203478260869565,-2.0,276.25468599033815,285.45816425120773,-23.814000000000014,2021,3146,8,39.05314009661836,60.79227053140097,0.15458937198067632
wind_actual_mw,Actual wind output,Autumn,INTIRL,Northern Ireland(Moyle),lowest_20pct,3483,1699.7273669250646,-115.2388,2829.577200000001,-229.5366063738157,-312.0,32.585127763422335,262.12173413723804,-399.738,711,2698,74,20.41343669250646,77.46195808211313,2.124605225380419
wind_actual_mw,Actual wind output,Autumn,INTIRL,Northern Ireland(Moyle),20_40pct,3833,3886.7486256196194,2831.0960000000005,5018.726799999998,-203.87946777980693,-320.0,52.869814766501435,256.7492825463084,-390.735,911,2833,89,23.767284111661883,73.91077484998696,2.321941038351161
wind_actual_mw,Actual wind output,Autumn,INTIRL,Northern Ireland(Moyle),40_60pct,4376,6320.34402404022,5018.901200000002,7611.309999999998,-164.90219378427787,-292.0,70.81398537477148,235.71617915904935,-360.806,1323,2962,91,30.23308957952468,67.68738574040219,2.0795246800731264
wind_actual_mw,Actual wind output,Autumn,INTIRL,Northern Ireland(Moyle),60_80pct,4869,9157.572425795852,7611.787199999998,10784.430800000004,-163.48038611624563,-280.0,70.03861162456357,233.5189977408092,-397.993,1482,3312,75,30.437461491065925,68.02218114602587,1.5403573629081946
wind_actual_mw,Actual wind output,Autumn,INTIRL,Northern Ireland(Moyle),highest_20pct,5175,12785.172944115942,10785.44400000001,16861.473400000003,-131.4376811594203,-210.0,79.86048309178744,211.29816425120774,-340.095,1625,3311,239,31.40096618357488,63.98067632850242,4.618357487922705
wind_actual_mw,Actual wind output,Autumn,INTNED,Netherlands(BritNed),lowest_20pct,3483,1699.7273669250646,-115.2388,2829.577200000001,354.2658627619868,596.0,521.0140683318978,166.748205569911,616.954,2330,931,222,66.89635371805915,26.7298306057996,6.373815676141257
wind_actual_mw,Actual wind output,Autumn,INTNED,Netherlands(BritNed),20_40pct,3833,3886.7486256196194,2831.0960000000005,5018.726799999998,189.69319071223583,296.0,426.8332898512914,237.14009913905556,363.547,2213,1388,232,57.73545525697886,36.21184450821811,6.052700234803026
wind_actual_mw,Actual wind output,Autumn,INTNED,Netherlands(BritNed),40_60pct,4376,6320.34402404022,5018.901200000002,7611.309999999998,155.30575868372944,252.0,416.8569469835466,261.55118829981717,339.809,2441,1686,249,55.78153564899452,38.528336380255936,5.690127970749543
wind_actual_mw,Actual wind output,Autumn,INTNED,Netherlands(BritNed),60_80pct,4869,9157.572425795852,7611.787199999998,10784.430800000004,200.31751899774082,244.0,418.84493735880056,218.52741836105977,487.673,2796,1721,352,57.4245224892175,35.34606695420004,7.229410556582461
wind_actual_mw,Actual wind output,Autumn,INTNED,Netherlands(BritNed),highest_20pct,5175,12785.172944115942,10785.44400000001,16861.473400000003,-36.61024154589372,0.0,289.0330434782609,325.6432850241546,-94.729,2155,2500,520,41.64251207729468,48.309178743961354,10.048309178743962
wind_actual_mw,Actual wind output,Autumn,INTNEM,Belgium (Nemolink),lowest_20pct,3483,1699.7273669250646,-115.2388,2829.577200000001,510.7321274763135,770.0,603.1616422624174,92.42951478610394,889.44,2689,614,180,77.20356014929658,17.628481194372668,5.167958656330749
wind_actual_mw,Actual wind output,Autumn,INTNEM,Belgium (Nemolink),20_40pct,3833,3886.7486256196194,2831.0960000000005,5018.726799999998,360.86407513696844,550.0,504.2154969997391,143.35142186277068,691.596,2588,943,302,67.51891468823375,24.602139316462303,7.878945995303939
wind_actual_mw,Actual wind output,Autumn,INTNEM,Belgium (Nemolink),40_60pct,4376,6320.34402404022,5018.901200000002,7611.309999999998,269.6805301645338,407.0,445.3628884826325,175.68235831809872,590.061,2685,1269,422,61.357404021937846,28.99908592321755,9.643510054844608
wind_actual_mw,Actual wind output,Autumn,INTNEM,Belgium (Nemolink),60_80pct,4869,9157.572425795852,7611.787199999998,10784.430800000004,329.65003080714723,476.0,472.95584308892995,143.30581228178272,802.533,3258,1259,352,66.91312384473198,25.857465598685565,7.229410556582461
wind_actual_mw,Actual wind output,Autumn,INTNEM,Belgium (Nemolink),highest_20pct,5175,12785.172944115942,10785.44400000001,16861.473400000003,130.84753623188405,150.0,367.21236714975845,236.3648309178744,338.568,2855,2030,290,55.169082125603865,39.227053140096615,5.603864734299517
wind_actual_mw,Actual wind output,Autumn,INTNSL,North Sea Link (INTNSL),lowest_20pct,2719,1698.685565649136,-115.2388,2829.577200000001,1028.0603162927546,1398.0,1074.9393159249723,46.87899963221773,1397.6480000000001,2390,243,86,87.89996322177271,8.93710923133505,3.1629275468922398
wind_actual_mw,Actual wind output,Autumn,INTNSL,North Sea Link (INTNSL),20_40pct,3521,3903.173320079523,2831.0960000000005,5018.726799999998,801.0917353024709,1396.0,916.8082930985515,115.71655779608066,1410.3220000000001,2720,507,294,77.250781028117,14.399318375461517,8.34990059642147
wind_actual_mw,Actual wind output,Autumn,INTNSL,North Sea Link (INTNSL),40_60pct,4247,6321.521145561573,5018.901200000002,7611.309999999998,783.0468566046621,1258.0,887.7993878031551,104.75253119849306,1662.8000000000002,3289,618,340,77.44290087120321,14.551448080998352,8.005651047798445
wind_actual_mw,Actual wind output,Autumn,INTNSL,North Sea Link (INTNSL),60_80pct,4645,9152.81939444564,7611.787199999998,10784.430800000004,724.1136706135629,698.0,811.708073196986,87.59440258342303,1681.7540000000001,3659,641,345,78.77287405812702,13.799784714747041,7.427341227125941
wind_actual_mw,Actual wind output,Autumn,INTNSL,North Sea Link (INTNSL),highest_20pct,5118,12800.089542360298,10785.830999999998,16861.473400000003,538.0840171942165,694.0,704.1246580695584,166.04064087534192,1376.957,3603,1219,296,70.39859320046892,23.81789761625635,5.783509183274717
wind_actual_mw,Actual wind output,Autumn,INTVKL,Denmark (Viking link),lowest_20pct,1103,1751.5681952855848,15.667399999999992,2828.808000000002,356.65095194922935,436.0,563.2620126926564,206.611060743427,196.69299999999998,713,349,41,64.64188576609247,31.640979147778786,3.71713508612874
wind_actual_mw,Actual wind output,Autumn,INTVKL,Denmark (Viking link),20_40pct,1560,3864.687605897436,2831.0960000000005,5015.037399999999,283.21666666666664,638.0,556.4910256410257,273.27435897435896,220.909,957,544,59,61.346153846153854,34.87179487179487,3.782051282051282
wind_actual_mw,Actual wind output,Autumn,INTVKL,Denmark (Viking link),40_60pct,1821,6368.687337287205,5021.628,7611.309999999998,388.88193300384404,700.0,639.1301482701812,250.24821526633718,354.077,1206,573,42,66.22734761120263,31.466227347611202,2.3064250411861615
wind_actual_mw,Actual wind output,Autumn,INTVKL,Denmark (Viking link),60_80pct,1675,9125.668725850746,7613.339800000003,10783.890000000005,413.51044776119403,698.0,653.6238805970149,240.1134328358209,346.315,1098,568,9,65.55223880597015,33.91044776119403,0.5373134328358209
wind_actual_mw,Actual wind output,Autumn,INTVKL,Denmark (Viking link),highest_20pct,2481,13167.441959371221,10788.2706,16861.473400000003,239.53083434099153,410.0,542.2910116888352,302.76017734784364,297.138,1512,962,7,60.94316807738815,38.77468762595728,0.28214429665457474
wind_actual_mw,Actual wind output,Autumn,TOTAL_GB_INTERCONNECTORS,GB interconnector fleet total,lowest_20pct,3483,1699.7273669250646,-115.2388,2829.577200000001,2692.753947746196,3300.0,2952.125179443009,259.3712316968131,4689.431,2986,497,0,85.73069193224232,14.269308067757681,0.0
wind_actual_mw,Actual wind output,Autumn,TOTAL_GB_INTERCONNECTORS,GB interconnector fleet total,20_40pct,3833,3886.7486256196194,2831.0960000000005,5018.726799999998,2018.6167492825464,2696.0,2596.6892773284635,578.072528045917,3868.679,2976,856,1,77.64153404643882,22.332376728411166,0.026089225150013044
wind_actual_mw,Actual wind output,Autumn,TOTAL_GB_INTERCONNECTORS,GB interconnector fleet total,40_60pct,4376,6320.34402404022,5018.901200000002,7611.309999999998,1824.3167276051188,2413.0,2492.3702010968923,668.0534734917733,3991.605,3242,1134,0,74.08592321755027,25.914076782449726,0.0
wind_actual_mw,Actual wind output,Autumn,TOTAL_GB_INTERCONNECTORS,GB interconnector fleet total,60_80pct,4869,9157.572425795852,7611.787199999998,10784.430800000004,1532.920517560074,1780.0,2169.883754364346,636.9632368042719,3731.895,3546,1323,0,72.82809611829944,27.171903881700555,0.0
wind_actual_mw,Actual wind output,Autumn,TOTAL_GB_INTERCONNECTORS,GB interconnector fleet total,highest_20pct,5175,12785.172944115942,10785.44400000001,16861.473400000003,786.4452173913044,962.0,1763.057391304348,976.6121739130435,2034.927,3079,2093,3,59.4975845410628,40.44444444444444,0.057971014492753624
wind_before_curtailment_mw,Wind before curtailment proxy,Winter,INTELEC,Eleclink (INTELEC),lowest_20pct,1196,1880.0577308807135,-114.5882,2886.621,348.58528428093643,0.0,396.2307692307692,47.64548494983278,208.454,591,123,482,49.414715719063544,10.28428093645485,40.30100334448161
wind_before_curtailment_mw,Wind before curtailment proxy,Winter,INTELEC,Eleclink (INTELEC),20_40pct,1664,4135.800298750974,2889.780000000001,5298.712400000001,367.84375,268.0,434.9879807692308,67.14423076923077,306.046,1046,277,341,62.86057692307693,16.646634615384613,20.49278846153846
wind_before_curtailment_mw,Wind before curtailment proxy,Winter,INTELEC,Eleclink (INTELEC),40_60pct,2594,6817.353741010247,5301.491200000001,8257.739600000003,349.8326908249807,400.0,459.4988434849653,109.66615265998458,453.733,1659,516,419,63.95528141865844,19.892058596761757,16.152659984579802
wind_before_curtailment_mw,Wind before curtailment proxy,Winter,INTELEC,Eleclink (INTELEC),60_80pct,3670,10146.273392008314,8261.330866666602,12052.910866666598,388.65722070844686,406.0,472.56457765667574,83.90735694822888,713.186,2352,657,661,64.08719346049047,17.90190735694823,18.010899182561307
wind_before_curtailment_mw,Wind before curtailment proxy,Winter,INTELEC,Eleclink (INTELEC),highest_20pct,5371,15148.61054853064,12057.29051111104,20432.2055777778,288.57419474958107,104.0,380.1698007819773,91.5956060323962,774.966,2923,1099,1349,54.421895363991815,20.461738968534725,25.116365667473467
wind_before_curtailment_mw,Wind before curtailment proxy,Winter,INTEW,Ireland(East-West),lowest_20pct,1665,1778.6867616416416,-114.5882,2887.836,-99.93873873873873,-22.0,88.84684684684684,188.78558558558558,-83.199,503,866,296,30.21021021021021,52.01201201201201,17.77777777777778
wind_before_curtailment_mw,Wind before curtailment proxy,Winter,INTEW,Ireland(East-West),20_40pct,2136,4156.119767379037,2889.26,5298.712400000001,-96.89419475655431,0.0,66.12172284644194,163.01591760299627,-103.483,560,1050,526,26.217228464419474,49.157303370786515,24.625468164794007
wind_before_curtailment_mw,Wind before curtailment proxy,Winter,INTEW,Ireland(East-West),40_60pct,3491,6779.549051326434,5301.491200000001,8257.739600000003,-94.5098825551418,0.0,58.65826410770553,153.16814666284733,-164.967,888,1698,905,25.436837582354627,48.63935835004297,25.923804067602408
wind_before_curtailment_mw,Wind before curtailment proxy,Winter,INTEW,Ireland(East-West),60_80pct,4862,10195.364397505247,8258.481999999998,12052.910866666598,-119.82846565199506,-6.0,53.84533113944879,173.67379679144386,-291.303,1068,2486,1308,21.966269025092554,51.13122171945701,26.90250925545043
wind_before_curtailment_mw,Wind before curtailment proxy,Winter,INTEW,Ireland(East-West),highest_20pct,6645,14829.135671355616,12057.29051111104,20432.2055777778,-53.7640331075997,0.0,72.10504138449963,125.86907449209933,-178.631,1986,2821,1838,29.887133182844245,42.45297215951844,27.659894657637324
wind_before_curtailment_mw,Wind before curtailment proxy,Winter,INTFR,France(IFA),lowest_20pct,1665,1778.6867616416416,-114.5882,2887.836,888.0504504504504,996.0,996.7339339339339,108.68348348348349,739.302,1319,342,4,79.21921921921921,20.54054054054054,0.24024024024024024
wind_before_curtailment_mw,Wind before curtailment proxy,Winter,INTFR,France(IFA),20_40pct,2136,4156.119767379037,2889.26,5298.712400000001,738.7322097378277,903.0,869.0084269662922,130.27621722846442,788.966,1618,511,7,75.74906367041199,23.923220973782772,0.32771535580524347
wind_before_curtailment_mw,Wind before curtailment proxy,Winter,INTFR,France(IFA),40_60pct,3491,6779.549051326434,5301.491200000001,8257.739600000003,619.2666857633916,726.0,803.1280435405328,183.86135777714122,1080.93,2422,1060,9,69.37840160412489,30.363792609567458,0.2578057863076483
wind_before_curtailment_mw,Wind before curtailment proxy,Winter,INTFR,France(IFA),60_80pct,4862,10195.364397505247,8258.481999999998,12052.910866666598,677.6869600987249,886.0,836.7404360345537,159.05347593582889,1647.4569999999999,3560,1294,8,73.22089675030851,26.61456190867956,0.16454134101192924
wind_before_curtailment_mw,Wind before curtailment proxy,Winter,INTFR,France(IFA),highest_20pct,6645,14829.135671355616,12057.29051111104,20432.2055777778,391.9446200150489,494.0,685.042287434161,293.0976674191121,1302.2359999999999,4173,2453,19,62.79909706546275,36.91497366440933,0.28592927012791575
wind_before_curtailment_mw,Wind before curtailment proxy,Winter,INTGRNL,Ireland (Greenlink),lowest_20pct,72,2287.7332305555565,955.9150000000004,2878.2326000000003,-475.47222222222223,-514.0,0.0,475.47222222222223,-17.117,0,72,0,0.0,100.0,0.0
wind_before_curtailment_mw,Wind before curtailment proxy,Winter,INTGRNL,Ireland (Greenlink),20_40pct,308,4271.929201966397,2889.780000000001,5294.868199999998,-322.66883116883116,-512.0,47.44805194805195,370.1168831168831,-49.691,42,258,8,13.636363636363635,83.76623376623377,2.5974025974025974
wind_before_curtailment_mw,Wind before curtailment proxy,Winter,INTGRNL,Ireland (Greenlink),40_60pct,501,6876.816965583549,5312.152,8257.739600000003,-287.59680638722557,-514.0,57.71656686626746,345.313373253493,-72.043,99,387,15,19.760479041916167,77.24550898203593,2.9940119760479043
wind_before_curtailment_mw,Wind before curtailment proxy,Winter,INTGRNL,Ireland (Greenlink),60_80pct,931,10197.232779721293,8264.9104,12051.659333333397,-341.71213748657357,-514.0,34.67454350161117,376.38668098818476,-159.067,108,782,41,11.600429645542427,83.99570354457573,4.403866809881848
wind_before_curtailment_mw,Wind before curtailment proxy,Winter,INTGRNL,Ireland (Greenlink),highest_20pct,1116,15903.319934068428,12061.413311112385,20432.2055777778,-194.6505376344086,-340.0,84.45340501792114,279.10394265232975,-108.61500000000001,341,753,22,30.555555555555557,67.47311827956989,1.971326164874552
wind_before_curtailment_mw,Wind before curtailment proxy,Winter,INTIFA2,IFA2 (INTIFA2),lowest_20pct,1665,1778.6867616416416,-114.5882,2887.836,400.4600600600601,582.0,513.9015015015015,113.44144144144144,333.383,1055,607,3,63.36336336336337,36.45645645645645,0.18018018018018017
wind_before_curtailment_mw,Wind before curtailment proxy,Winter,INTIFA2,IFA2 (INTIFA2),20_40pct,2136,4156.119767379037,2889.26,5298.712400000001,296.67790262172286,229.0,400.08988764044943,103.4119850187266,316.852,1284,851,1,60.1123595505618,39.840823970037455,0.04681647940074907
wind_before_curtailment_mw,Wind before curtailment proxy,Winter,INTIFA2,IFA2 (INTIFA2),40_60pct,3491,6779.549051326434,5301.491200000001,8257.739600000003,189.123460326554,30.0,341.37668289888285,152.25322257232884,330.115,1771,1714,6,50.73044972787167,49.09767974792323,0.17187052420509882
wind_before_curtailment_mw,Wind before curtailment proxy,Winter,INTIFA2,IFA2 (INTIFA2),60_80pct,4862,10195.364397505247,8258.481999999998,12052.910866666598,296.17276840806255,207.0,408.6593994241053,112.48663101604278,719.996,2696,2163,3,55.45043192102016,44.48786507610037,0.061703002879473466
wind_before_curtailment_mw,Wind before curtailment proxy,Winter,INTIFA2,IFA2 (INTIFA2),highest_20pct,6645,14829.135671355616,12057.29051111104,20432.2055777778,139.90248306997742,-4.0,311.93227990970655,172.02979683972913,464.82599999999996,2991,3647,7,45.011286681715575,54.88337095560571,0.1053423626787058
wind_before_curtailment_mw,Wind before curtailment proxy,Winter,INTIRL,Northern Ireland(Moyle),lowest_20pct,1665,1778.6867616416416,-114.5882,2887.836,-112.36516516516517,-164.0,96.57417417417417,208.93933933933934,-93.544,642,985,38,38.55855855855856,59.15915915915916,2.2822822822822824
wind_before_curtailment_mw,Wind before curtailment proxy,Winter,INTIRL,Northern Ireland(Moyle),20_40pct,2136,4156.119767379037,2889.26,5298.712400000001,-113.13483146067416,-193.0,94.1432584269663,207.27808988764045,-120.828,790,1299,47,36.98501872659176,60.81460674157303,2.200374531835206
wind_before_curtailment_mw,Wind before curtailment proxy,Winter,INTIRL,Northern Ireland(Moyle),40_60pct,3491,6779.549051326434,5301.491200000001,8257.739600000003,-122.06416499570324,-190.0,88.49498710971068,210.55915210541392,-213.063,1223,2213,55,35.032941850472646,63.39157834431395,1.5754798052134058
wind_before_curtailment_mw,Wind before curtailment proxy,Winter,INTIRL,Northern Ireland(Moyle),60_80pct,4862,10195.364397505247,8258.481999999998,12052.910866666598,-148.834635952283,-252.0,73.6429452900041,222.47758124228713,-361.817,1522,3254,86,31.303990127519537,66.92719045660223,1.7688194158782395
wind_before_curtailment_mw,Wind before curtailment proxy,Winter,INTIRL,Northern Ireland(Moyle),highest_20pct,6645,14829.135671355616,12057.29051111104,20432.2055777778,-69.91602708803612,-68.0,95.50338600451467,165.4194130925508,-232.296,2735,3711,199,41.15876598946576,55.846501128668166,2.994732881866065
wind_before_curtailment_mw,Wind before curtailment proxy,Winter,INTNED,Netherlands(BritNed),lowest_20pct,1665,1778.6867616416416,-114.5882,2887.836,555.9231231231231,706.0,567.7045045045045,11.781381381381381,462.806,1276,48,341,76.63663663663664,2.8828828828828827,20.48048048048048
wind_before_curtailment_mw,Wind before curtailment proxy,Winter,INTNED,Netherlands(BritNed),20_40pct,2136,4156.119767379037,2889.26,5298.712400000001,518.0402621722847,664.0,580.2003745318352,62.16011235955056,553.267,1667,244,225,78.04307116104869,11.423220973782772,10.53370786516854
wind_before_curtailment_mw,Wind before curtailment proxy,Winter,INTNED,Netherlands(BritNed),40_60pct,3491,6779.549051326434,5301.491200000001,8257.739600000003,448.93497565167576,576.0,533.0375250644514,84.10254941277572,783.616,2566,540,385,73.50329418504727,15.468347178458894,11.028358636493842
wind_before_curtailment_mw,Wind before curtailment proxy,Winter,INTNED,Netherlands(BritNed),60_80pct,4862,10195.364397505247,8258.481999999998,12052.910866666598,433.9806663924311,574.0,531.4183463595228,97.43767996709173,1055.007,3476,846,540,71.49321266968326,17.40024681201152,11.106540518305225
wind_before_curtailment_mw,Wind before curtailment proxy,Winter,INTNED,Netherlands(BritNed),highest_20pct,6645,14829.135671355616,12057.29051111104,20432.2055777778,288.71933784800603,288.0,423.9361926260346,135.2168547780286,959.27,3967,1566,1112,59.699021820917984,23.566591422121896,16.73438675696012
wind_before_curtailment_mw,Wind before curtailment proxy,Winter,INTNEM,Belgium (Nemolink),lowest_20pct,1665,1778.6867616416416,-114.5882,2887.836,648.3267267267267,884.0,707.4006006006006,59.07387387387387,539.732,1479,184,2,88.82882882882883,11.05105105105105,0.12012012012012012
wind_before_curtailment_mw,Wind before curtailment proxy,Winter,INTNEM,Belgium (Nemolink),20_40pct,2136,4156.119767379037,2889.26,5298.712400000001,516.2509363295881,700.0,593.3211610486892,77.07022471910112,551.356,1752,368,16,82.02247191011236,17.228464419475657,0.7490636704119851
wind_before_curtailment_mw,Wind before curtailment proxy,Winter,INTNEM,Belgium (Nemolink),40_60pct,3491,6779.549051326434,5301.491200000001,8257.739600000003,381.38012030936693,542.0,505.11372099684905,123.7336006874821,665.699,2542,908,41,72.81581208822688,26.009739329704956,1.1744485820681752
wind_before_curtailment_mw,Wind before curtailment proxy,Winter,INTNEM,Belgium (Nemolink),60_80pct,4862,10195.364397505247,8258.481999999998,12052.910866666598,438.16783216783216,610.0,536.7359111476759,98.56807897984369,1065.186,3674,1060,128,75.56561085972851,21.801727684080625,2.632661456190868
wind_before_curtailment_mw,Wind before curtailment proxy,Winter,INTNEM,Belgium (Nemolink),highest_20pct,6645,14829.135671355616,12057.29051111104,20432.2055777778,319.21384499623775,472.0,481.24454477050415,162.03069977426637,1060.588,4529,2012,104,68.15650865312264,30.278404815650866,1.5650865312264859
wind_before_curtailment_mw,Wind before curtailment proxy,Winter,INTNSL,North Sea Link (INTNSL),lowest_20pct,1665,1778.6867616416416,-114.5882,2887.836,973.4066066066066,1094.0,980.5573573573573,7.150750750750751,810.361,1592,72,1,95.61561561561561,4.324324324324325,0.06006006006006006
wind_before_curtailment_mw,Wind before curtailment proxy,Winter,INTNSL,North Sea Link (INTNSL),20_40pct,2136,4156.119767379037,2889.26,5298.712400000001,1031.698501872659,1258.0,1040.0140449438202,8.315543071161049,1101.854,2039,96,1,95.45880149812734,4.49438202247191,0.04681647940074907
wind_before_curtailment_mw,Wind before curtailment proxy,Winter,INTNSL,North Sea Link (INTNSL),40_60pct,3491,6779.549051326434,5301.491200000001,8257.739600000003,925.6344886851905,1096.0,955.4036092810084,29.769120595817817,1615.6950000000002,3242,245,4,92.8673732454884,7.018046405041535,0.11458034947006589
wind_before_curtailment_mw,Wind before curtailment proxy,Winter,INTNSL,North Sea Link (INTNSL),60_80pct,4862,10195.364397505247,8258.481999999998,12052.910866666598,892.297408473879,1096.0,936.9716166186754,44.67420814479638,2169.175,4343,511,8,89.32538050185109,10.51007815713698,0.16454134101192924
wind_before_curtailment_mw,Wind before curtailment proxy,Winter,INTNSL,North Sea Link (INTNSL),highest_20pct,6645,14829.135671355616,12057.29051111104,20432.2055777778,728.1068472535741,1048.0,849.7998495109105,121.69300225733635,2419.135,5450,1165,30,82.01655379984952,17.531978931527465,0.4514672686230248
wind_before_curtailment_mw,Wind before curtailment proxy,Winter,INTVKL,Denmark (Viking link),lowest_20pct,729,1890.6426939186097,-114.5882,2884.3714000000004,471.93141289437585,698.0,575.7091906721537,103.77777777777777,172.019,518,161,50,71.0562414266118,22.08504801097394,6.858710562414267
wind_before_curtailment_mw,Wind before curtailment proxy,Winter,INTVKL,Denmark (Viking link),20_40pct,869,4153.788061891172,2889.780000000001,5298.712400000001,374.6789413118527,598.0,533.7146144994247,159.03567318757192,162.798,609,228,32,70.08055235903338,26.237054085155354,3.6823935558112773
wind_before_curtailment_mw,Wind before curtailment proxy,Winter,INTVKL,Denmark (Viking link),40_60pct,1493,6866.249794250534,5303.183799999999,8257.739600000003,282.1138647019424,464.0,481.38914936369724,199.27528466175485,210.59799999999998,980,463,50,65.63965170797053,31.011386470194243,3.3489618218352315
wind_before_curtailment_mw,Wind before curtailment proxy,Winter,INTVKL,Denmark (Viking link),60_80pct,2318,10189.591130353956,8264.9104,12052.910866666598,488.0949094046592,698.0,658.3364969801553,170.2415875754961,565.702,1649,620,49,71.13891285591026,26.747195858498706,2.113891285591027
wind_before_curtailment_mw,Wind before curtailment proxy,Winter,INTVKL,Denmark (Viking link),highest_20pct,3375,15341.592614593634,12057.29051111104,20432.2055777778,676.4302222222223,834.0,790.0794074074074,113.64918518518519,1141.4759999999999,2627,588,160,77.83703703703704,17.42222222222222,4.7407407407407405
wind_before_curtailment_mw,Wind before curtailment proxy,Winter,TOTAL_GB_INTERCONNECTORS,GB interconnector fleet total,lowest_20pct,1665,1778.6867616416416,-114.5882,2887.836,3690.3267267267265,4198.0,3849.6216216216217,159.2948948948949,3072.197,1503,162,0,90.27027027027027,9.72972972972973,0.0
wind_before_curtailment_mw,Wind before curtailment proxy,Winter,TOTAL_GB_INTERCONNECTORS,GB interconnector fleet total,20_40pct,2136,4156.119767379037,2889.26,5298.712400000001,3283.836142322097,3696.0,3463.5552434456927,179.7191011235955,3507.137,1901,235,0,88.99812734082397,11.00187265917603,0.0
wind_before_curtailment_mw,Wind before curtailment proxy,Winter,TOTAL_GB_INTERCONNECTORS,GB interconnector fleet total,40_60pct,3491,6779.549051326434,5301.491200000001,8257.739600000003,2687.088513319966,2860.0,2968.2950443998852,281.2065310799198,4690.313,2898,591,2,83.01346319106273,16.929246634202233,0.057290174735032943
wind_before_curtailment_mw,Wind before curtailment proxy,Winter,TOTAL_GB_INTERCONNECTORS,GB interconnector fleet total,60_80pct,4862,10195.364397505247,8258.481999999998,12052.910866666598,2930.2846565199507,3052.0,3133.8490333196214,203.56437679967092,7123.522,4127,734,1,84.882764294529,15.096668037844507,0.020567667626491155
wind_before_curtailment_mw,Wind before curtailment proxy,Winter,TOTAL_GB_INTERCONNECTORS,GB interconnector fleet total,highest_20pct,6645,14829.135671355616,12057.29051111104,20432.2055777778,2288.323551542513,2442.0,2704.3268623024833,416.0033107599699,7602.955,5129,1513,3,77.18585402558314,22.768999247554554,0.04514672686230248
wind_before_curtailment_mw,Wind before curtailment proxy,Spring,INTELEC,Eleclink (INTELEC),lowest_20pct,2815,1783.0354813176434,52.42120000000001,2887.8689999999992,786.0511545293073,996.0,809.9005328596803,23.849378330373003,1106.367,2531,170,114,89.91119005328598,6.039076376554174,4.049733570159858
wind_before_curtailment_mw,Wind before curtailment proxy,Spring,INTELEC,Eleclink (INTELEC),20_40pct,3319,4048.7510676200395,2888.9742,5299.1068000000005,738.4525459475745,996.0,772.0048207291353,33.55227478156071,1225.462,2900,236,183,87.37571557698102,7.110575474540524,5.513708948478458
wind_before_curtailment_mw,Wind before curtailment proxy,Spring,INTELEC,Eleclink (INTELEC),40_60pct,2999,6679.578960506031,5299.865600000002,8256.685199999996,724.6782260753585,996.0,755.9939979993331,31.31577192397466,1086.655,2590,200,209,86.3621207069023,6.668889629876626,6.968989663221074
wind_before_curtailment_mw,Wind before curtailment proxy,Spring,INTELEC,Eleclink (INTELEC),60_80pct,2339,10011.10255295681,8258.727200000221,12054.916999999996,696.7935014963659,994.0,738.6660966224882,41.87259512612228,814.9,2014,210,115,86.1051731509192,8.978195810175288,4.916631038905515
wind_before_curtailment_mw,Wind before curtailment proxy,Spring,INTELEC,Eleclink (INTELEC),highest_20pct,1970,14238.089167206143,12055.908399999991,20191.140466666995,560.3451776649746,810.0,619.3390862944162,58.99390862944163,551.9399999999999,1568,237,165,79.59390862944163,12.030456852791877,8.375634517766498
wind_before_curtailment_mw,Wind before curtailment proxy,Spring,INTEW,Ireland(East-West),lowest_20pct,4072,1697.832264221308,-4.5900000000000025,2887.8689999999992,-144.20284872298626,0.0,8.047642436149312,152.25049115913555,-293.59700000000004,179,1664,2229,4.395874263261296,40.86444007858546,54.739685658153235
wind_before_curtailment_mw,Wind before curtailment proxy,Spring,INTEW,Ireland(East-West),20_40pct,4271,4061.023689869096,2888.9742,5299.334,-169.19971903535472,0.0,18.499180519784595,187.69889955513932,-361.326,367,2118,1786,8.592835401545305,49.590259892296885,41.81690470615781
wind_before_curtailment_mw,Wind before curtailment proxy,Spring,INTEW,Ireland(East-West),40_60pct,3664,6644.340506156546,5299.865600000002,8256.685199999996,-159.70687772925766,0.0,19.347161572052403,179.05403930131004,-292.583,331,1771,1562,9.033842794759824,48.335152838427945,42.63100436681223
wind_before_curtailment_mw,Wind before curtailment proxy,Spring,INTEW,Ireland(East-West),60_80pct,3147,10055.402248289158,8258.465999999999,12054.916999999996,-128.18557356212267,0.0,22.36479186526851,150.55036542739117,-201.70000000000002,348,1435,1364,11.05815061963775,45.59898315856371,43.34286622179854
wind_before_curtailment_mw,Wind before curtailment proxy,Spring,INTEW,Ireland(East-West),highest_20pct,2363,14067.658798728778,12055.908399999991,20191.140466666995,-126.06347862886162,0.0,40.95471857807871,167.01819720694033,-148.94400000000002,421,1121,821,17.81633516716039,47.43969530258146,34.74396953025815
wind_before_curtailment_mw,Wind before curtailment proxy,Spring,INTFR,France(IFA),lowest_20pct,4072,1697.832264221308,-4.5900000000000025,2887.8689999999992,754.106090373281,1002.0,894.5191552062869,140.4130648330059,1535.36,3026,1036,10,74.31237721021611,25.442043222003928,0.2455795677799607
wind_before_curtailment_mw,Wind before curtailment proxy,Spring,INTFR,France(IFA),20_40pct,4271,4061.023689869096,2888.9742,5299.334,896.6148442987591,1004.0,1034.6396628424257,138.02481854366658,1914.721,3403,868,0,79.67689065792555,20.323109342074456,0.0
wind_before_curtailment_mw,Wind before curtailment proxy,Spring,INTFR,France(IFA),40_60pct,3664,6644.340506156546,5299.865600000002,8256.685199999996,896.3482532751092,1004.0,1009.7298034934498,113.3815502183406,1642.11,2923,730,11,79.77620087336244,19.9235807860262,0.3002183406113537
wind_before_curtailment_mw,Wind before curtailment proxy,Spring,INTFR,France(IFA),60_80pct,3147,10055.402248289158,8258.465999999999,12054.916999999996,673.0937400699079,928.0,838.8115665713378,165.71782650142993,1059.113,2282,855,10,72.5135049253257,27.168732125834126,0.31776294884016526
wind_before_curtailment_mw,Wind before curtailment proxy,Spring,INTFR,France(IFA),highest_20pct,2363,14067.658798728778,12055.908399999991,20191.140466666995,554.6898011002962,742.0,764.256453660601,209.5666525603047,655.366,1654,706,3,69.99576809140923,29.87727465086754,0.12695725772323319
wind_before_curtailment_mw,Wind before curtailment proxy,Spring,INTGRNL,Ireland (Greenlink),lowest_20pct,852,1937.506709517801,52.42120000000001,2887.8689999999992,-419.0023474178404,-514.0,10.133802816901408,429.13615023474176,-178.495,88,760,4,10.328638497652582,89.2018779342723,0.4694835680751174
wind_before_curtailment_mw,Wind before curtailment proxy,Spring,INTGRNL,Ireland (Greenlink),20_40pct,1061,4100.166436673215,2891.4272000000005,5298.158000000001,-370.73704052780397,-514.0,25.411875589066916,396.14891611687085,-196.67600000000002,142,903,16,13.383600377002827,85.10838831291234,1.5080113100848256
wind_before_curtailment_mw,Wind before curtailment proxy,Spring,INTGRNL,Ireland (Greenlink),40_60pct,1086,6697.956275404226,5300.826000000002,8251.280533332603,-404.04788213627995,-514.0,14.480662983425415,418.5285451197053,-219.398,77,997,12,7.0902394106813995,91.804788213628,1.1049723756906076
wind_before_curtailment_mw,Wind before curtailment proxy,Spring,INTGRNL,Ireland (Greenlink),60_80pct,742,9967.36377221293,8259.489066666345,12053.874000000002,-377.9568733153639,-513.0,25.62264150943396,403.57951482479785,-140.222,85,657,0,11.455525606469003,88.54447439353099,0.0
wind_before_curtailment_mw,Wind before curtailment proxy,Spring,INTGRNL,Ireland (Greenlink),highest_20pct,531,15015.134620298213,12058.218,20191.140466666995,-313.5329566854991,-486.0,36.50847457627118,350.04143126177024,-83.243,83,447,1,15.630885122410545,84.18079096045197,0.18832391713747645
wind_before_curtailment_mw,Wind before curtailment proxy,Spring,INTIFA2,IFA2 (INTIFA2),lowest_20pct,4072,1697.832264221308,-4.5900000000000025,2887.8689999999992,443.2239685658153,919.0,605.2946954813359,162.07072691552062,902.404,2937,1134,1,72.12671905697447,27.848722986247544,0.02455795677799607
wind_before_curtailment_mw,Wind before curtailment proxy,Spring,INTIFA2,IFA2 (INTIFA2),20_40pct,4271,4061.023689869096,2888.9742,5299.334,516.078670100679,944.0,654.9768204167642,138.89815031608524,1102.086,3318,948,5,77.68672442051042,22.19620697728869,0.11706860220088973
wind_before_curtailment_mw,Wind before curtailment proxy,Spring,INTIFA2,IFA2 (INTIFA2),40_60pct,3664,6644.340506156546,5299.865600000002,8256.685199999996,504.3116812227074,945.0,636.5562227074236,132.24454148471617,923.899,2776,883,5,75.764192139738,24.09934497816594,0.13646288209606985
wind_before_curtailment_mw,Wind before curtailment proxy,Spring,INTIFA2,IFA2 (INTIFA2),60_80pct,3147,10055.402248289158,8258.465999999999,12054.916999999996,354.0165236733397,710.0,547.7292659675882,193.7127422942485,557.045,2160,985,2,68.63679694947568,31.299650460756272,0.06355258976803305
wind_before_curtailment_mw,Wind before curtailment proxy,Spring,INTIFA2,IFA2 (INTIFA2),highest_20pct,2363,14067.658798728778,12055.908399999991,20191.140466666995,320.87008040626324,608.0,515.9576809140923,195.08760050782902,379.108,1673,687,3,70.79983072365637,29.0732120186204,0.12695725772323319
wind_before_curtailment_mw,Wind before curtailment proxy,Spring,INTIRL,Northern Ireland(Moyle),lowest_20pct,4072,1697.832264221308,-4.5900000000000025,2887.8689999999992,-232.64538310412573,-322.0,38.41060903732809,271.0559921414538,-473.666,784,3212,76,19.25343811394892,78.88015717092338,1.8664047151277015
wind_before_curtailment_mw,Wind before curtailment proxy,Spring,INTIRL,Northern Ireland(Moyle),20_40pct,4271,4061.023689869096,2888.9742,5299.334,-231.6431749004917,-368.0,43.83469913369235,275.477874034184,-494.67400000000004,857,3280,134,20.0655584172325,76.79700304378366,3.1374385389838446
wind_before_curtailment_mw,Wind before curtailment proxy,Spring,INTIRL,Northern Ireland(Moyle),40_60pct,3664,6644.340506156546,5299.865600000002,8256.685199999996,-225.30403930131004,-352.0,46.39519650655022,271.69923580786025,-412.757,724,2830,110,19.759825327510917,77.23799126637554,3.002183406113537
wind_before_curtailment_mw,Wind before curtailment proxy,Spring,INTIRL,Northern Ireland(Moyle),60_80pct,3147,10055.402248289158,8258.465999999999,12054.916999999996,-177.05497299014934,-254.0,58.54337464251668,235.59834763266602,-278.596,802,2257,88,25.484588496981253,71.7190975532253,2.796313949793454
wind_before_curtailment_mw,Wind before curtailment proxy,Spring,INTIRL,Northern Ireland(Moyle),highest_20pct,2363,14067.658798728778,12055.908399999991,20191.140466666995,-152.55014811680067,-232.0,68.09225560727889,220.64240372407957,-180.238,687,1600,76,29.0732120186204,67.71053745239102,3.2162505289885743
wind_before_curtailment_mw,Wind before curtailment proxy,Spring,INTNED,Netherlands(BritNed),lowest_20pct,4072,1697.832264221308,-4.5900000000000025,2887.8689999999992,328.7318271119843,520.0,514.819253438114,186.08742632612967,669.298,2726,1176,170,66.94499017681729,28.880157170923383,4.174852652259331
wind_before_curtailment_mw,Wind before curtailment proxy,Spring,INTNED,Netherlands(BritNed),20_40pct,4271,4061.023689869096,2888.9742,5299.334,379.65160383985017,566.0,528.8297822523999,149.17817841254976,810.746,2904,1002,365,67.99344415827674,23.4605478810583,8.54600796066495
wind_before_curtailment_mw,Wind before curtailment proxy,Spring,INTNED,Netherlands(BritNed),40_60pct,3664,6644.340506156546,5299.865600000002,8256.685199999996,347.49781659388645,490.0,494.6435589519651,147.1457423580786,636.616,2423,904,337,66.12991266375546,24.67248908296943,9.197598253275109
wind_before_curtailment_mw,Wind before curtailment proxy,Spring,INTNED,Netherlands(BritNed),60_80pct,3147,10055.402248289158,8258.465999999999,12054.916999999996,290.9609151572927,496.0,489.17762948840164,198.216714331109,457.827,2021,947,179,64.2198919605974,30.092151255163646,5.687956784238958
wind_before_curtailment_mw,Wind before curtailment proxy,Spring,INTNED,Netherlands(BritNed),highest_20pct,2363,14067.658798728778,12055.908399999991,20191.140466666995,68.04824375793483,124.0,384.3080829454084,316.2598391874736,80.399,1240,1031,92,52.475666525603046,43.63097757088447,3.893355903512484
wind_before_curtailment_mw,Wind before curtailment proxy,Spring,INTNEM,Belgium (Nemolink),lowest_20pct,4072,1697.832264221308,-4.5900000000000025,2887.8689999999992,409.1232809430255,637.0,549.7239685658153,140.6006876227898,832.975,3075,982,15,75.51571709233792,24.11591355599214,0.36836935166994106
wind_before_curtailment_mw,Wind before curtailment proxy,Spring,INTNEM,Belgium (Nemolink),20_40pct,4271,4061.023689869096,2888.9742,5299.334,427.8810583001639,628.0,546.3137438538984,118.43268555373449,913.74,3284,963,24,76.89065792554437,22.54741278389136,0.5619292905642707
wind_before_curtailment_mw,Wind before curtailment proxy,Spring,INTNEM,Belgium (Nemolink),40_60pct,3664,6644.340506156546,5299.865600000002,8256.685199999996,428.103711790393,632.0,549.4279475982532,121.32423580786026,784.286,2813,835,16,76.77401746724891,22.78930131004367,0.43668122270742354
wind_before_curtailment_mw,Wind before curtailment proxy,Spring,INTNEM,Belgium (Nemolink),60_80pct,3147,10055.402248289158,8258.465999999999,12054.916999999996,364.0571973307912,532.0,508.18303145853196,144.12583412774072,572.844,2272,851,24,72.19574197648554,27.041626946298063,0.7626310772163966
wind_before_curtailment_mw,Wind before curtailment proxy,Spring,INTNEM,Belgium (Nemolink),highest_20pct,2363,14067.658798728778,12055.908399999991,20191.140466666995,133.39145154464663,218.0,384.6246297079983,251.23317816335168,157.602,1370,973,20,57.97714769360982,41.17647058823529,0.8463817181548878
wind_before_curtailment_mw,Wind before curtailment proxy,Spring,INTNSL,North Sea Link (INTNSL),lowest_20pct,4072,1697.832264221308,-4.5900000000000025,2887.8689999999992,926.1802554027505,1096.0,970.7612966601179,44.58104125736739,1885.7030000000002,3627,443,2,89.07170923379175,10.879174852652259,0.04911591355599214
wind_before_curtailment_mw,Wind before curtailment proxy,Spring,INTNSL,North Sea Link (INTNSL),20_40pct,4271,4061.023689869096,2888.9742,5299.334,1006.8068368063686,1296.0,1047.6679934441584,40.86115663778975,2150.036,3840,415,16,89.9086864902833,9.716693982673846,0.3746195270428471
wind_before_curtailment_mw,Wind before curtailment proxy,Spring,INTNSL,North Sea Link (INTNSL),40_60pct,3664,6644.340506156546,5299.865600000002,8256.685199999996,1022.589519650655,1260.0,1062.9230349344978,40.33351528384279,1873.384,3325,330,9,90.74781659388647,9.006550218340612,0.24563318777292578
wind_before_curtailment_mw,Wind before curtailment proxy,Spring,INTNSL,North Sea Link (INTNSL),60_80pct,3147,10055.402248289158,8258.465999999999,12054.916999999996,856.9170638703528,1048.0,908.6488719415316,51.731808071178904,1348.3590000000002,2792,349,6,88.71941531617414,11.089926914521767,0.19065776930409914
wind_before_curtailment_mw,Wind before curtailment proxy,Spring,INTNSL,North Sea Link (INTNSL),highest_20pct,2363,14067.658798728778,12055.908399999991,20191.140466666995,421.29919593736776,694.0,629.2797291578502,207.98053322048244,497.76500000000004,1650,701,12,69.82649174777825,29.665679221328816,0.5078290308929327
wind_before_curtailment_mw,Wind before curtailment proxy,Spring,INTVKL,Denmark (Viking link),lowest_20pct,1792,1778.662558729073,52.42120000000001,2887.8689999999992,474.59151785714283,728.0,604.6283482142857,130.03683035714286,425.234,1285,406,101,71.70758928571429,22.65625,5.636160714285714
wind_before_curtailment_mw,Wind before curtailment proxy,Spring,INTVKL,Denmark (Viking link),20_40pct,1837,4083.186254878113,2889.092999999999,5299.1068000000005,363.37071311921613,474.0,514.2362547632009,150.86554164398476,333.756,1128,482,227,61.40446379967338,26.238432226456176,12.35710397387044
wind_before_curtailment_mw,Wind before curtailment proxy,Spring,INTVKL,Denmark (Viking link),40_60pct,2016,6718.503777640499,5300.826000000002,8256.685199999996,403.0138888888889,456.0,531.7668650793651,128.7529761904762,406.238,1246,480,290,61.80555555555556,23.809523809523807,14.384920634920634
wind_before_curtailment_mw,Wind before curtailment proxy,Spring,INTVKL,Denmark (Viking link),60_80pct,1600,9983.997742584419,8259.489066666345,12054.916999999996,299.0075,313.0,512.38375,213.37625,239.206,899,555,146,56.1875,34.6875,9.125
wind_before_curtailment_mw,Wind before curtailment proxy,Spring,INTVKL,Denmark (Viking link),highest_20pct,1443,14398.75878607608,12057.852733333257,20191.140466666995,99.87803187803188,0.0,365.4303534303534,265.55232155232153,72.062,607,612,224,42.06514206514206,42.41164241164241,15.523215523215523
wind_before_curtailment_mw,Wind before curtailment proxy,Spring,TOTAL_GB_INTERCONNECTORS,GB interconnector fleet total,lowest_20pct,4072,1697.832264221308,-4.5900000000000025,2887.8689999999992,3149.1075638506877,3889.0,3591.198919449902,442.0913555992141,6411.583,3414,657,1,83.84086444007859,16.13457760314342,0.02455795677799607
wind_before_curtailment_mw,Wind before curtailment proxy,Spring,TOTAL_GB_INTERCONNECTORS,GB interconnector fleet total,20_40pct,4271,4061.023689869096,2888.9742,5299.334,3464.233668929993,4208.0,3775.6295949426362,311.39592601264343,7397.871,3690,579,2,86.39662842425662,13.55654413486303,0.04682744088035589
wind_before_curtailment_mw,Wind before curtailment proxy,Spring,TOTAL_GB_INTERCONNECTORS,GB interconnector fleet total,40_60pct,3664,6644.340506156546,5299.865600000002,8256.685199999996,3508.9792576419213,4090.0,3800.734716157205,291.75545851528386,6428.45,3206,457,1,87.5,12.472707423580786,0.02729257641921397
wind_before_curtailment_mw,Wind before curtailment proxy,Spring,TOTAL_GB_INTERCONNECTORS,GB interconnector fleet total,60_80pct,3147,10055.402248289158,8258.465999999999,12054.916999999996,2814.6018430251033,2994.0,3133.5360660946935,318.9342230695901,4428.776,2653,494,0,84.30251032729583,15.697489672704162,0.0
wind_before_curtailment_mw,Wind before curtailment proxy,Spring,TOTAL_GB_INTERCONNECTORS,GB interconnector fleet total,highest_20pct,2363,14067.658798728778,12055.908399999991,20191.140466666995,1677.3736775285654,1746.0,2342.9471011426153,665.57342361405,1981.817,1648,715,0,69.74185357596276,30.258146424037243,0.0
wind_before_curtailment_mw,Wind before curtailment proxy,Summer,INTELEC,Eleclink (INTELEC),lowest_20pct,4913,1715.805991806997,-40.40199999999999,2888.24,243.23427640952576,524.0,496.7266435986159,253.49236718909017,597.505,2919,1746,248,59.41380012212497,35.53836759617342,5.0478322817016075
wind_before_curtailment_mw,Wind before curtailment proxy,Summer,INTELEC,Eleclink (INTELEC),20_40pct,4766,3979.3952531263612,2889.156,5298.622399999998,382.61225346202264,819.0,576.9446076374318,194.33235417540914,911.765,3257,1252,257,68.33822912295426,26.269408308854388,5.392362568191356
wind_before_curtailment_mw,Wind before curtailment proxy,Summer,INTELEC,Eleclink (INTELEC),40_60pct,3846,6597.396048032551,5299.447999999998,8256.916200000001,401.79823192927716,790.0,571.7509100364015,169.95267810712429,772.658,2736,906,204,71.13884555382215,23.556942277691107,5.30421216848674
wind_before_curtailment_mw,Wind before curtailment proxy,Summer,INTELEC,Eleclink (INTELEC),60_80pct,2553,9956.151069737885,8257.972000000005,12051.657733333595,329.8182530356443,518.0,497.50411280846066,167.6858597728163,421.013,1641,710,202,64.27732079905994,27.810419114766944,7.91226008617313
wind_before_curtailment_mw,Wind before curtailment proxy,Summer,INTELEC,Eleclink (INTELEC),highest_20pct,1438,14258.39611183167,12056.089733333209,18984.820333332627,230.24200278164116,239.0,376.4353268428373,146.1933240611961,165.544,907,461,70,63.07371349095967,32.058414464534074,4.867872044506258
wind_before_curtailment_mw,Wind before curtailment proxy,Summer,INTEW,Ireland(East-West),lowest_20pct,6534,1596.5945463342177,-54.174,2888.24,-175.63024181206,-104.0,33.02020202020202,208.65044383226203,-573.784,988,3890,1656,15.120906029996938,59.53474135292317,25.344352617079892
wind_before_curtailment_mw,Wind before curtailment proxy,Summer,INTEW,Ireland(East-West),20_40pct,5521,3985.329285709154,2889.156,5299.200000000002,-198.1065024452092,-174.0,33.392139105234556,231.49864155044375,-546.873,756,3591,1174,13.693171526897302,65.04256475276217,21.26426372034052
wind_before_curtailment_mw,Wind before curtailment proxy,Summer,INTEW,Ireland(East-West),40_60pct,4272,6598.068756257769,5299.447999999998,8256.916200000001,-179.79073033707866,-148.0,46.174157303370784,225.96488764044943,-384.033,752,2615,905,17.60299625468165,61.212546816479396,21.18445692883895
wind_before_curtailment_mw,Wind before curtailment proxy,Summer,INTEW,Ireland(East-West),60_80pct,2727,9909.772370752042,8257.972000000005,12051.657733333595,-170.000733406674,-116.0,55.746241290795744,225.74697469746974,-231.79600000000002,616,1605,506,22.588925559222588,58.855885588558856,18.555188852218553
wind_before_curtailment_mw,Wind before curtailment proxy,Summer,INTEW,Ireland(East-West),highest_20pct,1438,14258.39611183167,12056.089733333209,18984.820333332627,-238.17941585535465,-307.0,36.011126564673155,274.19054242002784,-171.251,194,987,257,13.490959666203059,68.63699582753824,17.872044506258693
wind_before_curtailment_mw,Wind before curtailment proxy,Summer,INTFR,France(IFA),lowest_20pct,6534,1596.5945463342177,-54.174,2888.24,906.5120906029997,1358.0,1099.4052647689011,192.89317416590143,2961.575,4824,1699,11,73.82920110192838,26.002448729721454,0.16835016835016833
wind_before_curtailment_mw,Wind before curtailment proxy,Summer,INTFR,France(IFA),20_40pct,5521,3985.329285709154,2889.156,5299.200000000002,955.6765078790074,1320.0,1118.019199420395,162.34269154138744,2638.145,4306,1210,5,77.99311718891505,21.916319507335626,0.09056330374932077
wind_before_curtailment_mw,Wind before curtailment proxy,Summer,INTFR,France(IFA),40_60pct,4272,6598.068756257769,5299.447999999998,8256.916200000001,863.0987827715355,1246.0,1033.7368913857679,170.6381086142322,1843.579,3282,989,1,76.82584269662921,23.15074906367041,0.023408239700374533
wind_before_curtailment_mw,Wind before curtailment proxy,Summer,INTFR,France(IFA),60_80pct,2727,9909.772370752042,8257.972000000005,12051.657733333595,580.0997433076641,902.0,838.7994132746608,258.6996699669967,790.966,1857,858,12,68.0968096809681,31.463146314631462,0.44004400440044
wind_before_curtailment_mw,Wind before curtailment proxy,Summer,INTFR,France(IFA),highest_20pct,1438,14258.39611183167,12056.089733333209,18984.820333332627,303.09874826147427,244.0,591.3449235048679,288.2461752433936,217.928,844,592,2,58.692628650904034,41.1682892906815,0.13908205841446453
wind_before_curtailment_mw,Wind before curtailment proxy,Summer,INTGRNL,Ireland (Greenlink),lowest_20pct,964,1759.634577193407,28.636199999999945,2887.3364,-411.9751037344398,-513.0,7.236514522821577,419.2116182572614,-198.572,55,904,5,5.7053941908713695,93.7759336099585,0.5186721991701244
wind_before_curtailment_mw,Wind before curtailment proxy,Summer,INTGRNL,Ireland (Greenlink),20_40pct,1134,4022.545391370043,2891.6968000000006,5292.717599999999,-411.9559082892416,-514.0,9.202821869488536,421.1587301587302,-233.579,57,1070,7,5.026455026455026,94.3562610229277,0.6172839506172839
wind_before_curtailment_mw,Wind before curtailment proxy,Summer,INTGRNL,Ireland (Greenlink),40_60pct,964,6558.653665658018,5300.187400000005,8256.916200000001,-390.1804979253112,-514.0,17.83817427385892,408.0186721991701,-188.067,72,883,9,7.468879668049793,91.59751037344398,0.9336099585062241
wind_before_curtailment_mw,Wind before curtailment proxy,Summer,INTGRNL,Ireland (Greenlink),60_80pct,630,10046.486891049664,8259.310896295567,12049.641644445835,-322.1873015873016,-489.0,34.75873015873016,356.94603174603174,-101.489,80,539,11,12.698412698412698,85.55555555555556,1.746031746031746
wind_before_curtailment_mw,Wind before curtailment proxy,Summer,INTGRNL,Ireland (Greenlink),highest_20pct,724,14713.290631778153,12056.089733333209,18984.820333332627,-305.2955801104972,-496.0,49.06353591160221,354.35911602209944,-110.517,117,606,1,16.16022099447514,83.70165745856355,0.13812154696132595
wind_before_curtailment_mw,Wind before curtailment proxy,Summer,INTIFA2,IFA2 (INTIFA2),lowest_20pct,6534,1596.5945463342177,-54.174,2888.24,375.1585552494643,702.0,548.0006121824304,172.84205693296602,1225.643,4439,2089,6,67.93694520967249,31.97122742577288,0.09182736455463728
wind_before_curtailment_mw,Wind before curtailment proxy,Summer,INTIFA2,IFA2 (INTIFA2),20_40pct,5521,3985.329285709154,2889.156,5299.200000000002,377.97935156674515,702.0,553.4798043832639,175.50045281651876,1043.412,3776,1741,4,68.39340699148705,31.534142365513496,0.07245064299945662
wind_before_curtailment_mw,Wind before curtailment proxy,Summer,INTIFA2,IFA2 (INTIFA2),40_60pct,4272,6598.068756257769,5299.447999999998,8256.916200000001,341.0552434456929,594.0,502.87453183520597,161.8192883895131,728.494,2808,1463,1,65.73033707865169,34.24625468164794,0.023408239700374533
wind_before_curtailment_mw,Wind before curtailment proxy,Summer,INTIFA2,IFA2 (INTIFA2),60_80pct,2727,9909.772370752042,8257.972000000005,12051.657733333595,209.64209754308763,300.0,420.05647231389804,210.4143747708104,285.847,1596,1130,1,58.525852585258534,41.437477081041436,0.03667033370003667
wind_before_curtailment_mw,Wind before curtailment proxy,Summer,INTIFA2,IFA2 (INTIFA2),highest_20pct,1438,14258.39611183167,12056.089733333209,18984.820333332627,83.6258692628651,-2.0,286.1502086230876,202.52433936022254,60.126999999999995,690,747,1,47.98331015299026,51.9471488178025,0.06954102920723226
wind_before_curtailment_mw,Wind before curtailment proxy,Summer,INTIRL,Northern Ireland(Moyle),lowest_20pct,6534,1596.5945463342177,-54.174,2888.24,-201.59289868380776,-252.0,29.052953780226506,230.64585246403428,-658.604,1250,4542,742,19.13070094888277,69.51331496786042,11.35598408325681
wind_before_curtailment_mw,Wind before curtailment proxy,Summer,INTIRL,Northern Ireland(Moyle),20_40pct,5521,3985.329285709154,2889.156,5299.200000000002,-222.8541930809636,-288.0,20.607136388335448,243.46132946929905,-615.189,725,3993,803,13.131679043651513,72.32385437420757,14.544466582140917
wind_before_curtailment_mw,Wind before curtailment proxy,Summer,INTIRL,Northern Ireland(Moyle),40_60pct,4272,6598.068756257769,5299.447999999998,8256.916200000001,-197.39138576779027,-274.0,34.9433520599251,232.33473782771534,-421.628,729,2929,614,17.064606741573034,68.562734082397,14.372659176029961
wind_before_curtailment_mw,Wind before curtailment proxy,Summer,INTIRL,Northern Ireland(Moyle),60_80pct,2727,9909.772370752042,8257.972000000005,12051.657733333595,-181.33113311331132,-254.0,42.081408140814084,223.41254125412541,-247.245,570,1802,355,20.9020902090209,66.07994132746609,13.017968463513018
wind_before_curtailment_mw,Wind before curtailment proxy,Summer,INTIRL,Northern Ireland(Moyle),highest_20pct,1438,14258.39611183167,12056.089733333209,18984.820333332627,-213.90403337969403,-300.0,36.6884561891516,250.59248956884562,-153.797,280,1068,90,19.471488178025034,74.26981919332405,6.258692628650904
wind_before_curtailment_mw,Wind before curtailment proxy,Summer,INTNED,Netherlands(BritNed),lowest_20pct,6534,1596.5945463342177,-54.174,2888.24,347.9657177838996,547.0,506.02479338842977,158.05907560453014,1136.804,4264,1589,681,65.2586470768289,24.318947046219776,10.42240587695133
wind_before_curtailment_mw,Wind before curtailment proxy,Summer,INTNED,Netherlands(BritNed),20_40pct,5521,3985.329285709154,2889.156,5299.200000000002,211.2823763810904,250.0,412.1840246332186,200.90164825212824,583.245,3069,1717,735,55.587755841333085,31.09943850751675,13.312805651150153
wind_before_curtailment_mw,Wind before curtailment proxy,Summer,INTNED,Netherlands(BritNed),40_60pct,4272,6598.068756257769,5299.447999999998,8256.916200000001,19.70692883895131,0.0,324.7551498127341,305.04822097378275,42.093999999999994,1927,1822,523,45.107677902621724,42.649812734082396,12.242509363295879
wind_before_curtailment_mw,Wind before curtailment proxy,Summer,INTNED,Netherlands(BritNed),60_80pct,2727,9909.772370752042,8257.972000000005,12051.657733333595,-134.31829849651632,-116.0,234.4979831316465,368.8162816281628,-183.143,948,1419,360,34.763476347634764,52.035203520352034,13.2013201320132
wind_before_curtailment_mw,Wind before curtailment proxy,Summer,INTNED,Netherlands(BritNed),highest_20pct,1438,14258.39611183167,12056.089733333209,18984.820333332627,-400.9374130737135,-620.0,136.9874826147427,537.9248956884562,-288.274,310,971,157,21.557719054242003,67.52433936022253,10.917941585535466
wind_before_curtailment_mw,Wind before curtailment proxy,Summer,INTNEM,Belgium (Nemolink),lowest_20pct,6534,1596.5945463342177,-54.174,2888.24,438.3614937251301,740.0,575.959595959596,137.59810223446587,1432.127,4889,1595,50,74.82399755127028,24.410774410774412,0.7652280379553107
wind_before_curtailment_mw,Wind before curtailment proxy,Summer,INTNEM,Belgium (Nemolink),20_40pct,5521,3985.329285709154,2889.156,5299.200000000002,350.25937330193807,560.0,501.9873211374751,151.72794783553704,966.891,3916,1566,39,70.92917949646804,28.364426734287267,0.7063937692447021
wind_before_curtailment_mw,Wind before curtailment proxy,Summer,INTNEM,Belgium (Nemolink),40_60pct,4272,6598.068756257769,5299.447999999998,8256.916200000001,160.45973782771534,232.0,384.6367041198502,224.17696629213484,342.742,2555,1689,28,59.808052434456926,39.53651685393258,0.6554307116104869
wind_before_curtailment_mw,Wind before curtailment proxy,Summer,INTNEM,Belgium (Nemolink),60_80pct,2727,9909.772370752042,8257.972000000005,12051.657733333595,-17.574624129079574,0.0,307.04143747708105,324.6160616061606,-23.963,1358,1350,19,49.7983131646498,49.504950495049506,0.6967363403006968
wind_before_curtailment_mw,Wind before curtailment proxy,Summer,INTNEM,Belgium (Nemolink),highest_20pct,1438,14258.39611183167,12056.089733333209,18984.820333332627,-274.3449235048679,-439.0,188.41307371349097,462.7579972183588,-197.254,484,945,9,33.65785813630042,65.71627260083449,0.6258692628650904
wind_before_curtailment_mw,Wind before curtailment proxy,Summer,INTNSL,North Sea Link (INTNSL),lowest_20pct,4913,1715.805991806997,-40.40199999999999,2888.24,972.1323020557704,1396.0,1019.4199063708528,47.28760431508243,2388.043,4307,571,35,87.66537756971302,11.622226745369428,0.7123956849175657
wind_before_curtailment_mw,Wind before curtailment proxy,Summer,INTNSL,North Sea Link (INTNSL),20_40pct,4766,3979.3952531263612,2889.156,5298.622399999998,1013.9429290809903,1396.0,1055.8237515736466,41.880822492656314,2416.226,4194,486,86,87.99832144355854,10.19723038187159,1.80444817456987
wind_before_curtailment_mw,Wind before curtailment proxy,Summer,INTNSL,North Sea Link (INTNSL),40_60pct,3846,6597.396048032551,5299.447999999998,8256.916200000001,946.1050442017681,1396.0,1004.7561102444098,58.65106604264171,1819.3600000000001,3287,430,129,85.46541861674467,11.180447217888716,3.3541341653666144
wind_before_curtailment_mw,Wind before curtailment proxy,Summer,INTNSL,North Sea Link (INTNSL),60_80pct,2553,9956.151069737885,8257.972000000005,12051.657733333595,706.1981981981982,998.0,815.7830003916961,109.58480219349785,901.4620000000001,1934,533,86,75.75401488444967,20.877399138268704,3.3685859772816293
wind_before_curtailment_mw,Wind before curtailment proxy,Summer,INTNSL,North Sea Link (INTNSL),highest_20pct,1438,14258.39611183167,12056.089733333209,18984.820333332627,212.94436717663422,90.0,465.2726008344923,252.32823365785814,153.10700000000003,793,553,92,55.14603616133519,38.456189151599446,6.397774687065369
wind_before_curtailment_mw,Wind before curtailment proxy,Summer,INTVKL,Denmark (Viking link),lowest_20pct,1832,1741.5092957138522,28.636199999999945,2888.1594,503.71288209606985,796.0,632.4115720524018,128.6986899563319,461.401,1333,371,128,72.76200873362446,20.251091703056765,6.986899563318777
wind_before_curtailment_mw,Wind before curtailment proxy,Summer,INTVKL,Denmark (Viking link),20_40pct,2360,4046.621534915356,2889.953733333405,5298.622399999998,362.68813559322035,531.0,542.6847457627118,179.99661016949153,427.972,1475,670,215,62.5,28.389830508474578,9.110169491525424
wind_before_curtailment_mw,Wind before curtailment proxy,Summer,INTVKL,Denmark (Viking link),40_60pct,2057,6583.796170507142,5299.447999999998,8256.916200000001,195.27078269324258,76.0,434.9586776859504,239.68789499270784,200.83599999999998,1072,708,277,52.1147301895965,34.41905687894993,13.466212931453573
wind_before_curtailment_mw,Wind before curtailment proxy,Summer,INTVKL,Denmark (Viking link),60_80pct,1412,10017.139449745622,8259.310896295567,12051.657733333595,45.140226628895185,0.0,360.5779036827195,315.43767705382436,31.868999999999993,584,621,207,41.359773371104815,43.98016997167139,14.660056657223796
wind_before_curtailment_mw,Wind before curtailment proxy,Summer,INTVKL,Denmark (Viking link),highest_20pct,1171,14513.24087345341,12056.089733333209,18984.820333332627,-185.267292912041,-244.0,267.3526900085397,452.6199829205807,-108.47400000000002,418,664,89,35.69598633646456,56.70367207514945,7.600341588385994
wind_before_curtailment_mw,Wind before curtailment proxy,Summer,TOTAL_GB_INTERCONNECTORS,GB interconnector fleet total,lowest_20pct,6534,1596.5945463342177,-54.174,2888.24,2685.0743801652893,3720.0,3185.5423936333027,500.46801346801345,8772.138,5068,1462,4,77.5635139271503,22.375267829813282,0.061218243036424855
wind_before_curtailment_mw,Wind before curtailment proxy,Summer,TOTAL_GB_INTERCONNECTORS,GB interconnector fleet total,20_40pct,5521,3985.329285709154,2889.156,5299.200000000002,2750.2318420575984,3600.0,3248.0554247418945,497.8235826842963,7592.015,4298,1222,1,77.84821590291614,22.133671436333998,0.018112660749864156
wind_before_curtailment_mw,Wind before curtailment proxy,Summer,TOTAL_GB_INTERCONNECTORS,GB interconnector fleet total,40_60pct,4272,6598.068756257769,5299.447999999998,8256.916200000001,2226.608146067416,2896.0,2803.2902621722847,576.6821161048689,4756.035,3259,1013,0,76.2874531835206,23.712546816479403,0.0
wind_before_curtailment_mw,Wind before curtailment proxy,Summer,TOTAL_GB_INTERCONNECTORS,GB interconnector fleet total,60_80pct,2727,9909.772370752042,8257.972000000005,12051.657733333595,1205.3692702603594,1464.0,2033.6670333700038,828.2977631096443,1643.521,1761,966,0,64.57645764576458,35.42354235423542,0.0
wind_before_curtailment_mw,Wind before curtailment proxy,Summer,TOTAL_GB_INTERCONNECTORS,GB interconnector fleet total,highest_20pct,1438,14258.39611183167,12056.089733333209,18984.820333332627,-602.0319888734354,-463.0,840.058414464534,1442.0904033379693,-432.861,639,799,0,44.43671766342142,55.56328233657858,0.0
wind_before_curtailment_mw,Wind before curtailment proxy,Autumn,INTELEC,Eleclink (INTELEC),lowest_20pct,2407,1689.0478885425996,-115.2388,2888.0882888888214,254.1279601163274,130.0,406.3489821354383,152.22102201911093,305.843,1259,532,616,52.30577482343166,22.10220191109265,25.592023265475696
wind_before_curtailment_mw,Wind before curtailment proxy,Autumn,INTELEC,Eleclink (INTELEC),20_40pct,2946,4057.6621489392865,2889.0345999999995,5299.0852,191.11812627291243,0.0,417.4949083503055,226.37678207739307,281.517,1409,863,674,47.8275627970129,29.293957909029196,22.87847929395791
wind_before_curtailment_mw,Wind before curtailment proxy,Autumn,INTELEC,Eleclink (INTELEC),40_60pct,3413,6807.1167527190355,5300.156,8257.419999999998,197.5950776443012,86.0,436.22267799589804,238.62760035159684,337.19599999999997,1754,980,679,51.39173747436273,28.713741576325813,19.894520949311456
wind_before_curtailment_mw,Wind before curtailment proxy,Autumn,INTELEC,Eleclink (INTELEC),60_80pct,3794,10083.899058216337,8258.001600000001,12053.8702666668,174.42488139167105,0.0,398.9847127042699,224.55983131259885,330.884,1826,1133,835,48.12862414338429,29.86294148655772,22.008434370057987
wind_before_curtailment_mw,Wind before curtailment proxy,Autumn,INTELEC,Eleclink (INTELEC),highest_20pct,4815,14964.126442669263,12056.041933333538,20950.5694666664,131.08701973001038,0.0,368.16739356178607,237.0803738317757,315.592,2398,1473,944,49.80269989615784,30.591900311526484,19.60539979231568
wind_before_curtailment_mw,Wind before curtailment proxy,Autumn,INTEW,Ireland(East-West),lowest_20pct,3441,1706.8228182859743,-115.2388,2888.0882888888214,-164.22319093286836,-74.0,31.174077303109563,195.39726823597792,-282.546,500,2067,874,14.530659691950015,60.06974716652136,25.399593141528626
wind_before_curtailment_mw,Wind before curtailment proxy,Autumn,INTEW,Ireland(East-West),20_40pct,3777,4045.1960918123214,2888.8560000000007,5299.0852,-154.00211808313477,-56.0,39.40852528461742,193.4106433677522,-290.833,646,2137,994,17.103521313211544,56.5792957373577,26.317182949430766
wind_before_curtailment_mw,Wind before curtailment proxy,Autumn,INTEW,Ireland(East-West),40_60pct,4284,6814.262613685823,5300.156,8257.419999999998,-149.07422969187675,-49.0,53.098506069094306,202.17273576097105,-319.317,942,2374,968,21.988795518207283,55.415499533146594,22.595704948646127
wind_before_curtailment_mw,Wind before curtailment proxy,Autumn,INTEW,Ireland(East-West),60_80pct,4970,10082.591334984463,8258.001600000001,12053.8702666668,-156.68450704225353,-48.0,39.837826961770624,196.52233400402415,-389.361,972,2803,1195,19.557344064386317,56.398390342052316,24.044265593561367
wind_before_curtailment_mw,Wind before curtailment proxy,Autumn,INTEW,Ireland(East-West),highest_20pct,5264,14813.536083482619,12055.246000000005,20950.5694666664,-130.89893617021278,-14.0,52.943768996960486,183.84270516717325,-344.526,1164,2727,1373,22.112462006079028,51.80471124620061,26.082826747720368
wind_before_curtailment_mw,Wind before curtailment proxy,Autumn,INTFR,France(IFA),lowest_20pct,3441,1706.8228182859743,-115.2388,2888.0882888888214,757.299622202848,796.0,798.4609125254286,41.16129032258065,1302.934,2529,306,606,73.49607672188317,8.892763731473408,17.611159546643417
wind_before_curtailment_mw,Wind before curtailment proxy,Autumn,INTFR,France(IFA),20_40pct,3777,4045.1960918123214,2888.8560000000007,5299.0852,560.8652369605506,762.0,669.9057453005031,109.04050833995234,1059.194,2448,651,678,64.81334392374902,17.235901509134234,17.950754567116757
wind_before_curtailment_mw,Wind before curtailment proxy,Autumn,INTFR,France(IFA),40_60pct,4284,6814.262613685823,5300.156,8257.419999999998,514.7698412698413,659.0,653.9341736694678,139.16433239962652,1102.637,2576,1004,704,60.130718954248366,23.436041083099905,16.433239962651726
wind_before_curtailment_mw,Wind before curtailment proxy,Autumn,INTFR,France(IFA),60_80pct,4970,10082.591334984463,8258.001600000001,12053.8702666668,410.835814889336,476.0,585.6772635814889,174.8414486921529,1020.927,2886,1458,626,58.06841046277667,29.336016096579478,12.595573440643863
wind_before_curtailment_mw,Wind before curtailment proxy,Autumn,INTFR,France(IFA),highest_20pct,5264,14813.536083482619,12055.246000000005,20950.5694666664,317.50683890577506,322.0,538.6557750759879,221.14893617021278,835.678,3036,1750,478,57.67477203647417,33.244680851063826,9.080547112462007
wind_before_curtailment_mw,Wind before curtailment proxy,Autumn,INTGRNL,Ireland (Greenlink),lowest_20pct,400,1684.6134587222225,15.667399999999992,2880.1476,-455.8,-514.0,5.885,461.685,-91.16,12,387,1,3.0,96.75,0.25
wind_before_curtailment_mw,Wind before curtailment proxy,Autumn,INTGRNL,Ireland (Greenlink),20_40pct,488,3990.515162213116,2902.8802,5299.0852,-388.0532786885246,-514.0,19.75409836065574,407.80737704918033,-94.685,36,427,25,7.377049180327869,87.5,5.122950819672131
wind_before_curtailment_mw,Wind before curtailment proxy,Autumn,INTGRNL,Ireland (Greenlink),40_60pct,706,6841.53819595292,5302.1641999999965,8253.342533333263,-376.94050991501416,-514.0,31.725212464589234,408.6657223796034,-133.06,79,618,9,11.189801699716714,87.53541076487252,1.2747875354107647
wind_before_curtailment_mw,Wind before curtailment proxy,Autumn,INTGRNL,Ireland (Greenlink),60_80pct,947,10072.451097468853,8258.315799999997,12049.36759999926,-341.63041182682156,-514.0,35.13199577613516,376.7624076029567,-161.762,139,806,2,14.6779303062302,85.11087645195353,0.21119324181626187
wind_before_curtailment_mw,Wind before curtailment proxy,Autumn,INTGRNL,Ireland (Greenlink),highest_20pct,1827,15850.702454391056,12059.594133333534,20950.5694666664,-269.1548987411056,-474.0,58.44553913519431,327.60043787629996,-245.873,398,1410,19,21.784345922276955,77.17569786535303,1.0399562123700055
wind_before_curtailment_mw,Wind before curtailment proxy,Autumn,INTIFA2,IFA2 (INTIFA2),lowest_20pct,3441,1706.8228182859743,-115.2388,2888.0882888888214,431.8785236849753,636.0,527.6983435047952,95.81981981981981,743.047,2247,1192,2,65.30078465562337,34.641092705608834,0.058122638767800064
wind_before_curtailment_mw,Wind before curtailment proxy,Autumn,INTIFA2,IFA2 (INTIFA2),20_40pct,3777,4045.1960918123214,2888.8560000000007,5299.0852,216.56288059306328,38.0,401.19512840879,184.63224781572677,408.979,1909,1867,1,50.54275880328303,49.430765157532434,0.026476039184537992
wind_before_curtailment_mw,Wind before curtailment proxy,Autumn,INTIFA2,IFA2 (INTIFA2),40_60pct,4284,6814.262613685823,5300.156,8257.419999999998,154.79271708683473,-2.0,373.25536881419237,218.4626517273576,331.566,2081,2202,1,48.57609710550887,51.40056022408963,0.02334267040149393
wind_before_curtailment_mw,Wind before curtailment proxy,Autumn,INTIFA2,IFA2 (INTIFA2),60_80pct,4970,10082.591334984463,8258.001600000001,12053.8702666668,97.3943661971831,-2.0,324.20080482897384,226.80643863179074,242.02499999999998,2068,2899,3,41.60965794768612,58.32997987927565,0.060362173038229376
wind_before_curtailment_mw,Wind before curtailment proxy,Autumn,INTIFA2,IFA2 (INTIFA2),highest_20pct,5264,14813.536083482619,12055.246000000005,20950.5694666664,-11.039893617021276,-2.0,262.37424012158056,273.41413373860183,-29.057000000000013,1995,3260,9,37.898936170212764,61.93009118541033,0.17097264437689969
wind_before_curtailment_mw,Wind before curtailment proxy,Autumn,INTIRL,Northern Ireland(Moyle),lowest_20pct,3441,1706.8228182859743,-115.2388,2888.0882888888214,-225.33217088055798,-308.0,33.704155768671896,259.03632664922986,-387.684,724,2642,75,21.04039523394362,76.78000581226388,2.1795989537925022
wind_before_curtailment_mw,Wind before curtailment proxy,Autumn,INTIRL,Northern Ireland(Moyle),20_40pct,3777,4045.1960918123214,2888.8560000000007,5299.0852,-200.9181890389198,-308.0,52.28964786867885,253.20783690759862,-379.434,905,2778,94,23.960815462006885,73.55043685464655,2.4887476833465714
wind_before_curtailment_mw,Wind before curtailment proxy,Autumn,INTIRL,Northern Ireland(Moyle),40_60pct,4284,6814.262613685823,5300.156,8257.419999999998,-169.33986928104576,-302.0,71.13958916900093,240.47945845004668,-362.726,1312,2908,64,30.62558356676004,67.88048552754435,1.4939309056956116
wind_before_curtailment_mw,Wind before curtailment proxy,Autumn,INTIRL,Northern Ireland(Moyle),60_80pct,4970,10082.591334984463,8258.001600000001,12053.8702666668,-176.35452716297786,-300.0,64.73883299798793,241.0933601609658,-438.241,1401,3480,89,28.189134808853115,70.02012072434609,1.790744466800805
wind_before_curtailment_mw,Wind before curtailment proxy,Autumn,INTIRL,Northern Ireland(Moyle),highest_20pct,5264,14813.536083482619,12055.246000000005,20950.5694666664,-122.0676291793313,-198.0,83.65007598784194,205.71770516717325,-321.282,1710,3308,246,32.484802431610944,62.8419452887538,4.673252279635259
wind_before_curtailment_mw,Wind before curtailment proxy,Autumn,INTNED,Netherlands(BritNed),lowest_20pct,3441,1706.8228182859743,-115.2388,2888.0882888888214,348.85440278988665,588.0,518.0087183958152,169.1543156059285,600.204,2288,937,216,66.49229875036326,27.230456262714327,6.2772449869224065
wind_before_curtailment_mw,Wind before curtailment proxy,Autumn,INTNED,Netherlands(BritNed),20_40pct,3777,4045.1960918123214,2888.8560000000007,5299.0852,193.85544082605242,334.0,436.4347365634101,242.57929573735768,366.096,2194,1385,198,58.088429970876355,36.66931427058512,5.242255758538523
wind_before_curtailment_mw,Wind before curtailment proxy,Autumn,INTNED,Netherlands(BritNed),40_60pct,4284,6814.262613685823,5300.156,8257.419999999998,211.29598506069095,331.0,440.1830065359477,228.88702147525677,452.596,2515,1474,295,58.70681605975724,34.40709617180205,6.88608776844071
wind_before_curtailment_mw,Wind before curtailment proxy,Autumn,INTNED,Netherlands(BritNed),60_80pct,4970,10082.591334984463,8258.001600000001,12053.8702666668,184.743661971831,220.0,413.21569416498994,228.47203219315895,459.088,2812,1808,350,56.579476861167,36.37826961770624,7.042253521126761
wind_before_curtailment_mw,Wind before curtailment proxy,Autumn,INTNED,Netherlands(BritNed),highest_20pct,5264,14813.536083482619,12055.246000000005,20950.5694666664,-62.58738601823708,0.0,273.5,336.08738601823705,-164.73000000000002,2126,2622,516,40.38753799392097,49.81003039513678,9.80243161094225
wind_before_curtailment_mw,Wind before curtailment proxy,Autumn,INTNEM,Belgium (Nemolink),lowest_20pct,3441,1706.8228182859743,-115.2388,2888.0882888888214,510.305143853531,774.0,603.5071200232491,93.20197616971811,877.98,2649,611,181,76.98343504795118,17.756466143562918,5.260098808485905
wind_before_curtailment_mw,Wind before curtailment proxy,Autumn,INTNEM,Belgium (Nemolink),20_40pct,3777,4045.1960918123214,2888.8560000000007,5299.0852,345.57532433148003,534.0,494.78686788456446,149.21154355308445,652.619,2495,966,316,66.0577177654223,25.575853852263702,8.366428382314005
wind_before_curtailment_mw,Wind before curtailment proxy,Autumn,INTNEM,Belgium (Nemolink),40_60pct,4284,6814.262613685823,5300.156,8257.419999999998,314.13538748832866,520.0,479.6227824463119,165.48739495798318,672.878,2789,1174,321,65.10270774976658,27.404295051353877,7.492997198879552
wind_before_curtailment_mw,Wind before curtailment proxy,Autumn,INTNEM,Belgium (Nemolink),60_80pct,4970,10082.591334984463,8258.001600000001,12053.8702666668,352.2374245472837,501.0,484.6949698189135,132.45754527162978,875.31,3368,1202,400,67.76659959758551,24.185110663983902,8.048289738430583
wind_before_curtailment_mw,Wind before curtailment proxy,Autumn,INTNEM,Belgium (Nemolink),highest_20pct,5264,14813.536083482619,12055.246000000005,20950.5694666664,88.68199088145897,84.0,337.4635258358663,248.7815349544073,233.411,2774,2162,328,52.69756838905775,41.07142857142857,6.231003039513678
wind_before_curtailment_mw,Wind before curtailment proxy,Autumn,INTNSL,North Sea Link (INTNSL),lowest_20pct,2667,1703.4262338665308,-115.2388,2888.0882888888214,1023.8680164979378,1398.0,1072.29696287964,48.42894638170229,1365.3280000000002,2335,246,86,87.55155605549307,9.223847019122609,3.2245969253843274
wind_before_curtailment_mw,Wind before curtailment proxy,Autumn,INTNSL,North Sea Link (INTNSL),20_40pct,3478,4067.6920922297695,2889.0345999999995,5299.0852,772.0856814261069,1331.0,899.1173087981599,127.03162737205291,1342.6570000000002,2684,557,237,77.17078780908568,16.0149511213341,6.814261069580219
wind_before_curtailment_mw,Wind before curtailment proxy,Autumn,INTNSL,North Sea Link (INTNSL),40_60pct,4131,6818.040499402099,5300.156,8257.419999999998,738.4555797627693,998.0,846.7363834422658,108.28080367949649,1525.2800000000002,3131,629,371,75.79278625030258,15.22633744855967,8.980876301137739
wind_before_curtailment_mw,Wind before curtailment proxy,Autumn,INTNSL,North Sea Link (INTNSL),60_80pct,4736,10079.940669525502,8258.001600000001,12053.8702666668,784.3247466216217,1095.0,876.3572635135135,92.03251689189189,1857.2810000000002,3818,635,283,80.61655405405406,13.40793918918919,5.975506756756756
wind_before_curtailment_mw,Wind before curtailment proxy,Autumn,INTNSL,North Sea Link (INTNSL),highest_20pct,5238,14824.395115588488,12055.246000000005,20950.5694666664,549.4215349369989,694.0,698.7739595265368,149.352424589538,1438.9350000000002,3693,1161,384,70.50400916380298,22.164948453608247,7.331042382588775
wind_before_curtailment_mw,Wind before curtailment proxy,Autumn,INTVKL,Denmark (Viking link),lowest_20pct,1083,1755.7567863958138,15.667399999999992,2884.6400000000003,325.62511542012925,376.0,540.4893813481071,214.86426592797784,176.326,685,357,41,63.25023084025854,32.96398891966759,3.7857802400738687
wind_before_curtailment_mw,Wind before curtailment proxy,Autumn,INTVKL,Denmark (Viking link),20_40pct,1445,3971.0728202416376,2895.8340000000003,5299.0852,231.07958477508652,472.0,520.0539792387543,288.9743944636678,166.95499999999998,856,532,57,59.238754325259514,36.81660899653979,3.944636678200692
wind_before_curtailment_mw,Wind before curtailment proxy,Autumn,INTVKL,Denmark (Viking link),40_60pct,1539,6873.328042633015,5300.156,8257.419999999998,438.24691358024694,762.0,663.9506172839506,225.7037037037037,337.231,1057,441,41,68.6809616634178,28.654970760233915,2.6640675763482777
wind_before_curtailment_mw,Wind before curtailment proxy,Autumn,INTVKL,Denmark (Viking link),60_80pct,1872,10049.534994339407,8258.315799999997,12049.36759999926,463.7190170940171,839.0,701.159188034188,237.44017094017093,434.041,1277,583,12,68.21581196581197,31.14316239316239,0.641025641025641
wind_before_curtailment_mw,Wind before curtailment proxy,Autumn,INTVKL,Denmark (Viking link),highest_20pct,2701,15470.707319660576,12059.594133333534,20950.5694666664,222.5686782673084,334.0,526.5775638652351,304.0088855979267,300.57899999999995,1611,1083,7,59.64457608293225,40.09626064420585,0.259163272861903
wind_before_curtailment_mw,Wind before curtailment proxy,Autumn,TOTAL_GB_INTERCONNECTORS,GB interconnector fleet total,lowest_20pct,3441,1706.8228182859743,-115.2388,2888.0882888888214,2679.611740773031,3296.0,2945.899447834932,266.2877070619006,4610.272,2938,503,0,85.38215634989828,14.617843650101713,0.0
wind_before_curtailment_mw,Wind before curtailment proxy,Autumn,TOTAL_GB_INTERCONNECTORS,GB interconnector fleet total,20_40pct,3777,4045.1960918123214,2888.8560000000007,5299.0852,1860.2409319565793,2566.0,2502.213926396611,641.9729944400318,3513.065,2860,916,1,75.72147206777866,24.252051893036803,0.026476039184537992
wind_before_curtailment_mw,Wind before curtailment proxy,Autumn,TOTAL_GB_INTERCONNECTORS,GB interconnector fleet total,40_60pct,4284,6814.262613685823,5300.156,8257.419999999998,1841.4010270774977,2552.0,2540.7782446311858,699.3772175536882,3944.281,3188,1096,0,74.41643323996266,25.583566760037346,0.0
wind_before_curtailment_mw,Wind before curtailment proxy,Autumn,TOTAL_GB_INTERCONNECTORS,GB interconnector fleet total,60_80pct,4970,10082.591334984463,8258.001600000001,12053.8702666668,1702.2905432595574,2008.0,2297.748088531187,595.4575452716298,4230.192,3694,1275,1,74.32595573440643,25.653923541247487,0.02012072434607646
wind_before_curtailment_mw,Wind before curtailment proxy,Autumn,TOTAL_GB_INTERCONNECTORS,GB interconnector fleet total,highest_20pct,5264,14813.536083482619,12055.246000000005,20950.5694666664,766.9935410334347,930.0,1698.0919452887538,931.0984042553191,2018.727,3149,2113,2,59.82142857142857,40.140577507598785,0.037993920972644375
