interconnectorId,interconnectorName,interconnectorBiddingZone,price_zone_code,calendar_month,observations,mean_price_spread_gb_minus_zone,mean_signed_mw,mean_signed_pct_capacity,mean_abs_price_spread,mean_abs_signed_mw,import_share_pct,export_share_pct,aligned_share_pct
INTELEC,Eleclink (INTELEC),FRANCE,FR,2022-05,338,-20.524260355029586,-427.92899408284023,-33.962618578003195,26.077396449704143,527.8224852071006,12.1301775147929,72.7810650887574,70.71005917159763
INTELEC,Eleclink (INTELEC),FRANCE,FR,2022-06,1440,-61.54329166666666,-745.5694444444445,-59.17217813051146,64.98884722222222,749.3444444444444,1.25,94.09722222222221,88.19444444444444
INTELEC,Eleclink (INTELEC),FRANCE,FR,2022-07,1485,-114.69216161616161,-736.9737373737373,-58.489979156645816,117.43904377104379,736.9737373737373,0.0,79.12457912457911,73.6026936026936
INTELEC,Eleclink (INTELEC),FRANCE,FR,2022-08,1488,-54.98868279569893,-525.7768817204301,-41.72832394606588,70.74951612903226,556.3790322580645,4.368279569892473,74.1263440860215,61.08870967741935
INTELEC,Eleclink (INTELEC),FRANCE,FR,2022-09,1439,-83.67596942321056,-883.7470465601112,-70.13865448889771,91.75299513551077,930.0458651841557,4.169562195969423,95.83043780403058,87.2133425990271
INTELEC,Eleclink (INTELEC),FRANCE,FR,2022-10,1488,-41.99327956989247,-690.9798387096774,-54.839669738863286,46.99903225806452,744.3508064516129,6.25,81.38440860215054,77.15053763440861
INTELEC,Eleclink (INTELEC),FRANCE,FR,2022-11,1440,-32.351416666666665,-668.0333333333333,-53.01851851851852,45.18633333333333,812.4583333333334,12.847222222222221,85.0,83.75
INTELEC,Eleclink (INTELEC),FRANCE,FR,2022-12,1488,17.293978494623655,66.83198924731182,5.304126130739034,40.800000000000004,645.5900537634409,54.233870967741936,43.54838709677419,75.47043010752688
INTELEC,Eleclink (INTELEC),FRANCE,FR,2023-01,1488,17.34407258064516,342.9274193548387,27.216461853558627,24.548803763440862,704.1693548387096,70.09408602150538,29.502688172043012,78.09139784946237
INTELEC,Eleclink (INTELEC),FRANCE,FR,2023-02,1344,4.592083333333333,300.76934523809524,23.870582955404384,11.524553571428571,539.9181547619048,67.78273809523809,31.547619047619047,72.32142857142857
INTELEC,Eleclink (INTELEC),FRANCE,FR,2023-03,1488,18.949059139784946,512.1021505376344,40.64302782044717,22.638655913978493,736.8736559139785,77.68817204301075,22.177419354838708,83.87096774193549
INTELEC,Eleclink (INTELEC),FRANCE,FR,2023-04,1440,9.613930555555555,381.21527777777777,30.25518077601411,13.216902777777777,555.7875,76.45833333333333,23.26388888888889,71.59722222222223
INTELEC,Eleclink (INTELEC),FRANCE,FR,2023-05,1488,15.075954301075269,753.9086021505376,59.83401604369346,16.47641129032258,766.0483870967741,97.04301075268818,2.956989247311828,75.67204301075269
INTELEC,Eleclink (INTELEC),FRANCE,FR,2023-06,1440,6.885944444444444,529.9166666666666,42.05687830687831,10.073638888888889,583.2166666666667,86.45833333333334,12.708333333333332,67.15277777777777
INTELEC,Eleclink (INTELEC),FRANCE,FR,2023-07,1487,4.04472091459314,240.02151983860122,19.049326971317555,10.24170813718897,509.3127101546738,67.11499663752521,32.548755884330866,63.214525891055814
INTELEC,Eleclink (INTELEC),FRANCE,FR,2023-08,1488,4.8304704301075265,307.2258064516129,24.383000512032773,11.800819892473118,532.0752688172043,68.27956989247312,31.451612903225808,63.44086021505376
INTELEC,Eleclink (INTELEC),FRANCE,FR,2023-09,1440,7.331055555555555,364.46666666666664,28.925925925925927,13.281222222222222,638.2194444444444,72.22222222222221,27.500000000000004,71.52777777777779
INTELEC,Eleclink (INTELEC),FRANCE,FR,2023-10,1488,12.43763440860215,510.89516129032256,40.54723502304147,17.99962365591398,652.6155913978495,73.25268817204301,14.919354838709678,68.61559139784946
INTELEC,Eleclink (INTELEC),FRANCE,FR,2023-11,1440,19.741319444444443,600.8916666666667,47.68981481481481,22.213541666666668,659.4722222222222,81.52777777777777,8.819444444444445,72.08333333333333
INTELEC,Eleclink (INTELEC),FRANCE,FR,2023-12,1487,12.187834566240754,399.7942165433759,31.729699725664755,15.00406859448554,593.3974445191661,74.44519166106254,24.478816408876934,74.1761936785474
INTELEC,Eleclink (INTELEC),FRANCE,FR,2024-01,1488,7.30119623655914,439.0241935483871,34.8431899641577,9.751626344086022,634.0322580645161,72.31182795698925,27.486559139784944,74.93279569892472
INTELEC,Eleclink (INTELEC),FRANCE,FR,2024-02,1392,11.132140804597702,735.4224137931035,58.366858237547895,12.237485632183907,763.3189655172414,92.09770114942529,7.902298850574713,85.20114942528735
INTELEC,Eleclink (INTELEC),FRANCE,FR,2024-03,1488,18.502029569892475,845.4932795698925,67.10264123570576,19.712755376344088,854.638440860215,97.71505376344086,2.28494623655914,81.85483870967742
INTELEC,Eleclink (INTELEC),FRANCE,FR,2024-04,1440,34.53611111111111,896.6833333333333,71.16534391534391,36.018,911.0277777777778,97.63888888888889,2.361111111111111,83.05555555555556
INTELEC,Eleclink (INTELEC),FRANCE,FR,2024-05,1488,57.6779435483871,981.3494623655914,77.88487796552313,57.7075940860215,981.7043010752689,99.86559139784946,0.13440860215053765,99.19354838709677
INTELEC,Eleclink (INTELEC),FRANCE,FR,2024-06,1440,46.51168055555556,935.2097222222222,74.2229938271605,47.45181944444444,938.5402777777778,99.30555555555556,0.6944444444444444,91.80555555555556
INTELEC,Eleclink (INTELEC),FRANCE,FR,2024-07,1488,35.983763440860216,912.0954301075269,72.38852619901007,36.72865591397849,921.8266129032259,97.78225806451613,2.217741935483871,88.97849462365592
INTELEC,Eleclink (INTELEC),FRANCE,FR,2024-08,1488,16.1775,669.5577956989247,53.13950759515276,19.795456989247313,715.7782258064516,91.26344086021506,8.60215053763441,73.45430107526882
INTELEC,Eleclink (INTELEC),FRANCE,FR,2024-09,1440,39.897,687.8277777777778,54.589506172839506,41.043194444444445,706.4777777777778,79.93055555555556,1.5277777777777777,73.26388888888889
INTELEC,Eleclink (INTELEC),FRANCE,FR,2024-10,1488,38.40271505376344,-0.28763440860215056,-0.022828127666837346,39.196908602150536,0.28763440860215056,0.0,14.180107526881722,0.5376344086021506
INTELEC,Eleclink (INTELEC),FRANCE,FR,2024-11,1440,16.515680555555555,0.0,0.0,18.233819444444446,0.0,0.0,0.0,0.0
INTELEC,Eleclink (INTELEC),FRANCE,FR,2024-12,1488,11.12787634408602,0.0,0.0,18.15983870967742,0.0,0.0,0.0,0.0
INTELEC,Eleclink (INTELEC),FRANCE,FR,2025-01,1488,38.85079301075269,0.0,0.0,44.12606182795699,0.0,0.0,0.0,0.0
INTELEC,Eleclink (INTELEC),FRANCE,FR,2025-02,1344,4.910729166666667,353.57589285714283,28.061578798185938,10.327247023809523,460.5520833333333,68.37797619047619,16.220238095238095,61.16071428571429
INTELEC,Eleclink (INTELEC),FRANCE,FR,2025-03,1488,29.5620564516129,859.3655913978495,68.20361836490869,31.026545698924732,864.3521505376344,98.52150537634408,1.478494623655914,86.02150537634408
INTELEC,Eleclink (INTELEC),FRANCE,FR,2025-04,1440,49.66547222222222,968.0638888888889,76.83046737213404,50.07899999999999,970.825,99.58333333333333,0.4166666666666667,94.86111111111111
INTELEC,Eleclink (INTELEC),FRANCE,FR,2025-05,1488,62.66213709677419,497.97983870967744,39.52220942140297,63.7649059139785,497.97983870967744,51.00806451612904,0.0,50.47043010752689
INTELEC,Eleclink (INTELEC),FRANCE,FR,2025-06,1440,38.157583333333335,720.6527777777778,57.194664902998234,41.22997222222222,757.3472222222222,85.34722222222221,7.638888888888889,78.19444444444444
INTELEC,Eleclink (INTELEC),FRANCE,FR,2025-07,1488,33.67212365591398,779.380376344086,61.85558542413381,34.75008064516129,802.4637096774194,87.63440860215054,2.889784946236559,84.13978494623656
INTELEC,Eleclink (INTELEC),FRANCE,FR,2025-08,1488,28.179516129032258,834.4018817204301,66.2223715651135,28.89887096774194,842.4422043010753,96.9758064516129,1.747311827956989,86.89516129032258
INTELEC,Eleclink (INTELEC),FRANCE,FR,2025-09,1440,42.05048611111111,823.9736111111112,65.39473104056437,42.77631944444445,842.6541666666667,95.06944444444444,4.652777777777778,87.84722222222221
INTELEC,Eleclink (INTELEC),FRANCE,FR,2025-10,1488,23.203763440860214,630.3225806451613,50.02560163850487,25.220053763440863,642.8225806451613,77.68817204301075,4.099462365591398,64.85215053763442
INTELEC,Eleclink (INTELEC),FRANCE,FR,2025-11,1440,29.066625000000002,816.6722222222222,64.8152557319224,30.556791666666665,845.9361111111111,95.55555555555556,4.236111111111112,88.61111111111111
INTELEC,Eleclink (INTELEC),FRANCE,FR,2025-12,1488,17.467190860215055,774.2862903225806,61.45129288274449,18.939099462365593,791.3346774193549,95.83333333333334,4.032258064516129,84.87903225806451
INTELEC,Eleclink (INTELEC),FRANCE,FR,2026-01,1488,7.131411290322581,562.2056451612904,44.61949564772146,10.20103494623656,616.9798387096774,89.85215053763442,9.543010752688172,75.73924731182797
INTELEC,Eleclink (INTELEC),FRANCE,FR,2026-02,1344,46.52397321428572,956.5922619047619,75.92002078609221,46.917901785714285,956.5922619047619,100.0,0.0,95.23809523809523
INTELEC,Eleclink (INTELEC),FRANCE,FR,2026-03,1488,45.8617876344086,884.5698924731183,70.20395972008875,47.89049731182796,886.4005376344086,99.32795698924731,0.6720430107526881,86.96236559139786
INTELEC,Eleclink (INTELEC),FRANCE,FR,2026-04,1440,55.875750000000004,860.5930555555556,68.30103615520282,58.46797222222222,886.5902777777778,96.59722222222223,3.3333333333333335,86.38888888888889
INTELEC,Eleclink (INTELEC),FRANCE,FR,2026-05,1488,68.69303763440861,974.3548387096774,77.32974910394266,69.01795698924731,974.3548387096774,99.46236559139786,0.0,95.36290322580645
INTELEC,Eleclink (INTELEC),FRANCE,FR,2026-06,1438,49.05098748261475,816.3101529902642,64.7865200785924,49.98077885952712,818.8442280945758,97.77468706536857,0.9735744089012517,86.57858136300418
INTEW,Ireland(East-West),IRELAND,IRL,2021-07,1488,-34.369166666666665,-325.2069892473118,-55.307311096481605,36.98102150537635,325.44354838709677,0.5376344086021506,83.26612903225806,70.96774193548387
INTEW,Ireland(East-West),IRELAND,IRL,2021-08,1488,-5.688400537634409,-64.14516129032258,-10.909041035769148,16.520282258064515,119.0752688172043,17.06989247311828,37.43279569892473,34.81182795698925
INTEW,Ireland(East-West),IRELAND,IRL,2021-09,1440,25.45647222222222,-46.40277777777778,-7.891628873771731,64.05105555555556,95.80555555555556,15.208333333333332,42.291666666666664,34.86111111111111
INTEW,Ireland(East-West),IRELAND,IRL,2021-10,1485,-3.25929292929293,-49.43030303030303,-8.406514120799836,49.10858585858586,156.3205387205387,32.390572390572395,41.88552188552189,47.474747474747474
INTEW,Ireland(East-West),IRELAND,IRL,2021-11,1436,17.883029247910862,13.153203342618385,2.236939343982718,48.15308495821727,156.77437325905294,33.42618384401114,33.147632311977716,32.17270194986072
INTEW,Ireland(East-West),IRELAND,IRL,2021-12,1482,34.69178137651822,133.055330634278,22.628457590863608,59.45470985155196,157.25775978407557,49.59514170040486,12.348178137651821,40.823211875843455
INTEW,Ireland(East-West),IRELAND,IRL,2022-01,1482,20.56665991902834,102.82860998650472,17.4878588412423,48.002840755735484,160.4183535762483,51.55195681511471,19.230769230769234,40.2834008097166
INTEW,Ireland(East-West),IRELAND,IRL,2022-02,1340,21.179141791044774,159.8507462686567,27.18550106609808,46.786380597014926,235.05671641791045,60.67164179104477,19.25373134328358,43.208955223880594
INTEW,Ireland(East-West),IRELAND,IRL,2022-03,1486,8.188176312247645,20.72409152086137,3.5245053606907093,63.23700538358008,73.11440107671602,17.69851951547779,13.324360699865412,12.449528936742935
INTEW,Ireland(East-West),IRELAND,IRL,2022-04,1439,-11.316455872133426,0.0,0.0,38.4023488533704,0.0,0.0,0.0,0.0
INTEW,Ireland(East-West),IRELAND,IRL,2022-05,1488,6.803790322580644,33.48790322580645,5.6952216370419135,30.12725806451613,96.49327956989248,26.276881720430108,14.448924731182796,25.739247311827956
INTEW,Ireland(East-West),IRELAND,IRL,2022-06,1440,6.705388888888889,50.68055555555556,8.619142101284957,39.958555555555556,191.875,46.041666666666664,26.875,40.97222222222222
INTEW,Ireland(East-West),IRELAND,IRL,2022-07,1485,19.154363636363637,73.31178451178451,12.467990563228657,57.81043097643098,259.05185185185184,57.23905723905723,33.535353535353536,58.72053872053872
INTEW,Ireland(East-West),IRELAND,IRL,2022-08,1488,54.634247311827956,96.51612903225806,16.414307658547287,77.01228494623656,197.5483870967742,53.76344086021505,22.446236559139784,54.905913978494624
INTEW,Ireland(East-West),IRELAND,IRL,2022-09,1439,16.95605976372481,71.31897150799166,12.129076787073412,64.87614315496873,116.91452397498263,43.64141765114663,16.608756080611535,41.487143849895766
INTEW,Ireland(East-West),IRELAND,IRL,2022-10,1488,-0.12809139784946202,84.78494623655914,14.419208543632507,47.1060752688172,200.97043010752688,47.64784946236559,26.814516129032256,41.53225806451613
INTEW,Ireland(East-West),IRELAND,IRL,2022-11,1440,22.762236111111115,116.96111111111111,19.89134542705971,51.33123611111111,201.4111111111111,56.458333333333336,19.65277777777778,43.19444444444444
INTEW,Ireland(East-West),IRELAND,IRL,2022-12,1488,8.038279569892472,27.84005376344086,4.734703020993343,68.00061827956989,154.22177419354838,37.56720430107527,32.325268817204304,44.42204301075269
INTEW,Ireland(East-West),IRELAND,IRL,2023-01,1488,-14.015013440860216,-88.95430107526882,-15.128282495794018,36.647056451612904,176.63709677419354,25.873655913978492,50.73924731182796,42.204301075268816
INTEW,Ireland(East-West),IRELAND,IRL,2023-02,1344,-3.2172470238095237,-49.30654761904762,-8.385467282150955,17.569895833333334,179.71130952380952,30.431547619047617,40.476190476190474,38.467261904761905
INTEW,Ireland(East-West),IRELAND,IRL,2023-03,1488,-17.031868279569892,-124.63172043010752,-21.19587082144686,27.170443548387098,203.94354838709677,19.690860215053764,56.92204301075269,46.034946236559136
INTEW,Ireland(East-West),IRELAND,IRL,2023-04,1440,-10.178930555555555,-108.00138888888888,-18.367583144368858,16.83170833333333,170.60694444444445,14.722222222222223,46.041666666666664,37.98611111111111
INTEW,Ireland(East-West),IRELAND,IRL,2023-05,1488,-13.079032258064515,-265.88844086021504,-45.21912259527467,15.700295698924732,300.18145161290323,8.736559139784946,77.48655913978494,68.68279569892472
INTEW,Ireland(East-West),IRELAND,IRL,2023-06,1440,-18.773097222222223,-253.04722222222222,-43.035241874527586,21.29098611111111,263.6638888888889,4.513888888888888,79.51388888888889,66.66666666666666
INTEW,Ireland(East-West),IRELAND,IRL,2023-07,1487,-60.39457296570276,-217.15400134498992,-36.93095260969216,60.44406859448554,256.373907195696,10.490921318090114,70.3429724277068,70.74646940147949
INTEW,Ireland(East-West),IRELAND,IRL,2023-08,1488,-13.086680107526881,-216.2715053763441,-36.78086826128301,21.244233870967744,265.2231182795699,12.836021505376344,70.22849462365592,56.92204301075269
INTEW,Ireland(East-West),IRELAND,IRL,2023-09,1440,-15.903680555555555,-253.89583333333334,-43.179563492063494,27.25940277777778,286.27916666666664,9.722222222222223,75.41666666666667,61.38888888888889
INTEW,Ireland(East-West),IRELAND,IRL,2023-10,1488,-27.779986559139786,-357.0846774193548,-60.7286866359447,33.88875,362.5981182795699,3.3602150537634405,88.03763440860214,68.01075268817203
INTEW,Ireland(East-West),IRELAND,IRL,2023-11,1440,-13.982875,-232.05694444444444,-39.46546674225245,24.084430555555556,267.5708333333333,9.86111111111111,71.25,57.91666666666667
INTEW,Ireland(East-West),IRELAND,IRL,2023-12,1487,-10.71794216543376,-118.75588433086752,-20.19657896783461,23.325474108944185,212.5151311365165,21.51983860121049,59.04505716207128,44.31741761936785
INTEW,Ireland(East-West),IRELAND,IRL,2024-01,1488,-15.714368279569893,-232.9986559139785,-39.625621754077976,24.18748655913979,302.09274193548384,15.456989247311828,71.43817204301075,58.266129032258064
INTEW,Ireland(East-West),IRELAND,IRL,2024-02,1392,-15.323706896551723,-244.19971264367817,-41.5305633747752,22.05235632183908,293.79454022988506,11.637931034482758,70.61781609195403,56.32183908045977
INTEW,Ireland(East-West),IRELAND,IRL,2024-03,1488,-14.355604838709677,-239.8279569892473,-40.787067515178116,20.14724462365591,283.26075268817203,12.163978494623656,65.45698924731182,50.26881720430107
INTEW,Ireland(East-West),IRELAND,IRL,2024-04,1440,-25.030569444444442,-310.50694444444446,-52.80730347694634,32.70056944444445,322.0180555555556,5.625,71.66666666666667,61.38888888888889
INTEW,Ireland(East-West),IRELAND,IRL,2024-05,1488,-22.83083333333333,-362.51209677419354,-61.651717138468285,25.44077956989247,364.6545698924731,0.6720430107526881,83.53494623655914,72.71505376344086
INTEW,Ireland(East-West),IRELAND,IRL,2024-06,1440,-23.802708333333335,-380.03333333333336,-64.63151927437642,27.188847222222225,392.69444444444446,4.097222222222222,86.45833333333334,74.65277777777779
INTEW,Ireland(East-West),IRELAND,IRL,2024-07,1488,-25.779704301075267,-404.10215053763443,-68.72485553361129,30.26443548387097,406.26344086021504,1.14247311827957,95.43010752688173,78.29301075268818
INTEW,Ireland(East-West),IRELAND,IRL,2024-08,1488,-31.68418010752688,-373.6518817204301,-63.54623838782825,41.62622311827957,393.3239247311828,7.661290322580645,86.35752688172043,68.75
INTEW,Ireland(East-West),IRELAND,IRL,2024-09,1440,-21.506069444444446,-322.4472222222222,-54.83796296296297,29.59009722222222,343.50555555555553,5.972222222222222,82.22222222222221,62.77777777777778
INTEW,Ireland(East-West),IRELAND,IRL,2024-10,1488,-21.841290322580644,-265.0860215053763,-45.08265671860141,37.78198924731183,317.35752688172045,10.685483870967742,73.79032258064517,52.016129032258064
INTEW,Ireland(East-West),IRELAND,IRL,2024-11,1440,-29.799333333333333,-308.16805555555555,-52.40953325774755,39.70963888888889,341.0541666666667,9.444444444444445,78.40277777777777,63.68055555555555
INTEW,Ireland(East-West),IRELAND,IRL,2024-12,1488,-29.004932795698924,-223.0470430107527,-37.93317058005998,45.26735215053764,280.2244623655914,11.96236559139785,66.66666666666666,52.016129032258064
INTEW,Ireland(East-West),IRELAND,IRL,2025-01,1488,-22.358266129032256,-252.41397849462365,-42.92754736303124,49.34447580645161,293.1693548387097,11.35752688172043,69.75806451612904,53.76344086021505
INTEW,Ireland(East-West),IRELAND,IRL,2025-02,1344,-12.810610119047618,-113.01488095238095,-19.22021784904438,23.565580357142856,161.75,14.732142857142858,44.12202380952381,30.952380952380953
INTEW,Ireland(East-West),IRELAND,IRL,2025-03,1488,-25.372284946236558,-209.1518817204301,-35.57004791163777,34.14532258064516,216.7701612903226,3.3602150537634405,58.266129032258064,39.85215053763441
INTEW,Ireland(East-West),IRELAND,IRL,2025-04,1440,-18.69186111111111,-91.25555555555556,-15.519652305366591,25.063805555555554,97.07777777777778,2.083333333333333,29.02777777777778,22.84722222222222
INTEW,Ireland(East-West),IRELAND,IRL,2025-05,1488,-30.013991935483872,-109.34946236559139,-18.596847341086974,36.911787634408604,112.44623655913979,0.8064516129032258,35.61827956989247,26.747311827956988
INTEW,Ireland(East-West),IRELAND,IRL,2025-06,1440,-14.749749999999999,-251.60833333333332,-42.7905328798186,30.119666666666667,260.18611111111113,2.5,70.06944444444444,48.47222222222222
INTEW,Ireland(East-West),IRELAND,IRL,2025-07,1488,-8.331088709677418,-139.57930107526883,-23.737976373345038,13.759583333333332,140.92876344086022,1.478494623655914,47.446236559139784,33.13172043010753
INTEW,Ireland(East-West),IRELAND,IRL,2025-08,1488,-16.715981182795698,-209.7311827956989,-35.668568502669885,26.669932795698926,228.8763440860215,5.040322580645161,58.46774193548387,44.623655913978496
INTEW,Ireland(East-West),IRELAND,IRL,2025-09,1440,-14.884375,-212.27916666666667,-36.10189909297052,34.408430555555555,220.5125,4.722222222222222,60.34722222222222,38.40277777777778
INTEW,Ireland(East-West),IRELAND,IRL,2025-10,1488,-21.069852150537635,-251.23252688172042,-42.726620217979665,35.90947580645162,260.27016129032256,4.56989247311828,65.05376344086021,49.05913978494624
INTEW,Ireland(East-West),IRELAND,IRL,2025-11,1440,-32.43811111111111,-242.70277777777778,-41.27598261526833,42.03172222222222,250.725,3.888888888888889,61.875,40.13888888888889
INTEW,Ireland(East-West),IRELAND,IRL,2025-12,1488,-22.119771505376345,-219.8548387096774,-37.39027869212201,30.906760752688175,234.01075268817203,5.577956989247312,58.333333333333336,42.002688172043015
INTEW,Ireland(East-West),IRELAND,IRL,2026-01,1488,-18.545147849462367,-242.06854838709677,-41.16812047399605,25.31907258064516,263.59274193548384,8.669354838709678,61.29032258064516,46.84139784946236
INTEW,Ireland(East-West),IRELAND,IRL,2026-02,1344,-17.16907738095238,-189.01339285714286,-32.14513483965015,24.090595238095236,211.20982142857142,8.258928571428571,50.89285714285714,37.05357142857143
INTEW,Ireland(East-West),IRELAND,IRL,2026-03,1488,-19.59790322580645,-177.17607526881721,-30.1319855899349,43.420860215053764,199.38844086021504,8.803763440860216,54.56989247311827,33.803763440860216
INTEW,Ireland(East-West),IRELAND,IRL,2026-04,1440,-36.84020833333334,-85.81111111111112,-14.593726379440666,54.08420833333333,92.68888888888888,4.236111111111112,22.22222222222222,19.166666666666668
INTEW,Ireland(East-West),IRELAND,IRL,2026-05,1488,-24.04912634408602,-170.1061827956989,-28.92962292443859,29.343400537634412,174.44758064516128,3.0913978494623655,45.766129032258064,39.18010752688172
INTEW,Ireland(East-West),IRELAND,IRL,2026-06,1438,-20.459026425591098,-209.90125173852573,-35.697491792266284,37.325146036161335,215.1808066759388,6.4673157162726005,59.596662030598054,46.66203059805285
INTFR,France(IFA),FRANCE,FR,2021-07,1488,30.694811827956986,1788.2876344086021,67.99572754405332,30.818521505376342,1788.2876344086021,100.0,0.0,96.37096774193549
INTFR,France(IFA),FRANCE,FR,2021-08,1488,47.94659946236559,1665.409946236559,63.3235721002494,48.044260752688174,1668.2486559139784,98.99193548387096,1.0080645161290323,97.91666666666666
INTFR,France(IFA),FRANCE,FR,2021-09,1440,85.30284722222223,668.0333333333333,25.400506970849175,86.18326388888889,668.0333333333333,46.736111111111114,0.0,45.48611111111111
INTFR,France(IFA),FRANCE,FR,2021-10,1485,39.52742087542087,57.023569023569024,2.168196540820115,46.42818855218855,178.83097643097642,21.41414141414141,15.555555555555555,27.946127946127948
INTFR,France(IFA),FRANCE,FR,2021-11,1436,2.0811281337047354,-93.89136490250696,-3.5700138746200363,32.76090529247911,613.0194986072423,41.5041782729805,58.35654596100278,73.88579387186628
INTFR,France(IFA),FRANCE,FR,2021-12,1482,14.121902834008097,-81.29959514170041,-3.0912393590000153,44.644561403508774,619.5587044534414,41.363022941970314,58.232118758434545,72.33468286099865
INTFR,France(IFA),FRANCE,FR,2022-01,1482,7.526234817813765,12.387314439946019,0.4710005490473775,34.0051282051282,603.0269905533063,48.852901484480434,50.472334682860996,76.51821862348179
INTFR,France(IFA),FRANCE,FR,2022-02,1340,8.372402985074627,126.08805970149254,4.79422280233812,21.794358208955224,491.9537313432836,56.865671641791046,41.56716417910447,71.41791044776119
INTFR,France(IFA),FRANCE,FR,2022-03,1486,5.336837146702557,30.907133243607,1.1751761689584412,27.703378196500672,316.7483176312248,38.76177658142665,60.69986541049798,62.85329744279946
INTFR,France(IFA),FRANCE,FR,2022-04,1439,-21.830305767894373,-399.46212647671996,-15.188674010521671,34.631584433634465,604.9520500347463,22.6546212647672,77.13690062543434,74.00972897845726
INTFR,France(IFA),FRANCE,FR,2022-05,1488,-49.254973118279565,-690.0201612903226,-26.23650803385257,51.85559139784946,775.0094086021505,8.803763440860216,91.19623655913979,91.46505376344086
INTFR,France(IFA),FRANCE,FR,2022-06,1440,-61.54329166666666,-722.2680555555555,-27.462663709336717,64.98884722222222,767.4597222222222,7.291666666666667,92.70833333333334,88.68055555555556
INTFR,France(IFA),FRANCE,FR,2022-07,1485,-114.69216161616161,-846.5037037037036,-32.18645261230812,117.43904377104379,867.9771043771044,3.0976430976430978,96.9023569023569,93.4006734006734
INTFR,France(IFA),FRANCE,FR,2022-08,1488,-54.98868279569893,-457.5470430107527,-17.397225969990597,70.74951612903226,650.1733870967741,21.975806451612904,77.75537634408603,74.52956989247312
INTFR,France(IFA),FRANCE,FR,2022-09,1439,-83.67596942321056,-370.43085476025016,-14.084823374914455,91.75299513551077,416.679638637943,5.9763724808895065,53.85684503127172,49.54829742876998
INTFR,France(IFA),FRANCE,FR,2022-10,1488,-41.99327956989247,-308.1801075268817,-11.71787481090805,46.99903225806452,362.5403225806452,7.258064516129033,45.295698924731184,43.75
INTFR,France(IFA),FRANCE,FR,2022-11,1440,-32.351416666666665,-601.1708333333333,-22.858206590621037,45.18633333333333,735.1347222222222,15.0,84.51388888888889,82.56944444444444
INTFR,France(IFA),FRANCE,FR,2022-12,1488,17.293978494623655,131.65456989247312,5.005877182223312,40.800000000000004,580.6922043010753,54.36827956989247,45.497311827956985,74.73118279569893
INTFR,France(IFA),FRANCE,FR,2023-01,1488,17.34407258064516,314.76209677419354,11.96814056175641,24.548803763440862,831.7190860215054,66.73387096774194,33.266129032258064,80.64516129032258
INTFR,France(IFA),FRANCE,FR,2023-02,1344,4.592083333333333,632.9464285714286,24.066404128191202,11.524553571428571,1118.25,72.24702380952381,27.67857142857143,74.70238095238095
INTFR,France(IFA),FRANCE,FR,2023-03,1488,18.949059139784946,694.1962365591398,26.39529416574676,22.638655913978493,1052.7876344086021,79.97311827956989,19.959677419354836,81.85483870967742
INTFR,France(IFA),FRANCE,FR,2023-04,1440,9.613930555555555,699.7222222222222,26.605407689057877,13.216902777777777,987.8527777777778,78.61111111111111,20.97222222222222,69.51388888888889
INTFR,France(IFA),FRANCE,FR,2023-05,1488,15.075954301075269,1527.127688172043,58.06569156547692,16.47641129032258,1530.5712365591398,99.05913978494624,0.9408602150537635,75.80645161290323
INTFR,France(IFA),FRANCE,FR,2023-06,1440,6.885944444444444,867.4847222222222,32.9842099704267,10.073638888888889,926.1680555555556,91.875,7.847222222222222,62.43055555555556
INTFR,France(IFA),FRANCE,FR,2023-07,1487,4.04472091459314,411.6973772696705,15.653892671850588,10.24170813718897,912.3483523873571,65.77000672494955,33.69199731002018,62.00403496973773
INTFR,France(IFA),FRANCE,FR,2023-08,1488,4.8304704301075265,538.127688172043,20.461128827834333,11.800819892473118,807.133064516129,73.99193548387096,25.268817204301076,62.634408602150536
INTFR,France(IFA),FRANCE,FR,2023-09,1440,7.331055555555555,279.4125,10.624049429657795,13.281222222222222,498.4736111111111,68.125,26.875,67.15277777777777
INTFR,France(IFA),FRANCE,FR,2023-10,1488,12.43763440860215,531.7956989247311,20.22036878040803,17.99962365591398,766.4274193548387,76.54569892473118,22.782258064516128,74.59677419354838
INTFR,France(IFA),FRANCE,FR,2023-11,1440,19.741319444444443,856.2597222222222,32.55740388677651,22.213541666666668,946.8736111111111,89.65277777777779,10.13888888888889,80.90277777777779
INTFR,France(IFA),FRANCE,FR,2023-12,1487,12.187834566240754,717.82246133154,27.293629708423577,15.00406859448554,1162.3254875588434,74.1761936785474,25.68930733019502,73.36919973100203
INTFR,France(IFA),FRANCE,FR,2024-01,1488,7.30119623655914,795.0470430107526,30.229925589762463,9.751626344086022,1281.0147849462367,73.18548387096774,26.747311827956988,74.32795698924731
INTFR,France(IFA),FRANCE,FR,2024-02,1392,11.132140804597702,1322.6479885057472,50.29079804204361,12.237485632183907,1481.4525862068965,88.00287356321839,11.99712643678161,84.41091954022988
INTFR,France(IFA),FRANCE,FR,2024-03,1488,18.502029569892475,1479.6814516129032,56.261652152581874,19.712755376344088,1482.840053763441,98.72311827956989,1.2096774193548387,81.45161290322581
INTFR,France(IFA),FRANCE,FR,2024-04,1440,34.53611111111111,920.7722222222222,35.010350654837346,36.018,936.7555555555556,96.18055555555556,3.6111111111111107,84.375
INTFR,France(IFA),FRANCE,FR,2024-05,1488,57.6779435483871,1054.8978494623657,40.11018439020402,57.7075940860215,1060.1451612903227,97.24462365591397,2.0161290322580645,96.57258064516128
INTFR,France(IFA),FRANCE,FR,2024-06,1440,46.51168055555556,1587.35,60.35551330798479,47.45181944444444,1596.9277777777777,98.40277777777777,1.597222222222222,91.18055555555556
INTFR,France(IFA),FRANCE,FR,2024-07,1488,35.983763440860216,1364.0,51.863117870722434,36.72865591397849,1399.7983870967741,96.23655913978494,3.763440860215054,88.03763440860214
INTFR,France(IFA),FRANCE,FR,2024-08,1488,16.1775,1038.5873655913979,39.49001390081361,19.795456989247313,1167.6787634408602,89.91935483870968,10.013440860215054,73.11827956989248
INTFR,France(IFA),FRANCE,FR,2024-09,1440,39.897,1060.5513888888888,40.32514786649767,41.043194444444445,1074.6625,97.77777777777777,2.2222222222222223,89.65277777777779
INTFR,France(IFA),FRANCE,FR,2024-10,1488,38.40271505376344,1153.5470430107528,43.861104296986795,39.196908602150536,1166.0873655913979,98.79032258064517,1.2096774193548387,94.89247311827957
INTFR,France(IFA),FRANCE,FR,2024-11,1440,16.515680555555555,1279.1777777777777,48.63793831854669,18.233819444444446,1358.7388888888888,91.59722222222221,8.333333333333332,86.04166666666667
INTFR,France(IFA),FRANCE,FR,2024-12,1488,11.12787634408602,772.2701612903226,29.363884459708085,18.15983870967742,1313.5443548387098,71.57258064516128,28.360215053763444,75.80645161290323
INTFR,France(IFA),FRANCE,FR,2025-01,1488,38.85079301075269,890.1666666666666,33.846641318124206,44.12606182795699,1184.032258064516,82.19086021505376,17.809139784946236,86.76075268817203
INTFR,France(IFA),FRANCE,FR,2025-02,1344,4.910729166666667,891.9583333333334,33.914765525982254,10.327247023809523,1072.8392857142858,82.44047619047619,17.410714285714285,70.53571428571429
INTFR,France(IFA),FRANCE,FR,2025-03,1488,29.5620564516129,1650.9462365591398,62.77362116194448,31.026545698924732,1682.717741935484,96.43817204301075,3.5618279569892475,86.49193548387096
INTFR,France(IFA),FRANCE,FR,2025-04,1440,49.66547222222222,1035.7583333333334,39.382446134347276,50.07899999999999,1035.7583333333334,99.93055555555556,0.0,95.27777777777777
INTFR,France(IFA),FRANCE,FR,2025-05,1488,62.66213709677419,1325.3736559139784,50.394435586082835,63.7649059139785,1392.8064516129032,95.96774193548387,4.032258064516129,96.10215053763442
INTFR,France(IFA),FRANCE,FR,2025-06,1440,38.157583333333335,1002.2777777777778,38.10942120828052,41.22997222222222,1078.6666666666667,91.66666666666666,8.194444444444445,81.38888888888889
INTFR,France(IFA),FRANCE,FR,2025-07,1488,33.67212365591398,1544.2056451612902,58.715043542254385,34.75008064516129,1592.5443548387098,95.90053763440861,4.032258064516129,91.12903225806451
INTFR,France(IFA),FRANCE,FR,2025-08,1488,28.179516129032258,1687.7405913978494,64.17264606075473,28.89887096774194,1717.9180107526881,96.63978494623656,3.3602150537634405,87.90322580645162
INTFR,France(IFA),FRANCE,FR,2025-09,1440,42.05048611111111,1026.2055555555555,39.01922264469793,42.77631944444445,1049.0694444444443,95.55555555555556,4.444444444444445,90.97222222222221
INTFR,France(IFA),FRANCE,FR,2025-10,1488,23.203763440860214,708.758064516129,26.948975837115174,25.220053763440863,748.766129032258,83.87096774193549,15.658602150537634,76.41129032258065
INTFR,France(IFA),FRANCE,FR,2025-11,1440,29.066625000000002,1160.4,44.12167300380228,30.556791666666665,1211.4166666666667,93.19444444444444,6.597222222222222,88.68055555555556
INTFR,France(IFA),FRANCE,FR,2025-12,1488,17.467190860215055,1190.8252688172042,45.278527331452636,18.939099462365593,1230.6290322580646,94.55645161290323,5.376344086021505,85.88709677419355
INTFR,France(IFA),FRANCE,FR,2026-01,1488,7.131411290322581,866.7755376344086,32.95724477697371,10.20103494623656,989.5712365591398,88.10483870967742,11.760752688172044,75.80645161290323
INTFR,France(IFA),FRANCE,FR,2026-02,1344,46.52397321428572,1352.717261904762,51.43411642223429,46.917901785714285,1354.5625,99.62797619047619,0.3720238095238095,95.61011904761905
INTFR,France(IFA),FRANCE,FR,2026-03,1488,45.8617876344086,1375.016129032258,52.2819820924813,47.89049731182796,1383.1989247311828,98.45430107526882,1.5456989247311828,86.22311827956989
INTFR,France(IFA),FRANCE,FR,2026-04,1440,55.875750000000004,971.6458333333334,36.94470849176172,58.46797222222222,1010.1486111111111,93.88888888888889,6.041666666666667,85.97222222222223
INTFR,France(IFA),FRANCE,FR,2026-05,1488,68.69303763440861,1250.9166666666667,47.563371356147016,69.01795698924731,1250.9408602150538,99.39516129032258,0.47043010752688175,95.22849462365592
INTFR,France(IFA),FRANCE,FR,2026-06,1438,49.05098748261475,1252.219749652295,47.61291823772984,49.98077885952712,1277.0598052851183,96.59248956884562,3.3379694019471486,88.24756606397774
INTGRNL,Ireland (Greenlink),IRELAND,IRL,2025-01,96,-28.385416666666668,-320.3541666666667,-61.84443371943372,36.14625,391.0625,11.458333333333332,88.54166666666666,65.625
INTGRNL,Ireland (Greenlink),IRELAND,IRL,2025-02,1344,-12.810610119047618,-199.9717261904762,-38.604580345651776,23.565580357142856,384.73660714285717,25.074404761904763,68.82440476190477,53.422619047619044
INTGRNL,Ireland (Greenlink),IRELAND,IRL,2025-03,1488,-25.372284946236558,-373.55779569892474,-72.115404575082,34.14532258064516,417.4610215053763,10.483870967741936,89.31451612903226,65.65860215053763
INTGRNL,Ireland (Greenlink),IRELAND,IRL,2025-04,1440,-18.69186111111111,-335.37638888888887,-64.74447661947661,25.063805555555554,388.20972222222224,16.805555555555557,81.11111111111111,59.02777777777778
INTGRNL,Ireland (Greenlink),IRELAND,IRL,2025-05,1488,-30.013991935483872,-438.5013440860215,-84.65276912857557,36.911787634408604,470.55779569892474,6.115591397849462,93.88440860215054,75.8736559139785
INTGRNL,Ireland (Greenlink),IRELAND,IRL,2025-06,1440,-14.749749999999999,-384.92083333333335,-74.30904118404118,30.119666666666667,430.99305555555554,7.291666666666667,91.25,63.05555555555556
INTGRNL,Ireland (Greenlink),IRELAND,IRL,2025-07,1488,-8.331088709677418,-376.08870967741933,-72.60399800722382,13.759583333333332,402.48924731182797,8.131720430107526,91.59946236559139,69.8252688172043
INTGRNL,Ireland (Greenlink),IRELAND,IRL,2025-08,1488,-16.715981182795698,-369.98790322580646,-71.42623614397807,26.669932795698926,422.6948924731183,10.416666666666668,89.04569892473118,67.74193548387096
INTGRNL,Ireland (Greenlink),IRELAND,IRL,2025-09,1440,-14.884375,-347.64444444444445,-67.1128271128271,34.408430555555555,414.275,11.875,85.69444444444444,59.44444444444444
INTGRNL,Ireland (Greenlink),IRELAND,IRL,2025-10,1488,-21.069852150537635,-301.35349462365593,-58.17635031344708,35.90947580645162,419.9287634408602,19.153225806451612,80.64516129032258,64.51612903225806
INTGRNL,Ireland (Greenlink),IRELAND,IRL,2025-11,1440,-32.43811111111111,-350.04027777777776,-67.5753432003432,42.03172222222222,403.1625,14.444444444444443,84.30555555555556,57.84722222222223
INTGRNL,Ireland (Greenlink),IRELAND,IRL,2025-12,1488,-22.119771505376345,-345.127688172043,-66.62696682857974,30.906760752688175,402.25940860215053,16.263440860215052,83.46774193548387,61.49193548387096
INTGRNL,Ireland (Greenlink),IRELAND,IRL,2026-01,1488,-18.545147849462367,-311.03225806451616,-60.044837464192305,25.31907258064516,379.14784946236557,21.236559139784948,78.56182795698925,60.5510752688172
INTGRNL,Ireland (Greenlink),IRELAND,IRL,2026-02,1344,-17.16907738095238,-280.6622023809524,-54.181892351535204,24.090595238095236,352.72767857142856,22.470238095238095,74.92559523809523,58.333333333333336
INTGRNL,Ireland (Greenlink),IRELAND,IRL,2026-03,1488,-19.59790322580645,-323.5846774193548,-62.46808444389089,43.420860215053764,384.0282258064516,18.212365591397848,81.45161290322581,56.451612903225815
INTGRNL,Ireland (Greenlink),IRELAND,IRL,2026-04,1440,-36.84020833333334,-358.37638888888887,-69.18463105963106,54.08420833333333,387.41805555555555,15.069444444444443,84.09722222222223,71.66666666666667
INTGRNL,Ireland (Greenlink),IRELAND,IRL,2026-05,1488,-24.04912634408602,-387.2956989247312,-74.7675094449288,29.343400537634412,410.2096774193548,10.618279569892474,89.11290322580645,74.66397849462365
INTGRNL,Ireland (Greenlink),IRELAND,IRL,2026-06,1438,-20.459026425591098,-247.28233657858135,-47.73790281439795,37.325146036161335,254.4172461752434,6.884561891515995,59.80528511821975,44.575799721835885
INTIFA2,IFA2 (INTIFA2),FRANCE,FR,2021-07,1488,30.694811827956986,742.7284946236559,45.678259201946865,30.818521505376342,742.9059139784946,97.44623655913979,2.3521505376344085,94.22043010752688
INTIFA2,IFA2 (INTIFA2),FRANCE,FR,2021-08,1488,47.94659946236559,843.2594086021505,51.86097223875464,48.044260752688174,843.2594086021505,100.0,0.0,98.9247311827957
INTIFA2,IFA2 (INTIFA2),FRANCE,FR,2021-09,1440,85.30284722222223,825.8069444444444,50.78763495968293,86.18326388888889,850.6652777777778,95.48611111111111,4.513888888888888,92.43055555555556
INTIFA2,IFA2 (INTIFA2),FRANCE,FR,2021-10,1485,39.52742087542087,538.2855218855219,33.104890644866046,46.42818855218855,733.5151515151515,79.66329966329965,20.336700336700336,79.7979797979798
INTIFA2,IFA2 (INTIFA2),FRANCE,FR,2021-11,1436,2.0811281337047354,-95.76323119777159,-5.889497613639089,32.76090529247911,565.9275766016713,36.908077994428965,63.02228412256268,74.5125348189415
INTIFA2,IFA2 (INTIFA2),FRANCE,FR,2021-12,1482,14.121902834008097,-125.0310391363023,-7.6894858017406085,44.644561403508774,611.6059379217274,38.394062078272604,61.40350877192983,71.32253711201079
INTIFA2,IFA2 (INTIFA2),FRANCE,FR,2022-01,1482,7.526234817813765,56.61943319838057,3.482129963000035,34.0051282051282,637.4858299595141,48.92037786774629,50.80971659919028,72.73954116059379
INTIFA2,IFA2 (INTIFA2),FRANCE,FR,2022-02,1340,8.372402985074627,167.15522388059702,10.280149070147417,21.794358208955224,633.6149253731344,59.92537313432836,39.776119402985074,72.31343283582089
INTIFA2,IFA2 (INTIFA2),FRANCE,FR,2022-03,1486,5.336837146702557,-51.796769851951545,-3.1855332012270323,27.703378196500672,600.5235531628533,45.02018842530283,54.979811574697166,68.84253028263797
INTIFA2,IFA2 (INTIFA2),FRANCE,FR,2022-04,1439,-21.830305767894373,-474.6532314107019,-29.19146564641463,34.631584433634465,648.3988881167477,19.666435024322446,80.33356497567755,74.35719249478805
INTIFA2,IFA2 (INTIFA2),FRANCE,FR,2022-05,1488,-49.254973118279565,-798.385752688172,-49.10121480247061,51.85559139784946,877.7056451612904,7.661290322580645,92.33870967741935,91.8010752688172
INTIFA2,IFA2 (INTIFA2),FRANCE,FR,2022-06,1440,-61.54329166666666,-706.7805555555556,-43.46743884105508,64.98884722222222,726.025,3.2638888888888893,96.66666666666667,92.43055555555556
INTIFA2,IFA2 (INTIFA2),FRANCE,FR,2022-07,1485,-114.69216161616161,-830.0956228956229,-51.051391321994025,117.43904377104379,838.2976430976431,1.0774410774410774,98.92255892255892,94.20875420875421
INTIFA2,IFA2 (INTIFA2),FRANCE,FR,2022-08,1488,-54.98868279569893,-544.6975806451613,-33.49923620203944,70.74951612903226,664.627688172043,12.096774193548388,87.90322580645162,78.36021505376344
INTIFA2,IFA2 (INTIFA2),FRANCE,FR,2022-09,1439,-83.67596942321056,-813.9430159833217,-50.05799606293492,91.75299513551077,866.6990965948576,6.045865184155664,93.95413481584434,85.7539958304378
INTIFA2,IFA2 (INTIFA2),FRANCE,FR,2022-10,1488,-41.99327956989247,-753.0416666666666,-46.31252562525626,46.99903225806452,826.0685483870968,8.736559139784946,91.19623655913979,88.30645161290323
INTIFA2,IFA2 (INTIFA2),FRANCE,FR,2022-11,1440,-32.351416666666665,-648.5222222222222,-39.88451551182178,45.18633333333333,810.1361111111111,13.680555555555557,86.31944444444444,84.79166666666667
INTIFA2,IFA2 (INTIFA2),FRANCE,FR,2022-12,1488,17.293978494623655,114.46370967741936,7.039588541046701,40.800000000000004,595.5470430107526,52.284946236559136,47.715053763440864,72.17741935483872
INTIFA2,IFA2 (INTIFA2),FRANCE,FR,2023-01,1488,17.34407258064516,267.9448924731183,16.478775674853523,24.548803763440862,619.0604838709677,68.14516129032258,31.85483870967742,77.95698924731182
INTIFA2,IFA2 (INTIFA2),FRANCE,FR,2023-02,1344,4.592083333333333,301.57886904761904,18.547285919287763,11.524553571428571,529.8675595238095,71.27976190476191,28.720238095238095,74.70238095238095
INTIFA2,IFA2 (INTIFA2),FRANCE,FR,2023-03,1488,18.949059139784946,507.51478494623655,31.21247139890754,22.638655913978493,670.888440860215,79.90591397849462,19.758064516129032,80.91397849462365
INTIFA2,IFA2 (INTIFA2),FRANCE,FR,2023-04,1440,9.613930555555555,374.36805555555554,23.023865655323217,13.216902777777777,510.95416666666665,76.52777777777777,23.194444444444446,70.0
INTIFA2,IFA2 (INTIFA2),FRANCE,FR,2023-05,1488,15.075954301075269,707.0954301075269,43.4868038196511,16.47641129032258,710.0416666666666,97.78225806451613,1.9489247311827957,75.40322580645162
INTIFA2,IFA2 (INTIFA2),FRANCE,FR,2023-06,1440,6.885944444444444,458.58472222222224,28.203242449091157,10.073638888888889,472.34583333333336,80.13888888888889,19.65277777777778,59.02777777777778
INTIFA2,IFA2 (INTIFA2),FRANCE,FR,2023-07,1487,4.04472091459314,206.15063887020847,12.678391074428566,10.24170813718897,468.97511768661735,63.81977135171486,35.97848016139879,64.29051782111634
INTIFA2,IFA2 (INTIFA2),FRANCE,FR,2023-08,1488,4.8304704301075265,293.7110215053763,18.06340845666521,11.800819892473118,489.6733870967742,67.20430107526882,32.72849462365591,60.954301075268816
INTIFA2,IFA2 (INTIFA2),FRANCE,FR,2023-09,1440,7.331055555555555,344.6763888888889,21.197809894765612,13.281222222222222,592.3902777777778,73.47222222222223,26.38888888888889,72.43055555555556
INTIFA2,IFA2 (INTIFA2),FRANCE,FR,2023-10,1488,12.43763440860215,451.7123655913978,27.780588289753865,17.99962365591398,684.4139784946236,76.47849462365592,23.45430107526882,73.9247311827957
INTIFA2,IFA2 (INTIFA2),FRANCE,FR,2023-11,1440,19.741319444444443,374.48333333333335,23.030955309553097,22.213541666666668,380.7138888888889,44.513888888888886,55.27777777777778,52.29166666666667
INTIFA2,IFA2 (INTIFA2),FRANCE,FR,2023-12,1487,12.187834566240754,-4.0753194351042366,-0.25063465160542664,15.00406859448554,4.0753194351042366,0.0,99.93275050437121,22.46133154001345
INTIFA2,IFA2 (INTIFA2),FRANCE,FR,2024-01,1488,7.30119623655914,-3.814516129032258,-0.23459508788636274,9.751626344086022,3.814516129032258,0.0,100.0,22.043010752688172
INTIFA2,IFA2 (INTIFA2),FRANCE,FR,2024-02,1392,11.132140804597702,200.29454022988506,12.318237406511997,12.237485632183907,213.35488505747125,25.93390804597701,74.06609195402298,32.543103448275865
INTIFA2,IFA2 (INTIFA2),FRANCE,FR,2024-03,1488,18.502029569892475,805.1061827956989,49.51452538718936,19.712755376344088,811.0389784946236,94.15322580645162,5.779569892473118,78.56182795698925
INTIFA2,IFA2 (INTIFA2),FRANCE,FR,2024-04,1440,34.53611111111111,858.9069444444444,52.8233053163865,36.018,870.8041666666667,97.36111111111111,2.638888888888889,83.19444444444444
INTIFA2,IFA2 (INTIFA2),FRANCE,FR,2024-05,1488,57.6779435483871,901.0564516129032,55.41552592945284,57.7075940860215,901.6801075268817,92.20430107526882,7.795698924731183,91.53225806451613
INTIFA2,IFA2 (INTIFA2),FRANCE,FR,2024-06,1440,46.51168055555556,671.0833333333334,41.272037720377206,47.45181944444444,679.9888888888889,74.93055555555556,25.0,67.98611111111111
INTIFA2,IFA2 (INTIFA2),FRANCE,FR,2024-07,1488,35.983763440860216,833.8870967741935,51.28456929730588,36.72865591397849,834.9327956989247,89.11290322580645,10.887096774193548,81.25
INTIFA2,IFA2 (INTIFA2),FRANCE,FR,2024-08,1488,16.1775,558.1290322580645,34.32527873665833,19.795456989247313,608.8709677419355,75.94086021505376,24.059139784946236,67.27150537634408
INTIFA2,IFA2 (INTIFA2),FRANCE,FR,2024-09,1440,39.897,77.98055555555555,4.795852125187919,41.043194444444445,81.72777777777777,14.374999999999998,85.55555555555556,13.88888888888889
INTIFA2,IFA2 (INTIFA2),FRANCE,FR,2024-10,1488,38.40271505376344,-2.0,-0.12300123001230012,39.196908602150536,2.0,0.0,100.0,4.838709677419355
INTIFA2,IFA2 (INTIFA2),FRANCE,FR,2024-11,1440,16.515680555555555,385.52222222222224,23.70985376520432,18.233819444444446,430.9194444444444,64.16666666666667,35.625,65.625
INTIFA2,IFA2 (INTIFA2),FRANCE,FR,2024-12,1488,11.12787634408602,371.53225806451616,22.849462365591396,18.15983870967742,645.6962365591398,70.90053763440861,29.03225806451613,75.94086021505376
INTIFA2,IFA2 (INTIFA2),FRANCE,FR,2025-01,1488,38.85079301075269,546.5645161290323,33.61405388247431,44.12606182795699,783.997311827957,76.61290322580645,23.387096774193548,83.60215053763442
INTIFA2,IFA2 (INTIFA2),FRANCE,FR,2025-02,1344,4.910729166666667,350.2604166666667,21.54123103731037,10.327247023809523,544.6681547619048,74.18154761904762,25.44642857142857,70.3125
INTIFA2,IFA2 (INTIFA2),FRANCE,FR,2025-03,1488,29.5620564516129,784.7204301075269,48.260789059503495,31.026545698924732,791.3225806451613,89.58333333333334,10.349462365591398,81.45161290322581
INTIFA2,IFA2 (INTIFA2),FRANCE,FR,2025-04,1440,49.66547222222222,871.4291666666667,53.593429684296844,50.07899999999999,871.7875,91.04166666666667,8.958333333333334,87.01388888888889
INTIFA2,IFA2 (INTIFA2),FRANCE,FR,2025-05,1488,62.66213709677419,832.9341397849462,51.22596185639276,63.7649059139785,870.5389784946236,90.45698924731182,9.475806451612904,90.99462365591397
INTIFA2,IFA2 (INTIFA2),FRANCE,FR,2025-06,1440,38.157583333333335,355.26944444444445,21.849289326226597,41.22997222222222,438.5027777777778,52.29166666666667,47.708333333333336,47.013888888888886
INTIFA2,IFA2 (INTIFA2),FRANCE,FR,2025-07,1488,33.67212365591398,824.630376344086,50.71527529791427,34.75008064516129,866.125,94.28763440860214,5.64516129032258,90.59139784946237
INTIFA2,IFA2 (INTIFA2),FRANCE,FR,2025-08,1488,28.179516129032258,814.258064516129,50.077371741459345,28.89887096774194,836.6827956989247,94.89247311827957,5.10752688172043,86.15591397849462
INTIFA2,IFA2 (INTIFA2),FRANCE,FR,2025-09,1440,42.05048611111111,812.8444444444444,49.99043323766571,42.77631944444445,825.5777777777778,89.86111111111111,10.069444444444445,84.30555555555556
INTIFA2,IFA2 (INTIFA2),FRANCE,FR,2025-10,1488,23.203763440860214,648.0282258064516,39.85413442844106,25.220053763440863,684.9475806451613,77.82258064516128,22.11021505376344,72.37903225806451
INTIFA2,IFA2 (INTIFA2),FRANCE,FR,2025-11,1440,29.066625000000002,180.9875,11.130842558425584,30.556791666666665,217.6652777777778,26.25,73.61111111111111,28.819444444444443
INTIFA2,IFA2 (INTIFA2),FRANCE,FR,2025-12,1488,17.467190860215055,759.0349462365591,46.681116004708436,18.939099462365593,809.9381720430108,93.88440860215054,5.981182795698925,85.41666666666666
INTIFA2,IFA2 (INTIFA2),FRANCE,FR,2026-01,1488,7.131411290322581,528.872311827957,32.52597243714373,10.20103494623656,636.7755376344086,85.14784946236558,14.717741935483872,75.80645161290323
INTIFA2,IFA2 (INTIFA2),FRANCE,FR,2026-02,1344,46.52397321428572,865.8348214285714,53.24937401159726,46.917901785714285,868.6800595238095,91.96428571428571,8.035714285714286,88.83928571428571
INTIFA2,IFA2 (INTIFA2),FRANCE,FR,2026-03,1488,45.8617876344086,860.8319892473119,52.941696755677235,47.89049731182796,871.3239247311828,98.11827956989248,1.881720430107527,86.4247311827957
INTIFA2,IFA2 (INTIFA2),FRANCE,FR,2026-04,1440,55.875750000000004,821.9111111111112,50.54803881372147,58.46797222222222,846.3583333333333,93.81944444444444,6.180555555555555,86.04166666666667
INTIFA2,IFA2 (INTIFA2),FRANCE,FR,2026-05,1488,68.69303763440861,969.9018817204301,59.64956222142867,69.01795698924731,969.9744623655914,99.1263440860215,0.8736559139784945,94.95967741935483
INTIFA2,IFA2 (INTIFA2),FRANCE,FR,2026-06,1438,49.05098748261475,463.3755215577191,28.497879554595265,49.98077885952712,475.5813630041725,59.596662030598054,40.403337969401946,52.50347705146036
INTIRL,Northern Ireland(Moyle),IRELAND,IRL,2021-07,1488,-34.369166666666665,-288.0524193548387,-42.23642512534292,36.98102150537635,291.81854838709677,2.486559139784946,79.77150537634408,66.12903225806451
INTIRL,Northern Ireland(Moyle),IRELAND,IRL,2021-08,1488,-5.688400537634409,-155.7284946236559,-22.83409012077066,16.520282258064515,284.98655913978496,30.510752688172044,69.48924731182797,60.01344086021505
INTIRL,Northern Ireland(Moyle),IRELAND,IRL,2021-09,1440,25.45647222222222,-133.80416666666667,-19.619379276637343,64.05105555555556,221.23194444444445,29.444444444444446,70.55555555555556,61.94444444444444
INTIRL,Northern Ireland(Moyle),IRELAND,IRL,2021-10,1485,-3.25929292929293,-86.30707070707071,-12.654995704849076,49.10858585858586,280.440404040404,42.76094276094276,57.23905723905723,60.06734006734007
INTIRL,Northern Ireland(Moyle),IRELAND,IRL,2021-11,1436,17.883029247910862,-39.49721448467967,-5.791380422973558,48.15308495821727,249.04874651810584,49.5125348189415,50.34818941504178,49.37325905292479
INTIRL,Northern Ireland(Moyle),IRELAND,IRL,2021-12,1482,34.69178137651822,145.1187584345479,21.278410327646323,59.45470985155196,262.2361673414305,75.7085020242915,24.224021592442647,62.75303643724697
INTIRL,Northern Ireland(Moyle),IRELAND,IRL,2022-01,1482,20.56665991902834,68.44264507422402,10.035578456631088,48.002840755735484,229.3306342780027,64.30499325236167,35.695006747638324,53.50877192982456
INTIRL,Northern Ireland(Moyle),IRELAND,IRL,2022-02,1340,21.179141791044774,92.02089552238806,13.492799929968923,46.786380597014926,253.5910447761194,72.53731343283583,27.313432835820894,52.910447761194035
INTIRL,Northern Ireland(Moyle),IRELAND,IRL,2022-03,1486,8.188176312247645,-52.405114401076716,-7.684034369659342,63.23700538358008,260.2328398384926,44.751009421265145,55.248990578734855,50.80753701211306
INTIRL,Northern Ireland(Moyle),IRELAND,IRL,2022-04,1439,-11.316455872133426,-56.32661570535094,-8.259034560901897,38.4023488533704,266.5253648366921,43.71091035441278,56.28908964558721,50.72967338429465
INTIRL,Northern Ireland(Moyle),IRELAND,IRL,2022-05,1488,6.803790322580644,60.986559139784944,8.942310724308642,30.12725806451613,202.7741935483871,61.155913978494624,36.223118279569896,56.115591397849464
INTIRL,Northern Ireland(Moyle),IRELAND,IRL,2022-06,1440,6.705388888888889,35.765277777777776,5.2441756272401445,39.958555555555556,184.56805555555556,60.83333333333333,38.75,53.888888888888886
INTIRL,Northern Ireland(Moyle),IRELAND,IRL,2022-07,1485,19.154363636363637,0.6033670033670033,0.0884702350978011,57.81043097643098,17.171717171717173,8.417508417508419,11.38047138047138,9.831649831649832
INTIRL,Northern Ireland(Moyle),IRELAND,IRL,2022-08,1488,54.634247311827956,52.35215053763441,7.676268407277774,77.01228494623656,145.81451612903226,66.8010752688172,31.72043010752688,72.24462365591397
INTIRL,Northern Ireland(Moyle),IRELAND,IRL,2022-09,1439,16.95605976372481,14.443363446838083,2.117795226809104,64.87614315496873,178.3238359972203,58.72133425990271,36.970118137595556,59.41626129256428
INTIRL,Northern Ireland(Moyle),IRELAND,IRL,2022-10,1488,-0.12809139784946202,58.126344086021504,8.52292435278908,47.1060752688172,292.89247311827955,57.45967741935484,41.465053763440864,50.201612903225815
INTIRL,Northern Ireland(Moyle),IRELAND,IRL,2022-11,1440,22.762236111111115,117.04305555555555,17.16173835125448,51.33123611111111,294.2652777777778,66.80555555555556,31.52777777777778,50.90277777777777
INTIRL,Northern Ireland(Moyle),IRELAND,IRL,2022-12,1488,8.038279569892472,-5.452956989247312,-0.7995538107400738,68.00061827956989,245.127688172043,48.924731182795696,46.37096774193548,59.81182795698925
INTIRL,Northern Ireland(Moyle),IRELAND,IRL,2023-01,1488,-14.015013440860216,-113.1774193548387,-16.5949295241699,36.647056451612904,291.5940860215054,35.685483870967744,63.17204301075269,51.344086021505376
INTIRL,Northern Ireland(Moyle),IRELAND,IRL,2023-02,1344,-3.2172470238095237,-60.01190476190476,-8.799399525205976,17.569895833333334,288.11309523809524,43.973214285714285,55.282738095238095,50.148809523809526
INTIRL,Northern Ireland(Moyle),IRELAND,IRL,2023-03,1488,-17.031868279569892,-186.3521505376344,-27.32436224892,27.170443548387098,331.5430107526882,26.142473118279568,72.91666666666666,59.13978494623656
INTIRL,Northern Ireland(Moyle),IRELAND,IRL,2023-04,1440,-10.178930555555555,-192.50416666666666,-28.226417399804497,16.83170833333333,303.2236111111111,24.444444444444443,74.375,64.375
INTIRL,Northern Ireland(Moyle),IRELAND,IRL,2023-05,1488,-13.079032258064515,-321.56720430107526,-47.15061646643332,15.700295698924732,372.6747311827957,12.768817204301076,86.69354838709677,76.41129032258065
INTIRL,Northern Ireland(Moyle),IRELAND,IRL,2023-06,1440,-18.773097222222223,-344.78333333333336,-50.554740957966764,21.29098611111111,371.03333333333336,6.458333333333334,92.84722222222223,75.48611111111111
INTIRL,Northern Ireland(Moyle),IRELAND,IRL,2023-07,1487,-60.39457296570276,-285.24680564895766,-41.8250448165627,60.44406859448554,339.50638870208473,13.78614660390047,85.137861466039,85.27236045729657
INTIRL,Northern Ireland(Moyle),IRELAND,IRL,2023-08,1488,-13.086680107526881,-217.502688172043,-31.891889761296625,21.244233870967744,297.21774193548384,19.086021505376344,76.20967741935483,63.77688172043011
INTIRL,Northern Ireland(Moyle),IRELAND,IRL,2023-09,1440,-15.903680555555555,-279.3222222222222,-40.95633756924079,27.25940277777778,354.53333333333336,16.180555555555557,83.68055555555556,65.55555555555556
INTIRL,Northern Ireland(Moyle),IRELAND,IRL,2023-10,1488,-27.779986559139786,-348.43951612903226,-51.09083814208684,33.88875,372.0416666666667,6.25,93.14516129032258,73.52150537634408
INTIRL,Northern Ireland(Moyle),IRELAND,IRL,2023-11,1440,-13.982875,-273.31388888888887,-40.07535027696318,24.084430555555556,326.325,13.958333333333334,84.58333333333333,68.54166666666667
INTIRL,Northern Ireland(Moyle),IRELAND,IRL,2023-12,1487,-10.71794216543376,-150.16139878950906,-22.017800409018925,23.325474108944185,289.324815063887,29.388029589778075,69.26698049764627,55.54808338937458
INTIRL,Northern Ireland(Moyle),IRELAND,IRL,2024-01,1488,-15.714368279569893,-240.58198924731184,-35.27595150253839,24.18748655913979,357.2809139784946,20.766129032258064,78.89784946236558,65.12096774193549
INTIRL,Northern Ireland(Moyle),IRELAND,IRL,2024-02,1392,-15.323706896551723,-250.56465517241378,-36.739685509151585,22.05235632183908,329.9181034482759,18.318965517241377,80.89080459770115,67.16954022988506
INTIRL,Northern Ireland(Moyle),IRELAND,IRL,2024-03,1488,-14.355604838709677,-235.65322580645162,-34.553258915902,20.14724462365591,329.0967741935484,18.615591397849464,80.3763440860215,64.11290322580645
INTIRL,Northern Ireland(Moyle),IRELAND,IRL,2024-04,1440,-25.030569444444442,-317.06388888888887,-46.49030628869338,32.70056944444445,360.2388888888889,11.458333333333332,88.125,73.68055555555556
INTIRL,Northern Ireland(Moyle),IRELAND,IRL,2024-05,1488,-22.83083333333333,-325.53494623655916,-47.732396808879635,25.44077956989247,337.01075268817203,3.6290322580645165,95.36290322580645,84.2741935483871
INTIRL,Northern Ireland(Moyle),IRELAND,IRL,2024-06,1440,-23.802708333333335,-332.9527777777778,-48.820055392636036,27.188847222222225,364.3666666666667,6.527777777777779,92.84722222222223,80.55555555555556
INTIRL,Northern Ireland(Moyle),IRELAND,IRL,2024-07,1488,-25.779704301075267,-352.7916666666667,-51.72898338220919,30.26443548387097,358.7244623655914,2.28494623655914,97.24462365591397,80.10752688172043
INTIRL,Northern Ireland(Moyle),IRELAND,IRL,2024-08,1488,-31.68418010752688,-258.5873655913978,-37.916036010468886,41.62622311827957,297.0551075268817,9.274193548387096,81.92204301075269,64.51612903225806
INTIRL,Northern Ireland(Moyle),IRELAND,IRL,2024-09,1440,-21.506069444444446,-338.19305555555553,-49.58842456826328,29.59009722222222,365.6791666666667,5.972222222222222,92.98611111111111,72.29166666666667
INTIRL,Northern Ireland(Moyle),IRELAND,IRL,2024-10,1488,-21.841290322580644,-235.57258064516128,-34.541434112193734,37.78198924731183,321.247311827957,16.666666666666664,83.06451612903226,59.543010752688176
INTIRL,Northern Ireland(Moyle),IRELAND,IRL,2024-11,1440,-29.799333333333333,-285.05555555555554,-41.797002280873244,39.70963888888889,358.2027777777778,15.694444444444445,82.91666666666667,68.95833333333333
INTIRL,Northern Ireland(Moyle),IRELAND,IRL,2024-12,1488,-29.004932795698924,-243.03763440860214,-35.63601677545486,45.26735215053764,317.0698924731183,16.46505376344086,83.13172043010752,62.76881720430107
INTIRL,Northern Ireland(Moyle),IRELAND,IRL,2025-01,1488,-22.358266129032256,-223.4798387096774,-32.768304796140384,49.34447580645161,301.77016129032256,18.346774193548388,80.04032258064517,62.97043010752689
INTIRL,Northern Ireland(Moyle),IRELAND,IRL,2025-02,1344,-12.810610119047618,-157.79761904761904,-23.137480798771122,23.565580357142856,248.67559523809524,23.139880952380953,65.69940476190477,50.81845238095239
INTIRL,Northern Ireland(Moyle),IRELAND,IRL,2025-03,1488,-25.372284946236558,-260.7782258064516,-38.23727651120991,34.14532258064516,279.6008064516129,7.39247311827957,82.05645161290323,59.946236559139784
INTIRL,Northern Ireland(Moyle),IRELAND,IRL,2025-04,1440,-18.69186111111111,-268.5888888888889,-39.38253502769631,25.063805555555554,282.64166666666665,7.083333333333333,81.11111111111111,59.72222222222222
INTIRL,Northern Ireland(Moyle),IRELAND,IRL,2025-05,1488,-30.013991935483872,-364.508064516129,-53.44693028095733,36.911787634408604,366.56182795698925,1.6801075268817203,94.75806451612904,76.41129032258065
INTIRL,Northern Ireland(Moyle),IRELAND,IRL,2025-06,1440,-14.749749999999999,-270.3,-39.63343108504398,30.119666666666667,286.225,4.791666666666667,80.97222222222223,55.55555555555556
INTIRL,Northern Ireland(Moyle),IRELAND,IRL,2025-07,1488,-8.331088709677418,-175.44489247311827,-25.725057547378047,13.759583333333332,180.59543010752688,5.10752688172043,60.416666666666664,45.63172043010753
INTIRL,Northern Ireland(Moyle),IRELAND,IRL,2025-08,1488,-16.715981182795698,-278.6639784946237,-40.859820893639835,26.669932795698926,301.8790322580645,7.123655913978495,81.85483870967742,61.49193548387096
INTIRL,Northern Ireland(Moyle),IRELAND,IRL,2025-09,1440,-14.884375,-274.1097222222222,-40.19204138155751,34.408430555555555,301.87083333333334,8.055555555555555,82.56944444444444,55.76388888888889
INTIRL,Northern Ireland(Moyle),IRELAND,IRL,2025-10,1488,-21.069852150537635,-254.4771505376344,-37.31336518147132,35.90947580645162,301.1518817204301,15.32258064516129,76.00806451612904,59.206989247311824
INTIRL,Northern Ireland(Moyle),IRELAND,IRL,2025-11,1440,-32.43811111111111,-262.59166666666664,-38.50317693059628,42.03172222222222,298.68055555555554,13.125,77.84722222222223,52.916666666666664
INTIRL,Northern Ireland(Moyle),IRELAND,IRL,2025-12,1488,-22.119771505376345,-261.6962365591398,-38.37188219342225,30.906760752688175,295.5268817204301,12.432795698924732,80.24193548387096,59.81182795698925
INTIRL,Northern Ireland(Moyle),IRELAND,IRL,2026-01,1488,-18.545147849462367,-251.127688172043,-36.82224166745498,25.31907258064516,283.11155913978496,12.836021505376344,72.31182795698925,55.64516129032258
INTIRL,Northern Ireland(Moyle),IRELAND,IRL,2026-02,1344,-17.16907738095238,-220.6235119047619,-32.34948854908532,24.090595238095236,264.8705357142857,16.071428571428573,69.86607142857143,52.157738095238095
INTIRL,Northern Ireland(Moyle),IRELAND,IRL,2026-03,1488,-19.59790322580645,-248.5228494623656,-36.44030050767824,43.420860215053764,282.77016129032256,12.365591397849462,77.15053763440861,52.553763440860216
INTIRL,Northern Ireland(Moyle),IRELAND,IRL,2026-04,1440,-36.84020833333334,-270.2875,-39.6315982404692,54.08420833333333,292.34583333333336,9.86111111111111,79.30555555555556,67.5
INTIRL,Northern Ireland(Moyle),IRELAND,IRL,2026-05,1488,-24.04912634408602,-281.9489247311828,-41.34148456468956,29.343400537634412,308.6182795698925,10.551075268817204,81.11559139784946,70.29569892473118
INTIRL,Northern Ireland(Moyle),IRELAND,IRL,2026-06,1438,-20.459026425591098,-204.44645340751043,-29.977485836878362,37.325146036161335,220.1933240611961,12.58692628650904,65.36856745479834,51.04311543810849
INTNED,Netherlands(BritNed),NETHERLANDS,NL,2021-07,1488,26.419099462365594,829.6599462365591,59.17688632215115,27.090309139784946,829.6599462365591,99.46236559139786,0.0,93.01075268817203
INTNED,Netherlands(BritNed),NETHERLANDS,NL,2021-08,1488,38.68771505376344,779.7002688172043,55.61342858895894,39.311102150537636,805.5604838709677,95.49731182795699,3.225806451612903,91.59946236559139
INTNED,Netherlands(BritNed),NETHERLANDS,NL,2021-09,1440,84.22070833333333,719.8847222222222,51.346984466634964,86.58865277777778,733.3930555555555,86.52777777777779,2.638888888888889,79.51388888888889
INTNED,Netherlands(BritNed),NETHERLANDS,NL,2021-10,1485,48.32814814814815,670.8053872053872,47.84631863091207,52.33163636363636,718.8754208754209,89.8989898989899,7.2727272727272725,80.94276094276094
INTNED,Netherlands(BritNed),NETHERLANDS,NL,2021-11,1436,33.01976323119777,731.0696378830083,52.14476732403768,42.4208217270195,778.5376044568245,89.83286908077994,6.685236768802229,73.18941504178274
INTNED,Netherlands(BritNed),NETHERLANDS,NL,2021-12,1482,50.584203778677455,797.4520917678813,56.87960711611136,59.228751686909575,834.6450742240216,93.31983805668015,5.128205128205128,79.68960863697706
INTNED,Netherlands(BritNed),NETHERLANDS,NL,2022-01,1482,30.138744939271255,599.5101214574898,42.76106429796647,40.017408906882594,721.8960863697706,86.09986504723346,11.470985155195681,70.8502024291498
INTNED,Netherlands(BritNed),NETHERLANDS,NL,2022-02,1340,25.657164179104477,742.5208955223881,52.961547469499855,34.46516417910448,777.7776119402985,92.53731343283582,5.0,72.53731343283583
INTNED,Netherlands(BritNed),NETHERLANDS,NL,2022-03,1486,39.52624495289368,779.7913862718708,55.61992769414199,47.77267833109017,819.3418573351279,91.85733512786003,5.854643337819651,74.76446837146703
INTNED,Netherlands(BritNed),NETHERLANDS,NL,2022-04,1439,15.80291174426685,205.8026407227241,14.67921831117861,34.33276580958999,637.3884642112578,60.59763724808895,34.88533703961084,73.52328005559417
INTNED,Netherlands(BritNed),NETHERLANDS,NL,2022-05,1488,-33.19263440860215,-325.98387096774195,-23.251346003405274,50.13336021505376,661.6827956989247,25.47043010752688,59.34139784946236,71.57258064516128
INTNED,Netherlands(BritNed),NETHERLANDS,NL,2022-06,1440,-23.514430555555556,-120.91388888888889,-8.624385798066255,42.607013888888886,619.4027777777778,41.94444444444444,53.61111111111111,68.88888888888889
INTNED,Netherlands(BritNed),NETHERLANDS,NL,2022-07,1485,-20.452424242424243,76.57104377104378,5.461558043583721,60.47025589225589,675.5771043771044,52.323232323232325,43.16498316498317,70.9090909090909
INTNED,Netherlands(BritNed),NETHERLANDS,NL,2022-08,1488,-9.158588709677417,66.58064516129032,4.748976117067783,59.28114247311828,587.6290322580645,53.42741935483871,41.12903225806452,67.74193548387096
INTNED,Netherlands(BritNed),NETHERLANDS,NL,2022-09,1439,-31.17353022932592,-141.07157748436416,-10.062166724990309,75.49358582348853,586.8617095205003,34.25990271021543,49.75677553856845,62.4739402362752
INTNED,Netherlands(BritNed),NETHERLANDS,NL,2022-10,1488,-18.617298387096774,-237.01747311827958,-16.905668553372294,31.87842741935484,541.3131720430108,29.771505376344088,65.05376344086021,69.69086021505376
INTNED,Netherlands(BritNed),NETHERLANDS,NL,2022-11,1440,-19.67611111111111,-152.25972222222222,-10.86017990172769,41.50794444444445,635.5569444444444,39.09722222222222,55.833333333333336,70.83333333333334
INTNED,Netherlands(BritNed),NETHERLANDS,NL,2022-12,1488,29.296478494623653,525.3306451612904,37.470088813216144,40.79043010752689,646.008064516129,81.11559139784946,13.172043010752688,66.93548387096774
INTNED,Netherlands(BritNed),NETHERLANDS,NL,2023-01,1488,23.546706989247312,643.4704301075269,45.8966069976838,28.17474462365591,763.6075268817204,86.76075268817203,10.483870967741936,78.62903225806451
INTNED,Netherlands(BritNed),NETHERLANDS,NL,2023-02,1344,18.457589285714285,789.4627976190476,56.30975731947557,20.344315476190477,798.0639880952381,96.57738095238095,1.7857142857142856,81.69642857142857
INTNED,Netherlands(BritNed),NETHERLANDS,NL,2023-03,1488,26.327190860215055,815.5215053763441,58.16843832926848,28.097836021505376,847.9811827956989,93.34677419354838,4.637096774193548,82.45967741935483
INTNED,Netherlands(BritNed),NETHERLANDS,NL,2023-04,1440,17.375638888888886,627.5638888888889,44.762046283087656,20.131,674.7277777777778,90.69444444444444,6.666666666666667,72.22222222222221
INTNED,Netherlands(BritNed),NETHERLANDS,NL,2023-05,1488,14.676370967741935,321.8212365591398,22.95443912690013,20.736854838709675,528.7916666666666,64.58333333333334,20.833333333333336,64.71774193548387
INTNED,Netherlands(BritNed),NETHERLANDS,NL,2023-06,1440,6.125611111111111,153.35694444444445,10.938441115866222,12.703583333333333,619.9458333333333,55.833333333333336,38.88888888888889,72.84722222222221
INTNED,Netherlands(BritNed),NETHERLANDS,NL,2023-07,1487,9.97203093476799,70.68997982515131,5.042081299939466,17.479240080699395,675.784801613988,50.706119704102214,46.73839946200404,68.93073301950236
INTNED,Netherlands(BritNed),NETHERLANDS,NL,2023-08,1488,4.375201612903226,-74.70833333333333,-5.328697099381836,16.39668010752688,683.8051075268817,42.002688172043015,54.233870967741936,72.58064516129032
INTNED,Netherlands(BritNed),NETHERLANDS,NL,2023-09,1440,-2.655972222222222,-299.9555555555556,-21.394832778570297,18.17672222222222,636.375,23.26388888888889,59.44444444444444,65.41666666666667
INTNED,Netherlands(BritNed),NETHERLANDS,NL,2023-10,1488,6.444314516129033,122.33602150537635,8.725821790683048,16.66375,611.8924731182796,55.24193548387096,40.92741935483871,64.78494623655914
INTNED,Netherlands(BritNed),NETHERLANDS,NL,2023-11,1440,14.29497222222222,375.70694444444445,26.79792756379775,19.246083333333335,678.5986111111112,69.86111111111111,26.875,74.44444444444444
INTNED,Netherlands(BritNed),NETHERLANDS,NL,2023-12,1487,7.469959650302623,154.67249495628784,11.032274961218818,12.136442501681238,503.90719569603226,56.55682582380632,36.98722259583053,63.95427034297243
INTNED,Netherlands(BritNed),NETHERLANDS,NL,2024-01,1488,5.53622311827957,339.97983870967744,24.249631862316505,9.43635752688172,608.2674731182796,72.44623655913979,24.462365591397848,72.58064516129032
INTNED,Netherlands(BritNed),NETHERLANDS,NL,2024-02,1392,5.606939655172414,477.757183908046,34.07683194779215,8.566652298850576,650.5704022988506,77.51436781609196,18.103448275862068,73.13218390804597
INTNED,Netherlands(BritNed),NETHERLANDS,NL,2024-03,1488,8.66138440860215,438.1182795698925,31.24952065405795,14.055739247311827,690.7016129032259,73.9247311827957,21.63978494623656,75.33602150537635
INTNED,Netherlands(BritNed),NETHERLANDS,NL,2024-04,1440,4.342777777777777,35.6875,2.545470756062766,21.063666666666666,733.2236111111112,51.041666666666664,46.25,78.125
INTNED,Netherlands(BritNed),NETHERLANDS,NL,2024-05,1488,19.039650537634408,94.84139784946237,6.764721672572208,27.243763440860217,650.2849462365591,52.284946236559136,43.01075268817204,74.26075268817203
INTNED,Netherlands(BritNed),NETHERLANDS,NL,2024-06,1440,16.22661111111111,134.92361111111111,9.62365271833888,26.41577777777778,723.7069444444444,55.00000000000001,41.52777777777778,76.11111111111111
INTNED,Netherlands(BritNed),NETHERLANDS,NL,2024-07,1488,17.513951612903224,0.7943548387096774,0.05665869035019097,29.45577956989247,1.0685483870967742,4.704301075268817,0.13440860215053765,2.82258064516129
INTNED,Netherlands(BritNed),NETHERLANDS,NL,2024-08,1488,-6.355819892473119,-230.21774193548387,-16.420666329207123,25.876303763440863,516.6559139784946,21.841397849462364,46.43817204301075,54.63709677419355
INTNED,Netherlands(BritNed),NETHERLANDS,NL,2024-09,1440,13.884972222222222,206.525,14.730741797432238,24.799305555555556,719.3583333333333,57.70833333333333,38.611111111111114,78.125
INTNED,Netherlands(BritNed),NETHERLANDS,NL,2024-10,1488,12.850147849462365,402.43817204301075,28.704577178531434,19.245067204301076,671.5349462365591,68.54838709677419,27.016129032258064,78.09139784946237
INTNED,Netherlands(BritNed),NETHERLANDS,NL,2024-11,1440,3.5981944444444447,231.69166666666666,16.52579648121731,14.76388888888889,605.8083333333333,61.736111111111114,33.611111111111114,72.22222222222221
INTNED,Netherlands(BritNed),NETHERLANDS,NL,2024-12,1488,1.3085080645161293,48.653225806451616,3.4702728820578894,18.889825268817205,116.49193548387096,22.379032258064516,6.317204301075269,20.49731182795699
INTNED,Netherlands(BritNed),NETHERLANDS,NL,2025-01,1488,24.475672043010753,91.13575268817205,6.500410320126394,36.137499999999996,102.5013440860215,32.056451612903224,1.3440860215053763,24.327956989247312
INTNED,Netherlands(BritNed),NETHERLANDS,NL,2025-02,1344,1.731622023809524,111.27380952380952,7.936790978873718,12.394895833333335,635.5208333333334,52.976190476190474,42.70833333333333,73.36309523809523
INTNED,Netherlands(BritNed),NETHERLANDS,NL,2025-03,1488,14.718521505376344,349.8212365591398,24.95158605985305,22.35271505376344,698.8077956989247,67.8763440860215,28.360215053763444,75.80645161290323
INTNED,Netherlands(BritNed),NETHERLANDS,NL,2025-04,1440,16.89177777777778,269.6041666666667,19.229969091773654,24.531750000000002,662.7041666666667,62.361111111111114,32.77777777777778,74.16666666666667
INTNED,Netherlands(BritNed),NETHERLANDS,NL,2025-05,1488,17.88630376344086,18.51478494623656,1.3205980703449753,29.49818548387097,560.6948924731183,41.196236559139784,42.80913978494624,62.365591397849464
INTNED,Netherlands(BritNed),NETHERLANDS,NL,2025-06,1440,11.35811111111111,29.4,2.0970042796005703,27.456305555555556,731.3555555555556,48.40277777777778,49.44444444444444,77.63888888888889
INTNED,Netherlands(BritNed),NETHERLANDS,NL,2025-07,1488,4.107876344086021,-44.60752688172043,-3.181706624944396,16.963790322580646,752.5940860215054,46.50537634408602,51.47849462365591,80.24193548387096
INTNED,Netherlands(BritNed),NETHERLANDS,NL,2025-08,1488,7.910228494623656,47.973118279569896,3.421763072722531,21.054206989247312,690.9354838709677,49.32795698924731,47.31182795698925,74.32795698924731
INTNED,Netherlands(BritNed),NETHERLANDS,NL,2025-09,1440,-0.6742638888888891,-92.0875,-6.568295292439373,21.573902777777775,576.5375,33.33333333333333,43.888888888888886,62.291666666666664
INTNED,Netherlands(BritNed),NETHERLANDS,NL,2025-10,1488,-1.7185349462365596,44.060483870967744,3.1426878652616077,14.160147849462366,654.6868279569892,50.53763440860215,46.706989247311824,68.88440860215054
INTNED,Netherlands(BritNed),NETHERLANDS,NL,2025-11,1440,-5.504569444444445,-226.61805555555554,-16.163912664447615,11.937625,636.9930555555555,33.05555555555556,63.541666666666664,68.61111111111111
INTNED,Netherlands(BritNed),NETHERLANDS,NL,2025-12,1488,-1.4767741935483871,2.65994623655914,0.1897251238629913,10.67731182795699,675.6061827956989,49.52956989247312,47.11021505376344,79.56989247311827
INTNED,Netherlands(BritNed),NETHERLANDS,NL,2026-01,1488,0.1643682795698925,290.0819892473118,20.690584111791143,9.019690860215054,654.4260752688172,66.93548387096774,30.1747311827957,71.16935483870968
INTNED,Netherlands(BritNed),NETHERLANDS,NL,2026-02,1344,-0.513422619047619,8.261904761904763,0.5892942055566877,9.835982142857143,710.8541666666666,47.91666666666667,49.404761904761905,74.25595238095238
INTNED,Netherlands(BritNed),NETHERLANDS,NL,2026-03,1488,10.95108870967742,207.01612903225808,14.765772398877179,22.82668010752688,739.0591397849462,60.81989247311827,37.634408602150536,79.3010752688172
INTNED,Netherlands(BritNed),NETHERLANDS,NL,2026-04,1440,10.930930555555555,108.19583333333334,7.717249167855444,28.863041666666668,730.1208333333333,54.44444444444444,43.05555555555556,76.45833333333333
INTNED,Netherlands(BritNed),NETHERLANDS,NL,2026-05,1488,25.95782258064516,248.13172043010752,17.698410872332918,33.924543010752686,626.1989247311828,56.25,26.747311827956988,68.01075268817203
INTNED,Netherlands(BritNed),NETHERLANDS,NL,2026-06,1438,5.1180111265646735,142.97079276773297,10.197631438497359,27.334561891515992,722.9513212795549,56.95410292072323,40.26425591098749,79.20723226703755
INTNEM,Belgium (Nemolink),BELGIUM,B,2021-07,1488,31.629233870967745,896.3965053763441,65.62199892945418,31.766115591397845,898.4663978494624,99.73118279569893,0.2688172043010753,96.23655913978494
INTNEM,Belgium (Nemolink),BELGIUM,B,2021-08,1488,45.796129032258065,849.8763440860215,62.21642343235882,46.02166666666667,849.8763440860215,100.0,0.0,97.58064516129032
INTNEM,Belgium (Nemolink),BELGIUM,B,2021-09,1440,84.458375,743.5138888888889,54.4300065072393,85.99198611111112,751.5444444444445,86.73611111111111,1.7361111111111112,80.83333333333333
INTNEM,Belgium (Nemolink),BELGIUM,B,2021-10,1485,46.778888888888886,754.6558922558922,55.24567293234936,50.82349494949495,793.8585858585859,94.88215488215488,4.915824915824916,85.52188552188552
INTNEM,Belgium (Nemolink),BELGIUM,B,2021-11,1436,17.232221448467968,440.83008356545963,32.27160201796923,32.45786211699164,610.108635097493,81.68523676880223,17.40947075208914,69.42896935933148
INTNEM,Belgium (Nemolink),BELGIUM,B,2021-12,1482,43.04422402159244,690.7476383265857,50.56717703708533,54.742348178137654,768.029689608637,90.48582995951418,9.244264507422402,78.47503373819164
INTNEM,Belgium (Nemolink),BELGIUM,B,2022-01,1482,27.85863697705803,636.1578947368421,46.57085613007629,38.60314439946019,759.72334682861,88.25910931174089,11.538461538461538,71.12010796221323
INTNEM,Belgium (Nemolink),BELGIUM,B,2022-02,1340,31.313305970149255,728.9014925373134,53.36028495880772,39.40026119402985,769.934328358209,92.53731343283582,7.08955223880597,79.6268656716418
INTNEM,Belgium (Nemolink),BELGIUM,B,2022-03,1486,35.03880215343204,650.7873485868103,47.64182639727747,46.36467025572005,728.6958277254374,89.2328398384926,10.632570659488561,74.15881561238223
INTNEM,Belgium (Nemolink),BELGIUM,B,2022-04,1439,24.403495482974286,329.0590687977762,24.08924368944189,42.8923766504517,680.9006254343294,69.63168867268936,29.951355107713688,80.82001389854065
INTNEM,Belgium (Nemolink),BELGIUM,B,2022-05,1488,-28.460645161290323,-408.3763440860215,-29.89577921566775,48.72053763440861,774.3736559139785,28.225806451612907,71.57258064516128,87.56720430107528
INTNEM,Belgium (Nemolink),BELGIUM,B,2022-06,1440,-32.103944444444444,-472.3513888888889,-34.579164633154384,46.937638888888884,699.6236111111111,21.59722222222222,77.70833333333333,84.51388888888889
INTNEM,Belgium (Nemolink),BELGIUM,B,2022-07,1485,-35.266606060606065,-207.42760942760944,-15.185037293382829,57.672383838383844,620.1979797979798,35.82491582491583,61.95286195286195,77.17171717171716
INTNEM,Belgium (Nemolink),BELGIUM,B,2022-08,1488,-10.031572580645161,24.803763440860216,1.8157952738550673,52.63006720430107,584.9193548387096,52.62096774193549,45.83333333333333,69.28763440860214
INTNEM,Belgium (Nemolink),BELGIUM,B,2022-09,1439,-36.007797081306464,-274.48366921473246,-20.093972856129753,72.97469075747047,597.5552466990966,25.64280750521195,60.111188325225854,68.65879082696317
INTNEM,Belgium (Nemolink),BELGIUM,B,2022-10,1488,-20.614569892473117,-195.00806451612902,-14.275846597081188,33.631102150537636,528.8467741935484,34.13978494623656,64.11290322580645,72.58064516129032
INTNEM,Belgium (Nemolink),BELGIUM,B,2022-11,1440,-20.89063888888889,-185.88333333333333,-13.60785749145925,41.076,637.6083333333333,38.75,59.93055555555556,76.94444444444444
INTNEM,Belgium (Nemolink),BELGIUM,B,2022-12,1488,18.911290322580644,313.43817204301075,22.94569341456887,38.62252688172043,576.0860215053764,70.09408602150538,27.956989247311824,67.94354838709677
INTNEM,Belgium (Nemolink),BELGIUM,B,2023-01,1488,18.808440860215054,435.0241935483871,31.846573466206962,24.811102150537632,594.2311827956989,80.84677419354838,18.14516129032258,70.49731182795699
INTNEM,Belgium (Nemolink),BELGIUM,B,2023-02,1344,9.853824404761905,510.38988095238096,37.3638273025169,13.358258928571429,549.0535714285714,81.62202380952381,8.705357142857142,70.53571428571429
INTNEM,Belgium (Nemolink),BELGIUM,B,2023-03,1488,21.2955376344086,582.0147849462365,42.60723169445363,23.783440860215055,649.5846774193549,89.11290322580645,10.28225806451613,77.88978494623656
INTNEM,Belgium (Nemolink),BELGIUM,B,2023-04,1440,10.463902777777777,392.6333333333333,28.743289409468034,13.963875,506.1277777777778,77.29166666666667,21.041666666666668,69.93055555555556
INTNEM,Belgium (Nemolink),BELGIUM,B,2023-05,1488,12.442258064516128,392.7997311827957,28.7554708040114,15.245591397849461,555.8319892473119,74.66397849462365,24.462365591397848,72.51344086021506
INTNEM,Belgium (Nemolink),BELGIUM,B,2023-06,1440,4.9985277777777775,273.81944444444446,20.045347323897836,9.508305555555555,504.64444444444445,67.70833333333334,31.25,66.59722222222221
INTNEM,Belgium (Nemolink),BELGIUM,B,2023-07,1487,6.375440484196368,234.53665097511768,17.16959377563087,12.192091459314055,538.2030934767989,63.34902488231339,36.04572965702757,67.5857431069267
INTNEM,Belgium (Nemolink),BELGIUM,B,2023-08,1488,3.740793010752688,36.26075268817204,2.654520694595318,13.046196236559139,592.3655913978495,47.91666666666667,50.67204301075269,69.15322580645162
INTNEM,Belgium (Nemolink),BELGIUM,B,2023-09,1440,1.6878333333333333,-25.54861111111111,-1.870322921750447,14.056305555555557,479.1458333333333,37.77777777777778,42.36111111111111,57.70833333333333
INTNEM,Belgium (Nemolink),BELGIUM,B,2023-10,1488,10.29752688172043,346.002688172043,25.329625781262298,16.756129032258062,544.0295698924731,61.22311827956989,19.623655913978492,56.048387096774185
INTNEM,Belgium (Nemolink),BELGIUM,B,2023-11,1440,17.230597222222222,551.4888888888889,40.372539450138284,20.493680555555557,699.05,82.01388888888889,17.5,78.47222222222221
INTNEM,Belgium (Nemolink),BELGIUM,B,2023-12,1487,11.259919300605246,365.1217215870881,26.72926219524803,13.90745124411567,613.7619367854741,71.0827168796234,27.437794216543377,71.21721587088096
INTNEM,Belgium (Nemolink),BELGIUM,B,2024-01,1488,5.337822580645161,304.56586021505376,22.296183031848734,8.767822580645161,583.2755376344086,66.33064516129032,32.056451612903224,69.89247311827957
INTNEM,Belgium (Nemolink),BELGIUM,B,2024-02,1392,7.984525862068966,601.7126436781609,44.049241850524226,9.678175287356321,701.7011494252873,84.62643678160919,14.583333333333334,79.23850574712644
INTNEM,Belgium (Nemolink),BELGIUM,B,2024-03,1488,10.907002688172044,571.6545698924731,41.848797210283536,14.010577956989248,678.5416666666666,85.5510752688172,13.709677419354838,74.19354838709677
INTNEM,Belgium (Nemolink),BELGIUM,B,2024-04,1440,14.729166666666666,439.075,32.14311859443631,22.44725,753.6111111111111,74.65277777777779,25.13888888888889,79.23611111111111
INTNEM,Belgium (Nemolink),BELGIUM,B,2024-05,1488,30.291760752688173,616.2916666666666,45.11652025378233,31.718185483870965,700.1438172043011,88.44086021505376,11.559139784946236,81.98924731182797
INTNEM,Belgium (Nemolink),BELGIUM,B,2024-06,1440,23.366041666666664,370.0236111111111,27.088112087197008,28.207819444444446,579.0986111111112,76.66666666666667,22.98611111111111,72.15277777777777
INTNEM,Belgium (Nemolink),BELGIUM,B,2024-07,1488,27.972580645161287,649.0537634408602,47.51491679654906,30.252956989247313,772.244623655914,85.68548387096774,14.045698924731182,84.13978494623656
INTNEM,Belgium (Nemolink),BELGIUM,B,2024-08,1488,5.212083333333333,99.50806451612904,7.284631370141217,19.039395161290322,696.6317204301075,57.86290322580645,41.86827956989247,78.36021505376344
INTNEM,Belgium (Nemolink),BELGIUM,B,2024-09,1440,25.103472222222223,515.5916666666667,37.74463152757443,29.269750000000002,629.9222222222222,71.18055555555556,12.847222222222221,73.54166666666667
INTNEM,Belgium (Nemolink),BELGIUM,B,2024-10,1488,22.524825268817207,768.6706989247311,56.27164706623215,24.51211021505376,825.138440860215,93.27956989247312,6.518817204301075,87.97043010752688
INTNEM,Belgium (Nemolink),BELGIUM,B,2024-11,1440,8.117180555555555,458.9291666666667,33.59657149829185,12.262902777777777,629.3541666666666,78.33333333333333,20.625,75.90277777777777
INTNEM,Belgium (Nemolink),BELGIUM,B,2024-12,1488,4.149206989247312,296.5241935483871,21.70748122608983,13.805013440860215,617.3709677419355,68.54838709677419,31.048387096774192,73.25268817204301
INTNEM,Belgium (Nemolink),BELGIUM,B,2025-01,1488,29.125887096774193,424.4932795698925,31.07564272107558,36.64306451612903,769.8319892473119,72.64784946236558,26.881720430107524,85.81989247311827
INTNEM,Belgium (Nemolink),BELGIUM,B,2025-02,1344,-1.1909077380952375,-35.941964285714285,-2.6311833298473126,8.627961309523808,498.0282738095238,42.70833333333333,55.43154761904761,68.30357142857143
INTNEM,Belgium (Nemolink),BELGIUM,B,2025-03,1488,15.233844086021504,351.8333333333333,25.756466569058077,20.733736559139786,654.1102150537635,68.61559139784946,30.1747311827957,78.42741935483872
INTNEM,Belgium (Nemolink),BELGIUM,B,2025-04,1440,18.353083333333334,338.27222222222224,24.763705872783472,24.381666666666664,642.6833333333333,70.0,29.72222222222222,73.88888888888889
INTNEM,Belgium (Nemolink),BELGIUM,B,2025-05,1488,21.01797043010753,210.30376344086022,15.395590295817001,29.45366935483871,661.516129032258,62.634408602150536,36.96236559139785,75.94086021505376
INTNEM,Belgium (Nemolink),BELGIUM,B,2025-06,1440,13.697930555555557,117.94722222222222,8.634496502358875,26.56284722222222,653.0944444444444,53.68055555555556,45.55555555555556,73.61111111111111
INTNEM,Belgium (Nemolink),BELGIUM,B,2025-07,1488,8.570510752688172,228.7715053763441,16.74754797777043,17.525161290322583,600.733870967742,64.98655913978494,34.543010752688176,76.54569892473118
INTNEM,Belgium (Nemolink),BELGIUM,B,2025-08,1488,13.537567204301077,294.98387096774195,21.594719690171445,19.904879032258062,617.6666666666666,71.16935483870968,28.561827956989248,79.90591397849462
INTNEM,Belgium (Nemolink),BELGIUM,B,2025-09,1440,13.345041666666667,181.1888888888889,13.264193915731251,21.11376388888889,489.26666666666665,55.97222222222222,26.52777777777778,63.95833333333333
INTNEM,Belgium (Nemolink),BELGIUM,B,2025-10,1488,5.581599462365592,307.23521505376345,22.4915970024717,13.824825268817204,656.4637096774194,70.02688172043011,29.368279569892476,74.26075268817203
INTNEM,Belgium (Nemolink),BELGIUM,B,2025-11,1440,2.015402777777778,169.02777777777777,12.373922238490321,10.742819444444445,599.0694444444445,58.88888888888889,39.166666666666664,70.625
INTNEM,Belgium (Nemolink),BELGIUM,B,2025-12,1488,0.8514650537634407,110.18951612903226,8.066582439899872,10.722459677419355,672.5793010752689,56.92204301075269,42.405913978494624,80.91397849462365
INTNEM,Belgium (Nemolink),BELGIUM,B,2026-01,1488,-0.742647849462365,124.61155913978494,9.122368897495239,7.779690860215054,527.616935483871,58.803763440860216,40.053763440860216,69.01881720430107
INTNEM,Belgium (Nemolink),BELGIUM,B,2026-02,1344,7.358095238095238,281.28125,20.591599560761345,12.475744047619049,655.5907738095239,66.07142857142857,33.55654761904761,78.42261904761905
INTNEM,Belgium (Nemolink),BELGIUM,B,2026-03,1488,17.180658602150537,447.627688172043,32.769230466474596,24.951384408602152,724.2809139784946,76.81451612903226,23.18548387096774,85.68548387096774
INTNEM,Belgium (Nemolink),BELGIUM,B,2026-04,1440,16.620819444444443,283.24861111111113,20.73562306816333,29.91040277777778,726.3041666666667,67.01388888888889,32.84722222222222,82.91666666666667
INTNEM,Belgium (Nemolink),BELGIUM,B,2026-05,1488,29.06965053763441,520.5430107526881,38.107101812056236,34.74344086021505,724.3198924731183,79.70430107526882,20.161290322580644,85.48387096774194
INTNEM,Belgium (Nemolink),BELGIUM,B,2026-06,1438,3.081043115438109,106.08066759388039,7.765788257238682,26.781766342141864,637.2795549374131,59.38803894297635,40.333796940194716,75.79972183588318
INTNSL,North Sea Link (INTNSL),NORWAY2,NO,2021-10,1439,140.35305072967338,665.6872828353023,36.06106624243241,140.86332175121612,668.1723419041001,99.0271021542738,0.8339124391938846,98.74913134120918
INTNSL,North Sea Link (INTNSL),NORWAY2,NO,2021-11,1436,135.11603064066853,636.2785515320335,34.467960538029985,135.65714484679665,646.0139275766016,94.70752089136491,4.735376044568245,95.40389972144847
INTNSL,North Sea Link (INTNSL),NORWAY2,NO,2021-12,1482,151.94804993252362,571.3481781376519,30.95060553291722,154.3702091767881,614.0175438596491,93.11740890688259,6.275303643724696,95.54655870445345
INTNSL,North Sea Link (INTNSL),NORWAY2,NO,2022-01,1482,117.81248987854251,548.8974358974359,29.73442231297053,124.14962887989203,651.2483130904184,89.87854251012146,9.041835357624832,94.73684210526315
INTNSL,North Sea Link (INTNSL),NORWAY2,NO,2022-02,1340,109.63769402985075,891.9731343283582,48.31923804595657,110.52006716417911,920.3313432835821,96.71641791044776,3.0597014925373136,98.73134328358208
INTNSL,North Sea Link (INTNSL),NORWAY2,NO,2022-03,1486,168.55310901749664,970.2436069986541,52.55924198259231,168.57469717362045,977.5733512786003,99.25975773889637,0.7402422611036339,99.52893674293405
INTNSL,North Sea Link (INTNSL),NORWAY2,NO,2022-04,1439,83.28958999305073,316.41695621959695,17.140680185243607,84.32711605281446,534.7852675469076,71.36900625434329,28.422515635858236,73.03683113273107
INTNSL,North Sea Link (INTNSL),NORWAY2,NO,2022-05,1488,40.865779569892474,-218.91263440860214,-11.858755926793185,48.8544623655914,468.7217741935484,25.336021505376344,73.0510752688172,43.413978494623656
INTNSL,North Sea Link (INTNSL),NORWAY2,NO,2022-06,1440,82.01872222222222,214.3138888888889,11.609636451185747,83.48952777777778,517.7777777777778,52.22222222222223,41.94444444444444,54.44444444444444
INTNSL,North Sea Link (INTNSL),NORWAY2,NO,2022-07,1485,157.11187205387205,475.16498316498314,25.740248275459543,157.11187205387205,831.0410774410774,68.08080808080808,31.64983164983165,68.08080808080808
INTNSL,North Sea Link (INTNSL),NORWAY2,NO,2022-08,1488,192.15432795698925,8.625,0.46722643553629456,192.15432795698925,581.4959677419355,47.64784946236559,51.9489247311828,47.64784946236559
INTNSL,North Sea Link (INTNSL),NORWAY2,NO,2022-09,1439,72.7475469075747,-590.6254343293954,-31.994877265947746,82.94423905489923,768.8102849200834,17.095205003474632,82.69631688672689,30.71577484364142
INTNSL,North Sea Link (INTNSL),NORWAY2,NO,2022-10,1488,47.88436827956989,25.848118279569892,1.4002230920677088,53.19600806451613,700.5255376344086,49.93279569892473,50.0,60.68548387096774
INTNSL,North Sea Link (INTNSL),NORWAY2,NO,2022-11,1440,71.07334722222222,680.5611111111111,36.866799085108944,73.28879166666667,907.0722222222222,79.58333333333333,20.416666666666668,83.05555555555556
INTNSL,North Sea Link (INTNSL),NORWAY2,NO,2022-12,1488,70.34125,528.6532258064516,28.63776954531157,78.37345430107527,792.0,75.60483870967742,24.193548387096776,83.06451612903226
INTNSL,North Sea Link (INTNSL),NORWAY2,NO,2023-01,1488,52.35247311827957,851.8064516129032,46.14336140914968,57.05521505376344,1014.0806451612904,87.83602150537635,12.163978494623656,94.8252688172043
INTNSL,North Sea Link (INTNSL),NORWAY2,NO,2023-02,1344,72.58592261904762,1162.486607142857,62.97327232626528,72.59738095238096,1165.5074404761904,99.10714285714286,0.8928571428571428,99.10714285714286
INTNSL,North Sea Link (INTNSL),NORWAY2,NO,2023-03,1488,48.26654569892473,1058.09811827957,57.31842460886078,48.768427419354836,1093.3104838709678,96.23655913978494,3.696236559139785,97.44623655913979
INTNSL,North Sea Link (INTNSL),NORWAY2,NO,2023-04,1440,36.63977777777778,975.9013888888888,52.86573070904057,36.73166666666667,1021.0236111111111,94.58333333333333,5.347222222222222,95.13888888888889
INTNSL,North Sea Link (INTNSL),NORWAY2,NO,2023-05,1488,41.13591397849462,1159.1975806451612,62.7951018767693,41.144704301075265,1169.5282258064517,97.17741935483872,2.82258064516129,97.44623655913979
INTNSL,North Sea Link (INTNSL),NORWAY2,NO,2023-06,1440,45.98068055555555,949.9972222222223,51.462471409654505,45.98068055555555,955.1416666666667,94.79166666666666,4.791666666666667,94.79166666666666
INTNSL,North Sea Link (INTNSL),NORWAY2,NO,2023-07,1487,45.16081371889711,962.4572965702757,52.1374483515859,46.77867518493611,1106.2609280430397,88.36583725622059,11.56691324815064,92.66980497646267
INTNSL,North Sea Link (INTNSL),NORWAY2,NO,2023-08,1488,65.63017473118279,1267.3131720430108,68.65185113992474,65.63017473118279,1269.143817204301,99.05913978494624,0.9408602150537635,99.05913978494624
INTNSL,North Sea Link (INTNSL),NORWAY2,NO,2023-09,1440,78.69091666666667,1347.5555555555557,72.99867581557722,78.79194444444444,1349.2583333333334,99.58333333333333,0.4166666666666667,98.88888888888889
INTNSL,North Sea Link (INTNSL),NORWAY2,NO,2023-10,1488,66.50888440860216,740.0618279569892,40.0900231829355,67.86004032258064,748.3279569892474,55.30913978494624,4.905913978494623,56.92204301075269
INTNSL,North Sea Link (INTNSL),NORWAY2,NO,2023-11,1440,32.11494444444444,1015.4333333333333,55.007222824124234,34.43333333333333,1099.2944444444445,91.11111111111111,8.61111111111111,91.18055555555556
INTNSL,North Sea Link (INTNSL),NORWAY2,NO,2023-12,1487,5.8267518493611306,224.60390047074648,12.167058530376297,20.356731674512442,841.0988567585744,57.565568258238066,42.09818426361802,79.15265635507734
INTNSL,North Sea Link (INTNSL),NORWAY2,NO,2024-01,1488,14.392217741935482,707.4408602150538,38.32290683721852,19.712163978494623,863.4516129032259,77.41935483870968,22.513440860215052,78.62903225806451
INTNSL,North Sea Link (INTNSL),NORWAY2,NO,2024-02,1392,16.83617816091954,1003.0359195402299,54.33564027845232,18.403850574712642,1109.4583333333333,91.23563218390804,8.477011494252872,92.16954022988506
INTNSL,North Sea Link (INTNSL),NORWAY2,NO,2024-03,1488,15.868951612903226,1132.590053763441,61.353740723913376,19.682983870967742,1201.5524193548388,93.01075268817203,6.922043010752688,91.46505376344086
INTNSL,North Sea Link (INTNSL),NORWAY2,NO,2024-04,1440,12.809666666666669,796.4527777777778,43.14478752859034,21.74736111111111,1095.9333333333334,81.18055555555556,18.61111111111111,87.15277777777779
INTNSL,North Sea Link (INTNSL),NORWAY2,NO,2024-05,1488,55.00130376344086,1345.0430107526881,72.86256829646197,55.00130376344086,1345.0430107526881,99.26075268817203,0.0,99.26075268817203
INTNSL,North Sea Link (INTNSL),NORWAY2,NO,2024-06,1440,52.28231944444444,1228.2,66.53304442036837,52.667069444444444,1241.236111111111,97.91666666666666,2.083333333333333,96.25
INTNSL,North Sea Link (INTNSL),NORWAY2,NO,2024-07,1488,55.35544354838709,1334.0725806451612,72.26828714220808,56.31813172043011,1360.9354838709678,97.84946236559139,2.1505376344086025,98.25268817204301
INTNSL,North Sea Link (INTNSL),NORWAY2,NO,2024-08,1488,51.68668010752688,1128.8051075268818,61.1487057165158,52.95985215053763,1193.159946236559,93.48118279569893,6.451612903225806,92.94354838709677
INTNSL,North Sea Link (INTNSL),NORWAY2,NO,2024-09,1440,70.33695833333333,1357.1916666666666,73.52067533405561,70.49668055555556,1359.775,99.375,0.625,98.125
INTNSL,North Sea Link (INTNSL),NORWAY2,NO,2024-10,1488,72.39788978494623,866.6787634408602,46.94901210405527,72.81047043010753,866.7110215053764,63.44086021505376,0.4032258064516129,62.365591397849464
INTNSL,North Sea Link (INTNSL),NORWAY2,NO,2024-11,1440,80.53281944444444,1142.0430555555556,61.865820994342116,81.21979166666667,1162.9097222222222,98.33333333333333,1.6666666666666667,98.61111111111111
INTNSL,North Sea Link (INTNSL),NORWAY2,NO,2024-12,1488,67.6089247311828,1103.0483870967741,59.753433753888096,68.9030376344086,1121.6263440860216,96.50537634408603,3.494623655913978,93.61559139784946
INTNSL,North Sea Link (INTNSL),NORWAY2,NO,2025-01,1488,93.42797043010754,1315.2069892473119,71.24631577721082,93.89735215053764,1323.247311827957,99.05913978494624,0.9408602150537635,98.79032258064517
INTNSL,North Sea Link (INTNSL),NORWAY2,NO,2025-02,1344,66.58168154761904,1241.9464285714287,67.27770468967653,66.74465773809524,1251.6130952380952,98.21428571428571,1.7857142857142856,98.06547619047619
INTNSL,North Sea Link (INTNSL),NORWAY2,NO,2025-03,1488,71.89434139784946,916.0309139784946,49.62247638020014,73.06033602150538,941.7325268817204,97.98387096774194,2.0161290322580645,97.44623655913979
INTNSL,North Sea Link (INTNSL),NORWAY2,NO,2025-04,1440,57.36555555555555,1170.5777777777778,63.41158059467918,58.39580555555556,1180.7944444444445,98.88888888888889,1.1111111111111112,98.33333333333333
INTNSL,North Sea Link (INTNSL),NORWAY2,NO,2025-05,1488,41.04096774193548,1025.6787634408602,55.56222987220261,46.704327956989246,1193.399193548387,90.38978494623656,9.543010752688172,92.54032258064517
INTNSL,North Sea Link (INTNSL),NORWAY2,NO,2025-06,1440,40.10469444444445,832.3055555555555,45.08697484049597,46.79174999999999,1028.6222222222223,85.41666666666666,14.444444444444443,92.43055555555556
INTNSL,North Sea Link (INTNSL),NORWAY2,NO,2025-07,1488,53.228212365591396,1269.3051075268818,68.75975663742587,54.17547043010753,1309.159946236559,96.90860215053763,3.0913978494623655,98.11827956989248
INTNSL,North Sea Link (INTNSL),NORWAY2,NO,2025-08,1488,40.74615591397849,787.2056451612904,42.64385943452277,45.11080645161291,874.3293010752689,70.49731182795699,7.728494623655914,72.91666666666666
INTNSL,North Sea Link (INTNSL),NORWAY2,NO,2025-09,1440,27.39891666666667,794.0666666666667,43.0155290718671,32.27688888888889,970.5055555555556,72.5,12.847222222222221,78.61111111111111
INTNSL,North Sea Link (INTNSL),NORWAY2,NO,2025-10,1488,30.64657258064516,1025.029569892473,55.52706229103322,32.73323924731183,1194.0779569892472,87.5,12.5,93.68279569892472
INTNSL,North Sea Link (INTNSL),NORWAY2,NO,2025-11,1440,16.668125,758.2402777777778,41.07477127723607,22.029597222222222,1101.3597222222222,78.54166666666667,21.319444444444443,87.29166666666667
INTNSL,North Sea Link (INTNSL),NORWAY2,NO,2025-12,1488,21.597029569892474,1149.2352150537633,62.255428767809505,22.26866935483871,1202.3131720430108,93.14516129032258,6.653225806451612,93.95161290322581
INTNSL,North Sea Link (INTNSL),NORWAY2,NO,2026-01,1488,6.632997311827957,420.7903225806452,22.79470869884318,15.018803763440859,822.4354838709677,65.92741935483872,33.736559139784944,80.24193548387096
INTNSL,North Sea Link (INTNSL),NORWAY2,NO,2026-02,1344,-10.956800595238096,-628.9553571428571,-34.07125444977558,17.52611607142857,963.2857142857143,22.395833333333336,77.52976190476191,80.65476190476191
INTNSL,North Sea Link (INTNSL),NORWAY2,NO,2026-03,1488,23.980846774193548,624.9556451612904,33.854585328347255,36.23810483870968,1128.7862903225807,73.38709677419355,26.61290322580645,92.60752688172043
INTNSL,North Sea Link (INTNSL),NORWAY2,NO,2026-04,1440,10.338194444444444,295.4166666666667,16.003069700252798,32.139944444444446,1017.4972222222223,59.65277777777778,40.208333333333336,84.09722222222223
INTNSL,North Sea Link (INTNSL),NORWAY2,NO,2026-05,1488,36.4883870967742,910.0067204301075,49.296138701522615,37.90451612903226,1017.7970430107526,87.97043010752688,11.693548387096774,90.38978494623656
INTNSL,North Sea Link (INTNSL),NORWAY2,NO,2026-06,1438,47.65267037552155,950.3616133518776,51.48221090746899,48.86557719054242,1056.3198887343533,91.51599443671766,8.205841446453407,93.60222531293462
INTVKL,Denmark (Viking link),DENMARK1,DK,2023-12,96,33.528958333333335,646.3125,26.060987903225808,35.732708333333335,646.3125,100.0,0.0,83.33333333333334
INTVKL,Denmark (Viking link),DENMARK1,DK,2024-01,1488,7.807688172043011,453.34005376344084,18.279840877558097,14.865940860215055,657.127688172043,72.64784946236558,22.916666666666664,75.67204301075269
INTVKL,Denmark (Viking link),DENMARK1,DK,2024-02,1392,12.47227011494253,585.360632183908,23.60325129773823,14.691982758620691,675.2313218390805,71.62356321839081,10.775862068965516,71.33620689655173
INTVKL,Denmark (Viking link),DENMARK1,DK,2024-03,1488,10.883360215053763,591.5430107526881,23.85254075615678,16.36758064516129,787.4596774193549,79.16666666666666,20.094086021505376,82.3252688172043
INTVKL,Denmark (Viking link),DENMARK1,DK,2024-04,1440,3.1380138888888887,32.78055555555556,1.321796594982079,19.80026388888889,480.9861111111111,36.94444444444444,42.986111111111114,60.416666666666664
INTVKL,Denmark (Viking link),DENMARK1,DK,2024-05,1488,26.227123655913978,451.48118279569894,18.204886403052377,33.149086021505376,846.494623655914,71.84139784946237,27.62096774193548,83.46774193548387
INTVKL,Denmark (Viking link),DENMARK1,DK,2024-06,1440,19.390208333333334,295.36805555555554,11.910002240143369,29.069013888888886,618.3319444444444,59.09722222222222,25.069444444444443,65.83333333333333
INTVKL,Denmark (Viking link),DENMARK1,DK,2024-07,1488,20.226827956989247,366.0416666666667,14.759744623655914,29.463252688172044,833.625,66.33064516129032,33.13172043010753,81.38440860215054
INTVKL,Denmark (Viking link),DENMARK1,DK,2024-08,1488,-2.0438172043010754,-12.080645161290322,-0.48712278876170656,26.09731182795699,413.1639784946237,26.0752688172043,29.905913978494624,42.27150537634409
INTVKL,Denmark (Viking link),DENMARK1,DK,2024-09,1440,20.541125,459.99305555555554,18.548107078853047,30.014152777777777,868.9347222222223,70.90277777777779,28.958333333333336,78.61111111111111
INTVKL,Denmark (Viking link),DENMARK1,DK,2024-10,1488,23.97818548387097,686.1182795698925,27.666059660076307,29.182459677419356,924.3387096774194,79.50268817204301,19.690860215053764,84.4758064516129
INTVKL,Denmark (Viking link),DENMARK1,DK,2024-11,1440,21.27358333333333,476.5416666666667,19.215389784946236,33.41866666666667,771.0527777777778,67.98611111111111,22.708333333333332,77.08333333333334
INTVKL,Denmark (Viking link),DENMARK1,DK,2024-12,1488,17.218118279569893,614.9247311827957,24.795352063822406,35.31564516129032,917.5322580645161,76.00806451612904,23.588709677419356,83.53494623655914
INTVKL,Denmark (Viking link),DENMARK1,DK,2025-01,1488,42.341626344086016,651.1451612903226,26.255853277835588,50.607056451612905,761.0456989247311,85.01344086021506,14.180107526881722,86.89516129032258
INTVKL,Denmark (Viking link),DENMARK1,DK,2025-02,1344,12.717693452380953,353.7604166666667,14.264532930107526,23.435848214285713,842.3020833333334,63.61607142857143,35.714285714285715,83.25892857142857
INTVKL,Denmark (Viking link),DENMARK1,DK,2025-03,1488,22.756612903225804,484.34139784946234,19.529895074575094,31.57241935483871,859.6451612903226,69.8252688172043,29.973118279569892,85.21505376344086
INTVKL,Denmark (Viking link),DENMARK1,DK,2025-04,1440,16.334083333333332,285.0444444444444,11.49372759856631,25.362222222222222,740.4055555555556,62.638888888888886,35.833333333333336,78.81944444444444
INTVKL,Denmark (Viking link),DENMARK1,DK,2025-05,1488,17.98209677419355,179.60887096774192,7.242293184183142,27.93986559139785,387.8373655913978,36.08870967741936,19.892473118279568,41.196236559139784
INTVKL,Denmark (Viking link),DENMARK1,DK,2025-06,1440,20.884611111111113,424.3888888888889,17.112455197132615,32.08622222222222,850.6861111111111,65.20833333333333,33.88888888888889,79.16666666666666
INTVKL,Denmark (Viking link),DENMARK1,DK,2025-07,1488,9.972836021505376,225.32123655913978,9.085533732223379,19.42880376344086,761.2540322580645,58.93817204301075,40.793010752688176,78.36021505376344
INTVKL,Denmark (Viking link),DENMARK1,DK,2025-08,1488,8.331021505376345,86.5497311827957,3.48990851543531,23.188413978494623,794.2862903225806,56.451612903225815,43.01075268817204,82.99731182795699
INTVKL,Denmark (Viking link),DENMARK1,DK,2025-09,1440,0.6634027777777775,143.34027777777777,5.779849910394265,26.126458333333332,847.1541666666667,57.77777777777777,42.15277777777778,79.86111111111111
INTVKL,Denmark (Viking link),DENMARK1,DK,2025-10,1488,0.9634408602150533,262.4126344086022,10.581154613250087,18.729193548387098,838.4180107526881,62.096774193548384,37.56720430107527,79.43548387096774
INTVKL,Denmark (Viking link),DENMARK1,DK,2025-11,1440,-4.893625,-14.197222222222223,-0.5724686379928318,19.756819444444446,880.9,44.513888888888886,55.208333333333336,87.22222222222223
INTVKL,Denmark (Viking link),DENMARK1,DK,2025-12,1488,3.889220430107527,399.4502688172043,16.106865678113078,17.376397849462364,991.0981182795699,64.38172043010752,35.41666666666667,89.51612903225806
INTVKL,Denmark (Viking link),DENMARK1,DK,2026-01,1488,0.5563037634408606,439.85483870967744,17.73608220603538,13.367513440860215,800.8924731182796,70.29569892473118,29.0994623655914,79.43548387096774
INTVKL,Denmark (Viking link),DENMARK1,DK,2026-02,1344,-10.298839285714285,-139.41071428571428,-5.621399769585254,17.847202380952382,796.2172619047619,42.55952380952381,56.69642857142857,82.21726190476191
INTVKL,Denmark (Viking link),DENMARK1,DK,2026-03,1488,12.440887096774194,318.11021505376345,12.827024800554979,23.636478494623656,793.9543010752689,67.8763440860215,32.056451612903224,82.99731182795699
INTVKL,Denmark (Viking link),DENMARK1,DK,2026-04,1440,13.854291666666667,245.65416666666667,9.905409946236558,30.102680555555555,885.2625,59.02777777777778,40.55555555555556,84.79166666666667
INTVKL,Denmark (Viking link),DENMARK1,DK,2026-05,1488,21.05032258064516,280.14247311827955,11.296067464446756,30.786451612903225,499.6182795698925,39.986559139784944,16.263440860215052,43.884408602150536
INTVKL,Denmark (Viking link),DENMARK1,DK,2026-06,1438,5.573184979137691,94.83866481223922,3.824139710170936,26.68394993045897,1007.1112656467316,51.87760778859527,48.0528511821975,83.72739916550765
