interconnectorId,interconnectorName,season,observations,duration_hours,import_share_pct,export_share_pct,near_zero_share_pct,mean_signed_mw,median_signed_mw,p05_signed_mw,p25_signed_mw,p75_signed_mw,p95_signed_mw,mean_import_mw_when_importing,mean_export_mw_when_exporting,max_import_mw,max_export_mw,import_gwh,export_gwh,net_gwh,abs_flow_gwh
INTELEC,Eleclink (INTELEC),Winter,17327,8663.5,64.93911236798061,16.240549431523057,18.820338200496337,406.0132740809142,434.0,-668.7999999999997,0.0,996.0,998.0,740.2088517596871,459.7860696517413,1002.0,1024.0,4164.415,646.9190000000001,3517.496,4811.334000000001
INTELEC,Eleclink (INTELEC),Spring,18002,9001.0,89.4122875236085,6.1715364959448955,4.416175980446617,761.9584490612154,996.0,-120.0,722.0,998.0,998.0,883.6621520874752,456.030603060306,1260.0,1026.0,7111.713000000001,253.325,6858.388000000001,7365.0380000000005
INTELEC,Eleclink (INTELEC),Summer,19098,9549.0,67.89716200649283,26.871923761650436,5.230914231856739,363.38182008587285,686.0,-1020.0,-70.0,996.0,998.0,803.350042415362,677.5475448168355,1102.0,1026.0,5208.52,1738.5870000000002,3469.9330000000004,6947.107
INTELEC,Eleclink (INTELEC),Autumn,17471,8735.5,49.76246351096102,28.510102455497684,21.727434033541297,181.95661381718276,0.0,-1024.0,-167.0,994.0,998.0,807.4791810443984,771.1824934752058,1002.0,1028.0,3510.112,1920.6299999999999,1589.482,5430.742
