interconnectorId,interconnectorName,season,observations,duration_hours,import_share_pct,export_share_pct,near_zero_share_pct,mean_signed_mw,median_signed_mw,p05_signed_mw,p25_signed_mw,p75_signed_mw,p95_signed_mw,mean_import_mw_when_importing,mean_export_mw_when_exporting,max_import_mw,max_export_mw,import_gwh,export_gwh,net_gwh,abs_flow_gwh
INTEW,Ireland(East-West),Winter,21631,10815.5,24.24760760020341,48.62003605935925,27.132356340437337,-104.35939161388748,0.0,-532.0,-376.0,0.0,476.0,241.33574833174453,335.0008557573453,504.0,532.0,632.9029999999999,1761.602,-1128.699,2394.505
INTEW,Ireland(East-West),Spring,22077,11038.5,8.56547538161888,45.08311817728858,46.35140644109254,-146.9884495175975,0.0,-530.0,-392.0,0.0,112.0,198.35748281332627,363.7253089520747,504.0,588.0,187.547,1810.0790000000002,-1622.532,1997.6260000000002
INTEW,Ireland(East-West),Summer,22074,11037.0,15.416326900425839,61.805744314578234,22.777928784995925,-188.07076198242277,-144.0,-532.0,-516.0,0.0,324.0,236.57126065236557,363.3017664736495,504.0,536.0,402.52600000000007,2478.263,-2075.737,2880.7889999999998
INTEW,Ireland(East-West),Autumn,21832,10916.0,19.39813118358373,55.83089043605717,24.770978380359107,-150.54873580065959,-46.0,-530.0,-472.0,0.0,376.0,227.47438016528926,348.6860283862499,504.0,542.0,481.677,2125.067,-1643.39,2606.744
