interconnectorId,interconnectorName,season,observations,duration_hours,import_share_pct,export_share_pct,near_zero_share_pct,mean_signed_mw,median_signed_mw,p05_signed_mw,p25_signed_mw,p75_signed_mw,p95_signed_mw,mean_import_mw_when_importing,mean_export_mw_when_exporting,max_import_mw,max_export_mw,import_gwh,export_gwh,net_gwh,abs_flow_gwh
INTFR,France(IFA),Winter,21631,10815.5,72.77518376404235,26.998289491932876,0.22652674402477926,657.6485599371273,884.0,-1026.0,-84.0,1502.0,2000.0,1152.3463346461695,670.3150684931506,2630.0,2072.0,9070.118,1957.3200000000002,7112.798000000001,11027.438
INTFR,France(IFA),Spring,22077,11038.5,80.30076550255923,19.531639262580967,0.16759523485980884,864.3140825293292,1004.0,-1026.0,366.0,1504.0,2000.0,1224.5434341155235,609.2866419294991,2142.0,2056.0,10854.353,1313.622,9540.731,12167.975000000002
INTFR,France(IFA),Summer,22074,11037.0,75.21065506931231,24.64437800126846,0.14496692941922623,848.8355531394401,1252.0,-1032.0,10.5,1710.0,2006.0,1372.3969401276954,743.995955882353,2548.0,2054.0,11392.267,2023.6690000000003,9368.598,13415.936000000002
INTFR,France(IFA),Autumn,21832,10916.0,62.16104800293147,23.67625503847563,14.16269695859289,493.3228288750458,510.0,-1022.0,0.0,1002.0,1978.0,1028.1464888364897,615.7384407041981,2010.0,1532.0,6976.487999999999,1591.3760000000002,5385.112,8567.864000000001
