interconnectorId,interconnectorName,season,observations,duration_hours,import_share_pct,export_share_pct,near_zero_share_pct,mean_signed_mw,median_signed_mw,p05_signed_mw,p25_signed_mw,p75_signed_mw,p95_signed_mw,mean_import_mw_when_importing,mean_export_mw_when_exporting,max_import_mw,max_export_mw,import_gwh,export_gwh,net_gwh,abs_flow_gwh
INTGRNL,Ireland (Greenlink),Winter,5760,2880.0,20.97222222222222,76.875,2.1527777777777777,-286.9951388888889,-493.0,-514.0,-514.0,-49.5,218.20000000000073,222.82119205298014,434.11472448057816,506.0,514.0,134.584,961.1300000000001,-826.5460000000002,1095.7140000000002
INTGRNL,Ireland (Greenlink),Spring,8832,4416.0,12.850996376811594,86.53759057971014,0.6114130434782609,-369.6940670289855,-514.0,-514.0,-514.0,-310.0,166.89999999999782,156.37180616740088,450.4278424702342,506.0,516.0,88.741,1721.3100000000002,-1632.569,1810.0510000000002
INTGRNL,Ireland (Greenlink),Summer,5854,2927.0,8.199521694567817,83.0543218312265,8.746156474205671,-345.0700375811411,-500.0,-514.0,-514.0,-200.0,72.0,202.4125,435.45824763471825,506.0,518.0,48.579,1058.5990000000002,-1010.0200000000001,1107.178
INTGRNL,Ireland (Greenlink),Autumn,4368,2184.0,15.2014652014652,83.51648351648352,1.282051282051282,-332.66483516483515,-514.0,-514.0,-514.0,-224.0,350.0,262.71385542168673,446.140899122807,506.0,516.0,87.221,813.7610000000002,-726.5400000000001,900.9820000000001
