interconnectorId,interconnectorName,season,observations,duration_hours,import_share_pct,export_share_pct,near_zero_share_pct,mean_signed_mw,median_signed_mw,p05_signed_mw,p25_signed_mw,p75_signed_mw,p95_signed_mw,mean_import_mw_when_importing,mean_export_mw_when_exporting,max_import_mw,max_export_mw,import_gwh,export_gwh,net_gwh,abs_flow_gwh
INTIRL,Northern Ireland(Moyle),Winter,21631,10815.5,33.835698765660396,62.30410059636633,3.860200637973279,-125.43534741805742,-174.0,-452.0,-448.0,142.0,400.0,234.59816914879082,328.73161682867106,404.0,486.0,858.5120000000001,2215.1580000000004,-1356.6460000000002,3073.67
INTIRL,Northern Ireland(Moyle),Spring,22077,11038.5,19.70829369932509,76.0791774244689,4.212528876206006,-221.4313538977216,-330.0,-452.0,-452.0,-18.0,324.0,212.28591128476214,346.046439628483,682.0,592.0,461.8280000000001,2906.098,-2444.27,3367.9260000000004
INTIRL,Northern Ireland(Moyle),Summer,22074,11037.0,17.06079550602519,69.68832110174866,13.250883392226148,-204.87750294464075,-256.0,-454.0,-450.0,0.0,244.0,168.96919808815719,335.35747253461614,404.0,458.0,318.169,2579.402,-2261.233,2897.571
INTIRL,Northern Ireland(Moyle),Autumn,21832,10916.0,27.720776841333823,69.6729571271528,2.606266031513375,-174.76823012092342,-288.0,-452.0,-452.0,28.0,400.0,228.07699933906147,341.5858260469397,500.0,506.0,690.1610000000001,2597.931,-1907.77,3288.092
