interconnectorId,interconnectorName,season,observations,duration_hours,import_share_pct,export_share_pct,near_zero_share_pct,mean_signed_mw,median_signed_mw,p05_signed_mw,p25_signed_mw,p75_signed_mw,p95_signed_mw,mean_import_mw_when_importing,mean_export_mw_when_exporting,max_import_mw,max_export_mw,import_gwh,export_gwh,net_gwh,abs_flow_gwh
INTNSL,North Sea Link (INTNSL),Winter,21631,10815.5,82.97351023993342,16.795340021265776,0.23114973880079517,740.2921732698442,1048.0,-1044.0,460.0,1398.0,1398.0,1033.0687541787386,695.9146710707404,1400.0,1454.0,9270.759000000002,1264.129,8006.63,10534.888
INTNSL,North Sea Link (INTNSL),Spring,22077,11038.5,84.41364315803777,15.35081759297006,0.2355392489921638,833.1715359876795,1096.0,-738.0,694.0,1398.0,1398.0,1101.5025756600128,629.5880790793744,1400.0,1454.0,10263.801,1066.837,9196.964,11330.637999999999
INTNSL,North Sea Link (INTNSL),Summer,19098,9549.0,83.35427793486228,14.383705100010472,2.2620169651272386,878.1336265577547,1298.0,-736.0,492.0,1398.0,1400.0,1142.0807839688423,513.3556607207863,1846.0,1454.0,9090.392,705.094,8385.297999999999,9795.486
INTNSL,North Sea Link (INTNSL),Autumn,20346,10173.0,77.44519807333137,15.86552639339428,6.689275533274354,746.7402929322717,1090.0,-1080.0,182.0,1398.0,1400.0,1106.1519324744559,692.8308550185874,1400.0,1454.0,8714.818,1118.2290000000003,7596.589,9833.047
