interconnectorId,interconnectorName,season,observations,duration_hours,import_share_pct,export_share_pct,near_zero_share_pct,mean_signed_mw,median_signed_mw,p05_signed_mw,p25_signed_mw,p75_signed_mw,p95_signed_mw,mean_import_mw_when_importing,mean_export_mw_when_exporting,max_import_mw,max_export_mw,import_gwh,export_gwh,net_gwh,abs_flow_gwh
INTNED,Netherlands(BritNed),Winter,21631,10815.5,67.45873977162405,20.14238823910129,12.398871989274653,373.10702232906476,484.0,-898.0,0.0,984.0,1054.0,728.6281524122807,587.8962588937342,1098.0,1094.0,5316.071,1280.7320000000002,4035.339,6596.803
INTNED,Netherlands(BritNed),Spring,22077,11038.5,63.10640032613127,30.27585269737736,6.617746976491371,279.916836526702,450.0,-1014.0,-262.0,1002.0,1050.0,763.7754809072638,667.4440454817475,1078.0,1080.0,5320.460000000001,2230.598,3089.862,7551.058
INTNED,Netherlands(BritNed),Summer,22074,11037.0,51.59463622361149,37.088882848600164,11.316480927788348,124.76306967473045,104.0,-1018.0,-554.0,858.0,1030.0,743.0480287997191,697.2705508733358,1196.0,1082.0,4231.286999999999,2854.277,1377.01,7085.564
INTNED,Netherlands(BritNed),Autumn,21832,10916.0,54.87816049835105,37.86185415903262,7.259985342616343,157.34985342616343,196.0,-1042.0,-472.0,902.0,1042.0,737.6357566146398,653.5630292765545,1402.0,1076.0,4418.807000000001,2701.1760000000004,1717.6310000000003,7119.983
