interconnectorId,interconnectorName,season,observations,duration_hours,import_share_pct,export_share_pct,near_zero_share_pct,mean_signed_mw,median_signed_mw,p05_signed_mw,p25_signed_mw,p75_signed_mw,p95_signed_mw,mean_import_mw_when_importing,mean_export_mw_when_exporting,max_import_mw,max_export_mw,import_gwh,export_gwh,net_gwh,abs_flow_gwh
INTNEM,Belgium (Nemolink),Winter,21631,10815.5,72.7613147797143,25.791687855392727,1.4469973648929777,385.03009569599186,566.0,-868.0,-26.0,972.0,1018.0,707.2129106042315,502.2832048754257,1034.0,1024.0,5565.412,1401.1190000000001,4164.293,6966.531000000001
INTNEM,Belgium (Nemolink),Spring,22077,11038.5,73.45653847896,26.076912623997828,0.46654889704217056,381.43126330570277,598.0,-1020.0,-40.0,992.0,1016.0,720.8319664549547,567.8085808580859,1366.0,1024.0,5844.866,1634.437,4210.429,7479.303
INTNEM,Belgium (Nemolink),Summer,22074,11037.0,63.97118782277793,35.34927969556945,0.6795324816526229,235.23548065597535,412.0,-1020.0,-342.0,898.0,1016.0,697.2170526166702,596.2852748942714,1020.0,1044.0,4922.701,2326.407,2596.294,7249.108
INTNEM,Belgium (Nemolink),Autumn,21832,10916.0,64.76273360205204,28.151337486258704,7.085928911689264,304.70437889336756,462.0,-994.0,-114.0,942.5,1016.0,723.028219817526,580.9616010413276,1020.0,1022.0,5111.448,1785.295,3326.1530000000002,6896.743
