analysis_period,aggregation_level,interconnectorId,interconnectorName,direction,level_metric,bin_width_mw,bin_lower_mw,bin_upper_mw,bin_midpoint_mw,bin_observations,direction_observations,probability,probability_pct,probability_density_per_mw,cumulative_probability,cumulative_probability_pct
all_data,fleet_total,TOTAL_GB_INTERCONNECTORS,GB interconnector fleet total,import,import_mw_conditional_on_importing,100.0,0.0,100.0,50.0,659,76832,0.008577155351936693,0.8577155351936693,8.577155351936693e-05,0.008577155351936693,0.8577155351936693
all_data,fleet_total,TOTAL_GB_INTERCONNECTORS,GB interconnector fleet total,import,import_mw_conditional_on_importing,100.0,100.0,200.0,150.0,647,76832,0.008420970428987921,0.8420970428987922,8.420970428987922e-05,0.016998125780924616,1.6998125780924616
all_data,fleet_total,TOTAL_GB_INTERCONNECTORS,GB interconnector fleet total,import,import_mw_conditional_on_importing,100.0,200.0,300.0,250.0,648,76832,0.008433985839233653,0.8433985839233653,8.433985839233653e-05,0.02543211162015827,2.543211162015827
all_data,fleet_total,TOTAL_GB_INTERCONNECTORS,GB interconnector fleet total,import,import_mw_conditional_on_importing,100.0,300.0,400.0,350.0,684,76832,0.008902540608079967,0.8902540608079967,8.902540608079966e-05,0.034334652228238234,3.4334652228238234
all_data,fleet_total,TOTAL_GB_INTERCONNECTORS,GB interconnector fleet total,import,import_mw_conditional_on_importing,100.0,400.0,500.0,450.0,670,76832,0.008720324864639733,0.8720324864639732,8.720324864639733e-05,0.04305497709287797,4.305497709287797
all_data,fleet_total,TOTAL_GB_INTERCONNECTORS,GB interconnector fleet total,import,import_mw_conditional_on_importing,100.0,500.0,600.0,550.0,751,76832,0.00977457309454394,0.977457309454394,9.774573094543941e-05,0.05282955018742191,5.28295501874219
all_data,fleet_total,TOTAL_GB_INTERCONNECTORS,GB interconnector fleet total,import,import_mw_conditional_on_importing,100.0,600.0,700.0,650.0,773,76832,0.01006091211995002,1.006091211995002,0.00010060912119950021,0.06289046230737193,6.289046230737193
all_data,fleet_total,TOTAL_GB_INTERCONNECTORS,GB interconnector fleet total,import,import_mw_conditional_on_importing,100.0,700.0,800.0,750.0,746,76832,0.009709496043315285,0.9709496043315285,9.709496043315285e-05,0.07259995835068721,7.259995835068721
all_data,fleet_total,TOTAL_GB_INTERCONNECTORS,GB interconnector fleet total,import,import_mw_conditional_on_importing,100.0,800.0,900.0,850.0,804,76832,0.01046438983756768,1.046438983756768,0.0001046438983756768,0.0830643481882549,8.306434818825489
all_data,fleet_total,TOTAL_GB_INTERCONNECTORS,GB interconnector fleet total,import,import_mw_conditional_on_importing,100.0,900.0,1000.0,950.0,859,76832,0.011180237401082881,1.1180237401082882,0.00011180237401082882,0.09424458558933778,9.424458558933777
all_data,fleet_total,TOTAL_GB_INTERCONNECTORS,GB interconnector fleet total,import,import_mw_conditional_on_importing,100.0,1000.0,1100.0,1050.0,830,76832,0.010802790503956685,1.0802790503956685,0.00010802790503956685,0.10504737609329447,10.504737609329446
all_data,fleet_total,TOTAL_GB_INTERCONNECTORS,GB interconnector fleet total,import,import_mw_conditional_on_importing,100.0,1100.0,1200.0,1150.0,801,76832,0.010425343606830487,1.0425343606830486,0.00010425343606830487,0.11547271970012495,11.547271970012494
all_data,fleet_total,TOTAL_GB_INTERCONNECTORS,GB interconnector fleet total,import,import_mw_conditional_on_importing,100.0,1200.0,1300.0,1250.0,862,76832,0.011219283631820075,1.1219283631820076,0.00011219283631820075,0.12669200333194502,12.669200333194503
all_data,fleet_total,TOTAL_GB_INTERCONNECTORS,GB interconnector fleet total,import,import_mw_conditional_on_importing,100.0,1300.0,1400.0,1350.0,893,76832,0.011622761349437735,1.1622761349437734,0.00011622761349437734,0.13831476468138276,13.831476468138277
all_data,fleet_total,TOTAL_GB_INTERCONNECTORS,GB interconnector fleet total,import,import_mw_conditional_on_importing,100.0,1400.0,1500.0,1450.0,942,76832,0.01226051645147855,1.226051645147855,0.0001226051645147855,0.1505752811328613,15.05752811328613
all_data,fleet_total,TOTAL_GB_INTERCONNECTORS,GB interconnector fleet total,import,import_mw_conditional_on_importing,100.0,1500.0,1600.0,1550.0,966,76832,0.012572886297376093,1.2572886297376094,0.00012572886297376092,0.1631481674302374,16.31481674302374
all_data,fleet_total,TOTAL_GB_INTERCONNECTORS,GB interconnector fleet total,import,import_mw_conditional_on_importing,100.0,1600.0,1700.0,1650.0,1018,76832,0.013249687630154102,1.3249687630154101,0.00013249687630154103,0.17639785506039152,17.639785506039154
all_data,fleet_total,TOTAL_GB_INTERCONNECTORS,GB interconnector fleet total,import,import_mw_conditional_on_importing,100.0,1700.0,1800.0,1750.0,950,76832,0.012364639733444397,1.2364639733444398,0.00012364639733444398,0.1887624947938359,18.87624947938359
all_data,fleet_total,TOTAL_GB_INTERCONNECTORS,GB interconnector fleet total,import,import_mw_conditional_on_importing,100.0,1800.0,1900.0,1850.0,976,76832,0.012703040399833403,1.2703040399833403,0.00012703040399833404,0.2014655351936693,20.14655351936693
all_data,fleet_total,TOTAL_GB_INTERCONNECTORS,GB interconnector fleet total,import,import_mw_conditional_on_importing,100.0,1900.0,2000.0,1950.0,1061,76832,0.013809350270720533,1.3809350270720533,0.00013809350270720534,0.21527488546438983,21.527488546438985
all_data,fleet_total,TOTAL_GB_INTERCONNECTORS,GB interconnector fleet total,import,import_mw_conditional_on_importing,100.0,2000.0,2100.0,2050.0,1273,76832,0.016568617242815494,1.6568617242815493,0.00016568617242815494,0.23184350270720533,23.184350270720532
all_data,fleet_total,TOTAL_GB_INTERCONNECTORS,GB interconnector fleet total,import,import_mw_conditional_on_importing,100.0,2100.0,2200.0,2150.0,1082,76832,0.014082673885880883,1.4082673885880883,0.00014082673885880883,0.24592617659308622,24.592617659308623
all_data,fleet_total,TOTAL_GB_INTERCONNECTORS,GB interconnector fleet total,import,import_mw_conditional_on_importing,100.0,2200.0,2300.0,2250.0,1109,76832,0.014434089962515618,1.4434089962515617,0.00014434089962515618,0.26036026655560185,26.036026655560185
all_data,fleet_total,TOTAL_GB_INTERCONNECTORS,GB interconnector fleet total,import,import_mw_conditional_on_importing,100.0,2300.0,2400.0,2350.0,1141,76832,0.014850583090379009,1.4850583090379008,0.00014850583090379008,0.27521084964598086,27.521084964598085
all_data,fleet_total,TOTAL_GB_INTERCONNECTORS,GB interconnector fleet total,import,import_mw_conditional_on_importing,100.0,2400.0,2500.0,2450.0,1162,76832,0.015123906705539359,1.5123906705539358,0.00015123906705539358,0.2903347563515202,29.033475635152016
all_data,fleet_total,TOTAL_GB_INTERCONNECTORS,GB interconnector fleet total,import,import_mw_conditional_on_importing,100.0,2500.0,2600.0,2550.0,1197,76832,0.015579446064139942,1.5579446064139941,0.0001557944606413994,0.30591420241566014,30.591420241566013
all_data,fleet_total,TOTAL_GB_INTERCONNECTORS,GB interconnector fleet total,import,import_mw_conditional_on_importing,100.0,2600.0,2700.0,2650.0,1182,76832,0.015384214910453978,1.5384214910453977,0.00015384214910453979,0.32129841732611414,32.12984173261141
all_data,fleet_total,TOTAL_GB_INTERCONNECTORS,GB interconnector fleet total,import,import_mw_conditional_on_importing,100.0,2700.0,2800.0,2750.0,1329,76832,0.017297480216576427,1.7297480216576426,0.00017297480216576426,0.33859589754269054,33.85958975426905
all_data,fleet_total,TOTAL_GB_INTERCONNECTORS,GB interconnector fleet total,import,import_mw_conditional_on_importing,100.0,2800.0,2900.0,2850.0,1371,76832,0.017844127446897125,1.7844127446897124,0.00017844127446897125,0.35644002498958766,35.64400249895876
all_data,fleet_total,TOTAL_GB_INTERCONNECTORS,GB interconnector fleet total,import,import_mw_conditional_on_importing,100.0,2900.0,3000.0,2950.0,1467,76832,0.019093606830487296,1.9093606830487295,0.00019093606830487296,0.375533631820075,37.5533631820075
all_data,fleet_total,TOTAL_GB_INTERCONNECTORS,GB interconnector fleet total,import,import_mw_conditional_on_importing,100.0,3000.0,3100.0,3050.0,1627,76832,0.021176072469804248,2.117607246980425,0.00021176072469804248,0.39670970428987923,39.67097042898792
all_data,fleet_total,TOTAL_GB_INTERCONNECTORS,GB interconnector fleet total,import,import_mw_conditional_on_importing,100.0,3100.0,3200.0,3150.0,1385,76832,0.01802634319033736,1.8026343190337362,0.0001802634319033736,0.4147360474802166,41.47360474802166
all_data,fleet_total,TOTAL_GB_INTERCONNECTORS,GB interconnector fleet total,import,import_mw_conditional_on_importing,100.0,3200.0,3300.0,3250.0,1337,76832,0.017401603498542275,1.7401603498542275,0.00017401603498542274,0.43213765097875884,43.213765097875886
all_data,fleet_total,TOTAL_GB_INTERCONNECTORS,GB interconnector fleet total,import,import_mw_conditional_on_importing,100.0,3300.0,3400.0,3350.0,1423,76832,0.018520928779675136,1.8520928779675137,0.00018520928779675136,0.450658579758434,45.0658579758434
all_data,fleet_total,TOTAL_GB_INTERCONNECTORS,GB interconnector fleet total,import,import_mw_conditional_on_importing,100.0,3400.0,3500.0,3450.0,1440,76832,0.018742190753852563,1.8742190753852563,0.00018742190753852562,0.46940077051228657,46.940077051228656
all_data,fleet_total,TOTAL_GB_INTERCONNECTORS,GB interconnector fleet total,import,import_mw_conditional_on_importing,100.0,3500.0,3600.0,3550.0,1520,76832,0.01978342357351104,1.9783423573511039,0.0001978342357351104,0.4891841940857976,48.91841940857976
all_data,fleet_total,TOTAL_GB_INTERCONNECTORS,GB interconnector fleet total,import,import_mw_conditional_on_importing,100.0,3600.0,3700.0,3650.0,1426,76832,0.018559975010412327,1.8559975010412326,0.00018559975010412326,0.5077441690962099,50.77441690962099
all_data,fleet_total,TOTAL_GB_INTERCONNECTORS,GB interconnector fleet total,import,import_mw_conditional_on_importing,100.0,3700.0,3800.0,3750.0,1604,76832,0.020876718034152437,2.0876718034152435,0.00020876718034152438,0.5286208871303624,52.862088713036236
all_data,fleet_total,TOTAL_GB_INTERCONNECTORS,GB interconnector fleet total,import,import_mw_conditional_on_importing,100.0,3800.0,3900.0,3850.0,1493,76832,0.0194320074968763,1.9432007496876302,0.00019432007496876302,0.5480528946272386,54.80528946272386
all_data,fleet_total,TOTAL_GB_INTERCONNECTORS,GB interconnector fleet total,import,import_mw_conditional_on_importing,100.0,3900.0,4000.0,3950.0,1484,76832,0.019314868804664723,1.9314868804664722,0.00019314868804664722,0.5673677634319034,56.73677634319034
all_data,fleet_total,TOTAL_GB_INTERCONNECTORS,GB interconnector fleet total,import,import_mw_conditional_on_importing,100.0,4000.0,4100.0,4050.0,1570,76832,0.020434194085797584,2.0434194085797586,0.00020434194085797584,0.5878019575177009,58.780195751770094
all_data,fleet_total,TOTAL_GB_INTERCONNECTORS,GB interconnector fleet total,import,import_mw_conditional_on_importing,100.0,4100.0,4200.0,4150.0,1523,76832,0.01982246980424823,1.9822469804248228,0.0001982246980424823,0.6076244273219492,60.76244273219492
all_data,fleet_total,TOTAL_GB_INTERCONNECTORS,GB interconnector fleet total,import,import_mw_conditional_on_importing,100.0,4200.0,4300.0,4250.0,1436,76832,0.018690129112869637,1.8690129112869638,0.00018690129112869638,0.6263145564348188,62.63145564348188
all_data,fleet_total,TOTAL_GB_INTERCONNECTORS,GB interconnector fleet total,import,import_mw_conditional_on_importing,100.0,4300.0,4400.0,4350.0,1194,76832,0.01554039983340275,1.554039983340275,0.00015540399833402748,0.6418549562682215,64.18549562682216
all_data,fleet_total,TOTAL_GB_INTERCONNECTORS,GB interconnector fleet total,import,import_mw_conditional_on_importing,100.0,4400.0,4500.0,4450.0,1358,76832,0.017674927113702624,1.7674927113702623,0.00017674927113702624,0.6595298833819242,65.95298833819243
all_data,fleet_total,TOTAL_GB_INTERCONNECTORS,GB interconnector fleet total,import,import_mw_conditional_on_importing,100.0,4500.0,4600.0,4550.0,1244,76832,0.016191170345689294,1.6191170345689294,0.00016191170345689293,0.6757210537276135,67.57210537276134
all_data,fleet_total,TOTAL_GB_INTERCONNECTORS,GB interconnector fleet total,import,import_mw_conditional_on_importing,100.0,4600.0,4700.0,4650.0,1147,76832,0.014928675551853395,1.4928675551853394,0.00014928675551853396,0.6906497292794669,69.06497292794668
all_data,fleet_total,TOTAL_GB_INTERCONNECTORS,GB interconnector fleet total,import,import_mw_conditional_on_importing,100.0,4700.0,4800.0,4750.0,1231,76832,0.016021970012494793,1.6021970012494793,0.00016021970012494794,0.7066716992919617,70.66716992919618
all_data,fleet_total,TOTAL_GB_INTERCONNECTORS,GB interconnector fleet total,import,import_mw_conditional_on_importing,100.0,4800.0,4900.0,4850.0,1182,76832,0.015384214910453978,1.5384214910453977,0.00015384214910453979,0.7220559142024157,72.20559142024156
all_data,fleet_total,TOTAL_GB_INTERCONNECTORS,GB interconnector fleet total,import,import_mw_conditional_on_importing,100.0,4900.0,5000.0,4950.0,1197,76832,0.015579446064139942,1.5579446064139941,0.0001557944606413994,0.7376353602665556,73.76353602665556
all_data,fleet_total,TOTAL_GB_INTERCONNECTORS,GB interconnector fleet total,import,import_mw_conditional_on_importing,100.0,5000.0,5100.0,5050.0,984,76832,0.01280716368179925,1.280716368179925,0.00012807163681799252,0.7504425239483549,75.04425239483548
all_data,fleet_total,TOTAL_GB_INTERCONNECTORS,GB interconnector fleet total,import,import_mw_conditional_on_importing,100.0,5100.0,5200.0,5150.0,1068,76832,0.01390045814244065,1.390045814244065,0.0001390045814244065,0.7643429820907955,76.43429820907956
all_data,fleet_total,TOTAL_GB_INTERCONNECTORS,GB interconnector fleet total,import,import_mw_conditional_on_importing,100.0,5200.0,5300.0,5250.0,1056,76832,0.013744273219491879,1.3744273219491878,0.00013744273219491878,0.7780872553102873,77.80872553102873
all_data,fleet_total,TOTAL_GB_INTERCONNECTORS,GB interconnector fleet total,import,import_mw_conditional_on_importing,100.0,5300.0,5400.0,5350.0,1086,76832,0.014134735526863807,1.4134735526863806,0.00014134735526863808,0.7922219908371512,79.22219908371511
all_data,fleet_total,TOTAL_GB_INTERCONNECTORS,GB interconnector fleet total,import,import_mw_conditional_on_importing,100.0,5400.0,5500.0,5450.0,1055,76832,0.013731257809246148,1.3731257809246147,0.0001373125780924615,0.8059532486463973,80.59532486463972
all_data,fleet_total,TOTAL_GB_INTERCONNECTORS,GB interconnector fleet total,import,import_mw_conditional_on_importing,100.0,5500.0,5600.0,5550.0,917,76832,0.011935131195335277,1.1935131195335278,0.00011935131195335277,0.8178883798417326,81.78883798417326
all_data,fleet_total,TOTAL_GB_INTERCONNECTORS,GB interconnector fleet total,import,import_mw_conditional_on_importing,100.0,5600.0,5700.0,5650.0,1035,76832,0.013470949604331529,1.3470949604331528,0.00013470949604331528,0.8313593294460642,83.13593294460642
all_data,fleet_total,TOTAL_GB_INTERCONNECTORS,GB interconnector fleet total,import,import_mw_conditional_on_importing,100.0,5700.0,5800.0,5750.0,999,76832,0.013002394835485214,1.3002394835485214,0.00013002394835485214,0.8443617242815493,84.43617242815493
all_data,fleet_total,TOTAL_GB_INTERCONNECTORS,GB interconnector fleet total,import,import_mw_conditional_on_importing,100.0,5800.0,5900.0,5850.0,938,76832,0.012208454810495626,1.2208454810495626,0.00012208454810495626,0.856570179092045,85.6570179092045
all_data,fleet_total,TOTAL_GB_INTERCONNECTORS,GB interconnector fleet total,import,import_mw_conditional_on_importing,100.0,5900.0,6000.0,5950.0,1014,76832,0.013197625989171178,1.3197625989171178,0.0001319762598917118,0.8697678050812162,86.97678050812162
all_data,fleet_total,TOTAL_GB_INTERCONNECTORS,GB interconnector fleet total,import,import_mw_conditional_on_importing,100.0,6000.0,6100.0,6050.0,833,76832,0.010841836734693877,1.0841836734693877,0.00010841836734693877,0.8806096418159101,88.060964181591
all_data,fleet_total,TOTAL_GB_INTERCONNECTORS,GB interconnector fleet total,import,import_mw_conditional_on_importing,100.0,6100.0,6200.0,6150.0,822,76832,0.010698667221990837,1.0698667221990839,0.00010698667221990837,0.8913083090379009,89.1308309037901
all_data,fleet_total,TOTAL_GB_INTERCONNECTORS,GB interconnector fleet total,import,import_mw_conditional_on_importing,100.0,6200.0,6300.0,6250.0,911,76832,0.01185703873386089,1.1857038733860892,0.00011857038733860891,0.9031653477717617,90.31653477717617
all_data,fleet_total,TOTAL_GB_INTERCONNECTORS,GB interconnector fleet total,import,import_mw_conditional_on_importing,100.0,6300.0,6400.0,6350.0,865,76832,0.011258329862557268,1.1258329862557268,0.00011258329862557268,0.9144236776343191,91.4423677634319
all_data,fleet_total,TOTAL_GB_INTERCONNECTORS,GB interconnector fleet total,import,import_mw_conditional_on_importing,100.0,6400.0,6500.0,6450.0,833,76832,0.010841836734693877,1.0841836734693877,0.00010841836734693877,0.9252655143690129,92.5265514369013
all_data,fleet_total,TOTAL_GB_INTERCONNECTORS,GB interconnector fleet total,import,import_mw_conditional_on_importing,100.0,6500.0,6600.0,6550.0,683,76832,0.008889525197834236,0.8889525197834236,8.889525197834236e-05,0.9341550395668472,93.41550395668472
all_data,fleet_total,TOTAL_GB_INTERCONNECTORS,GB interconnector fleet total,import,import_mw_conditional_on_importing,100.0,6600.0,6700.0,6650.0,621,76832,0.008082569762598918,0.8082569762598918,8.082569762598918e-05,0.9422376093294461,94.22376093294461
all_data,fleet_total,TOTAL_GB_INTERCONNECTORS,GB interconnector fleet total,import,import_mw_conditional_on_importing,100.0,6700.0,6800.0,6750.0,558,76832,0.007262598917117867,0.7262598917117867,7.262598917117867e-05,0.9495002082465639,94.95002082465639
all_data,fleet_total,TOTAL_GB_INTERCONNECTORS,GB interconnector fleet total,import,import_mw_conditional_on_importing,100.0,6800.0,6900.0,6850.0,667,76832,0.00868127863390254,0.868127863390254,8.681278633902541e-05,0.9581814868804664,95.81814868804665
all_data,fleet_total,TOTAL_GB_INTERCONNECTORS,GB interconnector fleet total,import,import_mw_conditional_on_importing,100.0,6900.0,7000.0,6950.0,525,76832,0.006833090379008746,0.6833090379008746,6.833090379008747e-05,0.9650145772594753,96.50145772594753
all_data,fleet_total,TOTAL_GB_INTERCONNECTORS,GB interconnector fleet total,import,import_mw_conditional_on_importing,100.0,7000.0,7100.0,7050.0,374,76832,0.004867763431903374,0.4867763431903374,4.867763431903374e-05,0.9698823406913786,96.98823406913786
all_data,fleet_total,TOTAL_GB_INTERCONNECTORS,GB interconnector fleet total,import,import_mw_conditional_on_importing,100.0,7100.0,7200.0,7150.0,321,76832,0.004177946688879633,0.4177946688879633,4.177946688879633e-05,0.9740602873802582,97.40602873802582
all_data,fleet_total,TOTAL_GB_INTERCONNECTORS,GB interconnector fleet total,import,import_mw_conditional_on_importing,100.0,7200.0,7300.0,7250.0,360,76832,0.004685547688463141,0.4685547688463141,4.6855476884631405e-05,0.9787458350687214,97.87458350687214
all_data,fleet_total,TOTAL_GB_INTERCONNECTORS,GB interconnector fleet total,import,import_mw_conditional_on_importing,100.0,7300.0,7400.0,7350.0,329,76832,0.004282069970845481,0.42820699708454807,4.2820699708454805e-05,0.9830279050395668,98.30279050395669
all_data,fleet_total,TOTAL_GB_INTERCONNECTORS,GB interconnector fleet total,import,import_mw_conditional_on_importing,100.0,7400.0,7500.0,7450.0,233,76832,0.0030325905872553103,0.30325905872553105,3.0325905872553102e-05,0.9860604956268222,98.60604956268222
all_data,fleet_total,TOTAL_GB_INTERCONNECTORS,GB interconnector fleet total,import,import_mw_conditional_on_importing,100.0,7500.0,7600.0,7550.0,189,76832,0.002459912536443149,0.2459912536443149,2.459912536443149e-05,0.9885204081632653,98.85204081632652
all_data,fleet_total,TOTAL_GB_INTERCONNECTORS,GB interconnector fleet total,import,import_mw_conditional_on_importing,100.0,7600.0,7700.0,7650.0,165,76832,0.002147542690545606,0.2147542690545606,2.147542690545606e-05,0.9906679508538109,99.06679508538109
all_data,fleet_total,TOTAL_GB_INTERCONNECTORS,GB interconnector fleet total,import,import_mw_conditional_on_importing,100.0,7700.0,7800.0,7750.0,150,76832,0.0019523115368596418,0.19523115368596416,1.9523115368596416e-05,0.9926202623906706,99.26202623906705
all_data,fleet_total,TOTAL_GB_INTERCONNECTORS,GB interconnector fleet total,import,import_mw_conditional_on_importing,100.0,7800.0,7900.0,7850.0,144,76832,0.001874219075385256,0.1874219075385256,1.874219075385256e-05,0.9944944814660558,99.44944814660558
all_data,fleet_total,TOTAL_GB_INTERCONNECTORS,GB interconnector fleet total,import,import_mw_conditional_on_importing,100.0,7900.0,8000.0,7950.0,94,76832,0.001223448563098709,0.1223448563098709,1.2234485630987089e-05,0.9957179300291545,99.57179300291546
all_data,fleet_total,TOTAL_GB_INTERCONNECTORS,GB interconnector fleet total,import,import_mw_conditional_on_importing,100.0,8000.0,8100.0,8050.0,91,76832,0.0011844023323615161,0.1184402332361516,1.1844023323615162e-05,0.996902332361516,99.6902332361516
all_data,fleet_total,TOTAL_GB_INTERCONNECTORS,GB interconnector fleet total,import,import_mw_conditional_on_importing,100.0,8100.0,8200.0,8150.0,63,76832,0.0008199708454810496,0.08199708454810496,8.199708454810496e-06,0.9977223032069971,99.7722303206997
all_data,fleet_total,TOTAL_GB_INTERCONNECTORS,GB interconnector fleet total,import,import_mw_conditional_on_importing,100.0,8200.0,8300.0,8250.0,53,76832,0.0006898167430237401,0.06898167430237401,6.8981674302374006e-06,0.9984121199500208,99.84121199500208
all_data,fleet_total,TOTAL_GB_INTERCONNECTORS,GB interconnector fleet total,import,import_mw_conditional_on_importing,100.0,8300.0,8400.0,8350.0,35,76832,0.00045553935860058307,0.045553935860058306,4.555393586005831e-06,0.9988676593086214,99.88676593086214
all_data,fleet_total,TOTAL_GB_INTERCONNECTORS,GB interconnector fleet total,import,import_mw_conditional_on_importing,100.0,8400.0,8500.0,8450.0,20,76832,0.0002603082049146189,0.02603082049146189,2.603082049146189e-06,0.999127967513536,99.91279675135361
all_data,fleet_total,TOTAL_GB_INTERCONNECTORS,GB interconnector fleet total,import,import_mw_conditional_on_importing,100.0,8500.0,8600.0,8550.0,15,76832,0.00019523115368596418,0.019523115368596418,1.9523115368596417e-06,0.999323198667222,99.9323198667222
all_data,fleet_total,TOTAL_GB_INTERCONNECTORS,GB interconnector fleet total,import,import_mw_conditional_on_importing,100.0,8600.0,8700.0,8650.0,14,76832,0.00018221574344023323,0.018221574344023325,1.8221574344023322e-06,0.9995054144106622,99.95054144106622
all_data,fleet_total,TOTAL_GB_INTERCONNECTORS,GB interconnector fleet total,import,import_mw_conditional_on_importing,100.0,8700.0,8800.0,8750.0,18,76832,0.000234277384423157,0.0234277384423157,2.34277384423157e-06,0.9997396917950854,99.97396917950854
all_data,fleet_total,TOTAL_GB_INTERCONNECTORS,GB interconnector fleet total,import,import_mw_conditional_on_importing,100.0,8800.0,8900.0,8850.0,5,76832,6.507705122865473e-05,0.006507705122865473,6.507705122865473e-07,0.9998047688463141,99.98047688463141
all_data,fleet_total,TOTAL_GB_INTERCONNECTORS,GB interconnector fleet total,import,import_mw_conditional_on_importing,100.0,8900.0,9000.0,8950.0,4,76832,5.2061640982923784e-05,0.005206164098292379,5.206164098292378e-07,0.999856830487297,99.9856830487297
all_data,fleet_total,TOTAL_GB_INTERCONNECTORS,GB interconnector fleet total,import,import_mw_conditional_on_importing,100.0,9000.0,9100.0,9050.0,5,76832,6.507705122865473e-05,0.006507705122865473,6.507705122865473e-07,0.9999219075385256,99.99219075385255
all_data,fleet_total,TOTAL_GB_INTERCONNECTORS,GB interconnector fleet total,import,import_mw_conditional_on_importing,100.0,9100.0,9200.0,9150.0,4,76832,5.2061640982923784e-05,0.005206164098292379,5.206164098292378e-07,0.9999739691795085,99.99739691795085
all_data,fleet_total,TOTAL_GB_INTERCONNECTORS,GB interconnector fleet total,import,import_mw_conditional_on_importing,100.0,9200.0,9300.0,9250.0,2,76832,2.6030820491461892e-05,0.0026030820491461893,2.603082049146189e-07,1.0,100.0
all_data,fleet_total,TOTAL_GB_INTERCONNECTORS,GB interconnector fleet total,export,export_mw_positive_magnitude_conditional_on_exporting,100.0,0.0,100.0,50.0,593,19444,0.030497839950627444,3.0497839950627443,0.00030497839950627444,0.030497839950627444,3.0497839950627443
all_data,fleet_total,TOTAL_GB_INTERCONNECTORS,GB interconnector fleet total,export,export_mw_positive_magnitude_conditional_on_exporting,100.0,100.0,200.0,150.0,623,19444,0.03204073235959679,3.204073235959679,0.00032040732359596793,0.06253857231022424,6.253857231022423
all_data,fleet_total,TOTAL_GB_INTERCONNECTORS,GB interconnector fleet total,export,export_mw_positive_magnitude_conditional_on_exporting,100.0,200.0,300.0,250.0,617,19444,0.03173215387780292,3.1732153877802918,0.0003173215387780292,0.09427072618802715,9.427072618802715
all_data,fleet_total,TOTAL_GB_INTERCONNECTORS,GB interconnector fleet total,export,export_mw_positive_magnitude_conditional_on_exporting,100.0,300.0,400.0,350.0,570,19444,0.02931495577041761,2.931495577041761,0.00029314955770417606,0.12358568195844477,12.358568195844477
all_data,fleet_total,TOTAL_GB_INTERCONNECTORS,GB interconnector fleet total,export,export_mw_positive_magnitude_conditional_on_exporting,100.0,400.0,500.0,450.0,579,19444,0.029777823493108414,2.9777823493108415,0.00029777823493108414,0.15336350545155317,15.336350545155316
all_data,fleet_total,TOTAL_GB_INTERCONNECTORS,GB interconnector fleet total,export,export_mw_positive_magnitude_conditional_on_exporting,100.0,500.0,600.0,550.0,562,19444,0.02890351779469245,2.890351779469245,0.0002890351779469245,0.18226702324624564,18.226702324624565
all_data,fleet_total,TOTAL_GB_INTERCONNECTORS,GB interconnector fleet total,export,export_mw_positive_magnitude_conditional_on_exporting,100.0,600.0,700.0,650.0,488,19444,0.025097716519234724,2.5097716519234723,0.00025097716519234726,0.20736473976548037,20.736473976548037
all_data,fleet_total,TOTAL_GB_INTERCONNECTORS,GB interconnector fleet total,export,export_mw_positive_magnitude_conditional_on_exporting,100.0,700.0,800.0,750.0,522,19444,0.026846327916066653,2.6846327916066652,0.0002684632791606665,0.234211067681547,23.4211067681547
all_data,fleet_total,TOTAL_GB_INTERCONNECTORS,GB interconnector fleet total,export,export_mw_positive_magnitude_conditional_on_exporting,100.0,800.0,900.0,850.0,549,19444,0.028234931084139065,2.8234931084139063,0.00028234931084139065,0.2624459987656861,26.244599876568607
all_data,fleet_total,TOTAL_GB_INTERCONNECTORS,GB interconnector fleet total,export,export_mw_positive_magnitude_conditional_on_exporting,100.0,900.0,1000.0,950.0,502,19444,0.025817732976753754,2.5817732976753756,0.00025817732976753755,0.28826373174243985,28.826373174243987
all_data,fleet_total,TOTAL_GB_INTERCONNECTORS,GB interconnector fleet total,export,export_mw_positive_magnitude_conditional_on_exporting,100.0,1000.0,1100.0,1050.0,507,19444,0.02607488171158198,2.607488171158198,0.00026074881711581977,0.3143386134540218,31.433861345402182
all_data,fleet_total,TOTAL_GB_INTERCONNECTORS,GB interconnector fleet total,export,export_mw_positive_magnitude_conditional_on_exporting,100.0,1100.0,1200.0,1150.0,553,19444,0.028440650072001646,2.8440650072001645,0.00028440650072001646,0.34277926352602345,34.27792635260234
all_data,fleet_total,TOTAL_GB_INTERCONNECTORS,GB interconnector fleet total,export,export_mw_positive_magnitude_conditional_on_exporting,100.0,1200.0,1300.0,1250.0,470,19444,0.024171981073853117,2.4171981073853117,0.00024171981073853115,0.36695124459987655,36.69512445998765
all_data,fleet_total,TOTAL_GB_INTERCONNECTORS,GB interconnector fleet total,export,export_mw_positive_magnitude_conditional_on_exporting,100.0,1300.0,1400.0,1350.0,473,19444,0.024326270314750053,2.4326270314750054,0.00024326270314750054,0.39127751491462665,39.12775149146267
all_data,fleet_total,TOTAL_GB_INTERCONNECTORS,GB interconnector fleet total,export,export_mw_positive_magnitude_conditional_on_exporting,100.0,1400.0,1500.0,1450.0,462,19444,0.023760543098127956,2.3760543098127958,0.00023760543098127955,0.41503805801275456,41.503805801275455
all_data,fleet_total,TOTAL_GB_INTERCONNECTORS,GB interconnector fleet total,export,export_mw_positive_magnitude_conditional_on_exporting,100.0,1500.0,1600.0,1550.0,434,19444,0.0223205101830899,2.23205101830899,0.000223205101830899,0.43735856819584445,43.73585681958445
all_data,fleet_total,TOTAL_GB_INTERCONNECTORS,GB interconnector fleet total,export,export_mw_positive_magnitude_conditional_on_exporting,100.0,1600.0,1700.0,1650.0,405,19444,0.020829047521086195,2.0829047521086195,0.00020829047521086195,0.4581876157169307,45.81876157169307
all_data,fleet_total,TOTAL_GB_INTERCONNECTORS,GB interconnector fleet total,export,export_mw_positive_magnitude_conditional_on_exporting,100.0,1700.0,1800.0,1750.0,429,19444,0.022063361448261674,2.2063361448261674,0.00022063361448261675,0.4802509771651923,48.025097716519234
all_data,fleet_total,TOTAL_GB_INTERCONNECTORS,GB interconnector fleet total,export,export_mw_positive_magnitude_conditional_on_exporting,100.0,1800.0,1900.0,1850.0,367,19444,0.01887471713639169,1.8874717136391688,0.00018874717136391689,0.49912569430158404,49.912569430158406
all_data,fleet_total,TOTAL_GB_INTERCONNECTORS,GB interconnector fleet total,export,export_mw_positive_magnitude_conditional_on_exporting,100.0,1900.0,2000.0,1950.0,390,19444,0.02005760131660152,2.005760131660152,0.0002005760131660152,0.5191832956181855,51.91832956181855
all_data,fleet_total,TOTAL_GB_INTERCONNECTORS,GB interconnector fleet total,export,export_mw_positive_magnitude_conditional_on_exporting,100.0,2000.0,2100.0,2050.0,405,19444,0.020829047521086195,2.0829047521086195,0.00020829047521086195,0.5400123431392717,54.00123431392717
all_data,fleet_total,TOTAL_GB_INTERCONNECTORS,GB interconnector fleet total,export,export_mw_positive_magnitude_conditional_on_exporting,100.0,2100.0,2200.0,2150.0,374,19444,0.019234725365151202,1.9234725365151202,0.00019234725365151203,0.559247068504423,55.9247068504423
all_data,fleet_total,TOTAL_GB_INTERCONNECTORS,GB interconnector fleet total,export,export_mw_positive_magnitude_conditional_on_exporting,100.0,2200.0,2300.0,2250.0,394,19444,0.0202633203044641,2.0263320304464103,0.00020263320304464102,0.5795103888088871,57.9510388808887
all_data,fleet_total,TOTAL_GB_INTERCONNECTORS,GB interconnector fleet total,export,export_mw_positive_magnitude_conditional_on_exporting,100.0,2300.0,2400.0,2350.0,335,19444,0.017228965233491052,1.7228965233491051,0.0001722896523349105,0.5967393540423781,59.67393540423781
all_data,fleet_total,TOTAL_GB_INTERCONNECTORS,GB interconnector fleet total,export,export_mw_positive_magnitude_conditional_on_exporting,100.0,2400.0,2500.0,2450.0,366,19444,0.018823287389426045,1.8823287389426044,0.00018823287389426043,0.6155626414318042,61.556264143180414
all_data,fleet_total,TOTAL_GB_INTERCONNECTORS,GB interconnector fleet total,export,export_mw_positive_magnitude_conditional_on_exporting,100.0,2500.0,2600.0,2550.0,333,19444,0.01712610573955976,1.712610573955976,0.0001712610573955976,0.6326887471713639,63.26887471713639
all_data,fleet_total,TOTAL_GB_INTERCONNECTORS,GB interconnector fleet total,export,export_mw_positive_magnitude_conditional_on_exporting,100.0,2600.0,2700.0,2650.0,328,19444,0.016868957004731535,1.6868957004731535,0.00016868957004731534,0.6495577041760955,64.95577041760954
all_data,fleet_total,TOTAL_GB_INTERCONNECTORS,GB interconnector fleet total,export,export_mw_positive_magnitude_conditional_on_exporting,100.0,2700.0,2800.0,2750.0,343,19444,0.01764040320921621,1.7640403209216209,0.00017640403209216209,0.6671981073853117,66.71981073853117
all_data,fleet_total,TOTAL_GB_INTERCONNECTORS,GB interconnector fleet total,export,export_mw_positive_magnitude_conditional_on_exporting,100.0,2800.0,2900.0,2850.0,326,19444,0.016766097510800246,1.6766097510800246,0.00016766097510800246,0.6839642048961119,68.39642048961119
all_data,fleet_total,TOTAL_GB_INTERCONNECTORS,GB interconnector fleet total,export,export_mw_positive_magnitude_conditional_on_exporting,100.0,2900.0,3000.0,2950.0,323,19444,0.016611808269903314,1.6611808269903314,0.00016611808269903313,0.7005760131660153,70.05760131660152
all_data,fleet_total,TOTAL_GB_INTERCONNECTORS,GB interconnector fleet total,export,export_mw_positive_magnitude_conditional_on_exporting,100.0,3000.0,3100.0,3050.0,304,19444,0.01563464307755606,1.5634643077556059,0.0001563464307755606,0.7162106562435713,71.62106562435713
all_data,fleet_total,TOTAL_GB_INTERCONNECTORS,GB interconnector fleet total,export,export_mw_positive_magnitude_conditional_on_exporting,100.0,3100.0,3200.0,3150.0,293,19444,0.015068915860933963,1.5068915860933962,0.00015068915860933963,0.7312795721045052,73.12795721045052
all_data,fleet_total,TOTAL_GB_INTERCONNECTORS,GB interconnector fleet total,export,export_mw_positive_magnitude_conditional_on_exporting,100.0,3200.0,3300.0,3250.0,321,19444,0.01650894877597202,1.650894877597202,0.00016508948775972022,0.7477885208804773,74.77885208804773
all_data,fleet_total,TOTAL_GB_INTERCONNECTORS,GB interconnector fleet total,export,export_mw_positive_magnitude_conditional_on_exporting,100.0,3300.0,3400.0,3350.0,256,19444,0.013166015223205102,1.31660152232051,0.00013166015223205102,0.7609545361036824,76.09545361036824
all_data,fleet_total,TOTAL_GB_INTERCONNECTORS,GB interconnector fleet total,export,export_mw_positive_magnitude_conditional_on_exporting,100.0,3400.0,3500.0,3450.0,271,19444,0.013937461427689776,1.3937461427689777,0.00013937461427689776,0.7748919975313722,77.48919975313721
all_data,fleet_total,TOTAL_GB_INTERCONNECTORS,GB interconnector fleet total,export,export_mw_positive_magnitude_conditional_on_exporting,100.0,3500.0,3600.0,3550.0,287,19444,0.014760337379140094,1.4760337379140094,0.00014760337379140094,0.7896523349105122,78.96523349105122
all_data,fleet_total,TOTAL_GB_INTERCONNECTORS,GB interconnector fleet total,export,export_mw_positive_magnitude_conditional_on_exporting,100.0,3600.0,3700.0,3650.0,242,19444,0.012445998765686073,1.2445998765686073,0.00012445998765686072,0.8020983336761983,80.20983336761984
all_data,fleet_total,TOTAL_GB_INTERCONNECTORS,GB interconnector fleet total,export,export_mw_positive_magnitude_conditional_on_exporting,100.0,3700.0,3800.0,3750.0,225,19444,0.011571693067270109,1.1571693067270108,0.00011571693067270108,0.8136700267434684,81.36700267434685
all_data,fleet_total,TOTAL_GB_INTERCONNECTORS,GB interconnector fleet total,export,export_mw_positive_magnitude_conditional_on_exporting,100.0,3800.0,3900.0,3850.0,259,19444,0.013320304464102036,1.3320304464102035,0.00013320304464102035,0.8269903312075705,82.69903312075705
all_data,fleet_total,TOTAL_GB_INTERCONNECTORS,GB interconnector fleet total,export,export_mw_positive_magnitude_conditional_on_exporting,100.0,3900.0,4000.0,3950.0,250,19444,0.012857436741411233,1.2857436741411232,0.00012857436741411232,0.8398477679489816,83.98477679489817
all_data,fleet_total,TOTAL_GB_INTERCONNECTORS,GB interconnector fleet total,export,export_mw_positive_magnitude_conditional_on_exporting,100.0,4000.0,4100.0,4050.0,249,19444,0.012806006994445587,1.2806006994445587,0.00012806006994445587,0.8526537749434273,85.26537749434273
all_data,fleet_total,TOTAL_GB_INTERCONNECTORS,GB interconnector fleet total,export,export_mw_positive_magnitude_conditional_on_exporting,100.0,4100.0,4200.0,4150.0,243,19444,0.012497428512651718,1.2497428512651718,0.00012497428512651718,0.865151203456079,86.5151203456079
all_data,fleet_total,TOTAL_GB_INTERCONNECTORS,GB interconnector fleet total,export,export_mw_positive_magnitude_conditional_on_exporting,100.0,4200.0,4300.0,4250.0,293,19444,0.015068915860933963,1.5068915860933962,0.00015068915860933963,0.8802201193170129,88.0220119317013
all_data,fleet_total,TOTAL_GB_INTERCONNECTORS,GB interconnector fleet total,export,export_mw_positive_magnitude_conditional_on_exporting,100.0,4300.0,4400.0,4350.0,242,19444,0.012445998765686073,1.2445998765686073,0.00012445998765686072,0.892666118082699,89.2666118082699
all_data,fleet_total,TOTAL_GB_INTERCONNECTORS,GB interconnector fleet total,export,export_mw_positive_magnitude_conditional_on_exporting,100.0,4400.0,4500.0,4450.0,248,19444,0.012754577247479942,1.2754577247479943,0.00012754577247479942,0.905420695330179,90.5420695330179
all_data,fleet_total,TOTAL_GB_INTERCONNECTORS,GB interconnector fleet total,export,export_mw_positive_magnitude_conditional_on_exporting,100.0,4500.0,4600.0,4550.0,236,19444,0.012137420283892203,1.2137420283892202,0.00012137420283892203,0.9175581156140712,91.75581156140711
all_data,fleet_total,TOTAL_GB_INTERCONNECTORS,GB interconnector fleet total,export,export_mw_positive_magnitude_conditional_on_exporting,100.0,4600.0,4700.0,4650.0,209,19444,0.01074881711581979,1.074881711581979,0.0001074881711581979,0.928306932729891,92.8306932729891
all_data,fleet_total,TOTAL_GB_INTERCONNECTORS,GB interconnector fleet total,export,export_mw_positive_magnitude_conditional_on_exporting,100.0,4700.0,4800.0,4750.0,184,19444,0.009463073441678667,0.9463073441678667,9.463073441678667e-05,0.9377700061715696,93.77700061715696
all_data,fleet_total,TOTAL_GB_INTERCONNECTORS,GB interconnector fleet total,export,export_mw_positive_magnitude_conditional_on_exporting,100.0,4800.0,4900.0,4850.0,179,19444,0.009205924706850442,0.9205924706850441,9.205924706850442e-05,0.94697593087842,94.69759308784201
all_data,fleet_total,TOTAL_GB_INTERCONNECTORS,GB interconnector fleet total,export,export_mw_positive_magnitude_conditional_on_exporting,100.0,4900.0,5000.0,4950.0,135,19444,0.006943015840362066,0.6943015840362066,6.943015840362066e-05,0.9539189467187822,95.39189467187822
all_data,fleet_total,TOTAL_GB_INTERCONNECTORS,GB interconnector fleet total,export,export_mw_positive_magnitude_conditional_on_exporting,100.0,5000.0,5100.0,5050.0,135,19444,0.006943015840362066,0.6943015840362066,6.943015840362066e-05,0.9608619625591442,96.08619625591443
all_data,fleet_total,TOTAL_GB_INTERCONNECTORS,GB interconnector fleet total,export,export_mw_positive_magnitude_conditional_on_exporting,100.0,5100.0,5200.0,5150.0,138,19444,0.007097305081259,0.7097305081259,7.097305081259e-05,0.9679592676404032,96.79592676404032
all_data,fleet_total,TOTAL_GB_INTERCONNECTORS,GB interconnector fleet total,export,export_mw_positive_magnitude_conditional_on_exporting,100.0,5200.0,5300.0,5250.0,98,19444,0.005040115202633203,0.5040115202633203,5.040115202633203e-05,0.9729993828430364,97.29993828430365
all_data,fleet_total,TOTAL_GB_INTERCONNECTORS,GB interconnector fleet total,export,export_mw_positive_magnitude_conditional_on_exporting,100.0,5300.0,5400.0,5350.0,70,19444,0.003600082287595145,0.3600082287595145,3.600082287595145e-05,0.9765994651306316,97.65994651306316
all_data,fleet_total,TOTAL_GB_INTERCONNECTORS,GB interconnector fleet total,export,export_mw_positive_magnitude_conditional_on_exporting,100.0,5400.0,5500.0,5450.0,78,19444,0.004011520263320304,0.4011520263320304,4.011520263320304e-05,0.9806109853939519,98.06109853939519
all_data,fleet_total,TOTAL_GB_INTERCONNECTORS,GB interconnector fleet total,export,export_mw_positive_magnitude_conditional_on_exporting,100.0,5500.0,5600.0,5550.0,64,19444,0.0032915038058012754,0.3291503805801275,3.2915038058012754e-05,0.9839024891997531,98.3902489199753
all_data,fleet_total,TOTAL_GB_INTERCONNECTORS,GB interconnector fleet total,export,export_mw_positive_magnitude_conditional_on_exporting,100.0,5600.0,5700.0,5650.0,53,19444,0.002725776589179181,0.27257765891791813,2.725776589179181e-05,0.9866282657889324,98.66282657889323
all_data,fleet_total,TOTAL_GB_INTERCONNECTORS,GB interconnector fleet total,export,export_mw_positive_magnitude_conditional_on_exporting,100.0,5700.0,5800.0,5750.0,38,19444,0.0019543303846945074,0.19543303846945073,1.9543303846945074e-05,0.9885825961736269,98.85825961736269
all_data,fleet_total,TOTAL_GB_INTERCONNECTORS,GB interconnector fleet total,export,export_mw_positive_magnitude_conditional_on_exporting,100.0,5800.0,5900.0,5850.0,39,19444,0.002005760131660152,0.2005760131660152,2.005760131660152e-05,0.990588356305287,99.05883563052869
all_data,fleet_total,TOTAL_GB_INTERCONNECTORS,GB interconnector fleet total,export,export_mw_positive_magnitude_conditional_on_exporting,100.0,5900.0,6000.0,5950.0,37,19444,0.0019029006377288625,0.19029006377288624,1.9029006377288624e-05,0.9924912569430159,99.24912569430158
all_data,fleet_total,TOTAL_GB_INTERCONNECTORS,GB interconnector fleet total,export,export_mw_positive_magnitude_conditional_on_exporting,100.0,6000.0,6100.0,6050.0,44,19444,0.002262908866488377,0.22629088664883767,2.2629088664883767e-05,0.9947541658095043,99.47541658095042
all_data,fleet_total,TOTAL_GB_INTERCONNECTORS,GB interconnector fleet total,export,export_mw_positive_magnitude_conditional_on_exporting,100.0,6100.0,6200.0,6150.0,37,19444,0.0019029006377288625,0.19029006377288624,1.9029006377288624e-05,0.9966570664472331,99.6657066447233
all_data,fleet_total,TOTAL_GB_INTERCONNECTORS,GB interconnector fleet total,export,export_mw_positive_magnitude_conditional_on_exporting,100.0,6200.0,6300.0,6250.0,34,19444,0.0017486113968319275,0.17486113968319275,1.7486113968319274e-05,0.998405677844065,99.8405677844065
all_data,fleet_total,TOTAL_GB_INTERCONNECTORS,GB interconnector fleet total,export,export_mw_positive_magnitude_conditional_on_exporting,100.0,6300.0,6400.0,6350.0,9,19444,0.0004628677226908044,0.04628677226908044,4.6286772269080435e-06,0.9988685455667559,99.88685455667559
all_data,fleet_total,TOTAL_GB_INTERCONNECTORS,GB interconnector fleet total,export,export_mw_positive_magnitude_conditional_on_exporting,100.0,6400.0,6500.0,6450.0,3,19444,0.00015428924089693478,0.015428924089693478,1.5428924089693478e-06,0.9990228348076527,99.90228348076528
all_data,fleet_total,TOTAL_GB_INTERCONNECTORS,GB interconnector fleet total,export,export_mw_positive_magnitude_conditional_on_exporting,100.0,6500.0,6600.0,6550.0,4,19444,0.0002057189878625797,0.02057189878625797,2.057189878625797e-06,0.9992285537955153,99.92285537955154
all_data,fleet_total,TOTAL_GB_INTERCONNECTORS,GB interconnector fleet total,export,export_mw_positive_magnitude_conditional_on_exporting,100.0,6600.0,6700.0,6650.0,4,19444,0.0002057189878625797,0.02057189878625797,2.057189878625797e-06,0.9994342727833779,99.9434272783378
all_data,fleet_total,TOTAL_GB_INTERCONNECTORS,GB interconnector fleet total,export,export_mw_positive_magnitude_conditional_on_exporting,100.0,6700.0,6800.0,6750.0,2,19444,0.00010285949393128986,0.010285949393128985,1.0285949393128986e-06,0.9995371322773092,99.95371322773093
all_data,fleet_total,TOTAL_GB_INTERCONNECTORS,GB interconnector fleet total,export,export_mw_positive_magnitude_conditional_on_exporting,100.0,6800.0,6900.0,6850.0,1,19444,5.142974696564493e-05,0.0051429746965644925,5.142974696564493e-07,0.9995885620242748,99.95885620242748
all_data,fleet_total,TOTAL_GB_INTERCONNECTORS,GB interconnector fleet total,export,export_mw_positive_magnitude_conditional_on_exporting,100.0,6900.0,7000.0,6950.0,0,19444,0.0,0.0,0.0,0.9995885620242748,99.95885620242748
all_data,fleet_total,TOTAL_GB_INTERCONNECTORS,GB interconnector fleet total,export,export_mw_positive_magnitude_conditional_on_exporting,100.0,7000.0,7100.0,7050.0,0,19444,0.0,0.0,0.0,0.9995885620242748,99.95885620242748
all_data,fleet_total,TOTAL_GB_INTERCONNECTORS,GB interconnector fleet total,export,export_mw_positive_magnitude_conditional_on_exporting,100.0,7100.0,7200.0,7150.0,1,19444,5.142974696564493e-05,0.0051429746965644925,5.142974696564493e-07,0.9996399917712405,99.96399917712405
all_data,fleet_total,TOTAL_GB_INTERCONNECTORS,GB interconnector fleet total,export,export_mw_positive_magnitude_conditional_on_exporting,100.0,7200.0,7300.0,7250.0,1,19444,5.142974696564493e-05,0.0051429746965644925,5.142974696564493e-07,0.9996914215182061,99.9691421518206
all_data,fleet_total,TOTAL_GB_INTERCONNECTORS,GB interconnector fleet total,export,export_mw_positive_magnitude_conditional_on_exporting,100.0,7300.0,7400.0,7350.0,1,19444,5.142974696564493e-05,0.0051429746965644925,5.142974696564493e-07,0.9997428512651718,99.97428512651719
all_data,fleet_total,TOTAL_GB_INTERCONNECTORS,GB interconnector fleet total,export,export_mw_positive_magnitude_conditional_on_exporting,100.0,7400.0,7500.0,7450.0,1,19444,5.142974696564493e-05,0.0051429746965644925,5.142974696564493e-07,0.9997942810121374,99.97942810121374
all_data,fleet_total,TOTAL_GB_INTERCONNECTORS,GB interconnector fleet total,export,export_mw_positive_magnitude_conditional_on_exporting,100.0,7500.0,7600.0,7550.0,0,19444,0.0,0.0,0.0,0.9997942810121374,99.97942810121374
all_data,fleet_total,TOTAL_GB_INTERCONNECTORS,GB interconnector fleet total,export,export_mw_positive_magnitude_conditional_on_exporting,100.0,7600.0,7700.0,7650.0,0,19444,0.0,0.0,0.0,0.9997942810121374,99.97942810121374
all_data,fleet_total,TOTAL_GB_INTERCONNECTORS,GB interconnector fleet total,export,export_mw_positive_magnitude_conditional_on_exporting,100.0,7700.0,7800.0,7750.0,1,19444,5.142974696564493e-05,0.0051429746965644925,5.142974696564493e-07,0.9998457107591031,99.98457107591031
all_data,fleet_total,TOTAL_GB_INTERCONNECTORS,GB interconnector fleet total,export,export_mw_positive_magnitude_conditional_on_exporting,100.0,7800.0,7900.0,7850.0,1,19444,5.142974696564493e-05,0.0051429746965644925,5.142974696564493e-07,0.9998971405060687,99.98971405060686
all_data,fleet_total,TOTAL_GB_INTERCONNECTORS,GB interconnector fleet total,export,export_mw_positive_magnitude_conditional_on_exporting,100.0,7900.0,8000.0,7950.0,2,19444,0.00010285949393128986,0.010285949393128985,1.0285949393128986e-06,1.0,100.0
all_data,interconnector,INTELEC,Eleclink (INTELEC),import,import_mw_conditional_on_importing,100.0,0.0,100.0,50.0,1676,49009,0.034197800404007425,3.4197800404007426,0.00034197800404007426,0.034197800404007425,3.4197800404007426
all_data,interconnector,INTELEC,Eleclink (INTELEC),import,import_mw_conditional_on_importing,100.0,100.0,200.0,150.0,1559,49009,0.031810483788691876,3.1810483788691877,0.00031810483788691874,0.0660082841926993,6.60082841926993
all_data,interconnector,INTELEC,Eleclink (INTELEC),import,import_mw_conditional_on_importing,100.0,200.0,300.0,250.0,1734,49009,0.03538125650390744,3.5381256503907443,0.00035381256503907446,0.10138954069660674,10.138954069660674
all_data,interconnector,INTELEC,Eleclink (INTELEC),import,import_mw_conditional_on_importing,100.0,300.0,400.0,350.0,1744,49009,0.035585300659062624,3.5585300659062624,0.00035585300659062626,0.13697484135566937,13.697484135566937
all_data,interconnector,INTELEC,Eleclink (INTELEC),import,import_mw_conditional_on_importing,100.0,400.0,500.0,450.0,1741,49009,0.035524087412516066,3.5524087412516065,0.00035524087412516065,0.17249892876818543,17.249892876818542
all_data,interconnector,INTELEC,Eleclink (INTELEC),import,import_mw_conditional_on_importing,100.0,500.0,600.0,550.0,1755,49009,0.03580974922973332,3.580974922973332,0.0003580974922973332,0.20830867799791875,20.830867799791875
all_data,interconnector,INTELEC,Eleclink (INTELEC),import,import_mw_conditional_on_importing,100.0,600.0,700.0,650.0,1825,49009,0.03723805831581954,3.723805831581954,0.0003723805831581954,0.2455467363137383,24.55467363137383
all_data,interconnector,INTELEC,Eleclink (INTELEC),import,import_mw_conditional_on_importing,100.0,700.0,800.0,750.0,2225,49009,0.045399824522026566,4.539982452202657,0.00045399824522026564,0.29094656083576487,29.09465608357649
all_data,interconnector,INTELEC,Eleclink (INTELEC),import,import_mw_conditional_on_importing,100.0,800.0,900.0,850.0,2672,49009,0.054520598257462916,5.452059825746291,0.0005452059825746292,0.3454671590932278,34.54671590932278
all_data,interconnector,INTELEC,Eleclink (INTELEC),import,import_mw_conditional_on_importing,100.0,900.0,1000.0,950.0,30549,49009,0.6233344895835459,62.33344895835459,0.006233344895835459,0.9688016486767737,96.88016486767737
all_data,interconnector,INTELEC,Eleclink (INTELEC),import,import_mw_conditional_on_importing,100.0,1000.0,1100.0,1050.0,1525,49009,0.031116733661164277,3.1116733661164275,0.00031116733661164275,0.999918382337938,99.9918382337938
all_data,interconnector,INTELEC,Eleclink (INTELEC),import,import_mw_conditional_on_importing,100.0,1100.0,1200.0,1150.0,2,49009,4.080883103103512e-05,0.004080883103103511,4.080883103103512e-07,0.9999591911689689,99.99591911689689
all_data,interconnector,INTELEC,Eleclink (INTELEC),import,import_mw_conditional_on_importing,100.0,1200.0,1300.0,1250.0,2,49009,4.080883103103512e-05,0.004080883103103511,4.080883103103512e-07,1.0,100.0
all_data,interconnector,INTELEC,Eleclink (INTELEC),export,export_mw_positive_magnitude_conditional_on_exporting,100.0,0.0,100.0,50.0,1605,14038,0.11433252600085482,11.433252600085481,0.0011433252600085483,0.11433252600085482,11.433252600085481
all_data,interconnector,INTELEC,Eleclink (INTELEC),export,export_mw_positive_magnitude_conditional_on_exporting,100.0,100.0,200.0,150.0,1107,14038,0.07885738709217838,7.885738709217838,0.0007885738709217838,0.19318991309303318,19.318991309303318
all_data,interconnector,INTELEC,Eleclink (INTELEC),export,export_mw_positive_magnitude_conditional_on_exporting,100.0,200.0,300.0,250.0,821,14038,0.058484114546231654,5.848411454623165,0.0005848411454623166,0.25167402763926483,25.167402763926482
all_data,interconnector,INTELEC,Eleclink (INTELEC),export,export_mw_positive_magnitude_conditional_on_exporting,100.0,300.0,400.0,350.0,776,14038,0.0552785297050862,5.5278529705086195,0.000552785297050862,0.30695255734435106,30.695255734435108
all_data,interconnector,INTELEC,Eleclink (INTELEC),export,export_mw_positive_magnitude_conditional_on_exporting,100.0,400.0,500.0,450.0,678,14038,0.048297478273258296,4.829747827325829,0.00048297478273258296,0.35525003561760937,35.52500356176094
all_data,interconnector,INTELEC,Eleclink (INTELEC),export,export_mw_positive_magnitude_conditional_on_exporting,100.0,500.0,600.0,550.0,634,14038,0.045163128650804955,4.516312865080495,0.00045163128650804957,0.4004131642684143,40.041316426841426
all_data,interconnector,INTELEC,Eleclink (INTELEC),export,export_mw_positive_magnitude_conditional_on_exporting,100.0,600.0,700.0,650.0,612,14038,0.04359595383957829,4.359595383957829,0.0004359595383957829,0.4440091181079926,44.40091181079926
all_data,interconnector,INTELEC,Eleclink (INTELEC),export,export_mw_positive_magnitude_conditional_on_exporting,100.0,700.0,800.0,750.0,693,14038,0.04936600655364012,4.936600655364011,0.0004936600655364012,0.4933751246616327,49.33751246616327
all_data,interconnector,INTELEC,Eleclink (INTELEC),export,export_mw_positive_magnitude_conditional_on_exporting,100.0,800.0,900.0,850.0,1389,14038,0.0989457187633566,9.894571876335661,0.000989457187633566,0.5923208434249894,59.232084342498936
all_data,interconnector,INTELEC,Eleclink (INTELEC),export,export_mw_positive_magnitude_conditional_on_exporting,100.0,900.0,1000.0,950.0,1621,14038,0.11547228949992877,11.547228949992878,0.0011547228949992877,0.7077931329249181,70.7793132924918
all_data,interconnector,INTELEC,Eleclink (INTELEC),export,export_mw_positive_magnitude_conditional_on_exporting,100.0,1000.0,1100.0,1050.0,4102,14038,0.2922068670750819,29.220686707508193,0.0029220686707508194,1.0,100.0
all_data,interconnector,INTEW,Ireland(East-West),import,import_mw_conditional_on_importing,100.0,0.0,100.0,50.0,5503,17102,0.32177523096713834,32.177523096713834,0.0032177523096713835,0.32177523096713834,32.177523096713834
all_data,interconnector,INTEW,Ireland(East-West),import,import_mw_conditional_on_importing,100.0,100.0,200.0,150.0,2928,17102,0.1712080458425915,17.12080458425915,0.001712080458425915,0.49298327680972986,49.29832768097299
all_data,interconnector,INTEW,Ireland(East-West),import,import_mw_conditional_on_importing,100.0,200.0,300.0,250.0,2481,17102,0.14507075195883523,14.507075195883523,0.0014507075195883522,0.6380540287685651,63.80540287685651
all_data,interconnector,INTEW,Ireland(East-West),import,import_mw_conditional_on_importing,100.0,300.0,400.0,350.0,1912,17102,0.1117997894983043,11.17997894983043,0.0011179978949830429,0.7498538182668694,74.98538182668693
all_data,interconnector,INTEW,Ireland(East-West),import,import_mw_conditional_on_importing,100.0,400.0,500.0,450.0,1632,17102,0.09542743538767395,9.542743538767395,0.0009542743538767395,0.8452812536545433,84.52812536545433
all_data,interconnector,INTEW,Ireland(East-West),import,import_mw_conditional_on_importing,100.0,500.0,600.0,550.0,2646,17102,0.15471874634545668,15.471874634545667,0.0015471874634545668,1.0,100.0
all_data,interconnector,INTEW,Ireland(East-West),export,export_mw_positive_magnitude_conditional_on_exporting,100.0,0.0,100.0,50.0,8648,49912,0.17326494630549769,17.326494630549767,0.001732649463054977,0.17326494630549769,17.326494630549767
all_data,interconnector,INTEW,Ireland(East-West),export,export_mw_positive_magnitude_conditional_on_exporting,100.0,100.0,200.0,150.0,5342,49912,0.1070283699310787,10.70283699310787,0.001070283699310787,0.2802933162365764,28.02933162365764
all_data,interconnector,INTEW,Ireland(East-West),export,export_mw_positive_magnitude_conditional_on_exporting,100.0,200.0,300.0,250.0,4829,49912,0.09675028049366886,9.675028049366887,0.0009675028049366887,0.37704359673024523,37.70435967302453
all_data,interconnector,INTEW,Ireland(East-West),export,export_mw_positive_magnitude_conditional_on_exporting,100.0,300.0,400.0,350.0,5360,49912,0.1073890046481808,10.73890046481808,0.001073890046481808,0.48443260137842603,48.4432601378426
all_data,interconnector,INTEW,Ireland(East-West),export,export_mw_positive_magnitude_conditional_on_exporting,100.0,400.0,500.0,450.0,4882,49912,0.09781214938291392,9.781214938291392,0.0009781214938291392,0.58224475076134,58.224475076134
all_data,interconnector,INTEW,Ireland(East-West),export,export_mw_positive_magnitude_conditional_on_exporting,100.0,500.0,600.0,550.0,20851,49912,0.41775524923866003,41.775524923866,0.0041775524923866,1.0,100.0
all_data,interconnector,INTFR,France(IFA),import,import_mw_conditional_on_importing,100.0,0.0,100.0,50.0,1666,71786,0.023207867829381775,2.3207867829381774,0.00023207867829381774,0.023207867829381775,2.3207867829381774
all_data,interconnector,INTFR,France(IFA),import,import_mw_conditional_on_importing,100.0,100.0,200.0,150.0,1602,71786,0.022316329089237457,2.231632908923746,0.00022316329089237458,0.04552419691861923,4.552419691861923
all_data,interconnector,INTFR,France(IFA),import,import_mw_conditional_on_importing,100.0,200.0,300.0,250.0,1565,71786,0.02180090825509152,2.180090825509152,0.0002180090825509152,0.06732510517371075,6.732510517371075
all_data,interconnector,INTFR,France(IFA),import,import_mw_conditional_on_importing,100.0,300.0,400.0,350.0,1705,71786,0.02375114924915722,2.3751149249157217,0.0002375114924915722,0.09107625442286797,9.107625442286798
all_data,interconnector,INTFR,France(IFA),import,import_mw_conditional_on_importing,100.0,400.0,500.0,450.0,2182,71786,0.030395898921795336,3.0395898921795337,0.0003039589892179534,0.12147215334466331,12.147215334466331
all_data,interconnector,INTFR,France(IFA),import,import_mw_conditional_on_importing,100.0,500.0,600.0,550.0,2473,71786,0.03444961413088903,3.4449614130889032,0.00034449614130889033,0.15592176747555234,15.592176747555234
all_data,interconnector,INTFR,France(IFA),import,import_mw_conditional_on_importing,100.0,600.0,700.0,650.0,1718,71786,0.023932243055749033,2.393224305574903,0.00023932243055749033,0.17985401053130137,17.985401053130136
all_data,interconnector,INTFR,France(IFA),import,import_mw_conditional_on_importing,100.0,700.0,800.0,750.0,1906,71786,0.026551138104922965,2.6551138104922964,0.00026551138104922967,0.20640514863622433,20.640514863622432
all_data,interconnector,INTFR,France(IFA),import,import_mw_conditional_on_importing,100.0,800.0,900.0,850.0,2172,71786,0.030256595993647786,3.025659599364779,0.0003025659599364779,0.2366617446298721,23.66617446298721
all_data,interconnector,INTFR,France(IFA),import,import_mw_conditional_on_importing,100.0,900.0,1000.0,950.0,5102,71786,0.07107235394087984,7.107235394087984,0.0007107235394087984,0.30773409857075196,30.773409857075194
all_data,interconnector,INTFR,France(IFA),import,import_mw_conditional_on_importing,100.0,1000.0,1100.0,1050.0,9108,71786,0.12687710695678822,12.687710695678822,0.0012687710695678822,0.4346112055275402,43.46112055275402
all_data,interconnector,INTFR,France(IFA),import,import_mw_conditional_on_importing,100.0,1100.0,1200.0,1150.0,1379,71786,0.019209873791547098,1.9209873791547099,0.00019209873791547097,0.4538210793190873,45.38210793190873
all_data,interconnector,INTFR,France(IFA),import,import_mw_conditional_on_importing,100.0,1200.0,1300.0,1250.0,2123,71786,0.029574011645724794,2.9574011645724796,0.00029574011645724794,0.4833950909648121,48.33950909648121
all_data,interconnector,INTFR,France(IFA),import,import_mw_conditional_on_importing,100.0,1300.0,1400.0,1350.0,3736,71786,0.05204357395592455,5.204357395592455,0.0005204357395592455,0.5354386649207367,53.54386649207367
all_data,interconnector,INTFR,France(IFA),import,import_mw_conditional_on_importing,100.0,1400.0,1500.0,1450.0,3314,71786,0.04616499038809796,4.6164990388097955,0.00046164990388097957,0.5816036553088346,58.16036553088346
all_data,interconnector,INTFR,France(IFA),import,import_mw_conditional_on_importing,100.0,1500.0,1600.0,1550.0,10244,71786,0.14270191959434989,14.270191959434989,0.001427019195943499,0.7243055749031845,72.43055749031845
all_data,interconnector,INTFR,France(IFA),import,import_mw_conditional_on_importing,100.0,1600.0,1700.0,1650.0,1549,71786,0.021578023570055442,2.157802357005544,0.00021578023570055442,0.7458835984732399,74.588359847324
all_data,interconnector,INTFR,France(IFA),import,import_mw_conditional_on_importing,100.0,1700.0,1800.0,1750.0,1928,71786,0.026857604546847574,2.6857604546847575,0.00026857604546847574,0.7727412030200875,77.27412030200875
all_data,interconnector,INTFR,France(IFA),import,import_mw_conditional_on_importing,100.0,1800.0,1900.0,1850.0,2153,71786,0.02999192043016744,2.9991920430167442,0.00029991920430167443,0.8027331234502549,80.27331234502549
all_data,interconnector,INTFR,France(IFA),import,import_mw_conditional_on_importing,100.0,1900.0,2000.0,1950.0,3813,71786,0.05311620650266068,5.311620650266068,0.0005311620650266069,0.8558493299529156,85.58493299529157
all_data,interconnector,INTFR,France(IFA),import,import_mw_conditional_on_importing,100.0,2000.0,2100.0,2050.0,10339,71786,0.1440252974117516,14.40252974117516,0.001440252974117516,0.9998746273646673,99.98746273646672
all_data,interconnector,INTFR,France(IFA),import,import_mw_conditional_on_importing,100.0,2100.0,2200.0,2150.0,3,71786,4.17908784442649e-05,0.004179087844426489,4.17908784442649e-07,0.9999164182431115,99.99164182431115
all_data,interconnector,INTFR,France(IFA),import,import_mw_conditional_on_importing,100.0,2200.0,2300.0,2250.0,1,71786,1.3930292814754965e-05,0.0013930292814754966,1.3930292814754966e-07,0.9999303485359262,99.99303485359262
all_data,interconnector,INTFR,France(IFA),import,import_mw_conditional_on_importing,100.0,2300.0,2400.0,2350.0,0,71786,0.0,0.0,0.0,0.9999303485359262,99.99303485359262
all_data,interconnector,INTFR,France(IFA),import,import_mw_conditional_on_importing,100.0,2400.0,2500.0,2450.0,1,71786,1.3930292814754965e-05,0.0013930292814754966,1.3930292814754966e-07,0.9999442788287409,99.99442788287409
all_data,interconnector,INTFR,France(IFA),import,import_mw_conditional_on_importing,100.0,2500.0,2600.0,2550.0,3,71786,4.17908784442649e-05,0.004179087844426489,4.17908784442649e-07,0.9999860697071853,99.99860697071853
all_data,interconnector,INTFR,France(IFA),import,import_mw_conditional_on_importing,100.0,2600.0,2700.0,2650.0,1,71786,1.3930292814754965e-05,0.0013930292814754966,1.3930292814754966e-07,1.0,100.0
all_data,interconnector,INTFR,France(IFA),export,export_mw_positive_magnitude_conditional_on_exporting,100.0,0.0,100.0,50.0,2250,21302,0.10562388508121304,10.562388508121304,0.0010562388508121303,0.10562388508121304,10.562388508121304
all_data,interconnector,INTFR,France(IFA),export,export_mw_positive_magnitude_conditional_on_exporting,100.0,100.0,200.0,150.0,1325,21302,0.06220073232560323,6.220073232560322,0.0006220073232560322,0.16782461740681626,16.782461740681626
all_data,interconnector,INTFR,France(IFA),export,export_mw_positive_magnitude_conditional_on_exporting,100.0,200.0,300.0,250.0,1292,21302,0.06065158201107877,6.065158201107877,0.0006065158201107877,0.22847619941789504,22.847619941789503
all_data,interconnector,INTFR,France(IFA),export,export_mw_positive_magnitude_conditional_on_exporting,100.0,300.0,400.0,350.0,1341,21302,0.06295183550840297,6.295183550840297,0.0006295183550840297,0.291428034926298,29.1428034926298
all_data,interconnector,INTFR,France(IFA),export,export_mw_positive_magnitude_conditional_on_exporting,100.0,400.0,500.0,450.0,1476,21302,0.06928926861327575,6.928926861327575,0.0006928926861327575,0.36071730353957376,36.07173035395738
all_data,interconnector,INTFR,France(IFA),export,export_mw_positive_magnitude_conditional_on_exporting,100.0,500.0,600.0,550.0,1981,21302,0.09299596282039245,9.299596282039245,0.0009299596282039245,0.4537132663599662,45.371326635996624
all_data,interconnector,INTFR,France(IFA),export,export_mw_positive_magnitude_conditional_on_exporting,100.0,600.0,700.0,650.0,1284,21302,0.060276030419678904,6.0276030419678905,0.000602760304196789,0.5139892967796451,51.39892967796451
all_data,interconnector,INTFR,France(IFA),export,export_mw_positive_magnitude_conditional_on_exporting,100.0,700.0,800.0,750.0,1353,21302,0.06351516289550277,6.351516289550277,0.0006351516289550277,0.5775044596751479,57.750445967514786
all_data,interconnector,INTFR,France(IFA),export,export_mw_positive_magnitude_conditional_on_exporting,100.0,800.0,900.0,850.0,1332,21302,0.06252933996807812,6.252933996807812,0.0006252933996807812,0.640033799643226,64.0033799643226
all_data,interconnector,INTFR,France(IFA),export,export_mw_positive_magnitude_conditional_on_exporting,100.0,900.0,1000.0,950.0,1411,21302,0.06623791193315182,6.623791193315181,0.0006623791193315181,0.7062717115763778,70.62717115763778
all_data,interconnector,INTFR,France(IFA),export,export_mw_positive_magnitude_conditional_on_exporting,100.0,1000.0,1100.0,1050.0,4851,21302,0.2277250962350953,22.772509623509528,0.002277250962350953,0.9339968078114731,93.39968078114731
all_data,interconnector,INTFR,France(IFA),export,export_mw_positive_magnitude_conditional_on_exporting,100.0,1100.0,1200.0,1150.0,227,21302,0.01065627640597127,1.065627640597127,0.0001065627640597127,0.9446530842174443,94.46530842174442
all_data,interconnector,INTFR,France(IFA),export,export_mw_positive_magnitude_conditional_on_exporting,100.0,1200.0,1300.0,1250.0,173,21302,0.008121303164022157,0.8121303164022157,8.121303164022157e-05,0.9527743873814666,95.27743873814666
all_data,interconnector,INTFR,France(IFA),export,export_mw_positive_magnitude_conditional_on_exporting,100.0,1300.0,1400.0,1350.0,189,21302,0.008872406346821895,0.8872406346821895,8.872406346821895e-05,0.9616467937282884,96.16467937282884
all_data,interconnector,INTFR,France(IFA),export,export_mw_positive_magnitude_conditional_on_exporting,100.0,1400.0,1500.0,1450.0,123,21302,0.005774105717772979,0.5774105717772979,5.774105717772979e-05,0.9674208994460614,96.74208994460614
all_data,interconnector,INTFR,France(IFA),export,export_mw_positive_magnitude_conditional_on_exporting,100.0,1500.0,1600.0,1550.0,175,21302,0.008215191061872124,0.8215191061872124,8.215191061872124e-05,0.9756360905079335,97.56360905079336
all_data,interconnector,INTFR,France(IFA),export,export_mw_positive_magnitude_conditional_on_exporting,100.0,1600.0,1700.0,1650.0,112,21302,0.00525772227959816,0.525772227959816,5.25772227959816e-05,0.9808938127875317,98.08938127875318
all_data,interconnector,INTFR,France(IFA),export,export_mw_positive_magnitude_conditional_on_exporting,100.0,1700.0,1800.0,1750.0,93,21302,0.004365787250023472,0.4365787250023472,4.365787250023472e-05,0.9852596000375552,98.52596000375551
all_data,interconnector,INTFR,France(IFA),export,export_mw_positive_magnitude_conditional_on_exporting,100.0,1800.0,1900.0,1850.0,77,21302,0.0036146840672237348,0.36146840672237346,3.6146840672237345e-05,0.9888742841047788,98.88742841047788
all_data,interconnector,INTFR,France(IFA),export,export_mw_positive_magnitude_conditional_on_exporting,100.0,1900.0,2000.0,1950.0,94,21302,0.004412731198948455,0.4412731198948455,4.412731198948455e-05,0.9932870153037273,99.32870153037273
all_data,interconnector,INTFR,France(IFA),export,export_mw_positive_magnitude_conditional_on_exporting,100.0,2000.0,2100.0,2050.0,143,21302,0.006712984696272651,0.671298469627265,6.71298469627265e-05,1.0,100.0
all_data,interconnector,INTGRNL,Ireland (Greenlink),import,import_mw_conditional_on_importing,100.0,0.0,100.0,50.0,892,3487,0.2558072841984514,25.58072841984514,0.002558072841984514,0.2558072841984514,25.58072841984514
all_data,interconnector,INTGRNL,Ireland (Greenlink),import,import_mw_conditional_on_importing,100.0,100.0,200.0,150.0,842,3487,0.24146831086894177,24.146831086894178,0.0024146831086894176,0.49727559506739316,49.72755950673932
all_data,interconnector,INTGRNL,Ireland (Greenlink),import,import_mw_conditional_on_importing,100.0,200.0,300.0,250.0,893,3487,0.25609406366504156,25.609406366504157,0.002560940636650416,0.7533696587324348,75.33696587324347
all_data,interconnector,INTGRNL,Ireland (Greenlink),import,import_mw_conditional_on_importing,100.0,300.0,400.0,350.0,364,3487,0.10438772583882994,10.438772583882994,0.0010438772583882994,0.8577573845712647,85.77573845712647
all_data,interconnector,INTGRNL,Ireland (Greenlink),import,import_mw_conditional_on_importing,100.0,400.0,500.0,450.0,242,3487,0.0694006309148265,6.940063091482649,0.000694006309148265,0.9271580154860912,92.71580154860912
all_data,interconnector,INTGRNL,Ireland (Greenlink),import,import_mw_conditional_on_importing,100.0,500.0,600.0,550.0,254,3487,0.0728419845139088,7.28419845139088,0.0007284198451390881,1.0,100.0
all_data,interconnector,INTGRNL,Ireland (Greenlink),export,export_mw_positive_magnitude_conditional_on_exporting,100.0,0.0,100.0,50.0,934,20581,0.04538166269860551,4.538166269860551,0.0004538166269860551,0.04538166269860551,4.538166269860551
all_data,interconnector,INTGRNL,Ireland (Greenlink),export,export_mw_positive_magnitude_conditional_on_exporting,100.0,100.0,200.0,150.0,807,20581,0.0392109226956902,3.9210922695690202,0.000392109226956902,0.0845925853942957,8.45925853942957
all_data,interconnector,INTGRNL,Ireland (Greenlink),export,export_mw_positive_magnitude_conditional_on_exporting,100.0,200.0,300.0,250.0,1142,20581,0.05548807152227783,5.548807152227783,0.0005548807152227784,0.14008065691657354,14.008065691657354
all_data,interconnector,INTGRNL,Ireland (Greenlink),export,export_mw_positive_magnitude_conditional_on_exporting,100.0,300.0,400.0,350.0,1691,20581,0.08216316019629756,8.216316019629756,0.0008216316019629756,0.22224381711287108,22.22438171128711
all_data,interconnector,INTGRNL,Ireland (Greenlink),export,export_mw_positive_magnitude_conditional_on_exporting,100.0,400.0,500.0,450.0,2688,20581,0.13060589864438074,13.060589864438073,0.0013060589864438074,0.3528497157572518,35.28497157572518
all_data,interconnector,INTGRNL,Ireland (Greenlink),export,export_mw_positive_magnitude_conditional_on_exporting,100.0,500.0,600.0,550.0,13319,20581,0.6471502842427481,64.7150284242748,0.006471502842427482,1.0,100.0
all_data,interconnector,INTIFA2,IFA2 (INTIFA2),import,import_mw_conditional_on_importing,100.0,0.0,100.0,50.0,2043,59907,0.034102859432119784,3.4102859432119783,0.00034102859432119783,0.034102859432119784,3.4102859432119783
all_data,interconnector,INTIFA2,IFA2 (INTIFA2),import,import_mw_conditional_on_importing,100.0,100.0,200.0,150.0,1959,59907,0.032700686063398265,3.2700686063398265,0.00032700686063398267,0.06680354549551805,6.680354549551805
all_data,interconnector,INTIFA2,IFA2 (INTIFA2),import,import_mw_conditional_on_importing,100.0,200.0,300.0,250.0,2076,59907,0.034653713255546094,3.4653713255546092,0.0003465371325554609,0.10145725875106415,10.145725875106415
all_data,interconnector,INTIFA2,IFA2 (INTIFA2),import,import_mw_conditional_on_importing,100.0,300.0,400.0,350.0,2279,59907,0.0380422988966231,3.80422988966231,0.00038042298896623095,0.13949955764768726,13.949955764768726
all_data,interconnector,INTIFA2,IFA2 (INTIFA2),import,import_mw_conditional_on_importing,100.0,400.0,500.0,450.0,2422,59907,0.040429332131470444,4.042933213147045,0.00040429332131470446,0.1799288897791577,17.99288897791577
all_data,interconnector,INTIFA2,IFA2 (INTIFA2),import,import_mw_conditional_on_importing,100.0,500.0,600.0,550.0,2454,59907,0.040963493414792926,4.096349341479293,0.00040963493414792923,0.22089238319395063,22.08923831939506
all_data,interconnector,INTIFA2,IFA2 (INTIFA2),import,import_mw_conditional_on_importing,100.0,600.0,700.0,650.0,3174,59907,0.0529821222895488,5.29821222895488,0.000529821222895488,0.2738745054834994,27.38745054834994
all_data,interconnector,INTIFA2,IFA2 (INTIFA2),import,import_mw_conditional_on_importing,100.0,700.0,800.0,750.0,4454,59907,0.07434857362244812,7.434857362244812,0.0007434857362244812,0.3482230791059476,34.82230791059476
all_data,interconnector,INTIFA2,IFA2 (INTIFA2),import,import_mw_conditional_on_importing,100.0,800.0,900.0,850.0,5112,59907,0.08533226501076668,8.533226501076669,0.0008533226501076668,0.43355534411671426,43.35553441167143
all_data,interconnector,INTIFA2,IFA2 (INTIFA2),import,import_mw_conditional_on_importing,100.0,900.0,1000.0,950.0,33872,59907,0.5654097183968484,56.540971839684836,0.005654097183968484,0.9989650625135627,99.89650625135627
all_data,interconnector,INTIFA2,IFA2 (INTIFA2),import,import_mw_conditional_on_importing,100.0,1000.0,1100.0,1050.0,54,59907,0.0009013971656066903,0.09013971656066903,9.013971656066904e-06,0.9998664596791694,99.98664596791694
all_data,interconnector,INTIFA2,IFA2 (INTIFA2),import,import_mw_conditional_on_importing,100.0,1100.0,1200.0,1150.0,7,59907,0.00011684778072679319,0.011684778072679319,1.168477807267932e-06,0.9999833074598962,99.99833074598962
all_data,interconnector,INTIFA2,IFA2 (INTIFA2),import,import_mw_conditional_on_importing,100.0,1200.0,1300.0,1250.0,0,59907,0.0,0.0,0.0,0.9999833074598962,99.99833074598962
all_data,interconnector,INTIFA2,IFA2 (INTIFA2),import,import_mw_conditional_on_importing,100.0,1300.0,1400.0,1350.0,1,59907,1.66925401038276e-05,0.00166925401038276,1.66925401038276e-07,1.0,100.0
all_data,interconnector,INTIFA2,IFA2 (INTIFA2),export,export_mw_positive_magnitude_conditional_on_exporting,100.0,0.0,100.0,50.0,16326,35268,0.4629125552909153,46.29125552909153,0.004629125552909153,0.4629125552909153,46.29125552909153
all_data,interconnector,INTIFA2,IFA2 (INTIFA2),export,export_mw_positive_magnitude_conditional_on_exporting,100.0,100.0,200.0,150.0,1521,35268,0.04312691391629806,4.312691391629806,0.0004312691391629806,0.5060394692072133,50.603946920721334
all_data,interconnector,INTIFA2,IFA2 (INTIFA2),export,export_mw_positive_magnitude_conditional_on_exporting,100.0,200.0,300.0,250.0,1370,35268,0.03884541227174776,3.884541227174776,0.0003884541227174776,0.5448848814789611,54.488488147896106
all_data,interconnector,INTIFA2,IFA2 (INTIFA2),export,export_mw_positive_magnitude_conditional_on_exporting,100.0,300.0,400.0,350.0,1242,35268,0.035216059884314393,3.5216059884314395,0.0003521605988431439,0.5801009413632755,58.01009413632755
all_data,interconnector,INTIFA2,IFA2 (INTIFA2),export,export_mw_positive_magnitude_conditional_on_exporting,100.0,400.0,500.0,450.0,1227,35268,0.03479074515141205,3.4790745151412046,0.00034790745151412047,0.6148916865146875,61.48916865146875
all_data,interconnector,INTIFA2,IFA2 (INTIFA2),export,export_mw_positive_magnitude_conditional_on_exporting,100.0,500.0,600.0,550.0,1220,35268,0.034592264942724285,3.4592264942724285,0.00034592264942724286,0.6494839514574118,64.94839514574117
all_data,interconnector,INTIFA2,IFA2 (INTIFA2),export,export_mw_positive_magnitude_conditional_on_exporting,100.0,600.0,700.0,650.0,1137,35268,0.03223885675399796,3.2238856753997958,0.0003223885675399796,0.6817228082114097,68.17228082114097
all_data,interconnector,INTIFA2,IFA2 (INTIFA2),export,export_mw_positive_magnitude_conditional_on_exporting,100.0,700.0,800.0,750.0,1121,35268,0.03178518770556879,3.178518770556879,0.0003178518770556879,0.7135079959169786,71.35079959169785
all_data,interconnector,INTIFA2,IFA2 (INTIFA2),export,export_mw_positive_magnitude_conditional_on_exporting,100.0,800.0,900.0,850.0,1233,35268,0.03496087104457298,3.496087104457298,0.0003496087104457298,0.7484688669615516,74.84688669615515
all_data,interconnector,INTIFA2,IFA2 (INTIFA2),export,export_mw_positive_magnitude_conditional_on_exporting,100.0,900.0,1000.0,950.0,1568,35268,0.04445956674605875,4.445956674605875,0.0004445956674605875,0.7929284337076103,79.29284337076103
all_data,interconnector,INTIFA2,IFA2 (INTIFA2),export,export_mw_positive_magnitude_conditional_on_exporting,100.0,1000.0,1100.0,1050.0,7300,35268,0.20698650334580923,20.698650334580922,0.0020698650334580924,0.9999149370534195,99.99149370534195
all_data,interconnector,INTIFA2,IFA2 (INTIFA2),export,export_mw_positive_magnitude_conditional_on_exporting,100.0,1100.0,1200.0,1150.0,0,35268,0.0,0.0,0.0,0.9999149370534195,99.99149370534195
all_data,interconnector,INTIFA2,IFA2 (INTIFA2),export,export_mw_positive_magnitude_conditional_on_exporting,100.0,1200.0,1300.0,1250.0,0,35268,0.0,0.0,0.0,0.9999149370534195,99.99149370534195
all_data,interconnector,INTIFA2,IFA2 (INTIFA2),export,export_mw_positive_magnitude_conditional_on_exporting,100.0,1300.0,1400.0,1350.0,2,35268,5.6708631053646363e-05,0.005670863105364636,5.670863105364636e-07,0.9999716456844732,99.99716456844732
all_data,interconnector,INTIFA2,IFA2 (INTIFA2),export,export_mw_positive_magnitude_conditional_on_exporting,100.0,1400.0,1500.0,1450.0,0,35268,0.0,0.0,0.0,0.9999716456844732,99.99716456844732
all_data,interconnector,INTIFA2,IFA2 (INTIFA2),export,export_mw_positive_magnitude_conditional_on_exporting,100.0,1500.0,1600.0,1550.0,0,35268,0.0,0.0,0.0,0.9999716456844732,99.99716456844732
all_data,interconnector,INTIFA2,IFA2 (INTIFA2),export,export_mw_positive_magnitude_conditional_on_exporting,100.0,1600.0,1700.0,1650.0,1,35268,2.8354315526823182e-05,0.002835431552682318,2.835431552682318e-07,1.0,100.0
all_data,interconnector,INTIRL,Northern Ireland(Moyle),import,import_mw_conditional_on_importing,100.0,0.0,100.0,50.0,6252,24916,0.25092310162144804,25.092310162144805,0.0025092310162144805,0.25092310162144804,25.092310162144805
all_data,interconnector,INTIRL,Northern Ireland(Moyle),import,import_mw_conditional_on_importing,100.0,100.0,200.0,150.0,4208,24916,0.16888746187188955,16.888746187188953,0.0016888746187188955,0.4198105634933376,41.98105634933376
all_data,interconnector,INTIRL,Northern Ireland(Moyle),import,import_mw_conditional_on_importing,100.0,200.0,300.0,250.0,7144,24916,0.28672339059239044,28.672339059239043,0.0028672339059239043,0.706533954085728,70.6533954085728
all_data,interconnector,INTIRL,Northern Ireland(Moyle),import,import_mw_conditional_on_importing,100.0,300.0,400.0,350.0,3748,24916,0.15042542944292825,15.042542944292824,0.0015042542944292824,0.8569593835286563,85.69593835286562
all_data,interconnector,INTIRL,Northern Ireland(Moyle),import,import_mw_conditional_on_importing,100.0,400.0,500.0,450.0,3559,24916,0.14283994220581153,14.283994220581153,0.0014283994220581154,0.9997993257344678,99.97993257344679
all_data,interconnector,INTIRL,Northern Ireland(Moyle),import,import_mw_conditional_on_importing,100.0,500.0,600.0,550.0,4,24916,0.00016053941242575052,0.016053941242575052,1.6053941242575052e-06,0.9999598651468936,99.99598651468936
all_data,interconnector,INTIRL,Northern Ireland(Moyle),import,import_mw_conditional_on_importing,100.0,600.0,700.0,650.0,1,24916,4.013485310643763e-05,0.004013485310643763,4.013485310643763e-07,1.0,100.0
all_data,interconnector,INTIRL,Northern Ireland(Moyle),export,export_mw_positive_magnitude_conditional_on_exporting,100.0,0.0,100.0,50.0,6970,66123,0.10540961541369871,10.540961541369871,0.001054096154136987,0.10540961541369871,10.540961541369871
all_data,interconnector,INTIRL,Northern Ireland(Moyle),export,export_mw_positive_magnitude_conditional_on_exporting,100.0,100.0,200.0,150.0,5569,66123,0.0842218290156224,8.422182901562241,0.0008422182901562241,0.18963144442932112,18.963144442932112
all_data,interconnector,INTIRL,Northern Ireland(Moyle),export,export_mw_positive_magnitude_conditional_on_exporting,100.0,200.0,300.0,250.0,8389,66123,0.12686962176549763,12.686962176549763,0.0012686962176549762,0.31650106619481877,31.65010661948188
all_data,interconnector,INTIRL,Northern Ireland(Moyle),export,export_mw_positive_magnitude_conditional_on_exporting,100.0,300.0,400.0,350.0,11762,66123,0.17788061642696187,17.78806164269619,0.0017788061642696187,0.4943816826217806,49.43816826217806
all_data,interconnector,INTIRL,Northern Ireland(Moyle),export,export_mw_positive_magnitude_conditional_on_exporting,100.0,400.0,500.0,450.0,33424,66123,0.5054822074013581,50.548220740135804,0.0050548220740135805,0.9998638900231387,99.98638900231387
all_data,interconnector,INTIRL,Northern Ireland(Moyle),export,export_mw_positive_magnitude_conditional_on_exporting,100.0,500.0,600.0,550.0,9,66123,0.00013610997686130393,0.013610997686130393,1.3610997686130392e-06,1.0,100.0
all_data,interconnector,INTNED,Netherlands(BritNed),import,import_mw_conditional_on_importing,100.0,0.0,100.0,50.0,1047,54531,0.019200088023326182,1.9200088023326183,0.00019200088023326183,0.019200088023326182,1.9200088023326183
all_data,interconnector,INTNED,Netherlands(BritNed),import,import_mw_conditional_on_importing,100.0,100.0,200.0,150.0,3813,54531,0.06992352973537988,6.992352973537988,0.0006992352973537988,0.08912361775870606,8.912361775870606
all_data,interconnector,INTNED,Netherlands(BritNed),import,import_mw_conditional_on_importing,100.0,200.0,300.0,250.0,2583,54531,0.04736755240138637,4.736755240138637,0.00047367552401386367,0.13649117016009243,13.649117016009244
all_data,interconnector,INTNED,Netherlands(BritNed),import,import_mw_conditional_on_importing,100.0,300.0,400.0,350.0,3193,54531,0.05855385010361079,5.855385010361079,0.0005855385010361079,0.1950450202637032,19.50450202637032
all_data,interconnector,INTNED,Netherlands(BritNed),import,import_mw_conditional_on_importing,100.0,400.0,500.0,450.0,2998,54531,0.05497790247748987,5.497790247748987,0.0005497790247748987,0.2500229227411931,25.00229227411931
all_data,interconnector,INTNED,Netherlands(BritNed),import,import_mw_conditional_on_importing,100.0,500.0,600.0,550.0,3222,54531,0.05908565769929031,5.908565769929031,0.0005908565769929032,0.3091085804404834,30.91085804404834
all_data,interconnector,INTNED,Netherlands(BritNed),import,import_mw_conditional_on_importing,100.0,600.0,700.0,650.0,3576,54531,0.06557737800517137,6.5577378005171365,0.0006557737800517137,0.3746859584456548,37.46859584456548
all_data,interconnector,INTNED,Netherlands(BritNed),import,import_mw_conditional_on_importing,100.0,700.0,800.0,750.0,3771,54531,0.0691533256312923,6.91533256312923,0.000691533256312923,0.44383928407694706,44.383928407694704
all_data,interconnector,INTNED,Netherlands(BritNed),import,import_mw_conditional_on_importing,100.0,800.0,900.0,850.0,4586,54531,0.0840989528891823,8.40989528891823,0.000840989528891823,0.5279382369661294,52.79382369661294
all_data,interconnector,INTNED,Netherlands(BritNed),import,import_mw_conditional_on_importing,100.0,900.0,1000.0,950.0,6019,54531,0.11037758339293247,11.037758339293246,0.0011037758339293247,0.6383158203590619,63.83158203590619
all_data,interconnector,INTNED,Netherlands(BritNed),import,import_mw_conditional_on_importing,100.0,1000.0,1100.0,1050.0,19719,54531,0.3616108268691203,36.16108268691203,0.0036161082686912032,0.9999266472281821,99.99266472281822
all_data,interconnector,INTNED,Netherlands(BritNed),import,import_mw_conditional_on_importing,100.0,1100.0,1200.0,1150.0,2,54531,3.6676385908932535e-05,0.0036676385908932536,3.6676385908932535e-07,0.999963323614091,99.9963323614091
all_data,interconnector,INTNED,Netherlands(BritNed),import,import_mw_conditional_on_importing,100.0,1200.0,1300.0,1250.0,0,54531,0.0,0.0,0.0,0.999963323614091,99.9963323614091
all_data,interconnector,INTNED,Netherlands(BritNed),import,import_mw_conditional_on_importing,100.0,1300.0,1400.0,1350.0,1,54531,1.8338192954466268e-05,0.0018338192954466268,1.8338192954466267e-07,0.9999816618070455,99.99816618070454
all_data,interconnector,INTNED,Netherlands(BritNed),import,import_mw_conditional_on_importing,100.0,1400.0,1500.0,1450.0,1,54531,1.8338192954466268e-05,0.0018338192954466268,1.8338192954466267e-07,1.0,100.0
all_data,interconnector,INTNED,Netherlands(BritNed),export,export_mw_positive_magnitude_conditional_on_exporting,100.0,0.0,100.0,50.0,41,27598,0.001485614899630408,0.1485614899630408,1.485614899630408e-05,0.001485614899630408,0.1485614899630408
all_data,interconnector,INTNED,Netherlands(BritNed),export,export_mw_positive_magnitude_conditional_on_exporting,100.0,100.0,200.0,150.0,3167,27598,0.11475469236901224,11.475469236901224,0.0011475469236901224,0.11624030726864265,11.624030726864266
all_data,interconnector,INTNED,Netherlands(BritNed),export,export_mw_positive_magnitude_conditional_on_exporting,100.0,200.0,300.0,250.0,2177,27598,0.07888252771939995,7.888252771939995,0.0007888252771939995,0.19512283498804261,19.512283498804262
all_data,interconnector,INTNED,Netherlands(BritNed),export,export_mw_positive_magnitude_conditional_on_exporting,100.0,300.0,400.0,350.0,2172,27598,0.07870135517066454,7.870135517066454,0.0007870135517066454,0.2738241901587071,27.382419015870713
all_data,interconnector,INTNED,Netherlands(BritNed),export,export_mw_positive_magnitude_conditional_on_exporting,100.0,400.0,500.0,450.0,2075,27598,0.07518660772519747,7.518660772519747,0.0007518660772519747,0.34901079788390466,34.90107978839047
all_data,interconnector,INTNED,Netherlands(BritNed),export,export_mw_positive_magnitude_conditional_on_exporting,100.0,500.0,600.0,550.0,2177,27598,0.07888252771939995,7.888252771939995,0.0007888252771939995,0.42789332560330456,42.78933256033046
all_data,interconnector,INTNED,Netherlands(BritNed),export,export_mw_positive_magnitude_conditional_on_exporting,100.0,600.0,700.0,650.0,2039,27598,0.07388216537430249,7.3882165374302495,0.000738821653743025,0.5017754909776071,50.17754909776071
all_data,interconnector,INTNED,Netherlands(BritNed),export,export_mw_positive_magnitude_conditional_on_exporting,100.0,700.0,800.0,750.0,2165,27598,0.07844771360243497,7.844771360243497,0.0007844771360243497,0.5802232045800421,58.02232045800421
all_data,interconnector,INTNED,Netherlands(BritNed),export,export_mw_positive_magnitude_conditional_on_exporting,100.0,800.0,900.0,850.0,2297,27598,0.08323066888904992,8.323066888904993,0.0008323066888904992,0.663453873469092,66.3453873469092
all_data,interconnector,INTNED,Netherlands(BritNed),export,export_mw_positive_magnitude_conditional_on_exporting,100.0,900.0,1000.0,950.0,2400,27598,0.08696282339299949,8.696282339299948,0.0008696282339299948,0.7504166968620914,75.04166968620915
all_data,interconnector,INTNED,Netherlands(BritNed),export,export_mw_positive_magnitude_conditional_on_exporting,100.0,1000.0,1100.0,1050.0,6888,27598,0.24958330313790855,24.958330313790857,0.0024958330313790853,1.0,100.0
all_data,interconnector,INTNEM,Belgium (Nemolink),import,import_mw_conditional_on_importing,100.0,0.0,100.0,50.0,2982,68726,0.043389692401711144,4.338969240171115,0.00043389692401711144,0.043389692401711144,4.338969240171115
all_data,interconnector,INTNEM,Belgium (Nemolink),import,import_mw_conditional_on_importing,100.0,100.0,200.0,150.0,3156,68726,0.04592148531851119,4.592148531851119,0.00045921485318511186,0.08931117772022233,8.931117772022233
all_data,interconnector,INTNEM,Belgium (Nemolink),import,import_mw_conditional_on_importing,100.0,200.0,300.0,250.0,3139,68726,0.04567412624043302,4.567412624043302,0.00045674126240433024,0.13498530396065536,13.498530396065537
all_data,interconnector,INTNEM,Belgium (Nemolink),import,import_mw_conditional_on_importing,100.0,300.0,400.0,350.0,3294,68726,0.04792945901114571,4.792945901114571,0.0004792945901114571,0.18291476297180106,18.291476297180107
all_data,interconnector,INTNEM,Belgium (Nemolink),import,import_mw_conditional_on_importing,100.0,400.0,500.0,450.0,3710,68726,0.05398248115705846,5.398248115705846,0.0005398248115705847,0.23689724412885954,23.689724412885955
all_data,interconnector,INTNEM,Belgium (Nemolink),import,import_mw_conditional_on_importing,100.0,500.0,600.0,550.0,3986,68726,0.0579984285423275,5.79984285423275,0.000579984285423275,0.29489567267118705,29.489567267118705
all_data,interconnector,INTNEM,Belgium (Nemolink),import,import_mw_conditional_on_importing,100.0,600.0,700.0,650.0,5035,68726,0.07326193871315077,7.326193871315077,0.0007326193871315077,0.3681576113843378,36.81576113843378
all_data,interconnector,INTNEM,Belgium (Nemolink),import,import_mw_conditional_on_importing,100.0,700.0,800.0,750.0,5994,68726,0.08721590082356022,8.721590082356022,0.0008721590082356022,0.455373512207898,45.5373512207898
all_data,interconnector,INTNEM,Belgium (Nemolink),import,import_mw_conditional_on_importing,100.0,800.0,900.0,850.0,6981,68726,0.10157727788609842,10.157727788609842,0.0010157727788609842,0.5569507900939964,55.69507900939964
all_data,interconnector,INTNEM,Belgium (Nemolink),import,import_mw_conditional_on_importing,100.0,900.0,1000.0,950.0,12454,68726,0.1812123504932631,18.12123504932631,0.001812123504932631,0.7381631405872595,73.81631405872595
all_data,interconnector,INTNEM,Belgium (Nemolink),import,import_mw_conditional_on_importing,100.0,1000.0,1100.0,1050.0,17992,68726,0.2617932078107267,26.17932078107267,0.0026179320781072666,0.9999563483979862,99.99563483979863
all_data,interconnector,INTNEM,Belgium (Nemolink),import,import_mw_conditional_on_importing,100.0,1100.0,1200.0,1150.0,0,68726,0.0,0.0,0.0,0.9999563483979862,99.99563483979863
all_data,interconnector,INTNEM,Belgium (Nemolink),import,import_mw_conditional_on_importing,100.0,1200.0,1300.0,1250.0,0,68726,0.0,0.0,0.0,0.9999563483979862,99.99563483979863
all_data,interconnector,INTNEM,Belgium (Nemolink),import,import_mw_conditional_on_importing,100.0,1300.0,1400.0,1350.0,3,68726,4.3651602013793904e-05,0.0043651602013793905,4.3651602013793906e-07,1.0,100.0
all_data,interconnector,INTNEM,Belgium (Nemolink),export,export_mw_positive_magnitude_conditional_on_exporting,100.0,0.0,100.0,50.0,2658,25446,0.10445649610940816,10.445649610940816,0.0010445649610940815,0.10445649610940816,10.445649610940816
all_data,interconnector,INTNEM,Belgium (Nemolink),export,export_mw_positive_magnitude_conditional_on_exporting,100.0,100.0,200.0,150.0,2487,25446,0.09773638292855459,9.773638292855459,0.0009773638292855458,0.20219287903796274,20.219287903796275
all_data,interconnector,INTNEM,Belgium (Nemolink),export,export_mw_positive_magnitude_conditional_on_exporting,100.0,200.0,300.0,250.0,2236,25446,0.08787235714847128,8.787235714847128,0.0008787235714847127,0.29006523618643404,29.006523618643403
all_data,interconnector,INTNEM,Belgium (Nemolink),export,export_mw_positive_magnitude_conditional_on_exporting,100.0,300.0,400.0,350.0,2225,25446,0.08744006916607719,8.744006916607718,0.0008744006916607718,0.3775053053525112,37.75053053525112
all_data,interconnector,INTNEM,Belgium (Nemolink),export,export_mw_positive_magnitude_conditional_on_exporting,100.0,400.0,500.0,450.0,1983,25446,0.07792973355340721,7.792973355340721,0.0007792973355340721,0.4554350389059184,45.54350389059184
all_data,interconnector,INTNEM,Belgium (Nemolink),export,export_mw_positive_magnitude_conditional_on_exporting,100.0,500.0,600.0,550.0,1755,25446,0.06896958264560245,6.8969582645602445,0.0006896958264560244,0.5244046215515209,52.44046215515209
all_data,interconnector,INTNEM,Belgium (Nemolink),export,export_mw_positive_magnitude_conditional_on_exporting,100.0,600.0,700.0,650.0,1809,25446,0.07109172365008253,7.109172365008252,0.0007109172365008253,0.5954963452016034,59.549634520160346
all_data,interconnector,INTNEM,Belgium (Nemolink),export,export_mw_positive_magnitude_conditional_on_exporting,100.0,700.0,800.0,750.0,1992,25446,0.07828342372082056,7.828342372082056,0.0007828342372082056,0.673779768922424,67.3779768922424
all_data,interconnector,INTNEM,Belgium (Nemolink),export,export_mw_positive_magnitude_conditional_on_exporting,100.0,800.0,900.0,850.0,1837,25446,0.07219209305981293,7.219209305981293,0.0007219209305981293,0.7459718619822369,74.59718619822368
all_data,interconnector,INTNEM,Belgium (Nemolink),export,export_mw_positive_magnitude_conditional_on_exporting,100.0,900.0,1000.0,950.0,2055,25446,0.08075925489271399,8.075925489271398,0.0008075925489271398,0.8267311168749508,82.67311168749508
all_data,interconnector,INTNEM,Belgium (Nemolink),export,export_mw_positive_magnitude_conditional_on_exporting,100.0,1000.0,1100.0,1050.0,4409,25446,0.17326888312504912,17.326888312504913,0.0017326888312504912,1.0,100.0
all_data,interconnector,INTNSL,North Sea Link (INTNSL),import,import_mw_conditional_on_importing,100.0,0.0,100.0,50.0,1675,68260,0.02453852915323762,2.453852915323762,0.0002453852915323762,0.02453852915323762,2.453852915323762
all_data,interconnector,INTNSL,North Sea Link (INTNSL),import,import_mw_conditional_on_importing,100.0,100.0,200.0,150.0,908,68260,0.01330208028127747,1.3302080281277469,0.0001330208028127747,0.03784060943451509,3.7840609434515087
all_data,interconnector,INTNSL,North Sea Link (INTNSL),import,import_mw_conditional_on_importing,100.0,200.0,300.0,250.0,1046,68260,0.015323762086141226,1.5323762086141226,0.00015323762086141225,0.05316437152065631,5.316437152065631
all_data,interconnector,INTNSL,North Sea Link (INTNSL),import,import_mw_conditional_on_importing,100.0,300.0,400.0,350.0,995,68260,0.014576618810430706,1.4576618810430706,0.00014576618810430706,0.06774099033108702,6.774099033108702
all_data,interconnector,INTNSL,North Sea Link (INTNSL),import,import_mw_conditional_on_importing,100.0,400.0,500.0,450.0,1456,68260,0.021330208028127746,2.1330208028127746,0.00021330208028127746,0.08907119835921477,8.907119835921478
all_data,interconnector,INTNSL,North Sea Link (INTNSL),import,import_mw_conditional_on_importing,100.0,500.0,600.0,550.0,1376,68260,0.020158218576032817,2.0158218576032816,0.00020158218576032816,0.10922941693524758,10.92294169352476
all_data,interconnector,INTNSL,North Sea Link (INTNSL),import,import_mw_conditional_on_importing,100.0,600.0,700.0,650.0,9807,68260,0.14367125695868738,14.367125695868738,0.0014367125695868737,0.25290067389393495,25.290067389393496
all_data,interconnector,INTNSL,North Sea Link (INTNSL),import,import_mw_conditional_on_importing,100.0,700.0,800.0,750.0,888,68260,0.013009082918253735,1.3009082918253736,0.00013009082918253735,0.2659097568121887,26.590975681218872
all_data,interconnector,INTNSL,North Sea Link (INTNSL),import,import_mw_conditional_on_importing,100.0,800.0,900.0,850.0,1116,68260,0.01634925285672429,1.634925285672429,0.0001634925285672429,0.282259009668913,28.2259009668913
all_data,interconnector,INTNSL,North Sea Link (INTNSL),import,import_mw_conditional_on_importing,100.0,900.0,1000.0,950.0,3234,68260,0.04737767360093759,4.737767360093759,0.0004737767360093759,0.32963668326985057,32.96366832698506
all_data,interconnector,INTNSL,North Sea Link (INTNSL),import,import_mw_conditional_on_importing,100.0,1000.0,1100.0,1050.0,6224,68260,0.09118077937298565,9.118077937298565,0.0009118077937298564,0.4208174626428362,42.08174626428362
all_data,interconnector,INTNSL,North Sea Link (INTNSL),import,import_mw_conditional_on_importing,100.0,1100.0,1200.0,1150.0,1161,68260,0.01700849692352769,1.700849692352769,0.0001700849692352769,0.4378259595663639,43.78259595663639
all_data,interconnector,INTNSL,North Sea Link (INTNSL),import,import_mw_conditional_on_importing,100.0,1200.0,1300.0,1250.0,4944,68260,0.07242894813946675,7.242894813946675,0.0007242894813946675,0.5102549077058306,51.02549077058306
all_data,interconnector,INTNSL,North Sea Link (INTNSL),import,import_mw_conditional_on_importing,100.0,1300.0,1400.0,1350.0,27604,68260,0.404394960445356,40.4394960445356,0.00404394960445356,0.9146498681511867,91.46498681511866
all_data,interconnector,INTNSL,North Sea Link (INTNSL),import,import_mw_conditional_on_importing,100.0,1400.0,1500.0,1450.0,5824,68260,0.08532083211251099,8.532083211251098,0.0008532083211251098,0.9999707002636976,99.99707002636976
all_data,interconnector,INTNSL,North Sea Link (INTNSL),import,import_mw_conditional_on_importing,100.0,1500.0,1600.0,1550.0,0,68260,0.0,0.0,0.0,0.9999707002636976,99.99707002636976
all_data,interconnector,INTNSL,North Sea Link (INTNSL),import,import_mw_conditional_on_importing,100.0,1600.0,1700.0,1650.0,0,68260,0.0,0.0,0.0,0.9999707002636976,99.99707002636976
all_data,interconnector,INTNSL,North Sea Link (INTNSL),import,import_mw_conditional_on_importing,100.0,1700.0,1800.0,1750.0,0,68260,0.0,0.0,0.0,0.9999707002636976,99.99707002636976
all_data,interconnector,INTNSL,North Sea Link (INTNSL),import,import_mw_conditional_on_importing,100.0,1800.0,1900.0,1850.0,2,68260,2.9299736302373278e-05,0.002929973630237328,2.9299736302373276e-07,1.0,100.0
all_data,interconnector,INTNSL,North Sea Link (INTNSL),export,export_mw_positive_magnitude_conditional_on_exporting,100.0,0.0,100.0,50.0,2549,12997,0.1961221820420097,19.61221820420097,0.0019612218204200973,0.1961221820420097,19.61221820420097
all_data,interconnector,INTNSL,North Sea Link (INTNSL),export,export_mw_positive_magnitude_conditional_on_exporting,100.0,100.0,200.0,150.0,710,12997,0.05462799107486343,5.462799107486343,0.0005462799107486343,0.25075017311687314,25.075017311687315
all_data,interconnector,INTNSL,North Sea Link (INTNSL),export,export_mw_positive_magnitude_conditional_on_exporting,100.0,200.0,300.0,250.0,749,12997,0.05762868354235593,5.762868354235593,0.0005762868354235593,0.30837885665922904,30.837885665922904
all_data,interconnector,INTNSL,North Sea Link (INTNSL),export,export_mw_positive_magnitude_conditional_on_exporting,100.0,300.0,400.0,350.0,723,12997,0.05562822189736093,5.562822189736092,0.0005562822189736093,0.36400707855659,36.400707855659
all_data,interconnector,INTNSL,North Sea Link (INTNSL),export,export_mw_positive_magnitude_conditional_on_exporting,100.0,400.0,500.0,450.0,868,12997,0.06678464260983304,6.678464260983303,0.0006678464260983304,0.430791721166423,43.0791721166423
all_data,interconnector,INTNSL,North Sea Link (INTNSL),export,export_mw_positive_magnitude_conditional_on_exporting,100.0,500.0,600.0,550.0,559,12997,0.043009925367392475,4.300992536739248,0.0004300992536739247,0.4738016465338155,47.38016465338155
all_data,interconnector,INTNSL,North Sea Link (INTNSL),export,export_mw_positive_magnitude_conditional_on_exporting,100.0,600.0,700.0,650.0,644,12997,0.04954989612987613,4.954989612987613,0.0004954989612987612,0.5233515426636917,52.335154266369166
all_data,interconnector,INTNSL,North Sea Link (INTNSL),export,export_mw_positive_magnitude_conditional_on_exporting,100.0,700.0,800.0,750.0,1505,12997,0.11579595291221051,11.57959529122105,0.0011579595291221051,0.6391474955759021,63.91474955759021
all_data,interconnector,INTNSL,North Sea Link (INTNSL),export,export_mw_positive_magnitude_conditional_on_exporting,100.0,800.0,900.0,850.0,552,12997,0.04247133953989382,4.247133953989382,0.0004247133953989382,0.6816188351157959,68.16188351157959
all_data,interconnector,INTNSL,North Sea Link (INTNSL),export,export_mw_positive_magnitude_conditional_on_exporting,100.0,900.0,1000.0,950.0,424,12997,0.03262291297991844,3.2622912979918444,0.0003262291297991844,0.7142417480957144,71.42417480957144
all_data,interconnector,INTNSL,North Sea Link (INTNSL),export,export_mw_positive_magnitude_conditional_on_exporting,100.0,1000.0,1100.0,1050.0,789,12997,0.060706316842348236,6.070631684234824,0.0006070631684234823,0.7749480649380627,77.49480649380627
all_data,interconnector,INTNSL,North Sea Link (INTNSL),export,export_mw_positive_magnitude_conditional_on_exporting,100.0,1100.0,1200.0,1150.0,981,12997,0.0754789566823113,7.5478956682311305,0.000754789566823113,0.850427021620374,85.0427021620374
all_data,interconnector,INTNSL,North Sea Link (INTNSL),export,export_mw_positive_magnitude_conditional_on_exporting,100.0,1200.0,1300.0,1250.0,699,12997,0.05378164191736554,5.378164191736555,0.0005378164191736554,0.9042086635377394,90.42086635377395
all_data,interconnector,INTNSL,North Sea Link (INTNSL),export,export_mw_positive_magnitude_conditional_on_exporting,100.0,1300.0,1400.0,1350.0,142,12997,0.010925598214972685,1.0925598214972685,0.00010925598214972686,0.9151342617527122,91.51342617527122
all_data,interconnector,INTNSL,North Sea Link (INTNSL),export,export_mw_positive_magnitude_conditional_on_exporting,100.0,1400.0,1500.0,1450.0,1103,12997,0.08486573824728784,8.486573824728785,0.0008486573824728784,1.0,100.0
all_data,interconnector,INTVKL,Denmark (Viking link),import,import_mw_conditional_on_importing,100.0,0.0,100.0,50.0,1035,26921,0.038445822963485754,3.8445822963485754,0.0003844582296348575,0.038445822963485754,3.8445822963485754
all_data,interconnector,INTVKL,Denmark (Viking link),import,import_mw_conditional_on_importing,100.0,100.0,200.0,150.0,1031,26921,0.03829724007280562,3.829724007280562,0.0003829724007280562,0.07674306303629137,7.6743063036291375
all_data,interconnector,INTVKL,Denmark (Viking link),import,import_mw_conditional_on_importing,100.0,200.0,300.0,250.0,1100,26921,0.040860294937038,4.0860294937038,0.00040860294937038,0.11760335797332937,11.760335797332937
all_data,interconnector,INTVKL,Denmark (Viking link),import,import_mw_conditional_on_importing,100.0,300.0,400.0,350.0,1041,26921,0.038668697299505964,3.8668697299505963,0.00038668697299505965,0.15627205527283533,15.627205527283532
all_data,interconnector,INTVKL,Denmark (Viking link),import,import_mw_conditional_on_importing,100.0,400.0,500.0,450.0,1012,26921,0.03759147134207496,3.759147134207496,0.0003759147134207496,0.1938635266149103,19.38635266149103
all_data,interconnector,INTVKL,Denmark (Viking link),import,import_mw_conditional_on_importing,100.0,500.0,600.0,550.0,1007,26921,0.03740574272872479,3.740574272872479,0.00037405742728724786,0.2312692693436351,23.12692693436351
all_data,interconnector,INTVKL,Denmark (Viking link),import,import_mw_conditional_on_importing,100.0,600.0,700.0,650.0,1885,26921,0.07001968723301512,7.001968723301512,0.0007001968723301512,0.3012889565766502,30.128895657665023
all_data,interconnector,INTVKL,Denmark (Viking link),import,import_mw_conditional_on_importing,100.0,700.0,800.0,750.0,2646,26921,0.0982875821849114,9.82875821849114,0.000982875821849114,0.39957653876156163,39.957653876156165
all_data,interconnector,INTVKL,Denmark (Viking link),import,import_mw_conditional_on_importing,100.0,800.0,900.0,850.0,1347,26921,0.05003528843653653,5.003528843653653,0.0005003528843653654,0.4496118271980981,44.96118271980981
all_data,interconnector,INTVKL,Denmark (Viking link),import,import_mw_conditional_on_importing,100.0,900.0,1000.0,950.0,5547,26921,0.20604732365068162,20.604732365068163,0.002060473236506816,0.6556591508487798,65.56591508487799
all_data,interconnector,INTVKL,Denmark (Viking link),import,import_mw_conditional_on_importing,100.0,1000.0,1100.0,1050.0,891,26921,0.03309683889900078,3.309683889900078,0.0003309683889900078,0.6887559897477805,68.87559897477806
all_data,interconnector,INTVKL,Denmark (Viking link),import,import_mw_conditional_on_importing,100.0,1100.0,1200.0,1150.0,773,26921,0.028713643623936705,2.8713643623936704,0.00028713643623936707,0.7174696333717172,71.74696333717172
all_data,interconnector,INTVKL,Denmark (Viking link),import,import_mw_conditional_on_importing,100.0,1200.0,1300.0,1250.0,838,26921,0.03112811559748895,3.112811559748895,0.0003112811559748895,0.7485977489692062,74.85977489692061
all_data,interconnector,INTVKL,Denmark (Viking link),import,import_mw_conditional_on_importing,100.0,1300.0,1400.0,1350.0,1396,26921,0.051855428847368226,5.185542884736822,0.0005185542884736823,0.8004531778165744,80.04531778165745
all_data,interconnector,INTVKL,Denmark (Viking link),import,import_mw_conditional_on_importing,100.0,1400.0,1500.0,1450.0,5370,26921,0.19947253073808552,19.94725307380855,0.0019947253073808553,0.9999257085546599,99.99257085546598
all_data,interconnector,INTVKL,Denmark (Viking link),import,import_mw_conditional_on_importing,100.0,1500.0,1600.0,1550.0,0,26921,0.0,0.0,0.0,0.9999257085546599,99.99257085546598
all_data,interconnector,INTVKL,Denmark (Viking link),import,import_mw_conditional_on_importing,100.0,1600.0,1700.0,1650.0,0,26921,0.0,0.0,0.0,0.9999257085546599,99.99257085546598
all_data,interconnector,INTVKL,Denmark (Viking link),import,import_mw_conditional_on_importing,100.0,1700.0,1800.0,1750.0,0,26921,0.0,0.0,0.0,0.9999257085546599,99.99257085546598
all_data,interconnector,INTVKL,Denmark (Viking link),import,import_mw_conditional_on_importing,100.0,1800.0,1900.0,1850.0,0,26921,0.0,0.0,0.0,0.9999257085546599,99.99257085546598
all_data,interconnector,INTVKL,Denmark (Viking link),import,import_mw_conditional_on_importing,100.0,1900.0,2000.0,1950.0,1,26921,3.714572267003454e-05,0.0037145722670034543,3.7145722670034544e-07,0.99996285427733,99.996285427733
all_data,interconnector,INTVKL,Denmark (Viking link),import,import_mw_conditional_on_importing,100.0,2000.0,2100.0,2050.0,0,26921,0.0,0.0,0.0,0.99996285427733,99.996285427733
all_data,interconnector,INTVKL,Denmark (Viking link),import,import_mw_conditional_on_importing,100.0,2100.0,2200.0,2150.0,0,26921,0.0,0.0,0.0,0.99996285427733,99.996285427733
all_data,interconnector,INTVKL,Denmark (Viking link),import,import_mw_conditional_on_importing,100.0,2200.0,2300.0,2250.0,0,26921,0.0,0.0,0.0,0.99996285427733,99.996285427733
all_data,interconnector,INTVKL,Denmark (Viking link),import,import_mw_conditional_on_importing,100.0,2300.0,2400.0,2350.0,0,26921,0.0,0.0,0.0,0.99996285427733,99.996285427733
all_data,interconnector,INTVKL,Denmark (Viking link),import,import_mw_conditional_on_importing,100.0,2400.0,2500.0,2450.0,1,26921,3.714572267003454e-05,0.0037145722670034543,3.7145722670034544e-07,1.0,100.0
all_data,interconnector,INTVKL,Denmark (Viking link),export,export_mw_positive_magnitude_conditional_on_exporting,100.0,0.0,100.0,50.0,938,13868,0.067637727141621,6.7637727141621005,0.00067637727141621,0.067637727141621,6.7637727141621005
all_data,interconnector,INTVKL,Denmark (Viking link),export,export_mw_positive_magnitude_conditional_on_exporting,100.0,100.0,200.0,150.0,995,13868,0.0717479088549178,7.17479088549178,0.000717479088549178,0.1393856359965388,13.93856359965388
all_data,interconnector,INTVKL,Denmark (Viking link),export,export_mw_positive_magnitude_conditional_on_exporting,100.0,200.0,300.0,250.0,931,13868,0.06713296798384771,6.713296798384771,0.0006713296798384771,0.2065186039803865,20.65186039803865
all_data,interconnector,INTVKL,Denmark (Viking link),export,export_mw_positive_magnitude_conditional_on_exporting,100.0,300.0,400.0,350.0,906,13868,0.06533025670608596,6.533025670608596,0.0006533025670608596,0.27184886068647246,27.184886068647245
all_data,interconnector,INTVKL,Denmark (Viking link),export,export_mw_positive_magnitude_conditional_on_exporting,100.0,400.0,500.0,450.0,877,13868,0.06323911162388232,6.3239111623882325,0.0006323911162388232,0.33508797231035475,33.50879723103547
all_data,interconnector,INTVKL,Denmark (Viking link),export,export_mw_positive_magnitude_conditional_on_exporting,100.0,500.0,600.0,550.0,897,13868,0.06468128064609172,6.4681280646091714,0.0006468128064609171,0.3997692529564465,39.97692529564465
all_data,interconnector,INTVKL,Denmark (Viking link),export,export_mw_positive_magnitude_conditional_on_exporting,100.0,600.0,700.0,650.0,929,13868,0.06698875108162676,6.698875108162676,0.0006698875108162676,0.46675800403807327,46.67580040380733
all_data,interconnector,INTVKL,Denmark (Viking link),export,export_mw_positive_magnitude_conditional_on_exporting,100.0,700.0,800.0,750.0,1105,13868,0.07967983847706951,7.967983847706951,0.0007967983847706952,0.5464378425151428,54.64378425151428
all_data,interconnector,INTVKL,Denmark (Viking link),export,export_mw_positive_magnitude_conditional_on_exporting,100.0,800.0,900.0,850.0,809,13868,0.05833573694837035,5.8335736948370345,0.0005833573694837035,0.6047735794635132,60.47735794635132
all_data,interconnector,INTVKL,Denmark (Viking link),export,export_mw_positive_magnitude_conditional_on_exporting,100.0,900.0,1000.0,950.0,838,13868,0.06042688203057398,6.0426882030573985,0.0006042688203057398,0.6652004614940871,66.52004614940871
all_data,interconnector,INTVKL,Denmark (Viking link),export,export_mw_positive_magnitude_conditional_on_exporting,100.0,1000.0,1100.0,1050.0,3996,13868,0.2881453706374387,28.814537063743874,0.0028814537063743873,0.9533458321315258,95.33458321315258
all_data,interconnector,INTVKL,Denmark (Viking link),export,export_mw_positive_magnitude_conditional_on_exporting,100.0,1100.0,1200.0,1150.0,112,13868,0.008076146524372656,0.8076146524372656,8.076146524372655e-05,0.9614219786558985,96.14219786558985
all_data,interconnector,INTVKL,Denmark (Viking link),export,export_mw_positive_magnitude_conditional_on_exporting,100.0,1200.0,1300.0,1250.0,92,13868,0.006633977502163254,0.6633977502163254,6.633977502163254e-05,0.9680559561580617,96.80559561580617
all_data,interconnector,INTVKL,Denmark (Viking link),export,export_mw_positive_magnitude_conditional_on_exporting,100.0,1300.0,1400.0,1350.0,99,13868,0.007138736659936544,0.7138736659936544,7.138736659936545e-05,0.9751946928179983,97.51946928179983
all_data,interconnector,INTVKL,Denmark (Viking link),export,export_mw_positive_magnitude_conditional_on_exporting,100.0,1400.0,1500.0,1450.0,344,13868,0.024805307182001732,2.480530718200173,0.0002480530718200173,1.0,100.0
