Connection Site,TEC Project Names,TEC Customer Names,TEC Plant Types,TEC Project Numbers,TEC Register Source,Latitude,Longitude,Matched Feature,Match Type,Confidence,Match Score,Source URL,Source Description,Confidence Notes
132kV bay at Iron Acton Substation,Iron Acton,IRON ACTON GREEN LIMITED,Energy Storage System;PV Array (Photo Voltaic/solar),PRO-000491-1 | PRO-000491-2,https://www.neso.energy/data-portal/transmission-entry-capacity-tec-register,51.568978,-2.481269,IRON ACTON 132KV S/S,Strong name match,High,100.0,https://doi.org/10.5285/0eed5c99-f409-4329-a98e-47f496bb88a2,Lovett & Sünnenberg GB substations dataset; IRON ACTON 132KV S/S; NATIONAL GRID; GSP,Strong name match; score 100.0/100; next-candidate margin 4.0. Coordinates represent the matched mapped feature.
17 ACRES BESS 275KV SUBSTATION,17 Acres and BESS,AEUK BATTERY PROJECT II LTD,Energy Storage System,PRO-004392,https://www.neso.energy/data-portal/transmission-entry-capacity-tec-register,56.528745,-2.980503,"17 Acres BESS project site, Balnuith, Tealing",TEC project statutory grid-reference proxy,Medium,,https://www.thegazette.co.uk/notice/4925861,"Statutory notice for 17 Acres BESS: land at Balnuith, Tealing, near Dundee, DD4 0RE; Central Grid Reference 340032, 737273.","Project-site coordinates derived from the published statutory National Grid reference. The connection site is stated by the developer to be directly adjacent to Tealing Substation, so this is a strong area proxy but not a surveyed bay coordinate."
Aberarder Extension Wind Farm 132/33kV Substation,Aberarder Extension Wind Farm,Renewable Energy Systems Limited,Energy Storage System;Wind Onshore,PRO-002589,https://www.neso.energy/data-portal/transmission-entry-capacity-tec-register,51.713296,-3.453203,ABERDARE,Fuzzy infrastructure match,Medium,86.4,https://doi.org/10.5285/0eed5c99-f409-4329-a98e-47f496bb88a2,Lovett & Sünnenberg GB substations dataset; ABERDARE; WESTERN POWER DISTRIBUTION; PSS,Fuzzy infrastructure match; score 86.4/100; next-candidate margin 2.4. Coordinates represent the matched mapped feature.
Aberarder Wind Farm 132/33kV Substation,Aberarder Wind Farm,ABERARDER WIND FARM LLP,Wind Onshore,PRO-000368,https://www.neso.energy/data-portal/transmission-entry-capacity-tec-register,51.713296,-3.453203,ABERDARE,Fuzzy infrastructure match,Medium,86.4,https://doi.org/10.5285/0eed5c99-f409-4329-a98e-47f496bb88a2,Lovett & Sünnenberg GB substations dataset; ABERDARE; WESTERN POWER DISTRIBUTION; PSS,Fuzzy infrastructure match; score 86.4/100; next-candidate margin 2.4. Coordinates represent the matched mapped feature.
Aberdeen Bay 132kV Substation,Aberdeen Offshore Wind Farm,ABERDEEN OFFSHORE WIND FARM LIMITED,Wind Offshore,PRO-000002,https://www.neso.energy/data-portal/transmission-entry-capacity-tec-register,57.148243,-2.092809,Aberdeen,Town/locality proxy,Low,80.0,https://www.openstreetmap.org/node/21063362,OpenStreetMap named city: Aberdeen,"Town/locality proxy; score 80.0/100; next-candidate margin 5.0. Coordinates are a geographic proxy, not the confirmed electrical asset."
Abernethy 2 GSP,Shire End Solar Farm,QAIR SCOTLAND LIMITED,PV Array (Photo Voltaic/solar),PRO-004902,https://www.neso.energy/data-portal/transmission-entry-capacity-tec-register,56.332706,-3.311570,Abernethy,Town/locality proxy,Medium,96.0,https://www.openstreetmap.org/node/917928963,OpenStreetMap named village: Abernethy,"Town/locality proxy; score 96.0/100; next-candidate margin 19.1. Coordinates are a geographic proxy, not the confirmed electrical asset."
Abernethy GSP,Jamesfield Farm Battery Storage | Jamesfield Farm Phase 2 Battery Storage,HARMONY JF LIMITED,Energy Storage System,PRO-001237 | PRO-001236,https://www.neso.energy/data-portal/transmission-entry-capacity-tec-register,56.339745,-3.294879,ABERNETHY,Exact normalized name,High,100.0,https://doi.org/10.5285/0eed5c99-f409-4329-a98e-47f496bb88a2,Lovett & Sünnenberg GB substations dataset; ABERNETHY; SSE NETWORKS; PSS,Exact normalized name; score 100.0/100; next-candidate margin 0.0. Coordinates represent the matched mapped feature.
Aberthaw 132kV Substation,Peak Gen Barry,PEAK GEN POWER 6 LIMITED,Energy Storage System,PRO-003899,https://www.neso.energy/data-portal/transmission-entry-capacity-tec-register,51.385200,-3.403321,ABERTHAW 132KV S/S,Exact normalized name,High,100.0,https://doi.org/10.5285/0eed5c99-f409-4329-a98e-47f496bb88a2,Lovett & Sünnenberg GB substations dataset; ABERTHAW 132KV S/S; NATIONAL GRID; GSP,Exact normalized name; score 100.0/100; next-candidate margin 0.0. Coordinates represent the matched mapped feature.
Aberthaw 275kV Substation,Aberthaw (Tertiary) | Aberthaw Energy | Aberthaw PV & BESS Generation | Afon Ddaw | Mwyndy Storage,Aberthaw Green Limited | ABERTHAW ENERGY LIMITED | REWE 12 Limited | LIGHTSOURCE SPV 214 LIMITED | CENIN RENEWABLES LIMITED,Energy Storage System;PV Array (Photo Voltaic/solar) | Energy Storage System,PRO-000376 | PRO-001697 | PRO-001815 | PRO-001775 | PRO-005875,https://www.neso.energy/data-portal/transmission-entry-capacity-tec-register,51.388331,-3.403201,ABERTHAW 275KV S/S,Exact normalized name,High,100.0,https://doi.org/10.5285/0eed5c99-f409-4329-a98e-47f496bb88a2,Lovett & Sünnenberg GB substations dataset; ABERTHAW 275KV S/S; NATIONAL GRID; TRANS,Exact normalized name; score 100.0/100; next-candidate margin 0.0. Coordinates represent the matched mapped feature.
Aberthaw B 275/132kV Substation,Aberthaw BESS,REWE 7 LIMITED,Energy Storage System,PRO-003954,https://www.neso.energy/data-portal/transmission-entry-capacity-tec-register,51.385200,-3.403321,ABERTHAW 132KV S/S,Strong name match,High,100.0,https://doi.org/10.5285/0eed5c99-f409-4329-a98e-47f496bb88a2,Lovett & Sünnenberg GB substations dataset; ABERTHAW 132KV S/S; NATIONAL GRID; GSP,Strong name match; score 100.0/100; next-candidate margin 4.0. Coordinates represent the matched mapped feature.
Abhainn Dubh Wind Farm 132kV Substation,Abhainn Dubh Wind Farm,E Power Limited,Wind Onshore,PRO-002272,https://www.neso.energy/data-portal/transmission-entry-capacity-tec-register,57.540687,-5.711410,Abhainn Dubh Wind Farm,TEC project matched to DESNZ REPD,Low,100.0,https://www.gov.uk/government/publications/renewable-energy-planning-database-quarterly-extract,"DESNZ REPD ref 11357: Abhainn Dubh Wind Farm; Abhainn Dubh Wind Farm, Abhainn Dubh, Strathcarron; planning ref ECU00004732",TEC project matched to DESNZ REPD; score 100.0/100; next-candidate margin 0.0. Coordinates represent the matched mapped feature.
Abham 132kV Substation,Stretchford Farm Solar and Storage,BSR APPLICATIONS LIMITED,Energy Storage System;PV Array (Photo Voltaic/solar),PRO-004522,https://www.neso.energy/data-portal/transmission-entry-capacity-tec-register,50.471555,-3.729494,ABHAM 132KV S/S,Exact normalized name,High,100.0,https://doi.org/10.5285/0eed5c99-f409-4329-a98e-47f496bb88a2,Lovett & Sünnenberg GB substations dataset; ABHAM 132KV S/S; NATIONAL GRID; GSP,Exact normalized name; score 100.0/100; next-candidate margin 0.0. Coordinates represent the matched mapped feature.
Abham GSP,Barton Hill | Conrad (Torquay) Limited,VIRIDIS 178 LIMITED | CONRAD (TORQUAY) LIMITED,CHP (Combined Heat and Power) | Energy Storage System,PRO-000024 | PRO-004386,https://www.neso.energy/data-portal/transmission-entry-capacity-tec-register,50.471642,-3.730920,ABHAM 400KV S/S,Exact normalized name,High,100.0,https://doi.org/10.5285/0eed5c99-f409-4329-a98e-47f496bb88a2,Lovett & Sünnenberg GB substations dataset; ABHAM 400KV S/S; NATIONAL GRID; TRANS,Exact normalized name; score 100.0/100; next-candidate margin 0.0. Coordinates represent the matched mapped feature.
ACHANY EXTENSION WIND FARM 132/33KV Substation,Achany Extension Wind Farm,SSE Generation Limited,Wind Onshore,PRO-001555,https://www.neso.energy/data-portal/transmission-entry-capacity-tec-register,58.001191,-4.518047,Achany Wind Farm,Exact normalized name,High,100.0,https://www.openstreetmap.org/relation/6949399,OpenStreetMap named plant feature: Achany Wind Farm,Exact normalized name; score 100.0/100; next-candidate margin 100.0. Coordinates represent the matched mapped feature.
Acheilidh Wind farm 132kV Substation,Acheilidh Wind Farm,ENERGYFARM UK ACHEILIDH LTD,Energy Storage System;Wind Onshore,PRO-005042,https://www.neso.energy/data-portal/transmission-entry-capacity-tec-register,58.003221,-4.260107,Acheilidh,Town/locality proxy,Medium,100.0,https://www.openstreetmap.org/node/8355829803,OpenStreetMap named hamlet: Acheilidh,"Town/locality proxy; score 100.0/100; next-candidate margin 100.0. Coordinates are a geographic proxy, not the confirmed electrical asset."
A'Chruach Wind Farm 275kV Substation,A'Chruach Wind Farm,A'CHRUACH WIND FARM LIMITED,Wind Onshore,PRO-000005,https://www.neso.energy/data-portal/transmission-entry-capacity-tec-register,56.130519,-5.338217,A'Chruach Wind Farm,Exact normalized name,High,100.0,https://www.openstreetmap.org/relation/9417449,OpenStreetMap named plant feature: A'Chruach Wind Farm,Exact normalized name; score 100.0/100; next-candidate margin 100.0. Coordinates represent the matched mapped feature.
Achrugan 132kV Substation,Achrugan Wind Farm,Statkraft Windco 1 Limited,Energy Storage System;Wind Onshore,PRO-002267,https://www.neso.energy/data-portal/transmission-entry-capacity-tec-register,58.545930,-3.990210,Achrugan Wind Farm project area south of Strathy,TEC project developer-location proxy,Low,,https://projects.statkraft.co.uk/achrugan/,"Statkraft states that Achrugan Wind Farm is approximately 1.6 km south of Strathy in Sutherland, Highland.","Approximate project-area coordinate inferred 1.6 km south of the mapped centre of Strathy. It identifies the correct project area, not the final electrical connection compound."
AGS CALDERSIDE 275KV  SUBSTATION,AGS Calderside Battery Energy Storage System,Advance Grid Solutions Limited,Energy Storage System,PRO-002752-1 | PRO-002752-2,https://www.neso.energy/data-portal/transmission-entry-capacity-tec-register,,,,No reliable infrastructure match,Unresolved,63.6,,,Best candidate 'Aldridge Substation' scored 63.6; below reliability threshold.
AGS Harestonhill BESS 400kV Substation,AGS Harestonhill BESS,AGS Harestonhill Ltd,Energy Storage System,PRO-003656,https://www.neso.energy/data-portal/transmission-entry-capacity-tec-register,,,,No reliable infrastructure match,Unresolved,64.0,,,Best candidate 'ABRONHILL' scored 64.0; below reliability threshold.
Aigas Hydro 132kV Substation,Aigas (part of the Beauly Cascade),SSE Generation Limited,Hydro,PRO-000006,https://www.neso.energy/data-portal/transmission-entry-capacity-tec-register,56.969202,-4.995729,Cia Aig Hydro Power Station,Candidate infrastructure match,Low,83.3,https://www.openstreetmap.org/relation/20218779,OpenStreetMap named plant feature: Cia Aig Hydro Power Station,Candidate infrastructure match; score 83.3/100; next-candidate margin 8.3. Coordinates represent the matched mapped feature.
Airds Hill WindFarm 132kV Substation,Airds Hill Wind Farm,ONPATH ENERGY LIMITED,Energy Storage System;Wind Onshore,PRO-003545,https://www.neso.energy/data-portal/transmission-entry-capacity-tec-register,51.980721,-0.223500,Birds Hill,Fuzzy infrastructure match,Medium,90.0,https://www.openstreetmap.org/way/980174905,OpenStreetMap named substation feature: Birds Hill,Fuzzy infrastructure match; score 90.0/100; next-candidate margin 12.2. Coordinates represent the matched mapped feature.
Alcemi Score Battery 400kV Substation,Alcemi Score 2 Battery Energy Storage Facility,ALCEMI STORAGE DEVELOPMENTS 5 LIMITED,Energy Storage System,PRO-001790,https://www.neso.energy/data-portal/transmission-entry-capacity-tec-register,,,,No reliable infrastructure match,Unresolved,62.3,,,Best candidate 'ALVERDISCOTT 400KV S/S' scored 62.3; below reliability threshold.
ALCEMI SCORE BATTERY ENERGY STORAGE FACILITY 400KV SUBSTATION,Alcemi Score Battery Energy Storage Facility,ALCEMI STORAGE DEVELOPMENTS 5 LIMITED,Energy Storage System,PRO-001575,https://www.neso.energy/data-portal/transmission-entry-capacity-tec-register,,,,No reliable infrastructure match,Unresolved,73.2,,,Best candidate 'Ray Battery Storage Facility' scored 73.2; below reliability threshold.
Alness 2 275/33 kV GSP Substation,Contullich BESS | Drumore Farm,Contullich Energy Storage Limited | Drumore Battery Storage Limited,Energy Storage System,PRO-004300 | PRO-002397,https://www.neso.energy/data-portal/transmission-entry-capacity-tec-register,57.695943,-4.254157,Alness,Town/locality proxy,Medium,96.0,https://www.openstreetmap.org/node/26480790,OpenStreetMap named town: Alness,"Town/locality proxy; score 96.0/100; next-candidate margin 96.0. Coordinates are a geographic proxy, not the confirmed electrical asset."
Alness GSP,Beinn Tharsuinn | Coire Na Cloiche | Novar 2 Wind Farm | Strathrory Wind Farm,SCOTTISHPOWER RENEWABLES (UK) LIMITED | COIRE NA CLOICHE WINDFARM LLP | HEADWIND DEVELOPMENT SERVICES LIMITED | STRATHRORY WIND FARM LLP,Wind Onshore,PRO-000030 | PRO-000099 | PRO-004775 | PRO-001812,https://www.neso.energy/data-portal/transmission-entry-capacity-tec-register,57.708228,-4.274580,ALNESS,Exact normalized name,High,100.0,https://doi.org/10.5285/0eed5c99-f409-4329-a98e-47f496bb88a2,Lovett & Sünnenberg GB substations dataset; ALNESS; SSE NETWORKS; GSP,Exact normalized name; score 100.0/100; next-candidate margin 0.0. Coordinates represent the matched mapped feature.
Alverdiscott 400kV Substation,Alverdiscott | Alverdiscott 2 | Alverdiscott Farm | Celtic 2 Offshore Wind Farm | Cormoran Offshore Wind Farm | Equinor Celtic Sea 1 | Gallos | Gwynt Glas Offshore Wind Farm | Gwynt Glas Offshore Wind Farm 2 | Mererid Offshore Wind Farm | Merlin 2 Offshore Windfarm | Merlin Offshore Wind Farm | Morwind 300 | Petroc Extension Offshore Wind Farm | Petroc Offshore Wind Farm | SSE Celtic Sea 1,PIVOTED POWER LLP | XLINKS 1 LTD | Alverdiscott 10 Renewables Ltd | RWE Renewables UK Limited | South West Wind Holdco Limited | EQUINOR NEW ENERGY LIMITED | Corio Generation Limited | GWYNT GLAS OFFSHORE WIND FARM LIMITED | OFFSHORE WIND LIMITED | Morwind Ltd | BLUEFLOAT ENERGY UK HOLDINGS LIMITED | SSE RENEWABLES OFFSHORE WINDFARM HOLDINGS LIMITED,Energy Storage System | Interconnector | Energy Storage System;PV Array (Photo Voltaic/solar) | Wind Offshore,PRO-001136-1 | PRO-001136-2 | PRO-001344 | PRO-001345 | PRO-002554 | PRO-002007 | PRO-002390 | PRO-004037 | PRO-002734 | PRO-001772 | PRO-002480 | PRO-002391 | PRO-001997 | PRO-001728 | PRO-001787 | PRO-002404 | PRO-001661 | PRO-002405,https://www.neso.energy/data-portal/transmission-entry-capacity-tec-register,51.005892,-4.136456,ALVERDISCOTT 400KV S/S,Exact normalized name,High,100.0,https://doi.org/10.5285/0eed5c99-f409-4329-a98e-47f496bb88a2,Lovett & Sünnenberg GB substations dataset; ALVERDISCOTT 400KV S/S; NATIONAL GRID; TRANS,Exact normalized name; score 100.0/100; next-candidate margin 0.0. Coordinates represent the matched mapped feature.
Alyth 400kV Substation,ALYTH ENERGY STORAGE AND SOLAR | Brigton of Ruthven BESS | Glenmoy Wind Solar & BESS | Knockton Wind Farm,PRIVATE ENERGY PARTNERS (UK) LTD | MORRIS LESLIE LIMITED | Galileo 20 Limited | PERIGUS ENERGY UK LIMITED,Energy Storage System;PV Array (Photo Voltaic/solar) | Energy Storage System | Energy Storage System;PV Array (Photo Voltaic/solar);Wind Onshore | Wind Onshore,PRO-004680 | PRO-004937 | PRO-006134 | PRO-003524,https://www.neso.energy/data-portal/transmission-entry-capacity-tec-register,56.620410,-3.246946,ALYTH,Exact normalized name,High,100.0,https://doi.org/10.5285/0eed5c99-f409-4329-a98e-47f496bb88a2,Lovett & Sünnenberg GB substations dataset; ALYTH; SSE NETWORKS; PSS,Exact normalized name; score 100.0/100; next-candidate margin 0.0. Coordinates represent the matched mapped feature.
ALYTH BESS STATION 400KV SUBSTATION,Alyth BESS Station,IGP INTERNATIONAL PROSPECTING LIMITED,Energy Storage System,PRO-002466,https://www.neso.energy/data-portal/transmission-entry-capacity-tec-register,50.377418,-4.145915,Plymouth Station Substation,Candidate infrastructure match,Low,82.8,https://www.openstreetmap.org/node/13155700594,OpenStreetMap named substation feature: Plymouth Station Substation,Candidate infrastructure match; score 82.8/100; next-candidate margin 2.8. Coordinates represent the matched mapped feature.
Alyth Solar and Battery 400/132kV,Alyth,ECODEV (ALYTH) LTD,Energy Storage System;PV Array (Photo Voltaic/solar),PRO-001978-1 | PRO-001978-2,https://www.neso.energy/data-portal/transmission-entry-capacity-tec-register,56.611936,-3.234762,New Alyth,Town/locality proxy,Low,71.4,https://www.openstreetmap.org/node/5756469513,OpenStreetMap named village: New Alyth,"Town/locality proxy; score 71.4/100; next-candidate margin 0.0. Coordinates are a geographic proxy, not the confirmed electrical asset."
Amersham Main 132kV Substation,Bumpers Farm BESS phase 1 | Bumpers Farm BESS phase 2 | Vox Charlie,Harmony BF Ltd | Vox Charlie Ltd,Energy Storage System,PRO-002103 | PRO-002104 | PRO-002573,https://www.neso.energy/data-portal/transmission-entry-capacity-tec-register,51.665515,-0.658210,AMERSHAM MAIN,Exact normalized name,High,100.0,https://doi.org/10.5285/0eed5c99-f409-4329-a98e-47f496bb88a2,Lovett & Sünnenberg GB substations dataset; AMERSHAM MAIN; UK POWER NETWORKS; BSP,Exact normalized name; score 100.0/100; next-candidate margin 0.0. Coordinates represent the matched mapped feature.
Amersham Main 400kV Substation,Amersham BESS & Substation,O&G Solar (SPV 31) Limited,Energy Storage System,PRO-002354,https://www.neso.energy/data-portal/transmission-entry-capacity-tec-register,51.665515,-0.658210,AMERSHAM MAIN,Exact normalized name,High,100.0,https://doi.org/10.5285/0eed5c99-f409-4329-a98e-47f496bb88a2,Lovett & Sünnenberg GB substations dataset; AMERSHAM MAIN; UK POWER NETWORKS; BSP,Exact normalized name; score 100.0/100; next-candidate margin 0.0. Coordinates represent the matched mapped feature.
An Suidhe 275/33kV,Eredine Wind Farm,RWE Renewables UK Onshore Wind Limited,Energy Storage System;Wind Onshore,PRO-002005,https://www.neso.energy/data-portal/transmission-entry-capacity-tec-register,56.197902,-5.144986,An Suidhe Substation,Exact normalized name,High,100.0,https://www.openstreetmap.org/way/307717802,OpenStreetMap named substation feature: An Suidhe Substation,Exact normalized name; score 100.0/100; next-candidate margin 0.0. Coordinates represent the matched mapped feature.
Andrew BESS 132kV Substation,Andrew BESS,Apatura Battery Ltd,Energy Storage System,PRO-003766,https://www.neso.energy/data-portal/transmission-entry-capacity-tec-register,53.512568,-2.042949,Andrew St,Candidate infrastructure match,Low,80.0,https://www.openstreetmap.org/way/945294261,OpenStreetMap named substation feature: Andrew St,Candidate infrastructure match; score 80.0/100; next-candidate margin 9.4. Coordinates represent the matched mapped feature.
Appin Wind Farm 132kV Substation,Appin Wind Farm,Appin Wind Farm Limited,Wind Onshore,PRO-002661,https://www.neso.energy/data-portal/transmission-entry-capacity-tec-register,56.561788,-5.358486,Appin,Town/locality proxy,Medium,100.0,https://www.openstreetmap.org/node/275682350,OpenStreetMap named village: Appin,"Town/locality proxy; score 100.0/100; next-candidate margin 100.0. Coordinates are a geographic proxy, not the confirmed electrical asset."
Appleford 400kV,Didcot High Impact Green Energy Hub (HIGEH) 1,TELIS ENERGY UK LIMITED,CCGT (Combined Cycle Gas Turbine);Energy Storage System;PV Array (Photo Voltaic/solar);Wind Onshore,PRO-002649,https://www.neso.energy/data-portal/transmission-entry-capacity-tec-register,53.254489,0.188806,ALFORD 33/11KV,Candidate infrastructure match,Low,80.0,https://doi.org/10.5285/0eed5c99-f409-4329-a98e-47f496bb88a2,Lovett & Sünnenberg GB substations dataset; ALFORD 33/11KV; WESTERN POWER DISTRIBUTION; PSS,Candidate infrastructure match; score 80.0/100; next-candidate margin 0.0. Coordinates represent the matched mapped feature.
APPLEFORD 400kV SUBSTATION,Didcot Farm | Didcot Farm 2,APPLEFORD 2 RENEWABLES LTD | Appleford 7 Renewables Limited,Energy Storage System;PV Array (Photo Voltaic/solar),PRO-002683 | PRO-003709,https://www.neso.energy/data-portal/transmission-entry-capacity-tec-register,53.254489,0.188806,ALFORD 33/11KV,Candidate infrastructure match,Low,80.0,https://doi.org/10.5285/0eed5c99-f409-4329-a98e-47f496bb88a2,Lovett & Sünnenberg GB substations dataset; ALFORD 33/11KV; WESTERN POWER DISTRIBUTION; PSS,Candidate infrastructure match; score 80.0/100; next-candidate margin 0.0. Coordinates represent the matched mapped feature.
Arbroath 2 132/33kV GSP Substation,Fauldielaw,Cairn Duhie Energy Limited,PV Array (Photo Voltaic/solar),PRO-004503,https://www.neso.energy/data-portal/transmission-entry-capacity-tec-register,56.558673,-2.581567,Arbroath,Town/locality proxy,Medium,96.0,https://www.openstreetmap.org/node/5305193765,OpenStreetMap named town: Arbroath,"Town/locality proxy; score 96.0/100; next-candidate margin 96.0. Coordinates are a geographic proxy, not the confirmed electrical asset."
Arbroath GSP,Arbroath Battery Substation | Craigend | Locharber,ARBROATH LIMITED | Renewable Energy Systems Limited | Lochaber Energy Centre Limited,Energy Storage System | PV Array (Photo Voltaic/solar) | Energy Storage System;PV Array (Photo Voltaic/solar),PRO-000950 | PRO-002567 | PRO-004283,https://www.neso.energy/data-portal/transmission-entry-capacity-tec-register,56.563819,-2.619425,ARBROATH,Exact normalized name,High,100.0,https://doi.org/10.5285/0eed5c99-f409-4329-a98e-47f496bb88a2,Lovett & Sünnenberg GB substations dataset; ARBROATH; SSE NETWORKS; GSP,Exact normalized name; score 100.0/100; next-candidate margin 0.0. Coordinates represent the matched mapped feature.
Ardkinglas GSP,Ardkinglas,SCOTTISHPOWER RENEWABLES (UK) LIMITED,Wind Onshore,PRO-000013,https://www.neso.energy/data-portal/transmission-entry-capacity-tec-register,56.277113,-4.922266,Ardkinglas Substation,Exact normalized name,High,100.0,https://www.openstreetmap.org/way/307717805,OpenStreetMap named substation feature: Ardkinglas Substation,Exact normalized name; score 100.0/100; next-candidate margin 100.0. Coordinates represent the matched mapped feature.
Arecleoch 132/33kV,Arecleoch | Arecleoch Extension Windfarm,SCOTTISHPOWER RENEWABLES (UK) LIMITED,Wind Onshore,PRO-000012-1 | PRO-000012-2 | PRO-001111,https://www.neso.energy/data-portal/transmission-entry-capacity-tec-register,55.084036,-4.849958,Arecleoch Wind Farm Substation,Exact normalized name,High,100.0,https://www.openstreetmap.org/way/380356308,OpenStreetMap named substation feature: Arecleoch Wind Farm Substation,Exact normalized name; score 100.0/100; next-candidate margin 0.0. Coordinates represent the matched mapped feature.
Armadale 132kV Substation,Galileo 10,GALILEO 10 LIMITED,Energy Storage System,PRO-003953,https://www.neso.energy/data-portal/transmission-entry-capacity-tec-register,55.894123,-3.696563,ARMADALE,Exact normalized name,High,100.0,https://doi.org/10.5285/0eed5c99-f409-4329-a98e-47f496bb88a2,Lovett & Sünnenberg GB substations dataset; ARMADALE; SP ENERGY NETWORKS; PSS,Exact normalized name; score 100.0/100; next-candidate margin 100.0. Coordinates represent the matched mapped feature.
Armadale 400kv Substation,Elmya Bathgate BESS,RPC ELMYA CARNATION BATHGATE LIMITED,Energy Storage System,PRO-004416,https://www.neso.energy/data-portal/transmission-entry-capacity-tec-register,55.894123,-3.696563,ARMADALE,Exact normalized name,High,100.0,https://doi.org/10.5285/0eed5c99-f409-4329-a98e-47f496bb88a2,Lovett & Sünnenberg GB substations dataset; ARMADALE; SP ENERGY NETWORKS; PSS,Exact normalized name; score 100.0/100; next-candidate margin 100.0. Coordinates represent the matched mapped feature.
Arnish 275kV Substation,Stornoway Wind Farm,STORNOWAY WIND FARM LIMITED,Wind Onshore,PRO-000346,https://www.neso.energy/data-portal/transmission-entry-capacity-tec-register,58.187253,-6.386095,ARNISH,Exact normalized name,High,100.0,https://doi.org/10.5285/0eed5c99-f409-4329-a98e-47f496bb88a2,Lovett & Sünnenberg GB substations dataset; ARNISH; SSE NETWORKS; PSS,Exact normalized name; score 100.0/100; next-candidate margin 0.0. Coordinates represent the matched mapped feature.
Arnish Lewis Hub 400kV Substation,Magwind | Spiorad Na Mara Offshore Wind Farm,MAGNORA OFFSHORE WIND N3 LIMITED | SPIORAD NA MARA LIMITED,Wind Offshore,PRO-001766 | PRO-001642,https://www.neso.energy/data-portal/transmission-entry-capacity-tec-register,,,,No reliable infrastructure match,Unresolved,56.0,,,Best candidate 'Lewis Ave Substation' scored 56.0; below reliability threshold.
Arresgill 132kV Substation,Arresgill Energy Storage 1 | Arresgill Wind Farm,Arresgill Energy Storage 1 Limited | ARRESGILL ENERGY LIMITED,Energy Storage System | Wind Onshore,PRO-003246 | PRO-002409,https://www.neso.energy/data-portal/transmission-entry-capacity-tec-register,,,,No reliable infrastructure match,Unresolved,62.5,,,Best candidate 'Averill Solar Farm Substation' scored 62.5; below reliability threshold.
Artfield Forest Wind Farm 132kV Substation,Artfield Forest Wind Farm,ARTFIELD FOREST WIND FARM LTD,Wind Onshore,PRO-003578,https://www.neso.energy/data-portal/transmission-entry-capacity-tec-register,54.964509,-4.763481,Artfield Fell,Candidate infrastructure match,Low,78.6,https://www.openstreetmap.org/relation/6949327,OpenStreetMap named plant feature: Artfield Fell,Candidate infrastructure match; score 78.6/100; next-candidate margin 4.5. Coordinates represent the matched mapped feature.
Auchentiber Farm BESS 400kV Substation,Auchentiber Farm 700MW BESS,GPC 700 Ltd,Energy Storage System,PRO-003601,https://www.neso.energy/data-portal/transmission-entry-capacity-tec-register,55.690279,-4.603226,Auchentiber,Town/locality proxy,Medium,100.0,https://www.openstreetmap.org/node/6848895174,OpenStreetMap named village: Auchentiber,"Town/locality proxy; score 100.0/100; next-candidate margin 100.0. Coordinates are a geographic proxy, not the confirmed electrical asset."
Auldhouse 400kV Substation,Auldhouse 200MW BESS,Apatura Project 29 Ltd,Demand;Energy Storage System,PRO-003825,https://www.neso.energy/data-portal/transmission-entry-capacity-tec-register,55.819260,-4.292853,Auldhouse,Town/locality proxy,Low,100.0,https://www.openstreetmap.org/node/3817889359,OpenStreetMap named suburb: Auldhouse,"Town/locality proxy; score 100.0/100; next-candidate margin 0.0. Coordinates are a geographic proxy, not the confirmed electrical asset."
Aultmore Wind Farm 132/33kV Substation,Aultmore Wind Farm (2023),VATTENFALL WIND POWER LTD,Energy Storage System;Wind Onshore,PRO-003975,https://www.neso.energy/data-portal/transmission-entry-capacity-tec-register,57.565549,-3.000715,Aultmore,Town/locality proxy,Medium,100.0,https://www.openstreetmap.org/node/8328523001,OpenStreetMap named hamlet: Aultmore,"Town/locality proxy; score 100.0/100; next-candidate margin 100.0. Coordinates are a geographic proxy, not the confirmed electrical asset."
Axminster 132kV Substation,Axminster | Axminster - New Connection | Axminster BESS | Old Park Farm,HB825AXM LTD | ENSO GREEN HOLDINGS B LIMITED | CSE25 LIMITED | STARLIGHT ENERGY UK LIMITED,Energy Storage System | Energy Storage System;PV Array (Photo Voltaic/solar),PRO-001017 | PRO-001356 | PRO-001740 | PRO-004719,https://www.neso.energy/data-portal/transmission-entry-capacity-tec-register,50.787085,-2.924369,AXMINSTER 132KV S/S,Exact normalized name,High,100.0,https://doi.org/10.5285/0eed5c99-f409-4329-a98e-47f496bb88a2,Lovett & Sünnenberg GB substations dataset; AXMINSTER 132KV S/S; NATIONAL GRID; GSP,Exact normalized name; score 100.0/100; next-candidate margin 0.0. Coordinates represent the matched mapped feature.
Axminster 400kV Substation,Axminster,PIVOTED POWER LLP,Energy Storage System,PRO-001143,https://www.neso.energy/data-portal/transmission-entry-capacity-tec-register,50.786472,-2.924556,AXMINSTER 400KV S/S,Exact normalized name,High,100.0,https://doi.org/10.5285/0eed5c99-f409-4329-a98e-47f496bb88a2,Lovett & Sünnenberg GB substations dataset; AXMINSTER 400KV S/S; NATIONAL GRID; TRANS,Exact normalized name; score 100.0/100; next-candidate margin 0.0. Coordinates represent the matched mapped feature.
Ayr 275/33kV,Clonmacate Farm BESS | FPE Ayr BESS | Holmston Farm Battery Energy Storage System,GPC Project 11 Ltd | FUTURE POWER ENTERPRISES LTD | Field Holmston Ltd,Energy Storage System,PRO-003421 | PRO-004532 | PRO-002359,https://www.neso.energy/data-portal/transmission-entry-capacity-tec-register,55.457994,-4.588993,AYR,Exact normalized name,High,100.0,https://doi.org/10.5285/0eed5c99-f409-4329-a98e-47f496bb88a2,Lovett & Sünnenberg GB substations dataset; AYR; SP ENERGY NETWORKS; GSP,Exact normalized name; score 100.0/100; next-candidate margin 0.0. Coordinates represent the matched mapped feature.
Ayr 275/33kV Substation,Ayr Energy Storage,KXP ALPHA I LIMITED,Energy Storage System,PRO-003801,https://www.neso.energy/data-portal/transmission-entry-capacity-tec-register,55.457994,-4.588993,AYR,Exact normalized name,High,100.0,https://doi.org/10.5285/0eed5c99-f409-4329-a98e-47f496bb88a2,Lovett & Sünnenberg GB substations dataset; AYR; SP ENERGY NETWORKS; GSP,Exact normalized name; score 100.0/100; next-candidate margin 0.0. Coordinates represent the matched mapped feature.
AYR DBB 275KV SUBSTATION,Ayr Flexpower,Ayr Flexpower Limited,Energy Storage System;PV Array (Photo Voltaic/solar),PRO-004489,https://www.neso.energy/data-portal/transmission-entry-capacity-tec-register,,,,No reliable infrastructure match,Unresolved,64.0,,,Best candidate 'AYR' scored 64.0; below reliability threshold.
Ayr Farm Collector Substation,Ayr Farm,Braston New Energy Limited,Energy Storage System,PRO-003596,https://www.neso.energy/data-portal/transmission-entry-capacity-tec-register,55.462804,-4.630250,Ayr,TEC project-derived locality proxy,Low,100.0,https://www.openstreetmap.org/node/21051417,OpenStreetMap named town: Ayr,"TEC project-derived locality proxy; score 100.0/100; next-candidate margin 100.0. Coordinates are a geographic proxy, not the confirmed electrical asset."
Ayr GSP,Knockkippen Energy Park,KNOCKKIPPEN WIND ENERGY LIMITED,Demand;Energy Storage System;PV Array (Photo Voltaic/solar);Wind Onshore,PRO-001826,https://www.neso.energy/data-portal/transmission-entry-capacity-tec-register,55.457994,-4.588993,AYR,Exact normalized name,High,100.0,https://doi.org/10.5285/0eed5c99-f409-4329-a98e-47f496bb88a2,Lovett & Sünnenberg GB substations dataset; AYR; SP ENERGY NETWORKS; GSP,Exact normalized name; score 100.0/100; next-candidate margin 0.0. Coordinates represent the matched mapped feature.
Ayrshire Grid 400kV Collector Substation,Ayrshire Grid Services Facility,HUNTERSTON GRID 3 LTD,Reactive Compensation,PRO-001090,https://www.neso.energy/data-portal/transmission-entry-capacity-tec-register,,,,No reliable infrastructure match,Unresolved,57.9,,,Best candidate 'Cumberhead Collector Substation' scored 57.9; below reliability threshold.
Ayrshire Grid 400kV Substation,Hunterston Energy Storage Facility,HUNTERSTON GRID 1 LTD,Energy Storage System,PRO-001644,https://www.neso.energy/data-portal/transmission-entry-capacity-tec-register,,,,No reliable infrastructure match,Unresolved,66.7,,,Best candidate 'Arnside Substation' scored 66.7; below reliability threshold.
Baillie 275KV Substation,Baillie Greener Grid Park,Statkraft UK Ltd,Energy Storage System;Reactive Compensation,PRO-001701,https://www.neso.energy/data-portal/transmission-entry-capacity-tec-register,58.566106,-3.672527,Baillie Wind Farm,Exact normalized name,High,100.0,https://www.openstreetmap.org/relation/8087058,OpenStreetMap named plant feature: Baillie Wind Farm,Exact normalized name; score 100.0/100; next-candidate margin 100.0. Coordinates represent the matched mapped feature.
Bainsford 132/33kV,Bankside BESS,FALKIRK POWER LTD,Energy Storage System,PRO-002151,https://www.neso.energy/data-portal/transmission-entry-capacity-tec-register,56.014989,-3.769992,BAINSFORD,Exact normalized name,High,100.0,https://doi.org/10.5285/0eed5c99-f409-4329-a98e-47f496bb88a2,Lovett & Sünnenberg GB substations dataset; BAINSFORD; SP ENERGY NETWORKS; GSP,Exact normalized name; score 100.0/100; next-candidate margin 0.0. Coordinates represent the matched mapped feature.
Balinoe 132kV substation,Balinoe Wind Farm,RWE Renewables UK Onshore Wind Limited,Energy Storage System;Wind Onshore,PRO-004776,https://www.neso.energy/data-portal/transmission-entry-capacity-tec-register,56.474089,-6.917716,Balinoe,Geographic feature proxy,Low,100.0,https://www.openstreetmap.org/node/5587095145,OpenStreetMap/Photon geographic feature: Balinoe; Argyll and Bute,"Geographic feature proxy; score 100.0/100; next-candidate margin 100.0. Coordinates are a geographic proxy, not the confirmed electrical asset."
Balliemeanoch 275kV Substation,Balliemeanoch PSH,ILI (Borders PSH) Ltd,Pump Storage,PRO-001901,https://www.neso.energy/data-portal/transmission-entry-capacity-tec-register,56.158445,-5.055081,Balliemeanoch,Town/locality proxy,Medium,100.0,https://www.openstreetmap.org/node/10292358828,OpenStreetMap named hamlet: Balliemeanoch,"Town/locality proxy; score 100.0/100; next-candidate margin 100.0. Coordinates are a geographic proxy, not the confirmed electrical asset."
BALLYGROGGAN 132/33KV SUBSTATION,Ballygroggan Wind Farm,DALRIADA RENEWABLES LIMITED,Wind Onshore,PRO-003733,https://www.neso.energy/data-portal/transmission-entry-capacity-tec-register,55.405767,-5.761242,Ballygroggan Farm,TEC project matched to DESNZ REPD,Medium,100.0,https://www.gov.uk/government/publications/renewable-energy-planning-database-quarterly-extract,"DESNZ REPD ref 3007: Ballygroggan Farm; Ballygroggan Farm 
Machrihanish
Campbeltown
Argyll
PA28 6PZ; planning ref 94/00771/DET",TEC project matched to DESNZ REPD; score 100.0/100; next-candidate margin 100.0. Coordinates represent the matched mapped feature.
Balnespick Wind Farm 132kV/33kV Substation,Balnespick Wind Farm,FRED OLSEN RENEWABLES LIMITED,Energy Storage System;Wind Onshore,PRO-005066,https://www.neso.energy/data-portal/transmission-entry-capacity-tec-register,57.344860,-3.885163,Balnespick Wind Farm,TEC project matched to DESNZ REPD,Low,100.0,https://www.gov.uk/government/publications/renewable-energy-planning-database-quarterly-extract,"DESNZ REPD ref 14769: Balnespick Wind Farm; 5 km east of Tomatin, 6 km north-west of Carrbridge; planning ref ECU00004904",TEC project matched to DESNZ REPD; score 100.0/100; next-candidate margin 0.0. Coordinates represent the matched mapped feature.
Bankend Rig III Windfarm 132/33kV Substation,Bankend Rig III Wind Farm,WILSON RENEWABLES III LLP,Wind Onshore,PRO-003451,https://www.neso.energy/data-portal/transmission-entry-capacity-tec-register,55.575927,-4.138092,Bankend Rig Wind Farm,Strong name match,High,96.0,https://www.openstreetmap.org/relation/7592052,OpenStreetMap named plant feature: Bankend Rig Wind Farm,Strong name match; score 96.0/100; next-candidate margin 31.7. Coordinates represent the matched mapped feature.
Bankhead 400kV Substation,Bankhead BESS,Apatura Project 21 Ltd,Demand;Energy Storage System,PRO-003236,https://www.neso.energy/data-portal/transmission-entry-capacity-tec-register,56.018283,-2.668305,Bankhead,Town/locality proxy,Low,100.0,https://www.openstreetmap.org/node/12151831238,OpenStreetMap named hamlet: Bankhead,"Town/locality proxy; score 100.0/100; next-candidate margin 0.0. Coordinates are a geographic proxy, not the confirmed electrical asset."
Banniskirk 400kV Substation,Ayre (ex Cluaran Ear - Thuath) Offshore Wind Farm | OWPL Windfarm,AYRE OFFSHORE WIND FARM LIMITED | OFFSHORE WIND POWER LIMITED,Wind Offshore,PRO-002100 | PRO-000568-1 | PRO-000568-2,https://www.neso.energy/data-portal/transmission-entry-capacity-tec-register,58.502468,-3.436295,Banniskirk,Town/locality proxy,Medium,100.0,https://www.openstreetmap.org/node/1465147218,OpenStreetMap named hamlet: Banniskirk,"Town/locality proxy; score 100.0/100; next-candidate margin 100.0. Coordinates are a geographic proxy, not the confirmed electrical asset."
Bargatton Farm BESS 132kV Substation,Bargatton Farm BESS,Lightsource Renewable UK Development Limited,Energy Storage System,PRO-005009,https://www.neso.energy/data-portal/transmission-entry-capacity-tec-register,52.923896,-2.167606,BARLASTON 132KV,Candidate infrastructure match,Low,81.8,https://doi.org/10.5285/0eed5c99-f409-4329-a98e-47f496bb88a2,Lovett & Sünnenberg GB substations dataset; BARLASTON 132KV; WESTERN POWER DISTRIBUTION; BSP,Candidate infrastructure match; score 81.8/100; next-candidate margin 1.8. Coordinates represent the matched mapped feature.
Barking West GSP,Barking BESS,O&G Solar (SPV 52) Limited,Energy Storage System,PRO-003518,https://www.neso.energy/data-portal/transmission-entry-capacity-tec-register,51.516457,0.106965,BARKING WEST 33KV S/S,Exact normalized name,High,100.0,https://doi.org/10.5285/0eed5c99-f409-4329-a98e-47f496bb88a2,Lovett & Sünnenberg GB substations dataset; BARKING WEST 33KV S/S; NATIONAL GRID; GSP,Exact normalized name; score 100.0/100; next-candidate margin 0.0. Coordinates represent the matched mapped feature.
Barrow 132/33kV Offshore Substation,Barrow Offshore Wind Farm,BARROW OFFSHORE WIND LIMITED,Wind Offshore,PRO-000022,https://www.neso.energy/data-portal/transmission-entry-capacity-tec-register,52.247903,0.593192,BARROW PRIMARY,Exact normalized name,High,100.0,https://doi.org/10.5285/0eed5c99-f409-4329-a98e-47f496bb88a2,Lovett & Sünnenberg GB substations dataset; BARROW PRIMARY; UK POWER NETWORKS; PSS,Exact normalized name; score 100.0/100; next-candidate margin 0.0. Coordinates represent the matched mapped feature.
Basingstoke East 400kV Substation,Bramley Farm | Bramley Farm 2 | Fleet Farm | Fleet Farm 2,BRAMLEY 2 RENEWABLES LTD | BRAMLEY 7 RENEWABLES LTD | BASINGSTOKE EAST 2 RENEWABLES LTD | Basingstoke East 7 Renewables Ltd,Energy Storage System;PV Array (Photo Voltaic/solar) | Demand;Energy Storage System;PV Array (Photo Voltaic/solar),PRO-002675 | PRO-002735 | PRO-002678 | PRO-002739,https://www.neso.energy/data-portal/transmission-entry-capacity-tec-register,51.260695,-1.102952,Basingstoke,Town/locality proxy,Low,81.5,https://www.openstreetmap.org/way/21349688,OpenStreetMap named town: Basingstoke,"Town/locality proxy; score 81.5/100; next-candidate margin 0.0. Coordinates are a geographic proxy, not the confirmed electrical asset."
BEARSDEN BESS 275KV SUBSTATION,Bearsden BESS,BEARSDEN BESS LTD,Energy Storage System,PRO-004404-1 | PRO-004404-2,https://www.neso.energy/data-portal/transmission-entry-capacity-tec-register,55.920461,-4.333205,Bearsden,Town/locality proxy,Medium,100.0,https://www.openstreetmap.org/node/18167377,OpenStreetMap named town: Bearsden,"Town/locality proxy; score 100.0/100; next-candidate margin 100.0. Coordinates are a geographic proxy, not the confirmed electrical asset."
Beatrice 400kV Substation,Beatrice Sync Comp | Beatrice Wind Farm,TINZ PROGRAMME 1 PROJECTCO 3 LIMITED | BEATRICE OFFSHORE WINDFARM LIMITED,Reactive Compensation | Wind Offshore,PRO-001757 | PRO-000025,https://www.neso.energy/data-portal/transmission-entry-capacity-tec-register,57.524047,-2.955177,Beatrice Wind Farm Substation,Exact normalized name,High,100.0,https://www.openstreetmap.org/way/690326580,OpenStreetMap named substation feature: Beatrice Wind Farm Substation,Exact normalized name; score 100.0/100; next-candidate margin 0.0. Coordinates represent the matched mapped feature.
BEAULY 02 BESS 132kV SUBSTATION,Beauly 02 BESS,FIELD BEAULY LTD,Energy Storage System,PRO-003731,https://www.neso.energy/data-portal/transmission-entry-capacity-tec-register,57.483651,-4.459835,Beauly,Town/locality proxy,Low,80.0,https://www.openstreetmap.org/node/21302252,OpenStreetMap named town: Beauly,"Town/locality proxy; score 80.0/100; next-candidate margin 80.0. Coordinates are a geographic proxy, not the confirmed electrical asset."
Beauly 132/33 kV GSP Substation,Lovat Estate BESS,LG-B-50a Limited,Energy Storage System,PRO-003062-1,https://www.neso.energy/data-portal/transmission-entry-capacity-tec-register,57.478576,-4.486034,BEAULY ,Exact normalized name,High,100.0,https://doi.org/10.5285/0eed5c99-f409-4329-a98e-47f496bb88a2,Lovett & Sünnenberg GB substations dataset; BEAULY ; SSE NETWORKS; TRANS,Exact normalized name; score 100.0/100; next-candidate margin 0.0. Coordinates represent the matched mapped feature.
Beauly GSP,Farr Wind Farm - Tomatin,FARR WINDFARM LIMITED,Wind Onshore,PRO-000156,https://www.neso.energy/data-portal/transmission-entry-capacity-tec-register,57.478576,-4.486034,BEAULY ,Exact normalized name,High,100.0,https://doi.org/10.5285/0eed5c99-f409-4329-a98e-47f496bb88a2,Lovett & Sünnenberg GB substations dataset; BEAULY ; SSE NETWORKS; TRANS,Exact normalized name; score 100.0/100; next-candidate margin 0.0. Coordinates represent the matched mapped feature.
Beauly substation 275KV,Tarvie Wind Farm,Koehler Renewable Energy UK Limited,Energy Storage System;Wind Onshore,PRO-005149,https://www.neso.energy/data-portal/transmission-entry-capacity-tec-register,57.478576,-4.486034,BEAULY ,Exact normalized name,High,100.0,https://doi.org/10.5285/0eed5c99-f409-4329-a98e-47f496bb88a2,Lovett & Sünnenberg GB substations dataset; BEAULY ; SSE NETWORKS; TRANS,Exact normalized name; score 100.0/100; next-candidate margin 0.0. Coordinates represent the matched mapped feature.
Beaw Field 132/33kV Substation,Beaw Field Wind Farm,BEAW FIELD SHETLAND LIMITED,Wind Onshore,PRO-000026,https://www.neso.energy/data-portal/transmission-entry-capacity-tec-register,60.519277,-1.082713,Beaw Field Wind Farm,TEC project matched to DESNZ REPD,Medium,100.0,https://www.gov.uk/government/publications/renewable-energy-planning-database-quarterly-extract,"DESNZ REPD ref 3516: Beaw Field Wind Farm; Heatherlea, Yell, Shetland; planning ref EC00003121",TEC project matched to DESNZ REPD; score 100.0/100; next-candidate margin 100.0. Coordinates represent the matched mapped feature.
Beech Street/City Road Substation,Beech Street/City Road,CITIGEN (LONDON) LIMITED,CHP (Combined Heat and Power),PRO-000027,https://www.neso.energy/data-portal/transmission-entry-capacity-tec-register,,,,No reliable infrastructure match,Unresolved,70.6,,,Best candidate 'BEECH STREET' scored 70.6; below reliability threshold.
Beinn an Tuirc Substation,Beinn an Tuirc 1,SCOTTISHPOWER RENEWABLES (UK) LIMITED,Wind Onshore,PRO-003918,https://www.neso.energy/data-portal/transmission-entry-capacity-tec-register,55.559475,-5.586563,Beinn an Tuirc,Exact normalized name,High,100.0,https://www.openstreetmap.org/relation/6949470,OpenStreetMap named plant feature: Beinn an Tuirc,Exact normalized name; score 100.0/100; next-candidate margin 100.0. Coordinates represent the matched mapped feature.
BEINN THURSUNN REPOWER 275/33KV,Beinn Tharsuinn Repower,SCOTTISHPOWER RENEWABLES (UK) LIMITED,Wind Onshore,PRO-001035,https://www.neso.energy/data-portal/transmission-entry-capacity-tec-register,57.781401,-4.345129,Beinn Tharsuinn,TEC project geocoded-area proxy,Low,78.9,https://www.openstreetmap.org/node/2715385300,TEC project 'Beinn Tharsuinn Repower' matched via OpenStreetMap/Photon to Beinn Tharsuinn; Highland,"TEC project geocoded-area proxy; score 78.9/100; next-candidate margin 0.0. Coordinates are a geographic proxy, not the confirmed electrical asset."
Beinneun 132kV Substation,Beinneun Wind Farm,BEINNEUN WIND FARM LTD,Wind Onshore,PRO-000031,https://www.neso.energy/data-portal/transmission-entry-capacity-tec-register,57.155428,-4.922952,Beinneun Wind Farm Substation,Exact normalized name,High,100.0,https://www.openstreetmap.org/way/840252660,OpenStreetMap named substation feature: Beinneun Wind Farm Substation,Exact normalized name; score 100.0/100; next-candidate margin 0.0. Coordinates represent the matched mapped feature.
Beinneun Windfarm 2,Beinneun 2 Windfarm,BEINNEUN 2 LIMITED,Wind Onshore,PRO-006053,https://www.neso.energy/data-portal/transmission-entry-capacity-tec-register,57.155428,-4.922952,Beinneun Wind Farm Substation,Candidate infrastructure match,Low,96.0,https://www.openstreetmap.org/way/840252660,OpenStreetMap named substation feature: Beinneun Wind Farm Substation,Candidate infrastructure match; score 96.0/100; next-candidate margin 0.0. Coordinates represent the matched mapped feature.
Benbrack Wind Farm 132/33kV Substation,Benbrack Wind Farm | Lamford Hill,BENBRACK WIND FARM LIMITED,Wind Onshore | Energy Storage System;PV Array (Photo Voltaic/solar);Wind Onshore,PRO-000032 | PRO-001481-1 | PRO-001481-2,https://www.neso.energy/data-portal/transmission-entry-capacity-tec-register,55.274782,-4.303567,Benbrack Windfarm Substation,Exact normalized name,High,100.0,https://www.openstreetmap.org/way/1472687581,OpenStreetMap named substation feature: Benbrack Windfarm Substation,Exact normalized name; score 100.0/100; next-candidate margin 0.0. Coordinates represent the matched mapped feature.
Bendle Farm 132kV Substation,Bendle Farm,Balance Power Projects Limited,Energy Storage System,PRO-002243,https://www.neso.energy/data-portal/transmission-entry-capacity-tec-register,54.290181,-1.590531,BEDALE,Candidate infrastructure match,Low,83.3,https://doi.org/10.5285/0eed5c99-f409-4329-a98e-47f496bb88a2,Lovett & Sünnenberg GB substations dataset; BEDALE; NORTHERN POWERGRID; PSS,Candidate infrastructure match; score 83.3/100; next-candidate margin 0.0. Coordinates represent the matched mapped feature.
BENDLE FARM 2.0 132KV SUBSTATION,Bendle Farm 2.0,Balance Power Projects Limited,Energy Storage System,PRO-002700,https://www.neso.energy/data-portal/transmission-entry-capacity-tec-register,,,,No reliable infrastructure match,Unresolved,62.8,,,Best candidate 'BENTLEY 132/11KV' scored 62.8; below reliability threshold.
Bendsmoor BESS 400Kv Substation,Bendsmoor BESS,Apatura Battery Ltd,Energy Storage System,PRO-003582,https://www.neso.energy/data-portal/transmission-entry-capacity-tec-register,,,,No reliable infrastructure match,Unresolved,62.5,,,Best candidate 'BEDFORD GRID' scored 62.5; below reliability threshold.
Berkswell 275kV Substation,Berkswell (Tertiary) | Berkswell Energy Storage,ENSO GREEN HOLDINGS P  LIMITED | Berkswell Battery Storage Limited,Energy Storage System;PV Array (Photo Voltaic/solar) | Energy Storage System,PRO-000516 | PRO-001788,https://www.neso.energy/data-portal/transmission-entry-capacity-tec-register,52.385834,-1.615519,BERKSWELL 275KV S/S,Exact normalized name,High,100.0,https://doi.org/10.5285/0eed5c99-f409-4329-a98e-47f496bb88a2,Lovett & Sünnenberg GB substations dataset; BERKSWELL 275KV S/S; NATIONAL GRID; TRANS,Exact normalized name; score 100.0/100; next-candidate margin 0.0. Coordinates represent the matched mapped feature.
Berkswell B 275kV Substation,Berkswell BESS,BERKSWELL ENERGY PARK LIMITED,Energy Storage System,PRO-003868,https://www.neso.energy/data-portal/transmission-entry-capacity-tec-register,52.410102,-1.639349,Berkswell,Town/locality proxy,Medium,96.0,https://www.openstreetmap.org/node/745626817,OpenStreetMap named village: Berkswell,"Town/locality proxy; score 96.0/100; next-candidate margin 96.0. Coordinates are a geographic proxy, not the confirmed electrical asset."
Berkswell GSP,012 NEP Coventry West,NEW ENERGY PARTNERSHIP LIMITED,Energy Storage System,PRO-003804,https://www.neso.energy/data-portal/transmission-entry-capacity-tec-register,52.385834,-1.615519,BERKSWELL 275KV S/S,Exact normalized name,High,100.0,https://doi.org/10.5285/0eed5c99-f409-4329-a98e-47f496bb88a2,Lovett & Sünnenberg GB substations dataset; BERKSWELL 275KV S/S; NATIONAL GRID; TRANS,Exact normalized name; score 100.0/100; next-candidate margin 0.0. Coordinates represent the matched mapped feature.
Berry Burn GSP,Berry Burn Wind Farm | Hill of Glaschyle,BERRY BURN WIND FARM LIMITED | HILL OF GLASCHYLE RENEWABLES LLP,Wind Onshore,PRO-000033 | PRO-000253,https://www.neso.energy/data-portal/transmission-entry-capacity-tec-register,57.478732,-3.529744,Berry Burn Wind Farm,Exact normalized name,High,100.0,https://www.openstreetmap.org/relation/8836281,OpenStreetMap named plant feature: Berry Burn Wind Farm,Exact normalized name; score 100.0/100; next-candidate margin 0.0. Coordinates represent the matched mapped feature.
Berryburn 275/33kV GSP Substation,Berryburn Extension Wind Farm | Cairn Duhie Wind Farm | Corshellach Battery Energy Storage System,BB2 WIND FARM LIMITED | Cairn Duhie Energy Limited | Corshellach Energy Storage Limited,Wind Onshore | Energy Storage System,PRO-001558 | PRO-001743 | PRO-002328,https://www.neso.energy/data-portal/transmission-entry-capacity-tec-register,55.691594,-1.978104,Berryburn,Town/locality proxy,Medium,100.0,https://www.openstreetmap.org/node/320699396,OpenStreetMap named locality: Berryburn,"Town/locality proxy; score 100.0/100; next-candidate margin 100.0. Coordinates are a geographic proxy, not the confirmed electrical asset."
Berwick 132/33kV,Berwick Solar Wind and Battery Storage,BERWICK RENEWABLES TX LIMITED,Energy Storage System;PV Array (Photo Voltaic/solar);Wind Onshore,PRO-003490,https://www.neso.energy/data-portal/transmission-entry-capacity-tec-register,55.776990,-2.078998,BERWICK,Exact normalized name,High,100.0,https://doi.org/10.5285/0eed5c99-f409-4329-a98e-47f496bb88a2,Lovett & Sünnenberg GB substations dataset; BERWICK; SP ENERGY NETWORKS; GSP,Exact normalized name; score 100.0/100; next-candidate margin 0.0. Coordinates represent the matched mapped feature.
Bhlaraidh 132/33kV Substation,Bhlaraidh Extension Wind Farm | Bhlaraidh Wind Farm,SSE Generation Limited,Wind Onshore,PRO-000383 | PRO-000034,https://www.neso.energy/data-portal/transmission-entry-capacity-tec-register,57.244286,-4.703357,Bhlaraidh Substation,Exact normalized name,High,100.0,https://www.openstreetmap.org/way/840252662,OpenStreetMap named substation feature: Bhlaraidh Substation,Exact normalized name; score 100.0/100; next-candidate margin 0.0. Coordinates represent the matched mapped feature.
Bicker Fen 400kV Substation,Bicker Fen 1 Solar | Bicker Fen 2 Solar | Bicker Fenn Energy Park | Heckington Fen Solar Park,AGR SOLAR 2 LIMITED | AGR SOLAR 3 LIMITED | BEACON FEN ENERGY PARK LIMITED | Ecotricity (Heck Fen Solar) Limited,Energy Storage System;PV Array (Photo Voltaic/solar),PRO-001034-1 | PRO-001034-2 | PRO-001046-1 | PRO-001046-2 | PRO-001984 | PRO-001903,https://www.neso.energy/data-portal/transmission-entry-capacity-tec-register,52.930795,-0.221158,BICKER FEN 400KV S/S,Exact normalized name,High,100.0,https://doi.org/10.5285/0eed5c99-f409-4329-a98e-47f496bb88a2,Lovett & Sünnenberg GB substations dataset; BICKER FEN 400KV S/S; NATIONAL GRID; TRANS,Exact normalized name; score 100.0/100; next-candidate margin 0.0. Coordinates represent the matched mapped feature.
Bicker Fen GSP,Temple Oaks Renewable Energy Park,RIDGE CLEAN ENERGY LTD,Energy Storage System;PV Array (Photo Voltaic/solar),PRO-002118,https://www.neso.energy/data-portal/transmission-entry-capacity-tec-register,52.930795,-0.221158,BICKER FEN 400KV S/S,Exact normalized name,High,100.0,https://doi.org/10.5285/0eed5c99-f409-4329-a98e-47f496bb88a2,Lovett & Sünnenberg GB substations dataset; BICKER FEN 400KV S/S; NATIONAL GRID; TRANS,Exact normalized name; score 100.0/100; next-candidate margin 0.0. Coordinates represent the matched mapped feature.
Biggleswade 400kV Substation,Biggleswade | Biggleswade BESS | Biggleswade High Impact Green Energy Hub | Biggleswade PV | Greengage Farm | Noventum - Biggleswade,Biggleswade 10 Renewables Limited | HARMONY BW LTD | Central Bedfordshire Council | TELIS ENERGY UK LIMITED | CSE38 LIMITED | Renewable Energy Systems Limited | NOVENTUM POWER SOLAR 7 LIMITED,Demand;Energy Storage System;PV Array (Photo Voltaic/solar) | Energy Storage System | Demand;Energy Storage System;Nuclear;PV Array (Photo Voltaic/solar);Wind Onshore | Energy Storage System;PV Array (Photo Voltaic/solar),PRO-003415 | PRO-004279 | PRO-002165 | PRO-004477 | PRO-002226 | PRO-004675 | PRO-004337,https://www.neso.energy/data-portal/transmission-entry-capacity-tec-register,52.049566,-0.264125,BIGGLESWADE WIND FARM,Exact normalized name,High,100.0,https://doi.org/10.5285/0eed5c99-f409-4329-a98e-47f496bb88a2,Lovett & Sünnenberg GB substations dataset; BIGGLESWADE WIND FARM; UK POWER NETWORKS; PSS,Exact normalized name; score 100.0/100; next-candidate margin 0.0. Coordinates represent the matched mapped feature.
Birkenhead 275kV Substation,Burbo Bank Offshore Wind Farm,ORSTED BURBO (UK) LIMITED,Energy Storage System;Wind Offshore,PRO-001298,https://www.neso.energy/data-portal/transmission-entry-capacity-tec-register,53.365790,-3.062722,BIRKENHEAD 275KV S/S,Exact normalized name,High,100.0,https://doi.org/10.5285/0eed5c99-f409-4329-a98e-47f496bb88a2,Lovett & Sünnenberg GB substations dataset; BIRKENHEAD 275KV S/S; NATIONAL GRID; TRANS,Exact normalized name; score 100.0/100; next-candidate margin 0.0. Coordinates represent the matched mapped feature.
Birkhill Wood 400kV Substation,Dogger Bank D Offshore Wind Farm | Dogger Bank South East | Dogger Bank South West,Doggerbank Offshore Wind Farm Project 4 Projco Limited | RWE Renewables UK Dogger Bank South (East) Limited | RWE RENEWABLES UK DOGGER BANK SOUTH (WEST) LIMITED,Wind Offshore,PRO-001675 | PRO-001375-1 | PRO-001375-2 | PRO-001386-1 | PRO-001386-2,https://www.neso.energy/data-portal/transmission-entry-capacity-tec-register,56.053692,-3.314319,Birkhill Wood,Geographic feature proxy,Low,100.0,https://www.openstreetmap.org/way/393467465,OpenStreetMap/Photon geographic feature: Birkhill Wood; Fife,"Geographic feature proxy; score 100.0/100; next-candidate margin 0.0. Coordinates are a geographic proxy, not the confirmed electrical asset."
Bishopbriggs BESS 400/275kV Substation,Bishopbriggs 500MW BESS,GPC Project 16 Ltd,Demand;Energy Storage System,PRO-003583,https://www.neso.energy/data-portal/transmission-entry-capacity-tec-register,55.905989,-4.225996,BISHOPBRIGGS,Exact normalized name,High,100.0,https://doi.org/10.5285/0eed5c99-f409-4329-a98e-47f496bb88a2,Lovett & Sünnenberg GB substations dataset; BISHOPBRIGGS; SP ENERGY NETWORKS; PSS,Exact normalized name; score 100.0/100; next-candidate margin 100.0. Coordinates represent the matched mapped feature.
BISHOPS DAL ENERGY PARK 132kV SUBSTATION,Bishops Dal Energy Park,Renewable Energy Systems Limited,Energy Storage System,PRO-002361,https://www.neso.energy/data-portal/transmission-entry-capacity-tec-register,,,,No reliable infrastructure match,Unresolved,75.0,,,Best candidate 'Sheaf Energy Park' scored 75.0; below reliability threshold.
Bishops Wood 132kV Substation,Lincomb Farm 120MW BESS Scheme,FPC ELECTRIC LAND LIMITED,Energy Storage System,PRO-002442,https://www.neso.energy/data-portal/transmission-entry-capacity-tec-register,52.312489,-2.242733,BISHOPS WOOD 132KV S/S,Exact normalized name,High,100.0,https://doi.org/10.5285/0eed5c99-f409-4329-a98e-47f496bb88a2,Lovett & Sünnenberg GB substations dataset; BISHOPS WOOD 132KV S/S; NATIONAL GRID; GSP,Exact normalized name; score 100.0/100; next-candidate margin 0.0. Coordinates represent the matched mapped feature.
Bishops Wood GSP,Valley Farm,STARLIGHT ENERGY UK LIMITED,Energy Storage System,PRO-004969,https://www.neso.energy/data-portal/transmission-entry-capacity-tec-register,52.312096,-2.241675,BISHOPS WOOD 275KV S/S,Exact normalized name,High,100.0,https://doi.org/10.5285/0eed5c99-f409-4329-a98e-47f496bb88a2,Lovett & Sünnenberg GB substations dataset; BISHOPS WOOD 275KV S/S; NATIONAL GRID; TRANS,Exact normalized name; score 100.0/100; next-candidate margin 0.0. Coordinates represent the matched mapped feature.
Bispham Primary 33kV Substation,Blackpool BESS,Conrad (Blackpool) Limited,Energy Storage System,PRO-003080,https://www.neso.energy/data-portal/transmission-entry-capacity-tec-register,53.849367,-3.029636,Bispham Substation,Exact normalized name,High,100.0,https://www.openstreetmap.org/way/144108126,OpenStreetMap named substation feature: Bispham Substation,Exact normalized name; score 100.0/100; next-candidate margin 100.0. Coordinates represent the matched mapped feature.
Blackbraes IDNO GSP,Blackbraes PV+BESS,CHINT SOLAR UK MANAGEMENT LTD,Energy Storage System;PV Array (Photo Voltaic/solar),PRO-005005,https://www.neso.energy/data-portal/transmission-entry-capacity-tec-register,,,,No reliable infrastructure match,Unresolved,60.6,,,Best candidate 'Babraham Road IDNO' scored 60.6; below reliability threshold.
Blackcraig 132/33kV,Blackcraig Wind Farm,BLACKCRAIG WIND FARM (SCOTLAND) LIMITED,Wind Onshore,PRO-000035,https://www.neso.energy/data-portal/transmission-entry-capacity-tec-register,55.128768,-4.056825,Blackcraig Substation,Exact normalized name,High,100.0,https://www.openstreetmap.org/way/839963278,OpenStreetMap named substation feature: Blackcraig Substation,Exact normalized name; score 100.0/100; next-candidate margin 0.0. Coordinates represent the matched mapped feature.
Blackhill 132/33kV,Afton Wind Farm | Windy Rig Wind Farm,AFTON WIND FARM LIMITED | WINDY RIG WIND FARM LIMITED,Wind Onshore,PRO-000558 | PRO-000374,https://www.neso.energy/data-portal/transmission-entry-capacity-tec-register,55.317895,-4.188206,Blackhill Substation,Exact normalized name,High,100.0,https://www.openstreetmap.org/way/820195439,OpenStreetMap named substation feature: Blackhill Substation,Exact normalized name; score 100.0/100; next-candidate margin 100.0. Coordinates represent the matched mapped feature.
Blackhillock 275kV Substation,Kedrum Solar Farm | Zenobe Blackhillock 300 MW,Rosside Energy Limited | ZENOBE BLACKHILLOCK LIMITED,Energy Storage System;PV Array (Photo Voltaic/solar) | Energy Storage System,PRO-003444 | PRO-001624-1 | PRO-001624-2,https://www.neso.energy/data-portal/transmission-entry-capacity-tec-register,57.512662,-2.945275,BLACKHILLOCK ,Exact normalized name,High,100.0,https://doi.org/10.5285/0eed5c99-f409-4329-a98e-47f496bb88a2,Lovett & Sünnenberg GB substations dataset; BLACKHILLOCK ; SSE NETWORKS; TRANS,Exact normalized name; score 100.0/100; next-candidate margin 0.0. Coordinates represent the matched mapped feature.
Blackhillock 400kV Substation,Blackhillock Battery,BLACKHILLOCK FLEXPOWER LTD,Energy Storage System,PRO-001970,https://www.neso.energy/data-portal/transmission-entry-capacity-tec-register,57.512662,-2.945275,BLACKHILLOCK ,Exact normalized name,High,100.0,https://doi.org/10.5285/0eed5c99-f409-4329-a98e-47f496bb88a2,Lovett & Sünnenberg GB substations dataset; BLACKHILLOCK ; SSE NETWORKS; TRANS,Exact normalized name; score 100.0/100; next-candidate margin 0.0. Coordinates represent the matched mapped feature.
Blackhillock substation,Keith BESS Station | Teindland Wind Farm,IBV COACHFORD ENERGY PARK LTD | TEINDLAND WIND FARM LIMITED,Energy Storage System | Demand;Wind Onshore,PRO-003565 | PRO-001821,https://www.neso.energy/data-portal/transmission-entry-capacity-tec-register,57.512662,-2.945275,BLACKHILLOCK ,Exact normalized name,High,100.0,https://doi.org/10.5285/0eed5c99-f409-4329-a98e-47f496bb88a2,Lovett & Sünnenberg GB substations dataset; BLACKHILLOCK ; SSE NETWORKS; TRANS,Exact normalized name; score 100.0/100; next-candidate margin 0.0. Coordinates represent the matched mapped feature.
Blacklaw 132/33kV,Blacklaw,SCOTTISHPOWER RENEWABLES (UK) LIMITED,Energy Storage System;Wind Onshore,PRO-000036-1 | PRO-000036-2,https://www.neso.energy/data-portal/transmission-entry-capacity-tec-register,55.474148,-3.444309,Blacklaw,Town/locality proxy,Medium,100.0,https://www.openstreetmap.org/node/3589579959,OpenStreetMap named hamlet: Blacklaw,"Town/locality proxy; score 100.0/100; next-candidate margin 100.0. Coordinates are a geographic proxy, not the confirmed electrical asset."
Blacklaw Extension 132/33kV,Blacklaw Extension,SCOTTISHPOWER RENEWABLES (UK) LIMITED,Energy Storage System;Wind Onshore,PRO-000037,https://www.neso.energy/data-portal/transmission-entry-capacity-tec-register,55.474148,-3.444309,Blacklaw,Town/locality proxy,Medium,100.0,https://www.openstreetmap.org/node/3589579959,OpenStreetMap named hamlet: Blacklaw,"Town/locality proxy; score 100.0/100; next-candidate margin 100.0. Coordinates are a geographic proxy, not the confirmed electrical asset."
BLAIR HILL WIND FARM 132KV SUBSTATION,Blair Hill Wind Farm,Renewable Energy Systems Limited,Wind Onshore,PRO-004994,https://www.neso.energy/data-portal/transmission-entry-capacity-tec-register,55.569646,-5.629249,Blary Hill Wind Farm,Fuzzy infrastructure match,Medium,90.0,https://www.openstreetmap.org/relation/15016553,OpenStreetMap named plant feature: Blary Hill Wind Farm,Fuzzy infrastructure match; score 90.0/100; next-candidate margin 5.8. Coordinates represent the matched mapped feature.
Blairgowrie BESS 132kV Substation,Blairgowrie BESS,WOODSIDE BESS LTD,Energy Storage System,PRO-003482,https://www.neso.energy/data-portal/transmission-entry-capacity-tec-register,56.585816,-3.324596,BLAIRGOWRIE,Exact normalized name,High,100.0,https://doi.org/10.5285/0eed5c99-f409-4329-a98e-47f496bb88a2,Lovett & Sünnenberg GB substations dataset; BLAIRGOWRIE; SSE NETWORKS; PSS,Exact normalized name; score 100.0/100; next-candidate margin 100.0. Coordinates represent the matched mapped feature.
Blarghour Substation,Blarghour Wind,BLARGHOUR WIND FARM LIMITED,Wind Onshore,PRO-000398,https://www.neso.energy/data-portal/transmission-entry-capacity-tec-register,,,,No reliable infrastructure match,Unresolved,70.0,,,Best candidate 'BLAIRGOWRIE' scored 70.0; below reliability threshold.
Bloch Energy Park 132kV Substation,Bloch Energy Park,Renewable Energy Systems Limited,Energy Storage System;Wind Onshore,PRO-002447,https://www.neso.energy/data-portal/transmission-entry-capacity-tec-register,,,,No reliable infrastructure match,Unresolved,76.5,,,Best candidate 'Sheaf Energy Park' scored 76.5; below reliability threshold.
Blyth 275kV Substation,Blyth BESS,SSE RENEWABLES SOLAR & BATTERY HOLDINGS LIMITED,Energy Storage System,PRO-002817,https://www.neso.energy/data-portal/transmission-entry-capacity-tec-register,55.141137,-1.530713,BLYTH 275KV S/S,Exact normalized name,High,100.0,https://doi.org/10.5285/0eed5c99-f409-4329-a98e-47f496bb88a2,Lovett & Sünnenberg GB substations dataset; BLYTH 275KV S/S; NATIONAL GRID; TRANS,Exact normalized name; score 100.0/100; next-candidate margin 0.0. Coordinates represent the matched mapped feature.
Blyth 400kV Substation,Berwick Bank Offshore Wind Farm C | Hope Battery Storage | Icewind Blyth,BERWICK BANK C LIMITED | IBV BRINKBURN ENERGY PARK LIMITED | KARI ENERGY LIMITED,Wind Offshore | Energy Storage System,PRO-000513 | PRO-002520 | PRO-001717,https://www.neso.energy/data-portal/transmission-entry-capacity-tec-register,55.141137,-1.530713,BLYTH 275KV S/S,Exact normalized name,High,100.0,https://doi.org/10.5285/0eed5c99-f409-4329-a98e-47f496bb88a2,Lovett & Sünnenberg GB substations dataset; BLYTH 275KV S/S; NATIONAL GRID; TRANS,Exact normalized name; score 100.0/100; next-candidate margin 0.0. Coordinates represent the matched mapped feature.
Blyth GSP,Lynemouth Power Station,LYNEMOUTH POWER LIMITED,Biomass,PRO-000255,https://www.neso.energy/data-portal/transmission-entry-capacity-tec-register,55.141137,-1.530713,BLYTH 275KV S/S,Exact normalized name,High,100.0,https://doi.org/10.5285/0eed5c99-f409-4329-a98e-47f496bb88a2,Lovett & Sünnenberg GB substations dataset; BLYTH 275KV S/S; NATIONAL GRID; TRANS,Exact normalized name; score 100.0/100; next-candidate margin 0.0. Coordinates represent the matched mapped feature.
Bodelwyddan 400kV Substation,Awel Y Mor | Bodelwyddan BESS and PV | Moelfre Energy Park | Mona Offshore Wind Farm | St Asaph SSE,AWEL Y MOR OFFSHORE WIND FARM LIMITED | Bodelwyddan Solar & Energy Storage Limited | MOELFRE ENERGY PARK LIMITED | Mona Offshore Wind Limited | SSE DE SOLAR HOLDCO LIMITED,Wind Offshore | Energy Storage System;PV Array (Photo Voltaic/solar) | Energy Storage System,PRO-000529-1 | PRO-000529-2 | PRO-001657 | PRO-001500 | PRO-001391 | PRO-003816,https://www.neso.energy/data-portal/transmission-entry-capacity-tec-register,53.249951,-3.475859,BODELWYDDAN 400KV S/S,Exact normalized name,High,100.0,https://doi.org/10.5285/0eed5c99-f409-4329-a98e-47f496bb88a2,Lovett & Sünnenberg GB substations dataset; BODELWYDDAN 400KV S/S; NATIONAL GRID; TRANS,Exact normalized name; score 100.0/100; next-candidate margin 0.0. Coordinates represent the matched mapped feature.
Bodinglee Wind Farm 132kV,Bodinglee Wind Farm,Banks Renewables (Bodinglee Wind Farm) Limited,Energy Storage System;Wind Onshore,PRO-001985,https://www.neso.energy/data-portal/transmission-entry-capacity-tec-register,55.533399,-3.826254,Bodinglee Wind Farm,TEC project matched to DESNZ REPD,Low,100.0,https://www.gov.uk/government/publications/renewable-energy-planning-database-quarterly-extract,"DESNZ REPD ref 13638: Bodinglee Wind Farm; Bodinglee Road, Wiston, Biggar; planning ref ECU00004839",TEC project matched to DESNZ REPD; score 100.0/100; next-candidate margin 0.0. Coordinates represent the matched mapped feature.
Bolney 132kV Substation,CONTEGO  Battery Storage Project | Hookers Farm BESS,Harmony CS Ltd | Ancleggan Limited,Energy Storage System,PRO-001591 | PRO-002308,https://www.neso.energy/data-portal/transmission-entry-capacity-tec-register,50.974365,-0.236489,BOLNEY 132KV S/S,Exact normalized name,High,100.0,https://doi.org/10.5285/0eed5c99-f409-4329-a98e-47f496bb88a2,Lovett & Sünnenberg GB substations dataset; BOLNEY 132KV S/S; NATIONAL GRID; GSP,Exact normalized name; score 100.0/100; next-candidate margin 0.0. Coordinates represent the matched mapped feature.
Bolney 400kV Substation,Bolney | Bolney (tertiary) | Bolney Farm | Bolney Grid Stability Services | Rampion Extension Offshore Wind Farm | Shoreham,PIVOTED POWER LLP | BOLNEY GREEN LIMITED | Dragon Green 2 Renewables Ltd | WP GRID SERVICES 13 LIMITED | RAMPION EXTENSION DEVELOPMENT LIMITED | VPI Power Limited,Energy Storage System;PV Array (Photo Voltaic/solar) | Reactive Compensation | Wind Offshore | CCGT (Combined Cycle Gas Turbine),PRO-001031 | PRO-000380 | PRO-002674 | PRO-003966 | PRO-000467 | PRO-000192,https://www.neso.energy/data-portal/transmission-entry-capacity-tec-register,50.975250,-0.234917,BOLNEY 400KV S/S,Exact normalized name,High,100.0,https://doi.org/10.5285/0eed5c99-f409-4329-a98e-47f496bb88a2,Lovett & Sünnenberg GB substations dataset; BOLNEY 400KV S/S; NATIONAL GRID; TRANS,Exact normalized name; score 100.0/100; next-candidate margin 0.0. Coordinates represent the matched mapped feature.
Bolney GSP,Kingsfold,GREENTECH PROJECTS HOLDING UK LIMITED,Energy Storage System;PV Array (Photo Voltaic/solar),PRO-004710,https://www.neso.energy/data-portal/transmission-entry-capacity-tec-register,50.975250,-0.234917,BOLNEY 400KV S/S,Exact normalized name,High,100.0,https://doi.org/10.5285/0eed5c99-f409-4329-a98e-47f496bb88a2,Lovett & Sünnenberg GB substations dataset; BOLNEY 400KV S/S; NATIONAL GRID; TRANS,Exact normalized name; score 100.0/100; next-candidate margin 0.0. Coordinates represent the matched mapped feature.
Bonnybridge 132/33kV,Drummarnock Wind Farm,Drummarnock Wind Farm Limited,Wind Onshore,PRO-001912,https://www.neso.energy/data-portal/transmission-entry-capacity-tec-register,56.006993,-3.861997,BONNYBRIDGE,Exact normalized name,High,100.0,https://doi.org/10.5285/0eed5c99-f409-4329-a98e-47f496bb88a2,Lovett & Sünnenberg GB substations dataset; BONNYBRIDGE; SP ENERGY NETWORKS; GSP,Exact normalized name; score 100.0/100; next-candidate margin 0.0. Coordinates represent the matched mapped feature.
Bonnybridge 275/33kV Substation,Scottish Water Bonnybridge STW 60MW BESS,Bluestone Energy Ltd,Energy Storage System,PRO-002410,https://www.neso.energy/data-portal/transmission-entry-capacity-tec-register,56.006993,-3.861997,BONNYBRIDGE,Exact normalized name,High,100.0,https://doi.org/10.5285/0eed5c99-f409-4329-a98e-47f496bb88a2,Lovett & Sünnenberg GB substations dataset; BONNYBRIDGE; SP ENERGY NETWORKS; GSP,Exact normalized name; score 100.0/100; next-candidate margin 0.0. Coordinates represent the matched mapped feature.
Borders Connection Node A 400kV,Middle Farm Chollerton,ENRAY POWER LTD,Energy Storage System;PV Array (Photo Voltaic/solar),PRO-004344,https://www.neso.energy/data-portal/transmission-entry-capacity-tec-register,,,,No reliable infrastructure match,Unresolved,66.7,,,Best candidate 'Border Ebbw Vale Substation' scored 66.7; below reliability threshold.
Borders Connection Node A 400kV Substation,Lynefield BESS,WINDEL GRID 1 LIMITED,Energy Storage System,PRO-003555,https://www.neso.energy/data-portal/transmission-entry-capacity-tec-register,51.391620,-0.524053,Lynefield Farm,TEC project-derived locality proxy,Low,100.0,https://www.openstreetmap.org/node/13739821734,OpenStreetMap named locality: Lynefield Farm,"TEC project-derived locality proxy; score 100.0/100; next-candidate margin 100.0. Coordinates are a geographic proxy, not the confirmed electrical asset."
BORDERS SOLAR 132/33KV SUBSTATION,Borders Solar,"BUCCLEUCH ESTATES, LTD. (THE)",Energy Storage System;PV Array (Photo Voltaic/solar),PRO-004484,https://www.neso.energy/data-portal/transmission-entry-capacity-tec-register,,,,No reliable infrastructure match,Unresolved,75.0,,,Best candidate 'BORDESLEY 132/11KV' scored 75.0; below reliability threshold.
Borders Windfarm 132kV,Borders Wind Farm,EDF ENERGY RENEWABLES LIMITED,Wind Onshore,PRO-001977,https://www.neso.energy/data-portal/transmission-entry-capacity-tec-register,52.474491,-1.879602,BORDESLEY 132/11KV,Candidate infrastructure match,Low,79.0,https://doi.org/10.5285/0eed5c99-f409-4329-a98e-47f496bb88a2,Lovett & Sünnenberg GB substations dataset; BORDESLEY 132/11KV; WESTERN POWER DISTRIBUTION; BSP,Candidate infrastructure match; score 79.0/100; next-candidate margin 4.0. Coordinates represent the matched mapped feature.
Botley 400kV Substation,Botley GEC (Ethos Green),BOTLEY GREEN ENERGY CENTRE LTD,Demand;Energy Storage System;PV Array (Photo Voltaic/solar);Reactive Compensation,PRO-002580,https://www.neso.energy/data-portal/transmission-entry-capacity-tec-register,51.748223,-1.295129,Botley,Town/locality proxy,Low,100.0,https://www.openstreetmap.org/relation/20759863,OpenStreetMap named suburb: Botley,"Town/locality proxy; score 100.0/100; next-candidate margin 0.0. Coordinates are a geographic proxy, not the confirmed electrical asset."
Botley West 400kV Substation,Botley West - Cote Solar Power Station | Buckland Marsh Solar Park | West Botley High Impact Green Energy Hub,SOLARFIVE LTD | Arise Renewable Energy UK Limited | TELIS ENERGY UK LIMITED,PV Array (Photo Voltaic/solar) | Energy Storage System;PV Array (Photo Voltaic/solar) | Demand;Energy Storage System;Nuclear;PV Array (Photo Voltaic/solar);Wind Onshore,PRO-001587 | PRO-003695 | PRO-004435,https://www.neso.energy/data-portal/transmission-entry-capacity-tec-register,51.091804,-0.076682,WEST HOATHLY 33/11KV,Candidate infrastructure match,Low,78.3,https://doi.org/10.5285/0eed5c99-f409-4329-a98e-47f496bb88a2,Lovett & Sünnenberg GB substations dataset; WEST HOATHLY 33/11KV; UK POWER NETWORKS; PSS,Candidate infrastructure match; score 78.3/100; next-candidate margin 0.0. Coordinates represent the matched mapped feature.
Bowsheils 132kV Substation,Bowsheil Solar and Battery,VOLTALIA UK LTD,Energy Storage System;PV Array (Photo Voltaic/solar),PRO-002662,https://www.neso.energy/data-portal/transmission-entry-capacity-tec-register,,,,No reliable infrastructure match,Unresolved,75.0,,,Best candidate 'BOWHILL' scored 75.0; below reliability threshold.
Boydston 400kV substation,Kilmarnock BESS,Kilmarnock Flexpower Ltd,Energy Storage System,PRO-001836,https://www.neso.energy/data-portal/transmission-entry-capacity-tec-register,52.966290,-0.015099,BOSTON 132/33KV,Candidate infrastructure match,Low,85.7,https://doi.org/10.5285/0eed5c99-f409-4329-a98e-47f496bb88a2,Lovett & Sünnenberg GB substations dataset; BOSTON 132/33KV; WESTERN POWER DISTRIBUTION; BSP,Candidate infrastructure match; score 85.7/100; next-candidate margin 0.0. Coordinates represent the matched mapped feature.
Braco West GSP,Braes of Doune | Windburn,BRAES OF DOUNE WIND FARM (SCOTLAND) LIMITED | WINDBURN WIND FARM LIMITED,Wind Onshore | Energy Storage System;Wind Onshore,PRO-000084 | PRO-004768,https://www.neso.energy/data-portal/transmission-entry-capacity-tec-register,56.267021,-3.973844,BRACO WEST ,Exact normalized name,High,100.0,https://doi.org/10.5285/0eed5c99-f409-4329-a98e-47f496bb88a2,Lovett & Sünnenberg GB substations dataset; BRACO WEST ; SSE NETWORKS; TRANS,Exact normalized name; score 100.0/100; next-candidate margin 0.0. Coordinates represent the matched mapped feature.
Bradford West 275kV Substation,Bradford West 100MW | Bradford West BESS Substation | Holdsworth Road,OLD ALLEN ROAD BESS LIMITED | O&G Solar (SPV 36) Limited | MAS 002 LIMITED,Energy Storage System,PRO-001874 | PRO-002544 | PRO-002338,https://www.neso.energy/data-portal/transmission-entry-capacity-tec-register,53.810504,-1.865443,BRADFORD WEST 275KV S/S,Exact normalized name,High,100.0,https://doi.org/10.5285/0eed5c99-f409-4329-a98e-47f496bb88a2,Lovett & Sünnenberg GB substations dataset; BRADFORD WEST 275KV S/S; NATIONAL GRID; TRANS,Exact normalized name; score 100.0/100; next-candidate margin 0.0. Coordinates represent the matched mapped feature.
Braegrundie Farm 132kV Substation,Braegrundie Farm,AEUK BATTERY PROJECT III LTD,Energy Storage System,PRO-004674,https://www.neso.energy/data-portal/transmission-entry-capacity-tec-register,,,,No reliable infrastructure match,Unresolved,66.7,,,Best candidate 'Braniel 33 kV Substation' scored 66.7; below reliability threshold.
Braehead Park 132/33kV,Scottish Water Laigh Park STW | Wright Street BESS,Bluestone Energy Ltd | P3P PARTNERS LLP,Energy Storage System,PRO-002413 | PRO-003083,https://www.neso.energy/data-portal/transmission-entry-capacity-tec-register,55.880996,-4.381003,BRAEHEAD PARK,Exact normalized name,High,100.0,https://doi.org/10.5285/0eed5c99-f409-4329-a98e-47f496bb88a2,Lovett & Sünnenberg GB substations dataset; BRAEHEAD PARK; SP ENERGY NETWORKS; GSP,Exact normalized name; score 100.0/100; next-candidate margin 0.0. Coordinates represent the matched mapped feature.
Braeside IDNO 132/33kV substation,AGS Inverclyde BESS,SLATE ISLAND DEVELOPMENTS LIMITED,Energy Storage System,PRO-003840,https://www.neso.energy/data-portal/transmission-entry-capacity-tec-register,,,,No reliable infrastructure match,Unresolved,69.2,,,Best candidate 'Box Road IDNO Substation' scored 69.2; below reliability threshold.
Braidfield Battery Storage 132kV Substation,Braidfield Battery Storage,BRAIDFIELD BATTERY STORAGE LIMITED,Demand;Energy Storage System,PRO-002357,https://www.neso.energy/data-portal/transmission-entry-capacity-tec-register,52.417645,0.855569,Storage,Town/locality proxy,Low,56.0,https://www.openstreetmap.org/node/11850530335,OpenStreetMap named locality: Storage,"Town/locality proxy; score 56.0/100; next-candidate margin 56.0. Coordinates are a geographic proxy, not the confirmed electrical asset."
Braintree 400kV Substation,Braintree | Braintree (Tertiary),PIVOTED POWER LLP | Braintree 10 Renewables Limited | CSE22 LIMITED,Energy Storage System;PV Array (Photo Voltaic/solar),PRO-001042-1 | PRO-001042-2 | PRO-003406 | PRO-001043,https://www.neso.energy/data-portal/transmission-entry-capacity-tec-register,51.864899,0.576356,BRAINTREE 400KV S/S,Exact normalized name,High,100.0,https://doi.org/10.5285/0eed5c99-f409-4329-a98e-47f496bb88a2,Lovett & Sünnenberg GB substations dataset; BRAINTREE 400KV S/S; NATIONAL GRID; TRANS,Exact normalized name; score 100.0/100; next-candidate margin 0.0. Coordinates represent the matched mapped feature.
Braintree GSP,Indaver Rivenhall IWMF,INDAVER RIVENHALL LIMITED,Waste,PRO-006457,https://www.neso.energy/data-portal/transmission-entry-capacity-tec-register,51.864899,0.576356,BRAINTREE 400KV S/S,Exact normalized name,High,100.0,https://doi.org/10.5285/0eed5c99-f409-4329-a98e-47f496bb88a2,Lovett & Sünnenberg GB substations dataset; BRAINTREE 400KV S/S; NATIONAL GRID; TRANS,Exact normalized name; score 100.0/100; next-candidate margin 0.0. Coordinates represent the matched mapped feature.
Bramford 132kV,Brook Farm BESS,CARE POWER (BROOK FARM) LIMITED,Energy Storage System,PRO-002201,https://www.neso.energy/data-portal/transmission-entry-capacity-tec-register,52.070173,1.062820,BRAMFORD 132KV S/S,Exact normalized name,High,100.0,https://doi.org/10.5285/0eed5c99-f409-4329-a98e-47f496bb88a2,Lovett & Sünnenberg GB substations dataset; BRAMFORD 132KV S/S; NATIONAL GRID; GSP,Exact normalized name; score 100.0/100; next-candidate margin 0.0. Coordinates represent the matched mapped feature.
Bramford 400kV Substation,Alcemi Bramford Battery Energy Storage Facility | Bramford (Tertiary) | Bramford 2 GEC (Ethos Green) | Bramford BESS | Bramford Tertiary | ER BRF 2 Energy | Thetford,ALCEMI STORAGE DEVELOPMENTS 1 LIMITED | DAMSONGREEN ENERGYFARM LIMITED | BRAMFORD 2 GREEN ENERGY CENTRE LTD | CSE33 LIMITED | BRAMFORD GREEN LIMITED | ER PROJECT DEVELOPMENT CO LIMITED | EPR THETFORD LIMITED,Energy Storage System | Energy Storage System;PV Array (Photo Voltaic/solar) | Demand;Energy Storage System;PV Array (Photo Voltaic/solar);Reactive Compensation | Biomass,PRO-001416 | PRO-001016 | PRO-002568 | PRO-002071 | PRO-000397-1 | PRO-000397-2 | PRO-003725 | PRO-000237,https://www.neso.energy/data-portal/transmission-entry-capacity-tec-register,52.071351,1.062128,BRAMFORD 400KV S/S,Exact normalized name,High,100.0,https://doi.org/10.5285/0eed5c99-f409-4329-a98e-47f496bb88a2,Lovett & Sünnenberg GB substations dataset; BRAMFORD 400KV S/S; NATIONAL GRID; TRANS,Exact normalized name; score 100.0/100; next-candidate margin 0.0. Coordinates represent the matched mapped feature.
Bramford B 400kV Substation,Bramford GEC (Ethos Green),BRAMFORD GREEN ENERGY CENTRE LTD,Demand;Energy Storage System;PV Array (Photo Voltaic/solar);Reactive Compensation,PRO-004027,https://www.neso.energy/data-portal/transmission-entry-capacity-tec-register,52.071351,1.062128,BRAMFORD 400KV S/S,Strong name match,High,100.0,https://doi.org/10.5285/0eed5c99-f409-4329-a98e-47f496bb88a2,Lovett & Sünnenberg GB substations dataset; BRAMFORD 400KV S/S; NATIONAL GRID; TRANS,Strong name match; score 100.0/100; next-candidate margin 4.0. Coordinates represent the matched mapped feature.
Bramley,Pamber Farm,Queequeg Renewables Ltd,Energy Storage System,PRO-002763,https://www.neso.energy/data-portal/transmission-entry-capacity-tec-register,51.336079,-1.077335,BRAMLEY 400KV S/S,Exact normalized name,High,100.0,https://doi.org/10.5285/0eed5c99-f409-4329-a98e-47f496bb88a2,Lovett & Sünnenberg GB substations dataset; BRAMLEY 400KV S/S; NATIONAL GRID; TRANS,Exact normalized name; score 100.0/100; next-candidate margin 0.0. Coordinates represent the matched mapped feature.
Bramley 400kV Substation,Bramley (tertiary) | Bramley BESS | Burghfield,BRAMLEY SOLAR  LIMITED | BRAMLEY BESS LIMITED | SSE Generation Limited,Energy Storage System;PV Array (Photo Voltaic/solar) | Energy Storage System | Thermal,PRO-000396 | PRO-001104-1 | PRO-001104-2 | PRO-000870,https://www.neso.energy/data-portal/transmission-entry-capacity-tec-register,51.336079,-1.077335,BRAMLEY 400KV S/S,Exact normalized name,High,100.0,https://doi.org/10.5285/0eed5c99-f409-4329-a98e-47f496bb88a2,Lovett & Sünnenberg GB substations dataset; BRAMLEY 400KV S/S; NATIONAL GRID; TRANS,Exact normalized name; score 100.0/100; next-candidate margin 0.0. Coordinates represent the matched mapped feature.
Bramley GSP,Conrad (Basingstoke) Limited,CONRAD (BASINGSTOKE) LIMITED,Energy Storage System,PRO-004384,https://www.neso.energy/data-portal/transmission-entry-capacity-tec-register,51.336079,-1.077335,BRAMLEY 400KV S/S,Exact normalized name,High,100.0,https://doi.org/10.5285/0eed5c99-f409-4329-a98e-47f496bb88a2,Lovett & Sünnenberg GB substations dataset; BRAMLEY 400KV S/S; NATIONAL GRID; TRANS,Exact normalized name; score 100.0/100; next-candidate margin 0.0. Coordinates represent the matched mapped feature.
Branxton 400/132kV,Branxton PV & BESS Station | Springfield Solar and Battery,IGP Solar 26 Limited | VOLTALIA UK LTD,Energy Storage System | Energy Storage System;PV Array (Photo Voltaic/solar),PRO-002122 | PRO-002664,https://www.neso.energy/data-portal/transmission-entry-capacity-tec-register,55.948824,-2.416749,Branxton Substation,Exact normalized name,High,100.0,https://www.openstreetmap.org/way/97551523,OpenStreetMap named substation feature: Branxton Substation,Exact normalized name; score 100.0/100; next-candidate margin 100.0. Coordinates represent the matched mapped feature.
Branxton 400kV Substation,Berwick Bank Offshore Wind Farm A | Berwick Bank Offshore Wind Farm B | Branxton Energy Storage Facility,BERWICK BANK A LIMITED | Berwick Bank B Limited | EastCoastGridServices Ltd,Wind Offshore | Energy Storage System,PRO-002627-1 | PRO-002627-2 | PRO-002628-1 | PRO-002628-2 | PRO-002076,https://www.neso.energy/data-portal/transmission-entry-capacity-tec-register,55.948824,-2.416749,Branxton Substation,Exact normalized name,High,100.0,https://www.openstreetmap.org/way/97551523,OpenStreetMap named substation feature: Branxton Substation,Exact normalized name; score 100.0/100; next-candidate margin 100.0. Coordinates represent the matched mapped feature.
Braxbess 400/132kV Collector Substation,Braxbess Branxton BESS | Innerwick BESS,BRAXBESS LTD | Innerwick Storage Ltd,Energy Storage System,PRO-002208 | PRO-002828,https://www.neso.energy/data-portal/transmission-entry-capacity-tec-register,56.597704,-4.299536,Innerwick,TEC project-derived locality proxy,Low,100.0,https://www.openstreetmap.org/node/608539929,OpenStreetMap named hamlet: Innerwick,"TEC project-derived locality proxy; score 100.0/100; next-candidate margin 0.0. Coordinates are a geographic proxy, not the confirmed electrical asset."
Braybrooke (Network Rail) GSP,Braybrooke Solar and Battery Connection,Irena BESS LIMITED,Energy Storage System;PV Array (Photo Voltaic/solar),PRO-002207,https://www.neso.energy/data-portal/transmission-entry-capacity-tec-register,52.451348,-0.875906,Braybrooke,TEC project-derived locality proxy,Low,96.0,https://www.openstreetmap.org/node/29673506,OpenStreetMap named village: Braybrooke,"TEC project-derived locality proxy; score 96.0/100; next-candidate margin 96.0. Coordinates are a geographic proxy, not the confirmed electrical asset."
Braybrooke 400kV Substation,Elmya Braybrooke BESS,ELMYA RPC UK BRAYBROOKE LIMITED,Energy Storage System,PRO-002427,https://www.neso.energy/data-portal/transmission-entry-capacity-tec-register,52.451348,-0.875906,Braybrooke,Town/locality proxy,Medium,100.0,https://www.openstreetmap.org/node/29673506,OpenStreetMap named village: Braybrooke,"Town/locality proxy; score 100.0/100; next-candidate margin 100.0. Coordinates are a geographic proxy, not the confirmed electrical asset."
Breackerie 132kV Substation,Breackerie  wind farm,ENERGYFARM UK BREACKERIE LTD,Energy Storage System;Wind Onshore,PRO-005965,https://www.neso.energy/data-portal/transmission-entry-capacity-tec-register,,,,No reliable infrastructure match,Unresolved,70.7,,,Best candidate 'BRACKLEY 132/33KV' scored 70.7; below reliability threshold.
Breakish 132kV Substation,Breakish Windfarm,Asuk Holdco 2 Limited,Wind Onshore,PRO-002170-1 | PRO-002170-2,https://www.neso.energy/data-portal/transmission-entry-capacity-tec-register,57.239803,-5.845676,Breakish,Town/locality proxy,Medium,100.0,https://www.openstreetmap.org/node/529866759,OpenStreetMap named village: Breakish,"Town/locality proxy; score 100.0/100; next-candidate margin 100.0. Coordinates are a geographic proxy, not the confirmed electrical asset."
Brechin 400/275 kV Substation,Ossian 1 Offshore Wind Farm,Ossian Offshore Wind Farm Limited,Wind Offshore,PRO-001488,https://www.neso.energy/data-portal/transmission-entry-capacity-tec-register,56.727156,-2.638958,BRECHIN,Exact normalized name,High,100.0,https://doi.org/10.5285/0eed5c99-f409-4329-a98e-47f496bb88a2,Lovett & Sünnenberg GB substations dataset; BRECHIN; SSE NETWORKS; PSS,Exact normalized name; score 100.0/100; next-candidate margin 0.0. Coordinates represent the matched mapped feature.
Bredbury 275kV Substation,Bredbury,PIVOTED POWER LLP,Energy Storage System,PRO-001041,https://www.neso.energy/data-portal/transmission-entry-capacity-tec-register,53.414542,-2.128911,BREDBURY 275KV S/S,Exact normalized name,High,100.0,https://doi.org/10.5285/0eed5c99-f409-4329-a98e-47f496bb88a2,Lovett & Sünnenberg GB substations dataset; BREDBURY 275KV S/S; NATIONAL GRID; TRANS,Exact normalized name; score 100.0/100; next-candidate margin 0.0. Coordinates represent the matched mapped feature.
Bridge of Dun GSP,Dunmill Energy Storage | Tullo Wind Farm,Dunmill Energy Storage Limited | TULLO WIND FARM LIMITED,Energy Storage System | Wind Onshore,PRO-003470 | PRO-000252,https://www.neso.energy/data-portal/transmission-entry-capacity-tec-register,56.720372,-2.556821,BRIDGE OF DUN,Exact normalized name,High,100.0,https://doi.org/10.5285/0eed5c99-f409-4329-a98e-47f496bb88a2,Lovett & Sünnenberg GB substations dataset; BRIDGE OF DUN; SSE NETWORKS; PSS,Exact normalized name; score 100.0/100; next-candidate margin 0.0. Coordinates represent the matched mapped feature.
Bridgewater 400kV Substation,Bridgwater 2 (tertiary) - New Conn,BRIDGWATER GREEN LIMITED,Energy Storage System;PV Array (Photo Voltaic/solar),PRO-001347,https://www.neso.energy/data-portal/transmission-entry-capacity-tec-register,51.117400,-2.969780,BRIDGWATER 275KV S/S,Candidate infrastructure match,Low,95.2,https://doi.org/10.5285/0eed5c99-f409-4329-a98e-47f496bb88a2,Lovett & Sünnenberg GB substations dataset; BRIDGWATER 275KV S/S; NATIONAL GRID; TRANS,Candidate infrastructure match; score 95.2/100; next-candidate margin 0.0. Coordinates represent the matched mapped feature.
Bridgwater 400/132kV Substation,Bridgwater (tertiary) | Green frog @ The Drove,ENSO GREEN HOLDINGS H LIMITED | VIRIDIS 178 LIMITED,Energy Storage System;PV Array (Photo Voltaic/solar) | OCGT (Open Cycle Gas Turbine),PRO-000375 | PRO-000245,https://www.neso.energy/data-portal/transmission-entry-capacity-tec-register,51.117309,-2.968835,BRIDGWATER 132KV S/S,Exact normalized name,High,100.0,https://doi.org/10.5285/0eed5c99-f409-4329-a98e-47f496bb88a2,Lovett & Sünnenberg GB substations dataset; BRIDGWATER 132KV S/S; NATIONAL GRID; GSP,Exact normalized name; score 100.0/100; next-candidate margin 0.0. Coordinates represent the matched mapped feature.
Bridgwater GSP,Bridgwater Energy Park,EXAGEN GROUP LIMITED,Energy Storage System,PRO-004215,https://www.neso.energy/data-portal/transmission-entry-capacity-tec-register,51.117400,-2.969780,BRIDGWATER 275KV S/S,Exact normalized name,High,100.0,https://doi.org/10.5285/0eed5c99-f409-4329-a98e-47f496bb88a2,Lovett & Sünnenberg GB substations dataset; BRIDGWATER 275KV S/S; NATIONAL GRID; TRANS,Exact normalized name; score 100.0/100; next-candidate margin 0.0. Coordinates represent the matched mapped feature.
Brimsdown 132kV Substation,Enfield,Uniper UK Limited,CCGT (Combined Cycle Gas Turbine),PRO-000147,https://www.neso.energy/data-portal/transmission-entry-capacity-tec-register,51.663496,-0.024878,BRIMSDOWN 132KV S/S,Exact normalized name,High,100.0,https://doi.org/10.5285/0eed5c99-f409-4329-a98e-47f496bb88a2,Lovett & Sünnenberg GB substations dataset; BRIMSDOWN 132KV S/S; NATIONAL GRID; GSP,Exact normalized name; score 100.0/100; next-candidate margin 0.0. Coordinates represent the matched mapped feature.
Brinsworth 400kV Substation,Old Flatts Farm,Net Zero One Ltd,Energy Storage System;PV Array (Photo Voltaic/solar),PRO-001894-1 | PRO-001894-2,https://www.neso.energy/data-portal/transmission-entry-capacity-tec-register,53.401094,-1.349651,BRINSWORTH 400KV S/S,Exact normalized name,High,100.0,https://doi.org/10.5285/0eed5c99-f409-4329-a98e-47f496bb88a2,Lovett & Sünnenberg GB substations dataset; BRINSWORTH 400KV S/S; NATIONAL GRID; TRANS,Exact normalized name; score 100.0/100; next-candidate margin 0.0. Coordinates represent the matched mapped feature.
Brinsworth B 400kV Substation,Brinsworth,SSE RENEWABLES SOLAR & BATTERY HOLDINGS LIMITED,Energy Storage System,PRO-003821,https://www.neso.energy/data-portal/transmission-entry-capacity-tec-register,53.401094,-1.349651,BRINSWORTH 400KV S/S,Strong name match,High,100.0,https://doi.org/10.5285/0eed5c99-f409-4329-a98e-47f496bb88a2,Lovett & Sünnenberg GB substations dataset; BRINSWORTH 400KV S/S; NATIONAL GRID; TRANS,Strong name match; score 100.0/100; next-candidate margin 4.0. Coordinates represent the matched mapped feature.
Broadford 132kV Substation,Broadford BESS,FIELD DEVCO LTD,Energy Storage System,PRO-004756,https://www.neso.energy/data-portal/transmission-entry-capacity-tec-register,57.248150,-5.935993,BROADFORD,Exact normalized name,High,100.0,https://doi.org/10.5285/0eed5c99-f409-4329-a98e-47f496bb88a2,Lovett & Sünnenberg GB substations dataset; BROADFORD; SSE NETWORKS; GSP,Exact normalized name; score 100.0/100; next-candidate margin 0.0. Coordinates represent the matched mapped feature.
Broadford GSP,Sleat Hybrid,GALILEO 13 LIMITED,Energy Storage System;Wind Onshore,PRO-004014,https://www.neso.energy/data-portal/transmission-entry-capacity-tec-register,57.496650,-6.145422,BROADFORD,Exact normalized name,High,100.0,https://doi.org/10.5285/0eed5c99-f409-4329-a98e-47f496bb88a2,Lovett & Sünnenberg GB substations dataset; BROADFORD; SSE NETWORKS; PSS,Exact normalized name; score 100.0/100; next-candidate margin 0.0. Coordinates represent the matched mapped feature.
Broken Cross 132/33kV,Broken Cross Windfarm,BROKEN CROSS WIND FARM LIMITED,Wind Onshore,PRO-000395,https://www.neso.energy/data-portal/transmission-entry-capacity-tec-register,55.623764,-3.848899,Broken Cross substation,Exact normalized name,High,100.0,https://www.openstreetmap.org/way/1418948709,OpenStreetMap named substation feature: Broken Cross substation,Exact normalized name; score 100.0/100; next-candidate margin 0.0. Coordinates represent the matched mapped feature.
BRORA 132/33KV GRID SUPPLY POINT SUBSTATION,Crakaig Wind Energy Hub,CRAKAIG WIND ENERGY HUB LIMITED,Energy Storage System;Wind Onshore,PRO-003734,https://www.neso.energy/data-portal/transmission-entry-capacity-tec-register,57.219158,-2.379868,Kintore Grid Supply Point,Candidate infrastructure match,Low,78.9,https://www.openstreetmap.org/way/1263000218,OpenStreetMap named substation feature: Kintore Grid Supply Point,Candidate infrastructure match; score 78.9/100; next-candidate margin 0.0. Coordinates represent the matched mapped feature.
Brora GSP,AULTCRAGGIE BESS,OPDE UK LIMITED,Energy Storage System,PRO-003228,https://www.neso.energy/data-portal/transmission-entry-capacity-tec-register,58.013752,-3.855287,BRORA,Exact normalized name,High,100.0,https://doi.org/10.5285/0eed5c99-f409-4329-a98e-47f496bb88a2,Lovett & Sünnenberg GB substations dataset; BRORA; SSE NETWORKS; PSS,Exact normalized name; score 100.0/100; next-candidate margin 0.0. Coordinates represent the matched mapped feature.
Broxburn 132/33kV,Almondell Lodge BESS & Solar Development,BROXBURN ENERGY STORAGE LIMITED,Energy Storage System,PRO-001667,https://www.neso.energy/data-portal/transmission-entry-capacity-tec-register,55.932707,-3.485376,BROXBURN,Exact normalized name,High,100.0,https://doi.org/10.5285/0eed5c99-f409-4329-a98e-47f496bb88a2,Lovett & Sünnenberg GB substations dataset; BROXBURN; SP ENERGY NETWORKS; PSS,Exact normalized name; score 100.0/100; next-candidate margin 0.0. Coordinates represent the matched mapped feature.
Bulls Lodge 400kV Substation,Boreham | Longfield Solar,LONGFIELD SOLAR ENERGY FARM LIMITED,Energy Storage System;PV Array (Photo Voltaic/solar),PRO-005048 | PRO-001053,https://www.neso.energy/data-portal/transmission-entry-capacity-tec-register,51.764687,0.527570,BULLS LODGE 400KV S/S,Exact normalized name,High,100.0,https://doi.org/10.5285/0eed5c99-f409-4329-a98e-47f496bb88a2,Lovett & Sünnenberg GB substations dataset; BULLS LODGE 400KV S/S; NATIONAL GRID; TRANS,Exact normalized name; score 100.0/100; next-candidate margin 100.0. Coordinates represent the matched mapped feature.
BURBO BANK EXTENSION OFFSHORE Substation,Burbo Bank Extension Offshore Wind Farm,BURBO EXTENSION LTD,Wind Offshore,PRO-000394,https://www.neso.energy/data-portal/transmission-entry-capacity-tec-register,53.248996,-3.468559,Burbo Bank Offshore Wind Farm Substation,Exact normalized name,High,100.0,https://www.openstreetmap.org/way/329432675,OpenStreetMap named substation feature: Burbo Bank Offshore Wind Farm Substation,Exact normalized name; score 100.0/100; next-candidate margin 0.0. Coordinates represent the matched mapped feature.
Burwell 132kV Substation,Weirs Drove,CARE POWER (BURWELL 1) LIMITED,Energy Storage System,PRO-001655-1 | PRO-001655-2,https://www.neso.energy/data-portal/transmission-entry-capacity-tec-register,52.277299,0.316980,BURWELL PRIMARY,Exact normalized name,High,100.0,https://doi.org/10.5285/0eed5c99-f409-4329-a98e-47f496bb88a2,Lovett & Sünnenberg GB substations dataset; BURWELL PRIMARY; UK POWER NETWORKS; PSS,Exact normalized name; score 100.0/100; next-candidate margin 0.0. Coordinates represent the matched mapped feature.
Burwell 400kV Substation,Breach Solar Farm | Burwell GEC (Ethos Green),Burwell 11 Solar Limited | BURWELL GREEN ENERGY CENTRE LTD,Energy Storage System;PV Array (Photo Voltaic/solar) | Demand;Energy Storage System;PV Array (Photo Voltaic/solar);Reactive Compensation,PRO-001019 | PRO-003937,https://www.neso.energy/data-portal/transmission-entry-capacity-tec-register,52.277299,0.316980,BURWELL PRIMARY,Exact normalized name,High,100.0,https://doi.org/10.5285/0eed5c99-f409-4329-a98e-47f496bb88a2,Lovett & Sünnenberg GB substations dataset; BURWELL PRIMARY; UK POWER NETWORKS; PSS,Exact normalized name; score 100.0/100; next-candidate margin 0.0. Coordinates represent the matched mapped feature.
Burwell GSP,Burwell,ENERGY POWER RESOURCES LIMITED,Biomass,PRO-000088,https://www.neso.energy/data-portal/transmission-entry-capacity-tec-register,52.277299,0.316980,BURWELL PRIMARY,Exact normalized name,High,100.0,https://doi.org/10.5285/0eed5c99-f409-4329-a98e-47f496bb88a2,Lovett & Sünnenberg GB substations dataset; BURWELL PRIMARY; UK POWER NETWORKS; PSS,Exact normalized name; score 100.0/100; next-candidate margin 0.0. Coordinates represent the matched mapped feature.
Burwell Main 400kV Substation,Beechgreen Energyfarm | Burwell (Tertiary),BEECHGREEN ENERGYFARM LIMITED | PIVOTED POWER LLP,PV Array (Photo Voltaic/solar) | Energy Storage System,PRO-001018 | PRO-001109,https://www.neso.energy/data-portal/transmission-entry-capacity-tec-register,52.280768,0.313422,BURWELL MAIN 400KV S/S,Exact normalized name,High,100.0,https://doi.org/10.5285/0eed5c99-f409-4329-a98e-47f496bb88a2,Lovett & Sünnenberg GB substations dataset; BURWELL MAIN 400KV S/S; NATIONAL GRID; TRANS,Exact normalized name; score 100.0/100; next-candidate margin 0.0. Coordinates represent the matched mapped feature.
Burwell South 400kV Substation,Burwell BESS | ER BUR Energy | Rat Hall Solar,O&G Solar (SPV 38) Limited | ER PROJECT DEVELOPMENT CO LIMITED | Downing Renewable Developments LLP,Energy Storage System;PV Array (Photo Voltaic/solar),PRO-003869 | PRO-003721 | PRO-003892,https://www.neso.energy/data-portal/transmission-entry-capacity-tec-register,53.732790,-0.379879,Hull South Substation,Candidate infrastructure match,Low,78.3,https://www.openstreetmap.org/way/152714054,OpenStreetMap named substation feature: Hull South Substation,Candidate infrastructure match; score 78.3/100; next-candidate margin 1.3. Coordinates represent the matched mapped feature.
Busby 275kV,Westerton Lane BESS,Apatura Project 22 Ltd,Energy Storage System,PRO-003267,https://www.neso.energy/data-portal/transmission-entry-capacity-tec-register,55.774935,-4.265284,BUSBY ,Exact normalized name,High,100.0,https://doi.org/10.5285/0eed5c99-f409-4329-a98e-47f496bb88a2,Lovett & Sünnenberg GB substations dataset; BUSBY ; SP ENERGY NETWORKS; TRANS,Exact normalized name; score 100.0/100; next-candidate margin 0.0. Coordinates represent the matched mapped feature.
Bushbury 275kV Substation,Bushbury Green Energy Centre,BUSHBURY GREEN NG LIMITED,Energy Storage System;PV Array (Photo Voltaic/solar),PRO-001907,https://www.neso.energy/data-portal/transmission-entry-capacity-tec-register,52.636968,-2.115748,BUSHBURY 275KV S/S,Exact normalized name,High,100.0,https://doi.org/10.5285/0eed5c99-f409-4329-a98e-47f496bb88a2,Lovett & Sünnenberg GB substations dataset; BUSHBURY 275KV S/S; NATIONAL GRID; TRANS,Exact normalized name; score 100.0/100; next-candidate margin 0.0. Coordinates represent the matched mapped feature.
Bustleholm 132kV Substation,Bloxwich,BLOXWICH ENERGY STORAGE LIMITED,Energy Storage System,PRO-001243,https://www.neso.energy/data-portal/transmission-entry-capacity-tec-register,52.553243,-1.960858,BUSTLEHOLM 275KV S/S,Exact normalized name,High,100.0,https://doi.org/10.5285/0eed5c99-f409-4329-a98e-47f496bb88a2,Lovett & Sünnenberg GB substations dataset; BUSTLEHOLM 275KV S/S; NATIONAL GRID; TRANS,Exact normalized name; score 100.0/100; next-candidate margin 100.0. Coordinates represent the matched mapped feature.
Bustleholm GSP,Bustleholme,PIVOTED POWER LLP,Energy Storage System,PRO-001039,https://www.neso.energy/data-portal/transmission-entry-capacity-tec-register,52.553243,-1.960858,BUSTLEHOLM 275KV S/S,Exact normalized name,High,100.0,https://doi.org/10.5285/0eed5c99-f409-4329-a98e-47f496bb88a2,Lovett & Sünnenberg GB substations dataset; BUSTLEHOLM 275KV S/S; NATIONAL GRID; TRANS,Exact normalized name; score 100.0/100; next-candidate margin 100.0. Coordinates represent the matched mapped feature.
Butlers Wood 400kV Substation,Butlers Wood Green Energy Centre | Zenobe Butler's Wood BESS,BUTLERS WOOD NG LIMITED | Zenobe Energy Limited,Energy Storage System;PV Array (Photo Voltaic/solar) | Energy Storage System,PRO-002416 | PRO-004085,https://www.neso.energy/data-portal/transmission-entry-capacity-tec-register,50.884544,-1.232107,BOTLEY WOOD 400KV S/S,Candidate infrastructure match,Low,82.3,https://doi.org/10.5285/0eed5c99-f409-4329-a98e-47f496bb88a2,Lovett & Sünnenberg GB substations dataset; BOTLEY WOOD 400KV S/S; NATIONAL GRID; TRANS,Candidate infrastructure match; score 82.3/100; next-candidate margin 0.0. Coordinates represent the matched mapped feature.
Cairnford GSP,Cairnborrow Wind Energy Hub | Clashindarroch 2 | Tarbuckle Hill Wind Farm,BPUWL 29 LIMITED | VATTENFALL WIND POWER LTD | ENERGIEKONTOR UK LTD,Energy Storage System;Wind Onshore | Wind Onshore,PRO-004377 | PRO-000041-1 | PRO-003045,https://www.neso.energy/data-portal/transmission-entry-capacity-tec-register,57.451991,-2.849870,Cairnford Substation,Exact normalized name,High,100.0,https://www.openstreetmap.org/way/842685465,OpenStreetMap named substation feature: Cairnford Substation,Exact normalized name; score 100.0/100; next-candidate margin 100.0. Coordinates represent the matched mapped feature.
CAITHNESS ENERGY STORAGE 400KV SUBSTATION,Caithness Energy Storage,BAYWA R.E. UK LIMITED,Energy Storage System,PRO-004933,https://www.neso.energy/data-portal/transmission-entry-capacity-tec-register,,,,No reliable infrastructure match,Unresolved,43.9,,,Best candidate 'Caithness HVDC Switching Station' scored 43.9; below reliability threshold.
Callisterhall 132kV,Callisterhall Wind Farm,E Power Limited,Wind Onshore,PRO-001965,https://www.neso.energy/data-portal/transmission-entry-capacity-tec-register,,,,No reliable infrastructure match,Unresolved,70.0,,,Best candidate 'CAISTER PRIMARY' scored 70.0; below reliability threshold.
Camblesforth 66kV Substation,Goole Fields Wind Farm,RWE RENEWABLES UK SWINDON LIMITED,Wind Onshore,PRO-000166,https://www.neso.energy/data-portal/transmission-entry-capacity-tec-register,53.729426,-1.000945,CAMBLESFORTH 66KV S/S,Exact normalized name,High,100.0,https://doi.org/10.5285/0eed5c99-f409-4329-a98e-47f496bb88a2,Lovett & Sünnenberg GB substations dataset; CAMBLESFORTH 66KV S/S; NATIONAL GRID; GSP,Exact normalized name; score 100.0/100; next-candidate margin 0.0. Coordinates represent the matched mapped feature.
Canterbury North 400kV Substation,Canterbury Tertiary,ENSO GREEN HOLDINGS L LIMITED,Energy Storage System;PV Array (Photo Voltaic/solar),PRO-001029,https://www.neso.energy/data-portal/transmission-entry-capacity-tec-register,51.293800,1.096585,CANTERBURY NORTH 400KV S/S,Exact normalized name,High,100.0,https://doi.org/10.5285/0eed5c99-f409-4329-a98e-47f496bb88a2,Lovett & Sünnenberg GB substations dataset; CANTERBURY NORTH 400KV S/S; NATIONAL GRID; TRANS,Exact normalized name; score 100.0/100; next-candidate margin 0.0. Coordinates represent the matched mapped feature.
Caorach 132 KV Substation,Caorach,Invenergy Development UK Ltd,Energy Storage System;Wind Onshore,PRO-005026,https://www.neso.energy/data-portal/transmission-entry-capacity-tec-register,,,,No reliable infrastructure match,Unresolved,66.7,,,Best candidate 'CRUACHAN POWER STATION' scored 66.7; below reliability threshold.
Capenhurst 275kV Substation,Capenhurst | Capenhurst 275KV Substation | Capenhurst Tertiary Connection | Native River (Capenhurst),ENSO GREEN HOLDINGS Q LIMITED | ZENOBE CAPENHURST LIMITED | HD888CAP LIMITED | NATIVE RIVER LTD,Energy Storage System;PV Array (Photo Voltaic/solar) | Energy Storage System,PRO-000540 | PRO-001349 | PRO-001028 | PRO-001557,https://www.neso.energy/data-portal/transmission-entry-capacity-tec-register,53.267647,-2.946333,CAPENHURST 275KV S/S,Exact normalized name,High,100.0,https://doi.org/10.5285/0eed5c99-f409-4329-a98e-47f496bb88a2,Lovett & Sünnenberg GB substations dataset; CAPENHURST 275KV S/S; NATIONAL GRID; TRANS,Exact normalized name; score 100.0/100; next-candidate margin 0.0. Coordinates represent the matched mapped feature.
Capenhurst 400kV Substation,Capenhurst Tertiary,ENSO GREEN HOLDINGS Q LIMITED,Energy Storage System;PV Array (Photo Voltaic/solar),PRO-002162,https://www.neso.energy/data-portal/transmission-entry-capacity-tec-register,53.268793,-2.949237,CAPENHURST 400KV S/S,Exact normalized name,High,100.0,https://doi.org/10.5285/0eed5c99-f409-4329-a98e-47f496bb88a2,Lovett & Sünnenberg GB substations dataset; CAPENHURST 400KV S/S; NATIONAL GRID; TRANS,Exact normalized name; score 100.0/100; next-candidate margin 0.0. Coordinates represent the matched mapped feature.
Capenhurst GSP,Cheshire | Hill Farm | Mill Hey_Capenhurst BESS,RWE Generation UK Plc | QAIR RENEWABLES UK LIMITED | FIRSTWAY SOLAR LTD,Gas Reciprocating | Energy Storage System,PRO-001312 | PRO-003983 | PRO-004669,https://www.neso.energy/data-portal/transmission-entry-capacity-tec-register,53.268793,-2.949237,CAPENHURST 400KV S/S,Exact normalized name,High,100.0,https://doi.org/10.5285/0eed5c99-f409-4329-a98e-47f496bb88a2,Lovett & Sünnenberg GB substations dataset; CAPENHURST 400KV S/S; NATIONAL GRID; TRANS,Exact normalized name; score 100.0/100; next-candidate margin 0.0. Coordinates represent the matched mapped feature.
Caple Rig 132kV Substation,Caple Rig [formerly Faw Side Community Wind Farm],Community Windpower Limited,Wind Onshore,PRO-000297,https://www.neso.energy/data-portal/transmission-entry-capacity-tec-register,54.556760,-2.185954,Caple Rigg,Geographic feature proxy,Low,96.0,https://www.openstreetmap.org/node/426861260,OpenStreetMap/Photon geographic feature: Caple Rigg; County Durham,"Geographic feature proxy; score 96.0/100; next-candidate margin 7.1. Coordinates are a geographic proxy, not the confirmed electrical asset."
Car Duibh 275kV Substation,Car Duibh Wind Farm,CAR DUIBH WIND FARM LIMITED,Wind Onshore,PRO-002342,https://www.neso.energy/data-portal/transmission-entry-capacity-tec-register,,,,No reliable infrastructure match,Unresolved,52.2,,,Best candidate 'Multi Car Park' scored 52.2; below reliability threshold.
Carn Fearna Wind Farm 132/33kV Substation,Carn Fearna Wind Farm,Carn Fearna Wind Farm Limited,Wind Onshore,PRO-002231,https://www.neso.energy/data-portal/transmission-entry-capacity-tec-register,57.613149,-4.687985,Carn Fearna Wind Farm,TEC project matched to DESNZ REPD,Medium,100.0,https://www.gov.uk/government/publications/renewable-energy-planning-database-quarterly-extract,"DESNZ REPD ref 14288: Carn Fearna Wind Farm; Carn Fearna Wind Farm, Approximately 1.5km NE/O The Village of Garve; planning ref ECU00004851",TEC project matched to DESNZ REPD; score 100.0/100; next-candidate margin 100.0. Coordinates represent the matched mapped feature.
Carntyne 132/33kV,Provan Gas Works BESS,Vital Energi Solutions Limited,Energy Storage System,PRO-003179,https://www.neso.energy/data-portal/transmission-entry-capacity-tec-register,55.857996,-4.196996,CARNTYNE,Exact normalized name,High,100.0,https://doi.org/10.5285/0eed5c99-f409-4329-a98e-47f496bb88a2,Lovett & Sünnenberg GB substations dataset; CARNTYNE; SP ENERGY NETWORKS; GSP,Exact normalized name; score 100.0/100; next-candidate margin 0.0. Coordinates represent the matched mapped feature.
Carradale 1 GSP,Beinn an Tuirc 2 | Beinn an Tuirc 3 | Blary Hill Wind Farm | Narachan Wind Farm | West Torrisdale,SCOTTISHPOWER RENEWABLES (UK) LIMITED | BLARY HILL ENERGY LIMITED | ENERGYFARM UK NARACHAN LLP | ESB ASSET DEVELOPMENT UK LIMITED,Wind Onshore,PRO-000028 | PRO-000029 | PRO-000038 | PRO-001926 | PRO-000944,https://www.neso.energy/data-portal/transmission-entry-capacity-tec-register,55.589784,-5.470367,Carradale,Town/locality proxy,Medium,96.0,https://www.openstreetmap.org/node/247250646,OpenStreetMap named village: Carradale,"Town/locality proxy; score 96.0/100; next-candidate margin 24.6. Coordinates are a geographic proxy, not the confirmed electrical asset."
CARRADALE 3 132/33KV GRID SUPPLY POINT SUBSTATION,Allt Domhain Wind Farm | Killean Wind Farm,ENERGYFARM ALLT DOMHAIN LTD | Renewable Energy Systems Limited,Wind Onshore,PRO-006015 | PRO-006009,https://www.neso.energy/data-portal/transmission-entry-capacity-tec-register,55.648214,-5.619247,Killean Wind Farm,TEC project matched to DESNZ REPD,Low,100.0,https://www.gov.uk/government/publications/renewable-energy-planning-database-quarterly-extract,"DESNZ REPD ref 14997: Killean Wind Farm; 1.8km east of Tayinloan, Kintyre, Tarbert; planning ref ECU00004927",TEC project matched to DESNZ REPD; score 100.0/100; next-candidate margin 0.0. Coordinates represent the matched mapped feature.
Carraig Gheal 132/33kV Substation,Carraig Gheal Wind Farm,GREENPOWER (CARRAIG GHEAL) LIMITED,Wind Onshore,PRO-000091,https://www.neso.energy/data-portal/transmission-entry-capacity-tec-register,56.336278,-5.269535,Carraig Gheal,Exact normalized name,High,100.0,https://www.openstreetmap.org/relation/8117328,OpenStreetMap named plant feature: Carraig Gheal,Exact normalized name; score 100.0/100; next-candidate margin 100.0. Coordinates represent the matched mapped feature.
Carrick Wind Farm Substation,Carrick Wind Farm,SCOTTISHPOWER RENEWABLES (UK) LIMITED,Wind Onshore,PRO-001026,https://www.neso.energy/data-portal/transmission-entry-capacity-tec-register,54.405123,-6.414951,Carrick,Town/locality proxy,Low,100.0,https://www.openstreetmap.org/relation/5338676,OpenStreetMap named locality: Carrick,"Town/locality proxy; score 100.0/100; next-candidate margin 0.0. Coordinates are a geographic proxy, not the confirmed electrical asset."
Carrington 275kV Substation,Carrington,PIVOTED POWER LLP,Energy Storage System,PRO-001025,https://www.neso.energy/data-portal/transmission-entry-capacity-tec-register,53.434455,-2.402059,CARRINGTON 275KV S/S,Exact normalized name,High,100.0,https://doi.org/10.5285/0eed5c99-f409-4329-a98e-47f496bb88a2,Lovett & Sünnenberg GB substations dataset; CARRINGTON 275KV S/S; NATIONAL GRID; TRANS,Exact normalized name; score 100.0/100; next-candidate margin 0.0. Coordinates represent the matched mapped feature.
Carrington 400KV Substation,Carrington | Cryogenic Battery System (Synchronous) | Trafford 2 BESS,CARRINGTON STORAGE LIMITED | CRYOBATTERY ONE LIMITED | FUTURE POINT MANCHESTER LIMITED,Energy Storage System | Energy Storage System;Reactive Compensation,PRO-000276 | PRO-000549-1 | PRO-000549-2 | PRO-004992,https://www.neso.energy/data-portal/transmission-entry-capacity-tec-register,53.436586,-2.407001,CARRINGTON 400KV S/S,Exact normalized name,High,100.0,https://doi.org/10.5285/0eed5c99-f409-4329-a98e-47f496bb88a2,Lovett & Sünnenberg GB substations dataset; CARRINGTON 400KV S/S; NATIONAL GRID; TRANS,Exact normalized name; score 100.0/100; next-candidate margin 0.0. Coordinates represent the matched mapped feature.
Carrington GSP (SP Manweb),Carrington Power Station | Middlewich BEGA,CARRINGTON POWER LIMITED | CONRAD (MIDDLEWICH) LIMITED,CCGT (Combined Cycle Gas Turbine) | Gas Reciprocating,PRO-000092 | PRO-000849,https://www.neso.energy/data-portal/transmission-entry-capacity-tec-register,53.070885,-0.053059,Carrington Farm AD,TEC project matched to DESNZ REPD,Medium,96.0,https://www.gov.uk/government/publications/renewable-energy-planning-database-quarterly-extract,"DESNZ REPD ref 357: Carrington Farm AD; LAND TO THE NORTH OF BEECHES LANE, CARRINGTON, BOSTON, ; planning ref S/029/00231/14",TEC project matched to DESNZ REPD; score 96.0/100; next-candidate margin 96.0. Coordinates represent the matched mapped feature.
Cashlie GSP,Cashlie (Part of Killin Cascade Hydro Scheme),SSE Generation Limited,Hydro,PRO-000069,https://www.neso.energy/data-portal/transmission-entry-capacity-tec-register,56.544250,-4.457701,CASHLIE,Exact normalized name,High,100.0,https://doi.org/10.5285/0eed5c99-f409-4329-a98e-47f496bb88a2,Lovett & Sünnenberg GB substations dataset; CASHLIE; SSE NETWORKS; PSS,Exact normalized name; score 100.0/100; next-candidate margin 0.0. Coordinates represent the matched mapped feature.
Cassley GSP,Sallachy Wind Farm,WKN SALLACHY LIMITED,Wind Onshore,PRO-002137,https://www.neso.energy/data-portal/transmission-entry-capacity-tec-register,58.187556,-4.729118,CASSLEY,Exact normalized name,High,100.0,https://doi.org/10.5285/0eed5c99-f409-4329-a98e-47f496bb88a2,Lovett & Sünnenberg GB substations dataset; CASSLEY; SSE NETWORKS; GSP,Exact normalized name; score 100.0/100; next-candidate margin 0.0. Coordinates represent the matched mapped feature.
Castlemilk 400kV Substation,Castlemilk 1,Queequeg Renewables Ltd,PV Array (Photo Voltaic/solar),PRO-003932,https://www.neso.energy/data-portal/transmission-entry-capacity-tec-register,55.806991,-4.237001,CASTLEMILK,Exact normalized name,High,100.0,https://doi.org/10.5285/0eed5c99-f409-4329-a98e-47f496bb88a2,Lovett & Sünnenberg GB substations dataset; CASTLEMILK; SP ENERGY NETWORKS; PSS,Exact normalized name; score 100.0/100; next-candidate margin 100.0. Coordinates represent the matched mapped feature.
Ceannacroc GSP,Ceannacroc (part of the Moriston Cascade),SSE Generation Limited,Hydro,PRO-000070,https://www.neso.energy/data-portal/transmission-entry-capacity-tec-register,57.154072,-4.936954,CEANNACROC,Exact normalized name,High,100.0,https://doi.org/10.5285/0eed5c99-f409-4329-a98e-47f496bb88a2,Lovett & Sünnenberg GB substations dataset; CEANNACROC; SSE NETWORKS; GSP,Exact normalized name; score 100.0/100; next-candidate margin 0.0. Coordinates represent the matched mapped feature.
Ceislien Wind Farm,Ceislein Wind Farm,RWE Renewables UK Onshore Wind Limited,Wind Onshore,PRO-003256,https://www.neso.energy/data-portal/transmission-entry-capacity-tec-register,57.597137,-4.423681,Ceislein Wind Farm,TEC project matched to DESNZ REPD,Low,100.0,https://www.gov.uk/government/publications/renewable-energy-planning-database-quarterly-extract,DESNZ REPD ref 17099: Ceislein Wind Farm; 3Km SW Of Wester Lealty At Cnoc Ceislain Novar Evanton; planning ref  ECU00005174,TEC project matched to DESNZ REPD; score 100.0/100; next-candidate margin 0.0. Coordinates represent the matched mapped feature.
Cellarhead 132kV Substation,Cellarhead Home Farm | Chatterley,CELLARHEAD BESS LTD | CONRAD (CHATTERLEY) LIMITED,Energy Storage System | Gas Reciprocating,PRO-001715 | PRO-000915,https://www.neso.energy/data-portal/transmission-entry-capacity-tec-register,53.041131,-2.085763,CELLARHEAD 132KV S/S,Exact normalized name,High,100.0,https://doi.org/10.5285/0eed5c99-f409-4329-a98e-47f496bb88a2,Lovett & Sünnenberg GB substations dataset; CELLARHEAD 132KV S/S; NATIONAL GRID; GSP,Exact normalized name; score 100.0/100; next-candidate margin 0.0. Coordinates represent the matched mapped feature.
Cellarhead 400kV Substation,Cellarhead | Cellarhead 400kV Energy Storage | Cellarhead Green Energy Centre | Thorney Edge,ENSO GREEN HOLDINGS X LIMITED | C & S ENERGY LIMITED | S & C ENERGY LIMITED | ARL Energy Development Limited,Energy Storage System;PV Array (Photo Voltaic/solar) | Energy Storage System,PRO-002161 | PRO-001685 | PRO-001758 | PRO-002327,https://www.neso.energy/data-portal/transmission-entry-capacity-tec-register,53.040872,-2.082600,CELLARHEAD 400KV S/S,Exact normalized name,High,100.0,https://doi.org/10.5285/0eed5c99-f409-4329-a98e-47f496bb88a2,Lovett & Sünnenberg GB substations dataset; CELLARHEAD 400KV S/S; NATIONAL GRID; TRANS,Exact normalized name; score 100.0/100; next-candidate margin 0.0. Coordinates represent the matched mapped feature.
CELTIC SEA 275/66KV OFFSHORE SUBSTATION,Celtic Sea Offshore Wind Farm (ESB),ESB ASSET DEVELOPMENT UK LIMITED,Wind Offshore,PRO-002219,https://www.neso.energy/data-portal/transmission-entry-capacity-tec-register,,,,No reliable infrastructure match,Unresolved,75.0,,,Best candidate 'Celtic Gateway Substation' scored 75.0; below reliability threshold.
CHALMERSTON WINDFARM 132kV SUBSTATION,Chalmerston Windfarm,BROCKWELL ENERGY LIMITED,Wind Onshore,PRO-004057,https://www.neso.energy/data-portal/transmission-entry-capacity-tec-register,56.474090,-3.044901,CHARLESTON,Fuzzy infrastructure match,Medium,89.7,https://doi.org/10.5285/0eed5c99-f409-4329-a98e-47f496bb88a2,Lovett & Sünnenberg GB substations dataset; CHARLESTON; SSE NETWORKS; GSP,Fuzzy infrastructure match; score 89.7/100; next-candidate margin 4.0. Coordinates represent the matched mapped feature.
Chapelcross 132/33kV,Chapelcross Solar PV and Storage | Craig II Wind Farm | Lightsource Mount Annan BESS | Solwaybank,EEB68 LIMITED | CRAIG WIND FARM LIMITED | Lightsource Renewable UK Development Limited | SOLWAYBANK ENERGY LIMITED,Energy Storage System;PV Array (Photo Voltaic/solar) | Wind Onshore | Energy Storage System,PRO-002031 | PRO-000108 | PRO-003034 | PRO-000048,https://www.neso.energy/data-portal/transmission-entry-capacity-tec-register,55.017990,-3.235001,CHAPELCROSS,Exact normalized name,High,100.0,https://doi.org/10.5285/0eed5c99-f409-4329-a98e-47f496bb88a2,Lovett & Sünnenberg GB substations dataset; CHAPELCROSS; SP ENERGY NETWORKS; GSP,Exact normalized name; score 100.0/100; next-candidate margin 0.0. Coordinates represent the matched mapped feature.
Chapelcross GSP,Minsca,MINSCA WINDFARM (SCOTLAND) LIMITED,Wind Onshore,PRO-000236,https://www.neso.energy/data-portal/transmission-entry-capacity-tec-register,55.017990,-3.235001,CHAPELCROSS,Exact normalized name,High,100.0,https://doi.org/10.5285/0eed5c99-f409-4329-a98e-47f496bb88a2,Lovett & Sünnenberg GB substations dataset; CHAPELCROSS; SP ENERGY NETWORKS; GSP,Exact normalized name; score 100.0/100; next-candidate margin 0.0. Coordinates represent the matched mapped feature.
Charleston GSP,Lyndhurst Camperdown BESS,Geocore Ltd,Energy Storage System,PRO-002658,https://www.neso.energy/data-portal/transmission-entry-capacity-tec-register,56.474073,-3.044835,CHARLESTON,Exact normalized name,High,100.0,https://doi.org/10.5285/0eed5c99-f409-4329-a98e-47f496bb88a2,Lovett & Sünnenberg GB substations dataset; CHARLESTON; SSE NETWORKS; PSS,Exact normalized name; score 100.0/100; next-candidate margin 0.0. Coordinates represent the matched mapped feature.
Charleston GSP 132/33kV,Stoneygroves PV,Enviromena Project Management UK Limited,PV Array (Photo Voltaic/solar),PRO-006127,https://www.neso.energy/data-portal/transmission-entry-capacity-tec-register,56.474073,-3.044835,CHARLESTON,Exact normalized name,High,100.0,https://doi.org/10.5285/0eed5c99-f409-4329-a98e-47f496bb88a2,Lovett & Sünnenberg GB substations dataset; CHARLESTON; SSE NETWORKS; PSS,Exact normalized name; score 100.0/100; next-candidate margin 0.0. Coordinates represent the matched mapped feature.
Cheshire Connection Node A 400kV Substation,Bute Hydrogen Project 6 | Lightsource Lower Frankton | New Marton Solar Farm - PVDP | Noventum -New Marton,Haldane Energy Project 6 Limited | Lightsource Renewable UK Development Limited | SolarFour Ltd | NOVENTUM POWER SOLAR 11 LIMITED,CCGT (Combined Cycle Gas Turbine) | Energy Storage System;PV Array (Photo Voltaic/solar),PRO-004129 | PRO-003859 | PRO-004139 | PRO-004634,https://www.neso.energy/data-portal/transmission-entry-capacity-tec-register,50.633482,-3.383282,Cheshire Road Substation,Candidate infrastructure match,Low,78.6,https://www.openstreetmap.org/node/13495452336,OpenStreetMap named substation feature: Cheshire Road Substation,Candidate infrastructure match; score 78.6/100; next-candidate margin 9.6. Coordinates represent the matched mapped feature.
Cheshire Connection Node A2 400kV,NatPower Oswestry Green Energy Park | New Marton GEC,NP SPV 43 LIMITED | NEW MARTON GREEN ENERGY CENTRE LIMITED,Energy Storage System | Demand;Energy Storage System;PV Array (Photo Voltaic/solar);Reactive Compensation,PRO-005057 | PRO-004796,https://www.neso.energy/data-portal/transmission-entry-capacity-tec-register,,,,No reliable infrastructure match,Unresolved,75.9,,,Best candidate 'Cheshire Road Substation' scored 75.9; below reliability threshold.
Cheshire Connection Node B 400kV Substation,Lightsource Bodelwyddan | NatPower Connah Quay Green Energy Park,Lightsource Renewable UK Development Limited | CONNAHS QUAY ENERGY LIMITED,Energy Storage System,PRO-003877 | PRO-004797,https://www.neso.energy/data-portal/transmission-entry-capacity-tec-register,50.633482,-3.383282,Cheshire Road Substation,Candidate infrastructure match,Low,78.6,https://www.openstreetmap.org/node/13495452336,OpenStreetMap named substation feature: Cheshire Road Substation,Candidate infrastructure match; score 78.6/100; next-candidate margin 8.3. Coordinates represent the matched mapped feature.
Chessington 132kV,Chessington Estate,Chessington BESS Ltd,Energy Storage System,PRO-004420,https://www.neso.energy/data-portal/transmission-entry-capacity-tec-register,51.343414,-0.323344,CHESSINGTON 132KV S/S,Exact normalized name,High,100.0,https://doi.org/10.5285/0eed5c99-f409-4329-a98e-47f496bb88a2,Lovett & Sünnenberg GB substations dataset; CHESSINGTON 132KV S/S; NATIONAL GRID; GSP,Exact normalized name; score 100.0/100; next-candidate margin 0.0. Coordinates represent the matched mapped feature.
Chesterfield 400kV Substation (Not yet constructed),Arkwright | Chesterfield,ARLINGTON (GROUP SERVICES) LIMITED | SSE RENEWABLES SOLAR & BATTERY HOLDINGS LIMITED,Energy Storage System | Energy Storage System;PV Array (Photo Voltaic/solar),PRO-003248 | PRO-003861,https://www.neso.energy/data-portal/transmission-entry-capacity-tec-register,53.247916,-1.346445,Arkwright Solar Farm,TEC project matched to DESNZ REPD,Medium,100.0,https://www.gov.uk/government/publications/renewable-energy-planning-database-quarterly-extract,DESNZ REPD ref 2107: Arkwright Solar Farm; Land To West Of Duckmanton and North Of Tom Lane Chesterfield Derbyshire; planning ref CHE/14/00644/FUL,TEC project matched to DESNZ REPD; score 100.0/100; next-candidate margin 100.0. Coordinates represent the matched mapped feature.
Chesterfield GSP,Newtonwood BESS,CARE POWER (NEWTONWOOD) LIMITED,Energy Storage System,PRO-004156,https://www.neso.energy/data-portal/transmission-entry-capacity-tec-register,53.224572,-1.388890,CHESTERFIELD 275KV S/S,Exact normalized name,High,100.0,https://doi.org/10.5285/0eed5c99-f409-4329-a98e-47f496bb88a2,Lovett & Sünnenberg GB substations dataset; CHESTERFIELD 275KV S/S; NATIONAL GRID; TRANS,Exact normalized name; score 100.0/100; next-candidate margin 0.0. Coordinates represent the matched mapped feature.
Chickerell 400kV Substation,BESS North Farm | Chickerell | Chickerell Solar PV & BESS | Portwind,REWE 5 LIMITED | ENSO GREEN HOLDINGS X LIMITED | SSE Generation Limited | CHICKERELL STORAGE LIMITED | SE PORTWIND LTD,Energy Storage System | Energy Storage System;PV Array (Photo Voltaic/solar) | CHP (Combined Heat and Power) | Energy Storage System;PV Array (Photo Voltaic/solar);Wind Offshore,PRO-002060 | PRO-002186-1 | PRO-002186-2 | PRO-002186-3 | PRO-001279 | PRO-001598 | PRO-002046,https://www.neso.energy/data-portal/transmission-entry-capacity-tec-register,50.624627,-2.486516,CHICKERELL 400KV S/S,Exact normalized name,High,100.0,https://doi.org/10.5285/0eed5c99-f409-4329-a98e-47f496bb88a2,Lovett & Sünnenberg GB substations dataset; CHICKERELL 400KV S/S; NATIONAL GRID; TRANS,Exact normalized name; score 100.0/100; next-candidate margin 0.0. Coordinates represent the matched mapped feature.
Chickerell B 400kV Substation,Moreton Estate,EPL NEWCO5 LIMITED,Energy Storage System;PV Array (Photo Voltaic/solar),PRO-003920,https://www.neso.energy/data-portal/transmission-entry-capacity-tec-register,50.624518,-2.503612,Chickerell,Town/locality proxy,Medium,96.0,https://www.openstreetmap.org/node/29928709,OpenStreetMap named town: Chickerell,"Town/locality proxy; score 96.0/100; next-candidate margin 14.5. Coordinates are a geographic proxy, not the confirmed electrical asset."
Chickerell-Mannington 400kV Substation,Frome Valley Energy Park,BIOSOUTH ENERGY LIMITED,Demand;Energy Storage System;PV Array (Photo Voltaic/solar),PRO-006617,https://www.neso.energy/data-portal/transmission-entry-capacity-tec-register,,,,No reliable infrastructure match,Unresolved,68.5,,,Best candidate 'MANNINGTON' scored 68.5; below reliability threshold.
Chiltern Connection Node A 400kV Substation,Didcot BESS 1,Downing Renewable Developments LLP,Energy Storage System,PRO-003446,https://www.neso.energy/data-portal/transmission-entry-capacity-tec-register,51.606359,-1.245999,Didcot,TEC project-derived locality proxy,Low,96.0,https://www.openstreetmap.org/node/267769544,OpenStreetMap named town: Didcot,"TEC project-derived locality proxy; score 96.0/100; next-candidate margin 96.0. Coordinates are a geographic proxy, not the confirmed electrical asset."
Chiltern Connection Node B 400kV Substation,Natpower Basingstoke Green Energy Park,FLEET HAMPSHIRE ENERGY LIMITED,Energy Storage System,PRO-003746,https://www.neso.energy/data-portal/transmission-entry-capacity-tec-register,,,,No reliable infrastructure match,Unresolved,69.2,,,Best candidate 'CHILTERN CL.' scored 69.2; below reliability threshold.
Chiltern Connection Node C 400kV Substation,BF88 Oakley | Ludgershall - Bicester Solar Farm PVDP,BLUEFIELD RENEWABLE DEVELOPMENTS LIMITED | SolarFour Ltd,Energy Storage System;PV Array (Photo Voltaic/solar),PRO-004319 | PRO-004140,https://www.neso.energy/data-portal/transmission-entry-capacity-tec-register,,,,No reliable infrastructure match,Unresolved,76.9,,,Best candidate 'CHILTERN CL.' scored 76.9; below reliability threshold.
Chiltern Connection Node D 400kV,Oxfordshire Energy Park | TH Didcot | West Oxfordshire Energy Park,Low Carbon Solar Park 40 Limited | FRV Powertek Limited | LOW CARBON SOLAR PARK 43 LIMITED,Energy Storage System;PV Array (Photo Voltaic/solar) | Energy Storage System,PRO-004076 | PRO-003426 | PRO-004296,https://www.neso.energy/data-portal/transmission-entry-capacity-tec-register,,,,No reliable infrastructure match,Unresolved,69.2,,,Best candidate 'CHILTERN CL.' scored 69.2; below reliability threshold.
Chirk 132kV,Llyn Lort II Energy Park,Llyn Lort II Energy Park Limited,Wind Onshore,PRO-002697,https://www.neso.energy/data-portal/transmission-entry-capacity-tec-register,52.932011,-3.056386,Chirk,Town/locality proxy,Medium,100.0,https://www.openstreetmap.org/node/27459591,OpenStreetMap named town: Chirk,"Town/locality proxy; score 100.0/100; next-candidate margin 100.0. Coordinates are a geographic proxy, not the confirmed electrical asset."
Chirk GSP,Blaen y Glyn | Bryn Tilti | Dolyfardyn | Llwynygog | Maesnant Energy Park | Moel y Llyn,BANC DU ENERGY PARK LIMITED | RHIWLAS ENERGY PARK LIMITED | Llyn Lort Energy Park Limited | ESGAIR GALED ENERGY PARK LIMITED | Maesnant Energy Park Limited | Waun Hesgog Energy Park Limited,Wind Onshore,PRO-001589 | PRO-001586 | PRO-001584 | PRO-001583 | PRO-001919 | PRO-001585,https://www.neso.energy/data-portal/transmission-entry-capacity-tec-register,52.932011,-3.056386,Chirk,Town/locality proxy,Medium,100.0,https://www.openstreetmap.org/node/27459591,OpenStreetMap named town: Chirk,"Town/locality proxy; score 100.0/100; next-candidate margin 100.0. Coordinates are a geographic proxy, not the confirmed electrical asset."
Chirmorie Wind Farm substation,Chirmorie Wind Farm,CHIRMORIE WIND FARM LIMITED,Wind Onshore,PRO-000094-1,https://www.neso.energy/data-portal/transmission-entry-capacity-tec-register,55.053739,-4.805389,Chirmorie,Town/locality proxy,Medium,100.0,https://www.openstreetmap.org/node/635813547,OpenStreetMap named hamlet: Chirmorie,"Town/locality proxy; score 100.0/100; next-candidate margin 100.0. Coordinates are a geographic proxy, not the confirmed electrical asset."
Chleansaid Wind Farm 132kV Substation,Chleansaid Wind Farm,ESB ASSET DEVELOPMENT UK LIMITED,Wind Onshore,PRO-001608,https://www.neso.energy/data-portal/transmission-entry-capacity-tec-register,58.120361,-4.344434,Chleansaid Onshore Wind Farm,TEC project matched to DESNZ REPD,Low,100.0,https://www.gov.uk/government/publications/renewable-energy-planning-database-quarterly-extract,"DESNZ REPD ref 7711: Chleansaid Onshore Wind Farm; Dalnessie Estate, approximately 13 km northeast of Lairg; planning ref ECU00002031",TEC project matched to DESNZ REPD; score 100.0/100; next-candidate margin 0.0. Coordinates represent the matched mapped feature.
Cilfynydd 400kV Substation,BESS Cilfynydd | Cilfynydd | Cilfynydd 2 | Cilfynydd BESS | Cilfynydd Green Energy Centre | Cilfynydd Grid Stability Services | Merthyr Solar and Battery | Penrhiwdarren Farm | Twyn Hywel Cillfynydd,REWE 2 LIMITED | ENSO GREEN HOLDINGS X LIMITED | REWE 8 LIMITED | Cilfynydd BESS Limited | CILFYNYDD NG LIMITED | CILFYNYDD GRID SERVICES LIMITED | EEW RENEWABLES LTD | QAIR RENEWABLES UK LIMITED | Twyn Hywel Energy Park Ltd,Energy Storage System | Energy Storage System;PV Array (Photo Voltaic/solar);Wind Onshore | Demand;Energy Storage System;PV Array (Photo Voltaic/solar);Wind Onshore | Reactive Compensation | PV Array (Photo Voltaic/solar) | Wind Onshore,PRO-002008 | PRO-002088 | PRO-003962 | PRO-002756 | PRO-001663-1 | PRO-001663-2 | PRO-002540 | PRO-002757-1 | PRO-002757-2 | PRO-003828 | PRO-001497,https://www.neso.energy/data-portal/transmission-entry-capacity-tec-register,51.635838,-3.300098,CILFYNYDD 400KV S/S,Exact normalized name,High,100.0,https://doi.org/10.5285/0eed5c99-f409-4329-a98e-47f496bb88a2,Lovett & Sünnenberg GB substations dataset; CILFYNYDD 400KV S/S; NATIONAL GRID; TRANS,Exact normalized name; score 100.0/100; next-candidate margin 0.0. Coordinates represent the matched mapped feature.
Clachan 2 GSP,Creag Dhubh,MUIRDEN ENERGY LLP,Wind Onshore,PRO-004206,https://www.neso.energy/data-portal/transmission-entry-capacity-tec-register,56.003958,-4.800939,Clachan Farm,Town/locality proxy,Low,96.0,https://www.openstreetmap.org/node/12256435607,OpenStreetMap named hamlet: Clachan Farm,"Town/locality proxy; score 96.0/100; next-candidate margin 0.0. Coordinates are a geographic proxy, not the confirmed electrical asset."
Clash Gour Wind Farm 132kV Substation,Clash Gour,CLASH GOUR WINDFARM HOLDINGS LIMITED,Energy Storage System;Wind Onshore,PRO-001022,https://www.neso.energy/data-portal/transmission-entry-capacity-tec-register,56.722656,-3.064467,Clash,Town/locality proxy,Low,66.7,https://www.openstreetmap.org/node/5838315235,OpenStreetMap named locality: Clash,"Town/locality proxy; score 66.7/100; next-candidate margin 3.0. Coordinates are a geographic proxy, not the confirmed electrical asset."
Clashindarroch Substation,Clashindarroch,CLASHINDARROCH WIND FARM LIMITED,Wind Onshore,PRO-000040,https://www.neso.energy/data-portal/transmission-entry-capacity-tec-register,57.362093,-2.963777,Clashindarroch Wind Farm,Exact normalized name,High,100.0,https://www.openstreetmap.org/relation/11567910,OpenStreetMap named plant feature: Clashindarroch Wind Farm,Exact normalized name; score 100.0/100; next-candidate margin 100.0. Coordinates represent the matched mapped feature.
Clashindarroch Windfarm Extension 132kV Substation,Clashindarroch Windfarm Extension,CLASHINDARROCH WINDFARM EXTENSION LIMITED,Wind Onshore,PRO-004769,https://www.neso.energy/data-portal/transmission-entry-capacity-tec-register,57.362093,-2.963777,Clashindarroch Wind Farm,Exact normalized name,High,100.0,https://www.openstreetmap.org/relation/11567910,OpenStreetMap named plant feature: Clashindarroch Wind Farm,Exact normalized name; score 100.0/100; next-candidate margin 100.0. Coordinates represent the matched mapped feature.
Clauchrie 132/33KV Substation,Clauchrie Windfarm,SCOTTISHPOWER RENEWABLES (UK) LIMITED,Energy Storage System;Wind Onshore,PRO-001021,https://www.neso.energy/data-portal/transmission-entry-capacity-tec-register,55.180487,-3.708109,Clauchrie,Town/locality proxy,Medium,100.0,https://www.openstreetmap.org/node/8177065597,OpenStreetMap named locality: Clauchrie,"Town/locality proxy; score 100.0/100; next-candidate margin 100.0. Coordinates are a geographic proxy, not the confirmed electrical asset."
Cleve Hill 400kV Substation,Cleve Hill Solar Park,CLEVE HILL SOLAR PARK LIMITED,Demand;Energy Storage System;PV Array (Photo Voltaic/solar),PRO-001097,https://www.neso.energy/data-portal/transmission-entry-capacity-tec-register,51.338220,0.940473,CLEVE HILL 400KV S/S,Exact normalized name,High,100.0,https://doi.org/10.5285/0eed5c99-f409-4329-a98e-47f496bb88a2,Lovett & Sünnenberg GB substations dataset; CLEVE HILL 400KV S/S; NATIONAL GRID; TRANS,Exact normalized name; score 100.0/100; next-candidate margin 0.0. Coordinates represent the matched mapped feature.
Cloich 132kV Substation,Cloich Forest Wind Farm | Cloiche Wind Farm,EDF ENERGY RENEWABLES LIMITED | SSE Generation Limited,Wind Onshore,PRO-001387 | PRO-000425,https://www.neso.energy/data-portal/transmission-entry-capacity-tec-register,55.718792,-3.263968,Cloich Forest Wind Farm ,TEC project matched to DESNZ REPD,Low,100.0,https://www.gov.uk/government/publications/renewable-energy-planning-database-quarterly-extract,DESNZ REPD ref 7582: Cloich Forest Wind Farm ; Land 5.5km north west of Peebles; planning ref ECU00003288,TEC project matched to DESNZ REPD; score 100.0/100; next-candidate margin 0.0. Coordinates represent the matched mapped feature.
Clune 132/33 kV Substation,Clune Wind Farm,Renewable Energy Systems Limited,Energy Storage System;Wind Onshore,PRO-004620,https://www.neso.energy/data-portal/transmission-entry-capacity-tec-register,57.342325,-4.002753,Clune Wind Farm - Wind Farm,TEC project matched to DESNZ REPD,Low,100.0,https://www.gov.uk/government/publications/renewable-energy-planning-database-quarterly-extract,DESNZ REPD ref 15963: Clune Wind Farm - Wind Farm; 27km SE of Inverness 13km NW of Aviemore; planning ref ECU00005038,TEC project matched to DESNZ REPD; score 100.0/100; next-candidate margin 0.0. Coordinates represent the matched mapped feature.
Clunie GSP,Clunie (part of the Clunie Cascade),SSE Generation Limited,Hydro,PRO-000072,https://www.neso.energy/data-portal/transmission-entry-capacity-tec-register,56.717008,-3.783783,Clunie Substation,Exact normalized name,High,100.0,https://www.openstreetmap.org/way/247279711,OpenStreetMap named substation feature: Clunie Substation,Exact normalized name; score 100.0/100; next-candidate margin 0.0. Coordinates represent the matched mapped feature.
Clyde North 275/33kV,Clyde North,CLYDE WINDFARM (SCOTLAND) LIMITED,Wind Onshore,PRO-000095,https://www.neso.energy/data-portal/transmission-entry-capacity-tec-register,55.465173,-3.603800,Clyde Wind Farm North Substation,Exact normalized name,High,100.0,https://www.openstreetmap.org/way/335589232,OpenStreetMap named substation feature: Clyde Wind Farm North Substation,Exact normalized name; score 100.0/100; next-candidate margin 100.0. Coordinates represent the matched mapped feature.
Clyde South 275/33kV,Clyde South,CLYDE WINDFARM (SCOTLAND) LIMITED,Wind Onshore,PRO-000096,https://www.neso.energy/data-portal/transmission-entry-capacity-tec-register,55.404654,-3.609036,Clyde Wind Farm South Substation,Exact normalized name,High,100.0,https://www.openstreetmap.org/way/472289073,OpenStreetMap named substation feature: Clyde Wind Farm South Substation,Exact normalized name; score 100.0/100; next-candidate margin 100.0. Coordinates represent the matched mapped feature.
Clydesmill 275/33kV,AGS Calderside PV Solar | Aitkenhead Farm BESS | Gilbertfield Farm BESS,Advance Grid Solutions Limited | Aitkenhead Storage Facility Limited | GPC 678 LTD,PV Array (Photo Voltaic/solar) | Demand;Energy Storage System | Energy Storage System,PRO-004225 | PRO-002585 | PRO-003564,https://www.neso.energy/data-portal/transmission-entry-capacity-tec-register,55.822850,-4.149291,Clyde's Mill Substation,Fuzzy infrastructure match,Medium,90.9,https://www.openstreetmap.org/way/119315549,OpenStreetMap named substation feature: Clyde's Mill Substation,Fuzzy infrastructure match; score 90.9/100; next-candidate margin 10.9. Coordinates represent the matched mapped feature.
Cnoc Buidhe 132kV/33kV Substation,Cnoc Buidhe Wind Farm,CNOC BUIDHE WIND ENERGY HUB LIMITED,Energy Storage System;Wind Onshore,PRO-001672-1 | PRO-001672-2,https://www.neso.energy/data-portal/transmission-entry-capacity-tec-register,55.914416,-5.164485,Cnoc Buidhe,Town/locality proxy,Medium,100.0,https://www.openstreetmap.org/node/2467788238,OpenStreetMap named locality: Cnoc Buidhe,"Town/locality proxy; score 100.0/100; next-candidate margin 100.0. Coordinates are a geographic proxy, not the confirmed electrical asset."
Coachford 400kV Substation,Coachford 400MW BESS,Field Woodhead Ltd,Energy Storage System,PRO-005097,https://www.neso.energy/data-portal/transmission-entry-capacity-tec-register,57.499628,-2.898852,Coachford,Geographic feature proxy,Low,100.0,https://www.openstreetmap.org/node/10417761371,OpenStreetMap/Photon geographic feature: Coachford; Aberdeenshire,"Geographic feature proxy; score 100.0/100; next-candidate margin 100.0. Coordinates are a geographic proxy, not the confirmed electrical asset."
Coalburn 132kV,Kennoxhead Wind Farm,PERIGUS ENERGY UK LIMITED,Wind Onshore,PRO-000319,https://www.neso.energy/data-portal/transmission-entry-capacity-tec-register,55.616126,-3.867892,COALBURN ,Exact normalized name,High,100.0,https://doi.org/10.5285/0eed5c99-f409-4329-a98e-47f496bb88a2,Lovett & Sünnenberg GB substations dataset; COALBURN ; SP ENERGY NETWORKS; TRANS,Exact normalized name; score 100.0/100; next-candidate margin 0.0. Coordinates represent the matched mapped feature.
Coalburn 400/132kV,Douglas West | Kype Muir,DOUGLAS WEST WIND FARM LTD | Onpath Energy Limited (KYPE MUIR WIND FARM) LIMITED,Wind Onshore,PRO-000128 | PRO-000316,https://www.neso.energy/data-portal/transmission-entry-capacity-tec-register,55.616126,-3.867892,COALBURN ,Exact normalized name,High,100.0,https://doi.org/10.5285/0eed5c99-f409-4329-a98e-47f496bb88a2,Lovett & Sünnenberg GB substations dataset; COALBURN ; SP ENERGY NETWORKS; TRANS,Exact normalized name; score 100.0/100; next-candidate margin 0.0. Coordinates represent the matched mapped feature.
Coalburn 400kV GIS Substation,Rawhills Battery Energy Storage Facility,ALCEMI STORAGE DEVELOPMENTS 6 LIMITED,Energy Storage System,PRO-001503,https://www.neso.energy/data-portal/transmission-entry-capacity-tec-register,55.148800,-1.660023,Coalburn,Town/locality proxy,Low,80.0,https://www.openstreetmap.org/node/322220787,OpenStreetMap named hamlet: Coalburn,"Town/locality proxy; score 80.0/100; next-candidate margin 0.0. Coordinates are a geographic proxy, not the confirmed electrical asset."
Coalburn 400kV Substation,Coalburn Battery Energy Storage Facility,ALCEMI STORAGE DEVELOPMENTS 4 LIMITED,Energy Storage System,PRO-001459,https://www.neso.energy/data-portal/transmission-entry-capacity-tec-register,55.616126,-3.867892,COALBURN ,Exact normalized name,High,100.0,https://doi.org/10.5285/0eed5c99-f409-4329-a98e-47f496bb88a2,Lovett & Sünnenberg GB substations dataset; COALBURN ; SP ENERGY NETWORKS; TRANS,Exact normalized name; score 100.0/100; next-candidate margin 0.0. Coordinates represent the matched mapped feature.
Coalburn North 400kV Substation,Zenobe Coalburn Battery Storage,Zenobe Coalburn Limited,Energy Storage System,PRO-001780,https://www.neso.energy/data-portal/transmission-entry-capacity-tec-register,55.900198,-3.540448,Eliburn North,Candidate infrastructure match,Low,81.5,https://www.openstreetmap.org/way/1235232273,OpenStreetMap named substation feature: Eliburn North,Candidate infrastructure match; score 81.5/100; next-candidate margin 4.1. Coordinates represent the matched mapped feature.
Coatbridge GSP,AGS Coatbridge,Advance Grid Solutions Limited,Energy Storage System,PRO-004544,https://www.neso.energy/data-portal/transmission-entry-capacity-tec-register,55.851990,-4.015005,COATBRIDGE,Exact normalized name,High,100.0,https://doi.org/10.5285/0eed5c99-f409-4329-a98e-47f496bb88a2,Lovett & Sünnenberg GB substations dataset; COATBRIDGE; SP ENERGY NETWORKS; GSP,Exact normalized name; score 100.0/100; next-candidate margin 0.0. Coordinates represent the matched mapped feature.
Cockenzie 275/33kV Substation,Dolphingstone Farm,BSSL EAST LOTHIAN 1 LTD,Energy Storage System,PRO-002451,https://www.neso.energy/data-portal/transmission-entry-capacity-tec-register,55.960355,-2.963866,COCKENZIE ,Exact normalized name,High,100.0,https://doi.org/10.5285/0eed5c99-f409-4329-a98e-47f496bb88a2,Lovett & Sünnenberg GB substations dataset; COCKENZIE ; SP ENERGY NETWORKS; TRANS,Exact normalized name; score 100.0/100; next-candidate margin 0.0. Coordinates represent the matched mapped feature.
Cockenzie 400/275kV,Boom Power Seaton Hill Generation HUB | Inch Cape Offshore Wind Farm Platform 1 | Inch Cape Offshore Wind Farm Platform 2 | Seagreen Phase 1A,Seatonhill Storage Facility Limited | INCH CAPE OFFSHORE LIMITED | SEAGREEN 1A LIMITED,Energy Storage System | Wind Offshore,PRO-003951 | PRO-000348 | PRO-000349 | PRO-000703,https://www.neso.energy/data-portal/transmission-entry-capacity-tec-register,55.966997,-2.966995,COCKENZIE,Exact normalized name,High,100.0,https://doi.org/10.5285/0eed5c99-f409-4329-a98e-47f496bb88a2,Lovett & Sünnenberg GB substations dataset; COCKENZIE; SP ENERGY NETWORKS; GSP,Exact normalized name; score 100.0/100; next-candidate margin 0.0. Coordinates represent the matched mapped feature.
Coddington 400kV Substation,Mountain Fen | Navenby Farm | Newark BESS | Tyler Hill Bicker Fen,LIGHTSOURCE SPV 204 LIMITED | CODDINGTON 10 RENEWABLES LTD | SSE DE SOLAR HOLDCO LIMITED | FRV Powertek Limited,Energy Storage System | Energy Storage System;PV Array (Photo Voltaic/solar),PRO-003891 | PRO-004045 | PRO-002556 | PRO-004443,https://www.neso.energy/data-portal/transmission-entry-capacity-tec-register,53.081608,-0.753242,Coddington,Town/locality proxy,Low,100.0,https://www.openstreetmap.org/node/1558660891,OpenStreetMap named village: Coddington,"Town/locality proxy; score 100.0/100; next-candidate margin 0.0. Coordinates are a geographic proxy, not the confirmed electrical asset."
Coille Linne 132kV Substation,Coille Linne,ENERGYFARM UK COILLE LINNE LTD,Energy Storage System;Wind Onshore,PRO-005983,https://www.neso.energy/data-portal/transmission-entry-capacity-tec-register,51.246101,-0.224267,COLLEY LANE,Candidate infrastructure match,Low,78.3,https://doi.org/10.5285/0eed5c99-f409-4329-a98e-47f496bb88a2,Lovett & Sünnenberg GB substations dataset; COLLEY LANE; UK POWER NETWORKS; PSS,Candidate infrastructure match; score 78.3/100; next-candidate margin 0.0. Coordinates represent the matched mapped feature.
Coire Glas GSP,Coire Glas Pumped Storage,COIRE GLAS HYDRO PUMPED STORAGE LIMITED,Pump Storage,PRO-000073-1 | PRO-000073-2,https://www.neso.energy/data-portal/transmission-entry-capacity-tec-register,57.122363,-5.319299,Coire Glas,Town/locality proxy,Low,100.0,https://www.openstreetmap.org/node/9620637288,OpenStreetMap named locality: Coire Glas,"Town/locality proxy; score 100.0/100; next-candidate margin 0.0. Coordinates are a geographic proxy, not the confirmed electrical asset."
Conland Substation,Glenrothes Hybrid BESS & Solar PV | Pitkevy BESS,TAGENERGY DEVELOPMENT UK LIMITED | HARMONY ENERGY LIMITED,Energy Storage System;PV Array (Photo Voltaic/solar) | Energy Storage System,PRO-003252 | PRO-005119,https://www.neso.energy/data-portal/transmission-entry-capacity-tec-register,56.284793,-3.380470,Conland,Town/locality proxy,Medium,100.0,https://www.openstreetmap.org/node/13112671428,OpenStreetMap named hamlet: Conland,"Town/locality proxy; score 100.0/100; next-candidate margin 100.0. Coordinates are a geographic proxy, not the confirmed electrical asset."
Connagill 132kV Substation,Forsinain Wind Farm,Forsinain Forest Wind Farm Limited,Wind Onshore,PRO-006123,https://www.neso.energy/data-portal/transmission-entry-capacity-tec-register,58.512123,-3.879166,Connagill Substation,Exact normalized name,High,100.0,https://www.openstreetmap.org/way/567187951,OpenStreetMap named substation feature: Connagill Substation,Exact normalized name; score 100.0/100; next-candidate margin 100.0. Coordinates represent the matched mapped feature.
Connagill 275kV Substation,Altnabreac Windfarm | Kirkton Wind Farm,ALTNABREAC WIND FARM LIMITED | Kirkton Wind Farm Ltd,Energy Storage System;Wind Onshore | Wind Onshore,PRO-004941 | PRO-001811,https://www.neso.energy/data-portal/transmission-entry-capacity-tec-register,58.512123,-3.879166,Connagill Substation,Exact normalized name,High,100.0,https://www.openstreetmap.org/way/567187951,OpenStreetMap named substation feature: Connagill Substation,Exact normalized name; score 100.0/100; next-candidate margin 100.0. Coordinates represent the matched mapped feature.
Connah's Quay 400kV Substation,Connah's Quay | Deeside Power Station | Icewind Connah's Quay | Port of Mostyn,Uniper UK Limited | DEESIDE POWER (UK) LIMITED | KARI ENERGY LIMITED | MOSTYN SEAPOWER LIMITED,CCGT (Combined Cycle Gas Turbine) | Energy Storage System;Reactive Compensation | Wind Offshore | Tidal,PRO-000058 | PRO-001062 | PRO-001719 | PRO-000421-1 | PRO-000421-2 | PRO-000421-3,https://www.neso.energy/data-portal/transmission-entry-capacity-tec-register,53.219904,-3.066178,Connah's Quay,Town/locality proxy,Medium,100.0,https://www.openstreetmap.org/node/27459575,OpenStreetMap named town: Connah's Quay,"Town/locality proxy; score 100.0/100; next-candidate margin 100.0. Coordinates are a geographic proxy, not the confirmed electrical asset."
Corby 132kV Substation,Corby,CORBY POWER LIMITED,CCGT (Combined Cycle Gas Turbine),PRO-000100,https://www.neso.energy/data-portal/transmission-entry-capacity-tec-register,52.491286,-0.669440,Corby Substation,Exact normalized name,High,100.0,https://www.openstreetmap.org/way/92144345,OpenStreetMap named substation feature: Corby Substation,Exact normalized name; score 100.0/100; next-candidate margin 0.0. Coordinates represent the matched mapped feature.
Correen Hills Wind Farm 132kV Substation,Correen Hills Wind Farm,EDF ENERGY RENEWABLES LIMITED,Wind Onshore,PRO-001825,https://www.neso.energy/data-portal/transmission-entry-capacity-tec-register,57.289943,-2.795071,Correen Hills,Town/locality proxy,Medium,100.0,https://www.openstreetmap.org/node/2418815214,OpenStreetMap named locality: Correen Hills,"Town/locality proxy; score 100.0/100; next-candidate margin 100.0. Coordinates are a geographic proxy, not the confirmed electrical asset."
Corriegarth 132/33kV substation,Corriegarth | Corriegarth  2 Wind Farm,CORRIEGARTH WIND ENERGY LIMITED | CORRIEGARTH 2 WIND FARM LIMITED,Wind Onshore,PRO-000101 | PRO-000420,https://www.neso.energy/data-portal/transmission-entry-capacity-tec-register,57.192117,-4.401822,Corriegarth Wind Farm Substation,Exact normalized name,High,100.0,https://www.openstreetmap.org/way/689624526,OpenStreetMap named substation feature: Corriegarth Wind Farm Substation,Exact normalized name; score 100.0/100; next-candidate margin 0.0. Coordinates represent the matched mapped feature.
Corriemoillie 132/33kV Substation,Corriemoillie Wind Farm | Isenau Four,ROWAN ONSHORE WINDFARMS LIMITED | Isenau Energy Storage Resources Four Limited,Wind Onshore | Energy Storage System,PRO-000102 | PRO-003086,https://www.neso.energy/data-portal/transmission-entry-capacity-tec-register,57.634366,-4.769015,Corriemoillie Substation,Exact normalized name,High,100.0,https://www.openstreetmap.org/way/295876243,OpenStreetMap named substation feature: Corriemoillie Substation,Exact normalized name; score 100.0/100; next-candidate margin 0.0. Coordinates represent the matched mapped feature.
Corriemoillie 132kV Substation,Corriemoillie BESS | Lochluichart,FIELD CORRIEMOILLIE LTD | LZN LIMITED,Energy Storage System | Wind Onshore,PRO-003992 | PRO-000227,https://www.neso.energy/data-portal/transmission-entry-capacity-tec-register,57.634366,-4.769015,Corriemoillie Substation,Exact normalized name,High,100.0,https://www.openstreetmap.org/way/295876243,OpenStreetMap named substation feature: Corriemoillie Substation,Exact normalized name; score 100.0/100; next-candidate margin 0.0. Coordinates represent the matched mapped feature.
Corriemoillie 2 400/132kV Substation,Kirkan Wind Farm,KIRKAN WIND FARM LIMITED,Energy Storage System;Wind Onshore,PRO-004401,https://www.neso.energy/data-portal/transmission-entry-capacity-tec-register,57.634366,-4.769015,Corriemoillie Substation,Candidate infrastructure match,Low,96.0,https://www.openstreetmap.org/way/295876243,OpenStreetMap named substation feature: Corriemoillie Substation,Candidate infrastructure match; score 96.0/100; next-candidate margin 0.0. Coordinates represent the matched mapped feature.
Coryton South 400kV Substation,Coryton | Gateway Energy Centre Power Station,"CORYTON ENERGY COMPANY, LTD. | GATEWAY ENERGY CENTRE LIMITED",CCGT (Combined Cycle Gas Turbine) | Energy Storage System,PRO-000103 | PRO-000045-1 | PRO-000045-2,https://www.neso.energy/data-portal/transmission-entry-capacity-tec-register,51.512847,0.506725,CORYTON SOUTH 400KV S/S,Exact normalized name,High,100.0,https://doi.org/10.5285/0eed5c99-f409-4329-a98e-47f496bb88a2,Lovett & Sünnenberg GB substations dataset; CORYTON SOUTH 400KV S/S; NATIONAL GRID; TRANS,Exact normalized name; score 100.0/100; next-candidate margin 0.0. Coordinates represent the matched mapped feature.
Cottam 400kV Substation,CDCL | Cottam | Cottam PV & BESS | Cottam Solar PV + BESS | Tillbridge Solar,Uniper UK Limited | GATE BURTON ENERGY PARK LIMITED | O&G Solar (SPV 44) Limited | COTTAM SOLAR PROJECT LIMITED | TILLBRIDGE SOLAR LIMITED,CCGT (Combined Cycle Gas Turbine) | Energy Storage System;PV Array (Photo Voltaic/solar),PRO-000093 | PRO-001502-1 | PRO-001502-2 | PRO-002543 | PRO-001401 | PRO-001126,https://www.neso.energy/data-portal/transmission-entry-capacity-tec-register,53.300704,-0.781241,COTTAM 400KV S/S,Exact normalized name,High,100.0,https://doi.org/10.5285/0eed5c99-f409-4329-a98e-47f496bb88a2,Lovett & Sünnenberg GB substations dataset; COTTAM 400KV S/S; NATIONAL GRID; TRANS,Exact normalized name; score 100.0/100; next-candidate margin 0.0. Coordinates represent the matched mapped feature.
Cottered 400kV Substation,Buntington GEC,BUNTINGTON GREEN ENERGY CENTRE LTD,Demand;Energy Storage System;PV Array (Photo Voltaic/solar);Reactive Compensation,PRO-002576,https://www.neso.energy/data-portal/transmission-entry-capacity-tec-register,51.946423,-0.081360,Cottered,Town/locality proxy,Medium,100.0,https://www.openstreetmap.org/node/279799492,OpenStreetMap named village: Cottered,"Town/locality proxy; score 100.0/100; next-candidate margin 100.0. Coordinates are a geographic proxy, not the confirmed electrical asset."
Cott's Farm 132kV Substation,Cott's Farm,BORALEX LIMITED,Energy Storage System;PV Array (Photo Voltaic/solar),PRO-005017,https://www.neso.energy/data-portal/transmission-entry-capacity-tec-register,50.444371,-3.707227,Cott Substation,Candidate infrastructure match,Low,80.0,https://www.openstreetmap.org/node/13476267831,OpenStreetMap named substation feature: Cott Substation,Candidate infrastructure match; score 80.0/100; next-candidate margin 5.0. Coordinates represent the matched mapped feature.
Coupar Angus 132/33kV GSP,Coupar Angus Battery | Coupar Solar Farm | Keithick 16 Solar & BESS | Keithick Estate | Tullymurdoch Wind Farm,COUPAR LIMITED | COUPAR TWO LIMITED | SIRIUS ECODEV (KEITHICK) LTD | SIRIUS ECODEV (STIRLING) LTD | TULLYMURDOCH LIMITED,Energy Storage System | PV Array (Photo Voltaic/solar) | Energy Storage System;PV Array (Photo Voltaic/solar) | Wind Onshore,PRO-000905 | PRO-001862 | PRO-001890 | PRO-001732 | PRO-000313,https://www.neso.energy/data-portal/transmission-entry-capacity-tec-register,56.538354,-3.273453,COUPAR ANGUS,Exact normalized name,High,100.0,https://doi.org/10.5285/0eed5c99-f409-4329-a98e-47f496bb88a2,Lovett & Sünnenberg GB substations dataset; COUPAR ANGUS; SSE NETWORKS; PSS,Exact normalized name; score 100.0/100; next-candidate margin 0.0. Coordinates represent the matched mapped feature.
Coupar Angus 2 GSP,Greenburn Wind & BESS,HM GB (WIND) LTD,Energy Storage System;Wind Onshore,PRO-004407,https://www.neso.energy/data-portal/transmission-entry-capacity-tec-register,56.545417,-3.267430,Coupar Angus,Town/locality proxy,Medium,96.0,https://www.openstreetmap.org/node/433488058,OpenStreetMap named town: Coupar Angus,"Town/locality proxy; score 96.0/100; next-candidate margin 96.0. Coordinates are a geographic proxy, not the confirmed electrical asset."
Cousland 400kV,Ossian 4 Offshore Wind Farm,Ossian Offshore Wind Farm Limited,Wind Offshore,PRO-002145,https://www.neso.energy/data-portal/transmission-entry-capacity-tec-register,55.898355,-3.511092,COUSLAND,Exact normalized name,High,100.0,https://doi.org/10.5285/0eed5c99-f409-4329-a98e-47f496bb88a2,Lovett & Sünnenberg GB substations dataset; COUSLAND; SP ENERGY NETWORKS; PSS,Exact normalized name; score 100.0/100; next-candidate margin 100.0. Coordinates represent the matched mapped feature.
Coventry 275kV Substation,Coventry,PIVOTED POWER LLP,Energy Storage System;PV Array (Photo Voltaic/solar),PRO-001005,https://www.neso.energy/data-portal/transmission-entry-capacity-tec-register,52.456427,-1.463724,COVENTRY 275KV S/S,Exact normalized name,High,100.0,https://doi.org/10.5285/0eed5c99-f409-4329-a98e-47f496bb88a2,Lovett & Sünnenberg GB substations dataset; COVENTRY 275KV S/S; NATIONAL GRID; TRANS,Exact normalized name; score 100.0/100; next-candidate margin 0.0. Coordinates represent the matched mapped feature.
Cowley 400kV Substation,Cowley | Cowley (Tertiary) | Cowley Energy Storage | Cowley Farm | Cowley Farm 2,PIVOTED POWER LLP | COWLEY BALDON GREEN LIMITED | BW ESS DEVELOPMENT UK LIMITED | COWLEY 2 RENEWABLES LTD | COWLEY 7 RENEWABLES LTD,Energy Storage System | Energy Storage System;PV Array (Photo Voltaic/solar),PRO-001015 | PRO-000407 | PRO-002066-1 | PRO-002066-2 | PRO-002677 | PRO-002738,https://www.neso.energy/data-portal/transmission-entry-capacity-tec-register,51.711488,-1.190487,COWLEY 400KV S/S,Exact normalized name,High,100.0,https://doi.org/10.5285/0eed5c99-f409-4329-a98e-47f496bb88a2,Lovett & Sünnenberg GB substations dataset; COWLEY 400KV S/S; NATIONAL GRID; TRANS,Exact normalized name; score 100.0/100; next-candidate margin 0.0. Coordinates represent the matched mapped feature.
Cowley GSP,Green Frog at Lester Way | Witney BESS,VIRIDIS 178 LIMITED | Voltwise Power Holdings Limited,OCGT (Open Cycle Gas Turbine) | Energy Storage System,PRO-000244 | PRO-005136,https://www.neso.energy/data-portal/transmission-entry-capacity-tec-register,51.711488,-1.190487,COWLEY 400KV S/S,Exact normalized name,High,100.0,https://doi.org/10.5285/0eed5c99-f409-4329-a98e-47f496bb88a2,Lovett & Sünnenberg GB substations dataset; COWLEY 400KV S/S; NATIONAL GRID; TRANS,Exact normalized name; score 100.0/100; next-candidate margin 0.0. Coordinates represent the matched mapped feature.
Coylton 132/33kV,Hare Hill Extension Wind Farm,SCOTTISHPOWER RENEWABLES (UK) LIMITED,Wind Onshore,PRO-000874,https://www.neso.energy/data-portal/transmission-entry-capacity-tec-register,55.448990,-4.432992,COYLTON,Exact normalized name,High,100.0,https://doi.org/10.5285/0eed5c99-f409-4329-a98e-47f496bb88a2,Lovett & Sünnenberg GB substations dataset; COYLTON; SP ENERGY NETWORKS; GSP,Exact normalized name; score 100.0/100; next-candidate margin 0.0. Coordinates represent the matched mapped feature.
Coylton 275/132kV,Coylton 275kV Greener Grid Park | Drongan Battery Storage,COYLTON ENERGY LIMITED | Drongan Battery Storage Ltd,Energy Storage System,PRO-001551-1 | PRO-001551-2 | PRO-001551-3 | PRO-002287,https://www.neso.energy/data-portal/transmission-entry-capacity-tec-register,55.448990,-4.432992,COYLTON,Exact normalized name,High,100.0,https://doi.org/10.5285/0eed5c99-f409-4329-a98e-47f496bb88a2,Lovett & Sünnenberg GB substations dataset; COYLTON; SP ENERGY NETWORKS; GSP,Exact normalized name; score 100.0/100; next-candidate margin 0.0. Coordinates represent the matched mapped feature.
Coylton 275/33kV Substation,Coylton Farm,NEW ENERGY PARTNERSHIP LIMITED,Energy Storage System,PRO-004230,https://www.neso.energy/data-portal/transmission-entry-capacity-tec-register,55.448990,-4.432992,COYLTON,Exact normalized name,High,100.0,https://doi.org/10.5285/0eed5c99-f409-4329-a98e-47f496bb88a2,Lovett & Sünnenberg GB substations dataset; COYLTON; SP ENERGY NETWORKS; GSP,Exact normalized name; score 100.0/100; next-candidate margin 0.0. Coordinates represent the matched mapped feature.
Craig Moss Farm 132kV Substation,Craig Moss Farm,QAIR RENEWABLES UK LIMITED,Energy Storage System,PRO-003498,https://www.neso.energy/data-portal/transmission-entry-capacity-tec-register,,,,No reliable infrastructure match,Unresolved,73.7,,,Best candidate 'Old Craig' scored 73.7; below reliability threshold.
Craig Murrail 275/33kV GSP Substation,High Brenfield 1,High Brenfield Wind Farm Limited,Wind Onshore,PRO-004875,https://www.neso.energy/data-portal/transmission-entry-capacity-tec-register,55.991036,-5.445894,High Brenfield Wind Farm,TEC project matched to DESNZ REPD,Medium,96.0,https://www.gov.uk/government/publications/renewable-energy-planning-database-quarterly-extract,"DESNZ REPD ref 15542: High Brenfield Wind Farm; Sw/O Ardrishaig, Lochgilphead; planning ref ECU00004961",TEC project matched to DESNZ REPD; score 96.0/100; next-candidate margin 96.0. Coordinates represent the matched mapped feature.
Craig Murrail 275kV Substation,Cruach Bhreac Wind Farm,Statkraft UK Ltd,Wind Onshore,PRO-003879,https://www.neso.energy/data-portal/transmission-entry-capacity-tec-register,,,,No reliable infrastructure match,Unresolved,63.6,,,Best candidate 'Old Craig' scored 63.6; below reliability threshold.
Craig Murrail GSP,Glasvaar | High Brenfield 2,E Power Limited | High Brenfield Wind Farm Limited,Wind Onshore,PRO-006025 | PRO-004876,https://www.neso.energy/data-portal/transmission-entry-capacity-tec-register,56.460340,-5.861841,Glasvaar Wind Farm,TEC project matched to DESNZ REPD,Medium,100.0,https://www.gov.uk/government/publications/renewable-energy-planning-database-quarterly-extract,"DESNZ REPD ref 9662: Glasvaar Wind Farm; Sidh Mor S/o Lochan Anama &  Nw/o A-Chruach Wind Farm, Kilmichael Forest,; planning ref 22/01380/PP",TEC project matched to DESNZ REPD; score 100.0/100; next-candidate margin 4.0. Coordinates represent the matched mapped feature.
CRAIG WATCH WIND FARM 132KV SUBSTATION,Craig Watch Wind Farm,Craig Watch Wind Farm Limited,Wind Onshore,PRO-001877,https://www.neso.energy/data-portal/transmission-entry-capacity-tec-register,55.170063,-2.905790,Watch Craigs,Town/locality proxy,Low,95.7,https://www.openstreetmap.org/node/9197547083,OpenStreetMap named locality: Watch Craigs,"Town/locality proxy; score 95.7/100; next-candidate margin 0.4. Coordinates are a geographic proxy, not the confirmed electrical asset."
Craigdarroch Hybrid Wind & BESS 132kV Substation,Craigdarroch Hybrid Wind and BESS,VOLTALIA UK LTD,Energy Storage System;Wind Onshore,PRO-005012,https://www.neso.energy/data-portal/transmission-entry-capacity-tec-register,,,,No reliable infrastructure match,Unresolved,56.0,,,Best candidate 'Rhyd Goch Wind Turbine Substation' scored 56.0; below reliability threshold.
CRAIGHEAD WIND FARM 132kV SUBSTATION,Craighead Wind Farm,GALILEO 02 LIMITED,Wind Onshore,PRO-002821,https://www.neso.energy/data-portal/transmission-entry-capacity-tec-register,57.451900,-2.836290,Craighead,Town/locality proxy,Low,100.0,https://www.openstreetmap.org/node/10417365091,OpenStreetMap named hamlet: Craighead,"Town/locality proxy; score 100.0/100; next-candidate margin 0.0. Coordinates are a geographic proxy, not the confirmed electrical asset."
Craigneuk 250MW BESS 275kV Substation,Craigneuk 250MW BESS,Apatura Project 23 Ltd,Demand;Energy Storage System,PRO-003579,https://www.neso.energy/data-portal/transmission-entry-capacity-tec-register,56.732300,-2.753198,Craigneuk,Town/locality proxy,Low,75.0,https://www.openstreetmap.org/node/5326245298,OpenStreetMap named hamlet: Craigneuk,"Town/locality proxy; score 75.0/100; next-candidate margin 0.0. Coordinates are a geographic proxy, not the confirmed electrical asset."
Creachan Wind Farm 132/33kV Substation,Creachan Wind Farm,RWE Renewables UK Onshore Wind Limited,Wind Onshore,PRO-003906,https://www.neso.energy/data-portal/transmission-entry-capacity-tec-register,56.401098,-5.185823,CRUACHAN POWER STATION,Candidate infrastructure match,Low,87.5,https://doi.org/10.5285/0eed5c99-f409-4329-a98e-47f496bb88a2,Lovett & Sünnenberg GB substations dataset; CRUACHAN POWER STATION; SSE NETWORKS; TRANS,Candidate infrastructure match; score 87.5/100; next-candidate margin 0.0. Coordinates represent the matched mapped feature.
Creag Dhubh 275/132/33kV,Ladyfield Renewable Energy Park,Ladyfield Renewable Energy Park Ltd,Energy Storage System,PRO-002002,https://www.neso.energy/data-portal/transmission-entry-capacity-tec-register,55.661014,-5.239840,Creag Dhubh,Town/locality proxy,Low,96.0,https://www.openstreetmap.org/node/9167607067,OpenStreetMap named locality: Creag Dhubh,"Town/locality proxy; score 96.0/100; next-candidate margin 0.0. Coordinates are a geographic proxy, not the confirmed electrical asset."
Creag Dhubh Wind Farm and BESS 132kV Substation,Creag Dhubh Windfarm,Invenergy Development UK Ltd,Energy Storage System;Wind Onshore,PRO-005014,https://www.neso.energy/data-portal/transmission-entry-capacity-tec-register,55.661014,-5.239840,Creag Dhubh,Town/locality proxy,Low,96.0,https://www.openstreetmap.org/node/9167607067,OpenStreetMap named locality: Creag Dhubh,"Town/locality proxy; score 96.0/100; next-candidate margin 0.0. Coordinates are a geographic proxy, not the confirmed electrical asset."
Creag Riabhach 132/33kV Substation,Creag Riabhach Wind Farm,CREAG RIABHACH WIND FARM LTD,Wind Onshore,PRO-000109-1 | PRO-000109-2,https://www.neso.energy/data-portal/transmission-entry-capacity-tec-register,58.210658,-4.503682,Creag Riabhach Wind Farm Substation,Exact normalized name,High,100.0,https://www.openstreetmap.org/way/1126346029,OpenStreetMap named substation feature: Creag Riabhach Wind Farm Substation,Exact normalized name; score 100.0/100; next-candidate margin 0.0. Coordinates represent the matched mapped feature.
Creyke Beck 132kV,Hall Ings Farm Substation,O&G Group Limited,PV Array (Photo Voltaic/solar),PRO-004275,https://www.neso.energy/data-portal/transmission-entry-capacity-tec-register,53.800965,-0.414493,CREYKE BECK 132KV S/S,Exact normalized name,High,100.0,https://doi.org/10.5285/0eed5c99-f409-4329-a98e-47f496bb88a2,Lovett & Sünnenberg GB substations dataset; CREYKE BECK 132KV S/S; NATIONAL GRID; GSP,Exact normalized name; score 100.0/100; next-candidate margin 0.0. Coordinates represent the matched mapped feature.
Creyke Beck 400kV Substation,Bute Hydrogen Project 2 | CREYKE BECK | Creyke Beck Battery 2 | Creyke Beck PV & BESS Sub | Flinton Road | Hornsea Power Station 4,HALDANE ENERGY PROJECT 2 LIMITED | CLEAN AIR RENEWABLES LIMITED | CBB SPV LIMITED | BEFERLEAH ENERGY PARK LIMITED | FLINTON ROAD SOLAR LIMITED | ORSTED HORNSEA PROJECT FOUR LIMITED,CCGT (Combined Cycle Gas Turbine) | Energy Storage System;PV Array (Photo Voltaic/solar) | Energy Storage System | Wind Offshore,PRO-004125 | PRO-001972 | PRO-004060 | PRO-002672 | PRO-006121 | PRO-000435-1 | PRO-000435-2,https://www.neso.energy/data-portal/transmission-entry-capacity-tec-register,53.800670,-0.415279,CREYKE BECK 400KV S/S,Exact normalized name,High,100.0,https://doi.org/10.5285/0eed5c99-f409-4329-a98e-47f496bb88a2,Lovett & Sünnenberg GB substations dataset; CREYKE BECK 400KV S/S; NATIONAL GRID; TRANS,Exact normalized name; score 100.0/100; next-candidate margin 0.0. Coordinates represent the matched mapped feature.
Creyke Beck GSP,Creyke Beck Solar Farm | KENLEY HOUSE SOLAR PARK | Pillswood BESS Phase 1 | Pillswood BESS Phase 2,RWE Renewables UK Solar and Storage Limited | BOOM DEVELOPMENTS LTD | HEIT PW LIMITED | HEIT PW2 LIMITED,PV Array (Photo Voltaic/solar) | Energy Storage System,PRO-002062 | PRO-005078 | PRO-001905 | PRO-001906,https://www.neso.energy/data-portal/transmission-entry-capacity-tec-register,53.800670,-0.415279,CREYKE BECK 400KV S/S,Exact normalized name,High,100.0,https://doi.org/10.5285/0eed5c99-f409-4329-a98e-47f496bb88a2,Lovett & Sünnenberg GB substations dataset; CREYKE BECK 400KV S/S; NATIONAL GRID; TRANS,Exact normalized name; score 100.0/100; next-candidate margin 0.0. Coordinates represent the matched mapped feature.
Crossaig 132kV Substation,Cour Wind Farm | Freasdail,COUR WIND FARM (SCOTLAND ) LIMITED | FREASDAIL ENERGY LIMITED,Wind Onshore,PRO-000106 | PRO-000046,https://www.neso.energy/data-portal/transmission-entry-capacity-tec-register,55.696922,-5.458136,Crossaig Substation,Exact normalized name,High,100.0,https://www.openstreetmap.org/way/677513264,OpenStreetMap named substation feature: Crossaig Substation,Exact normalized name; score 100.0/100; next-candidate margin 100.0. Coordinates represent the matched mapped feature.
Crossdykes 33kV,Crossdykes,CROSSDYKES WF LIMITED,Wind Onshore,PRO-000112,https://www.neso.energy/data-portal/transmission-entry-capacity-tec-register,55.183088,-3.162217,Crossdykes Wind Farm,Exact normalized name,High,100.0,https://www.openstreetmap.org/relation/15015648,OpenStreetMap named plant feature: Crossdykes Wind Farm,Exact normalized name; score 100.0/100; next-candidate margin 100.0. Coordinates represent the matched mapped feature.
Cruachan 275kV Substation,Cruachan Expansion | Cruachan U3&4 Replacement,Drax Cruachan Expansion Limited | DRAX PUMPED STORAGE LIMITED,Pump Storage,PRO-001889 | PRO-000113-1 | PRO-000113-2,https://www.neso.energy/data-portal/transmission-entry-capacity-tec-register,56.401098,-5.185823,CRUACHAN POWER STATION,Exact normalized name,High,100.0,https://doi.org/10.5285/0eed5c99-f409-4329-a98e-47f496bb88a2,Lovett & Sünnenberg GB substations dataset; CRUACHAN POWER STATION; SSE NETWORKS; TRANS,Exact normalized name; score 100.0/100; next-candidate margin 0.0. Coordinates represent the matched mapped feature.
Crystal Rig 132/33kV,Crystal Rig II Wind Farm | Crystal Rig III Wind Farm,CRYSTAL RIG II LIMITED | CRYSTAL RIG III LIMITED,Wind Onshore,PRO-000414 | PRO-001127,https://www.neso.energy/data-portal/transmission-entry-capacity-tec-register,55.822576,-2.658426,CRYSTAL RIG WIND FARM ,Exact normalized name,High,100.0,https://doi.org/10.5285/0eed5c99-f409-4329-a98e-47f496bb88a2,Lovett & Sünnenberg GB substations dataset; CRYSTAL RIG WIND FARM ; SP ENERGY NETWORKS; TRANS,Exact normalized name; score 100.0/100; next-candidate margin 0.0. Coordinates represent the matched mapped feature.
Crystal Rig 400kV substation,Crystal Rig IV Wind Farm,CRYSTAL RIG IV LIMITED,Wind Onshore,PRO-000520,https://www.neso.energy/data-portal/transmission-entry-capacity-tec-register,55.822576,-2.658426,CRYSTAL RIG WIND FARM ,Exact normalized name,High,100.0,https://doi.org/10.5285/0eed5c99-f409-4329-a98e-47f496bb88a2,Lovett & Sünnenberg GB substations dataset; CRYSTAL RIG WIND FARM ; SP ENERGY NETWORKS; TRANS,Exact normalized name; score 100.0/100; next-candidate margin 0.0. Coordinates represent the matched mapped feature.
Culham Jet 400kV Substation,Culham Storage,CULHAM STORAGE LIMITED,Energy Storage System,PRO-001946,https://www.neso.energy/data-portal/transmission-entry-capacity-tec-register,51.661157,-1.228351,CULHAM JET 400KV S/S,Exact normalized name,High,100.0,https://doi.org/10.5285/0eed5c99-f409-4329-a98e-47f496bb88a2,Lovett & Sünnenberg GB substations dataset; CULHAM JET 400KV S/S; NATIONAL GRID; TRANS,Exact normalized name; score 100.0/100; next-candidate margin 0.0. Coordinates represent the matched mapped feature.
Culligran GSP,Culligran (part of the Beauly Cascade),SSE Generation Limited,Hydro,PRO-000074,https://www.neso.energy/data-portal/transmission-entry-capacity-tec-register,57.425547,-4.702706,Culligran Substation,Exact normalized name,High,100.0,https://www.openstreetmap.org/way/295407192,OpenStreetMap named substation feature: Culligran Substation,Exact normalized name; score 100.0/100; next-candidate margin 0.0. Coordinates represent the matched mapped feature.
Cumberhead 33kV,Cumberhead | Cumberhead West Wind Farm,CUMBERHEAD WIND ENERGY LIMITED | CUMBERHEAD WEST WIND FARM LTD.,Wind Onshore,PRO-000114 | PRO-000423,https://www.neso.energy/data-portal/transmission-entry-capacity-tec-register,55.571623,-3.957685,Cumberhead Wind Farm,Exact normalized name,High,100.0,https://www.openstreetmap.org/relation/17296061,OpenStreetMap named plant feature: Cumberhead Wind Farm,Exact normalized name; score 100.0/100; next-candidate margin 100.0. Coordinates represent the matched mapped feature.
Cumberhead Collector 132/33kV,Dalquhandy Wind Farm,DALQUHANDY WIND FARM LIMITED,Wind Onshore,PRO-000117,https://www.neso.energy/data-portal/transmission-entry-capacity-tec-register,55.581840,-3.925516,Cumberhead Collector Substation,Exact normalized name,High,100.0,https://www.openstreetmap.org/way/1227626965,OpenStreetMap named substation feature: Cumberhead Collector Substation,Exact normalized name; score 100.0/100; next-candidate margin 100.0. Coordinates represent the matched mapped feature.
Cumbernauld 132/33kV,Greengairs East Wind Farm,GREENGAIRS EAST WIND FARM LIMITED,Wind Onshore,PRO-000880,https://www.neso.energy/data-portal/transmission-entry-capacity-tec-register,55.946990,-3.965005,CUMBERNAULD,Exact normalized name,High,100.0,https://doi.org/10.5285/0eed5c99-f409-4329-a98e-47f496bb88a2,Lovett & Sünnenberg GB substations dataset; CUMBERNAULD; SP ENERGY NETWORKS; GSP,Exact normalized name; score 100.0/100; next-candidate margin 0.0. Coordinates represent the matched mapped feature.
Currie 275/132kV,Riccarton,M2 Energy Storage Limited,Energy Storage System;PV Array (Photo Voltaic/solar),PRO-003066,https://www.neso.energy/data-portal/transmission-entry-capacity-tec-register,55.901992,-3.308004,CURRIE,Exact normalized name,High,100.0,https://doi.org/10.5285/0eed5c99-f409-4329-a98e-47f496bb88a2,Lovett & Sünnenberg GB substations dataset; CURRIE; SP ENERGY NETWORKS; GSP,Exact normalized name; score 100.0/100; next-candidate margin 0.0. Coordinates represent the matched mapped feature.
Cwm Rheidol,Cwm Rheidol,STATKRAFT ENERGY LTD.,Hydro,PRO-000116,https://www.neso.energy/data-portal/transmission-entry-capacity-tec-register,,,,No reliable infrastructure match,Unresolved,77.8,,,Best candidate 'Rheidol Wind Farm' scored 77.8; below reliability threshold.
Daer Wind Farm 132/33kV,Daer Wind Farm,RWE Renewables UK Onshore Wind Limited,Wind Onshore,PRO-000565,https://www.neso.energy/data-portal/transmission-entry-capacity-tec-register,55.337827,-3.578114,Daer Wind Farm,TEC project matched to DESNZ REPD,Low,100.0,https://www.gov.uk/government/publications/renewable-energy-planning-database-quarterly-extract,"DESNZ REPD ref 2908: Daer Wind Farm; Land east of Daer Reservoir, South Lanarkshire/Dumfries and Galloway; planning ref P/21/1014 ",TEC project matched to DESNZ REPD; score 100.0/100; next-candidate margin 0.0. Coordinates represent the matched mapped feature.
Daines 400kV Substation,Carrington Lane BESS | Daines BESS | Daines Green Energy Centre,Apatura Battery Ltd | DAINES ENERGY PARK LIMITED | SSE DAINES BESS LIMITED | DAINES GREEN NG LIMITED,Energy Storage System | Demand;Energy Storage System;PV Array (Photo Voltaic/solar),PRO-003215 | PRO-002614 | PRO-002050 | PRO-001902,https://www.neso.energy/data-portal/transmission-entry-capacity-tec-register,53.425694,-2.379072,DAINES 400KV S/S,Exact normalized name,High,100.0,https://doi.org/10.5285/0eed5c99-f409-4329-a98e-47f496bb88a2,Lovett & Sünnenberg GB substations dataset; DAINES 400KV S/S; NATIONAL GRID; TRANS,Exact normalized name; score 100.0/100; next-candidate margin 0.0. Coordinates represent the matched mapped feature.
Dalchork 132kV Substation,Dalchork Farm,QAIR RENEWABLES UK LIMITED,Energy Storage System,PRO-002807,https://www.neso.energy/data-portal/transmission-entry-capacity-tec-register,58.051612,-4.404095,Dalchork Substation,Exact normalized name,High,100.0,https://www.openstreetmap.org/way/1126346023,OpenStreetMap named substation feature: Dalchork Substation,Exact normalized name; score 100.0/100; next-candidate margin 100.0. Coordinates represent the matched mapped feature.
Dalkeith 400kV Substation,Carberry BESS  (was Smeaton BESS) | Salters Battery Storage | Whitecraig BESS,"HARMONY CBR LTD | BUCCLEUCH ESTATES, LTD. (THE) | Apatura Battery Ltd",Energy Storage System,PRO-003053 | PRO-004150 | PRO-003265,https://www.neso.energy/data-portal/transmission-entry-capacity-tec-register,55.894336,-3.070044,Dalkeith,Town/locality proxy,Medium,100.0,https://www.openstreetmap.org/node/31315952,OpenStreetMap named town: Dalkeith,"Town/locality proxy; score 100.0/100; next-candidate margin 100.0. Coordinates are a geographic proxy, not the confirmed electrical asset."
DALMARNOCK 132/33KV SUBSTATION,Dalmarnock Road BESS,DALMARNOCK BESS LTD,Energy Storage System,PRO-001660,https://www.neso.energy/data-portal/transmission-entry-capacity-tec-register,55.349996,-4.205002,DALMARNOCK,Exact normalized name,High,100.0,https://doi.org/10.5285/0eed5c99-f409-4329-a98e-47f496bb88a2,Lovett & Sünnenberg GB substations dataset; DALMARNOCK; SP ENERGY NETWORKS; GSP,Exact normalized name; score 100.0/100; next-candidate margin 0.0. Coordinates represent the matched mapped feature.
Dalmarnock Storage BESS 132kV Substation,Dalmarnock Storage BESS | Downiebrae BESS,VIRIDISIA LTD | DOWNIEBRAE BESS LTD,Energy Storage System,PRO-003737 | PRO-003208,https://www.neso.energy/data-portal/transmission-entry-capacity-tec-register,55.841266,-4.213337,Dalmarnock,Town/locality proxy,Low,71.4,https://www.openstreetmap.org/node/944007631,OpenStreetMap named suburb: Dalmarnock,"Town/locality proxy; score 71.4/100; next-candidate margin 15.4. Coordinates are a geographic proxy, not the confirmed electrical asset."
Dalry 400kV Substation,Elmya Dalry BESS & PV,ELMYA ENERGY UK 17 LIMITED,Energy Storage System;PV Array (Photo Voltaic/solar),PRO-003735,https://www.neso.energy/data-portal/transmission-entry-capacity-tec-register,55.941392,-3.225973,Dalry,Town/locality proxy,Low,100.0,https://www.openstreetmap.org/relation/17710466,OpenStreetMap named suburb: Dalry,"Town/locality proxy; score 100.0/100; next-candidate margin 0.0. Coordinates are a geographic proxy, not the confirmed electrical asset."
Deanie GSP,Deanie (part of the Beauly Cascade),SSE Generation Limited,Hydro,PRO-000075,https://www.neso.energy/data-portal/transmission-entry-capacity-tec-register,57.407374,-4.844101,Deanie Substation,Exact normalized name,High,100.0,https://www.openstreetmap.org/way/295407193,OpenStreetMap named substation feature: Deanie Substation,Exact normalized name; score 100.0/100; next-candidate margin 0.0. Coordinates represent the matched mapped feature.
Dell 132kV Substation,Dell Wind Farm,DELL WIND FARM LIMITED,Wind Onshore,PRO-001012,https://www.neso.energy/data-portal/transmission-entry-capacity-tec-register,57.125118,-4.482395,Dell Wind Farm,TEC project matched to DESNZ REPD,Medium,100.0,https://www.gov.uk/government/publications/renewable-energy-planning-database-quarterly-extract,"DESNZ REPD ref 4359: Dell Wind Farm; Dell Estate, Whitebridge, Inverness-shire, ; planning ref 14/02879/FUL",TEC project matched to DESNZ REPD; score 100.0/100; next-candidate margin 100.0. Coordinates represent the matched mapped feature.
Denny North,Denny BESS,IGP ENERGY STORAGE 3 LIMITED,Energy Storage System,PRO-003571,https://www.neso.energy/data-portal/transmission-entry-capacity-tec-register,56.039500,-3.889353,Denny North Substation,Exact normalized name,High,100.0,https://www.openstreetmap.org/way/422486984,OpenStreetMap named substation feature: Denny North Substation,Exact normalized name; score 100.0/100; next-candidate margin 100.0. Coordinates represent the matched mapped feature.
Denny North 275/132kV,Gartclash Farm BESS | Glenside Farm BESS,South Plean Storage Facility Limited | GPC 1211 Ltd,Energy Storage System | Demand;Energy Storage System,PRO-003736 | PRO-004368,https://www.neso.energy/data-portal/transmission-entry-capacity-tec-register,56.039500,-3.889353,Denny North Substation,Exact normalized name,High,100.0,https://www.openstreetmap.org/way/422486984,OpenStreetMap named substation feature: Denny North Substation,Exact normalized name; score 100.0/100; next-candidate margin 100.0. Coordinates represent the matched mapped feature.
Derbyshire Connection Node A 400kV Substation,Daventry High Impact Green Energy Hub (HIGEH) 1 | Park Farm Hybrid Solar and BESS | West Haddon,TELIS ENERGY UK LIMITED | VOLTALIA UK LTD | West Haddon 10 Renewables Limited,Energy Storage System;Nuclear;PV Array (Photo Voltaic/solar);Wind Onshore | Demand;Energy Storage System;PV Array (Photo Voltaic/solar) | Demand;PV Array (Photo Voltaic/solar),PRO-003686 | PRO-003850 | PRO-003417,https://www.neso.energy/data-portal/transmission-entry-capacity-tec-register,52.341204,-1.074857,West Haddon,TEC project-derived locality proxy,Low,100.0,https://www.openstreetmap.org/node/25717160,OpenStreetMap named village: West Haddon,"TEC project-derived locality proxy; score 100.0/100; next-candidate margin 100.0. Coordinates are a geographic proxy, not the confirmed electrical asset."
Derbyshire Connection Node B 400kV Substation,Camp Farm | Lightsource Enderby PV+BESS | Lower Pool Energy Park,CHINT SOLAR UK MANAGEMENT LTD | Lightsource Renewable UK Development Limited | Cairn Duhie Energy Limited,Energy Storage System | Energy Storage System;PV Array (Photo Voltaic/solar),PRO-004990 | PRO-003854 | PRO-003586,https://www.neso.energy/data-portal/transmission-entry-capacity-tec-register,50.674605,-4.289351,Camp,TEC project-derived locality proxy,Low,100.0,https://www.openstreetmap.org/node/473184963,OpenStreetMap named hamlet: Camp,"TEC project-derived locality proxy; score 100.0/100; next-candidate margin 100.0. Coordinates are a geographic proxy, not the confirmed electrical asset."
Derbyshire Connection Node C 400kV Substation,Ratcliffe on Soar Farm,KEGWORTH 10 RENEWABLES LTD,Demand;Energy Storage System;PV Array (Photo Voltaic/solar),PRO-003871,https://www.neso.energy/data-portal/transmission-entry-capacity-tec-register,52.861827,-1.259069,Ratcliffe On Soar Power Station - Solar Farm,TEC project matched to DESNZ REPD,Medium,100.0,https://www.gov.uk/government/publications/renewable-energy-planning-database-quarterly-extract,"DESNZ REPD ref 14507: Ratcliffe On Soar Power Station - Solar Farm; Ratcliffe On Soar Power Station, Green Street, Nottingham; planning ref 22/01339/LDO",TEC project matched to DESNZ REPD; score 100.0/100; next-candidate margin 100.0. Coordinates represent the matched mapped feature.
Derbyshire Connection Node D 400kV Substation,Lightsource Willington | Willington BESS Station,Lightsource Renewable UK Development Limited | IBV WILLINGTON ENERGY PARK LIMITED,Energy Storage System;Wind Onshore | Energy Storage System,PRO-004824 | PRO-003727,https://www.neso.energy/data-portal/transmission-entry-capacity-tec-register,,,,No reliable infrastructure match,Unresolved,50.0,,,Best candidate 'Derby & Derbyshire Waste Treatment Centre' scored 50.0; below reliability threshold.
DERBYSHIRE CONNECTION NODE E 132 KV SUBSTATION,Drakelow Power Station 2 BESS | Drakelow Power Station 4,Bluestone Energy Ltd,Energy Storage System,PRO-004243 | PRO-005008,https://www.neso.energy/data-portal/transmission-entry-capacity-tec-register,52.774241,-1.653480,Drakelow Solar Farm,TEC project matched to DESNZ REPD,Low,96.0,https://www.gov.uk/government/publications/renewable-energy-planning-database-quarterly-extract,"DESNZ REPD ref 5145: Drakelow Solar Farm;  Land At, Walton Road, Drakelow, Burton-On-Trent, Staffordshire; planning ref 9/2015/0256",TEC project matched to DESNZ REPD; score 96.0/100; next-candidate margin 0.0. Coordinates represent the matched mapped feature.
DERBYSHIRE CONNECTION NODE E 132KV SUBSTATION,Drakelow Power Station 1 BESS,Bluestone Energy Ltd,Energy Storage System,PRO-004063,https://www.neso.energy/data-portal/transmission-entry-capacity-tec-register,52.774241,-1.653480,Drakelow Solar Farm,TEC project matched to DESNZ REPD,Medium,96.0,https://www.gov.uk/government/publications/renewable-energy-planning-database-quarterly-extract,"DESNZ REPD ref 5145: Drakelow Solar Farm;  Land At, Walton Road, Drakelow, Burton-On-Trent, Staffordshire; planning ref 9/2015/0256",TEC project matched to DESNZ REPD; score 96.0/100; next-candidate margin 96.0. Coordinates represent the matched mapped feature.
Derbyshire Connection Node E 400kV Substation,Lightsource Bagots Farm,Lightsource Renewable UK Development Limited,Energy Storage System;Wind Onshore,PRO-004829,https://www.neso.energy/data-portal/transmission-entry-capacity-tec-register,,,,No reliable infrastructure match,Unresolved,46.7,,,Best candidate 'Derby & Derbyshire Waste Treatment Centre' scored 46.7; below reliability threshold.
Derbyshire Connection Node F 132KV,Prestwold BESS | Ratcliffe on Soar,GREENTECH PROJECTS HOLDING UK LIMITED | Starlight Energy SPV 4 Limited,Energy Storage System | Energy Storage System;PV Array (Photo Voltaic/solar),PRO-005106 | PRO-003224,https://www.neso.energy/data-portal/transmission-entry-capacity-tec-register,52.861827,-1.259069,Ratcliffe On Soar Power Station - Solar Farm,TEC project matched to DESNZ REPD,Medium,100.0,https://www.gov.uk/government/publications/renewable-energy-planning-database-quarterly-extract,"DESNZ REPD ref 14507: Ratcliffe On Soar Power Station - Solar Farm; Ratcliffe On Soar Power Station, Green Street, Nottingham; planning ref 22/01339/LDO",TEC project matched to DESNZ REPD; score 100.0/100; next-candidate margin 100.0. Coordinates represent the matched mapped feature.
Derbyshire Connection Node G 400kV,Lightsourcebp Wakeleys Wind and BESS | NatPower Enderby - Patford Bridge Green Energy Park,Lightsource Renewable UK Development Limited | ENDERBY ENERGY LIMITED,Energy Storage System;Wind Onshore | Energy Storage System,PRO-004827 | PRO-004132,https://www.neso.energy/data-portal/transmission-entry-capacity-tec-register,,,,No reliable infrastructure match,Unresolved,43.3,,,Best candidate 'Derby & Derbyshire Waste Treatment Centre' scored 43.3; below reliability threshold.
Derbyshire Connection Node H 400kV Substation,Elmya Kilworth BESS & PV | Enderby Solar & BESS,RPC ELMYA CARNATION KILWORTH LIMITED | GREENTECH PROJECTS HOLDING UK LIMITED,Energy Storage System;PV Array (Photo Voltaic/solar),PRO-004739 | PRO-004540,https://www.neso.energy/data-portal/transmission-entry-capacity-tec-register,,,,No reliable infrastructure match,Unresolved,43.3,,,Best candidate 'Derby & Derbyshire Waste Treatment Centre' scored 43.3; below reliability threshold.
Derbyshire Connection Node I 400kV Substation,Elmya Towcester BESS | Lightsource Patford Bridge | Long Buckby Solar/BESS | Patford Bridge BESS,RPC ELMYA CARNATION TOWCESTER LIMITED | Lightsource Renewable UK Development Limited | Greentech Invest UK (17) Limited | Kona Energy Limited,Energy Storage System | Energy Storage System;PV Array (Photo Voltaic/solar),PRO-004809 | PRO-004807 | PRO-004873 | PRO-005065,https://www.neso.energy/data-portal/transmission-entry-capacity-tec-register,52.302559,-1.080684,Long Buckby,TEC project-derived locality proxy,Low,100.0,https://www.openstreetmap.org/node/21001348,OpenStreetMap named village: Long Buckby,"TEC project-derived locality proxy; score 100.0/100; next-candidate margin 7.1. Coordinates are a geographic proxy, not the confirmed electrical asset."
Dersalloch 132/33kV,Dersalloch Wind Farm | Dersalloch Wind Farm Extension,SCOTTISHPOWER RENEWABLES (UK) LIMITED,Wind Onshore | Energy Storage System;Wind Onshore,PRO-000060 | PRO-000412,https://www.neso.energy/data-portal/transmission-entry-capacity-tec-register,55.308814,-4.492684,Dersalloch Windfarm,Exact normalized name,High,100.0,https://www.openstreetmap.org/relation/12426013,OpenStreetMap named plant feature: Dersalloch Windfarm,Exact normalized name; score 100.0/100; next-candidate margin 0.0. Coordinates represent the matched mapped feature.
DEUCHERAN HILL 2 132KV SUBSTATION,Deucheran Hill 2 Wind Farm,RWE Renewables UK Onshore Wind Limited,Energy Storage System;Wind Onshore,PRO-004208,https://www.neso.energy/data-portal/transmission-entry-capacity-tec-register,55.637658,-5.560515,Deucheran Hill,Strong name match,High,96.0,https://www.openstreetmap.org/relation/6949500,OpenStreetMap named plant feature: Deucheran Hill,Strong name match; score 96.0/100; next-candidate margin 24.0. Coordinates represent the matched mapped feature.
Devilla Battery Storage 275kV substation,Alcemi Devilla Battery Energy Storage Facility,ALCEMI STORAGE DEVELOPMENTS 3 LIMITED,Energy Storage System,PRO-001453,https://www.neso.energy/data-portal/transmission-entry-capacity-tec-register,52.417645,0.855569,Storage,Town/locality proxy,Low,63.6,https://www.openstreetmap.org/node/11850530335,OpenStreetMap named locality: Storage,"Town/locality proxy; score 63.6/100; next-candidate margin 63.6. Coordinates are a geographic proxy, not the confirmed electrical asset."
DEVOL MOOR 132/33KV GRID SUPPLY POINT SUBSTATION,Dougliehill BESS,Bluestone Energy Ltd,Energy Storage System,PRO-002411,https://www.neso.energy/data-portal/transmission-entry-capacity-tec-register,,,,No reliable infrastructure match,Unresolved,75.0,,,Best candidate 'Dyce Grid Supply Point' scored 75.0; below reliability threshold.
Devol Moor 132kV Substation,Langbank Solar and BESS,UK RENFREWSHIRE 1 LTD,Energy Storage System;PV Array (Photo Voltaic/solar),PRO-003569,https://www.neso.energy/data-portal/transmission-entry-capacity-tec-register,55.915995,-4.709995,DEVOL MOOR,Exact normalized name,High,100.0,https://doi.org/10.5285/0eed5c99-f409-4329-a98e-47f496bb88a2,Lovett & Sünnenberg GB substations dataset; DEVOL MOOR; SP ENERGY NETWORKS; GSP,Exact normalized name; score 100.0/100; next-candidate margin 0.0. Coordinates represent the matched mapped feature.
Devol Moor 400/132kV,Devol Moor Battery & Solar Project,Sunshine Project 03 Limited,Energy Storage System,PRO-004084,https://www.neso.energy/data-portal/transmission-entry-capacity-tec-register,55.915995,-4.709995,DEVOL MOOR,Exact normalized name,High,100.0,https://doi.org/10.5285/0eed5c99-f409-4329-a98e-47f496bb88a2,Lovett & Sünnenberg GB substations dataset; DEVOL MOOR; SP ENERGY NETWORKS; GSP,Exact normalized name; score 100.0/100; next-candidate margin 0.0. Coordinates represent the matched mapped feature.
Devonside 132/33kV,Bankhead 25MW BESS | Devonside BESS | Longriggs Energy Park,GPC 1169 Ltd | CARLTON POWER LIMITED | BROCKWELL STORAGE & SOLAR LIMITED,Energy Storage System,PRO-003574 | PRO-002015 | PRO-006647,https://www.neso.energy/data-portal/transmission-entry-capacity-tec-register,56.138993,-3.780999,DEVONSIDE,Exact normalized name,High,100.0,https://doi.org/10.5285/0eed5c99-f409-4329-a98e-47f496bb88a2,Lovett & Sünnenberg GB substations dataset; DEVONSIDE; SP ENERGY NETWORKS; GSP,Exact normalized name; score 100.0/100; next-candidate margin 0.0. Coordinates represent the matched mapped feature.
Devonside 132kV Substation,Windburn Wind Farm,WINDBURN WIND FARM LIMITED,Energy Storage System;Wind Onshore,PRO-006075,https://www.neso.energy/data-portal/transmission-entry-capacity-tec-register,56.138993,-3.780999,DEVONSIDE,Exact normalized name,High,100.0,https://doi.org/10.5285/0eed5c99-f409-4329-a98e-47f496bb88a2,Lovett & Sünnenberg GB substations dataset; DEVONSIDE; SP ENERGY NETWORKS; GSP,Exact normalized name; score 100.0/100; next-candidate margin 0.0. Coordinates represent the matched mapped feature.
DEWLEY HILL EHV,Dewley Hill PV and BESS,Northumberland Estates Limited,Energy Storage System;PV Array (Photo Voltaic/solar),PRO-002558,https://www.neso.energy/data-portal/transmission-entry-capacity-tec-register,,,,No reliable infrastructure match,Unresolved,69.6,,,Best candidate 'Ewe Hill Wind Farm Substation' scored 69.6; below reliability threshold.
Didcot 132kV GIS Substation,Didcot BESS 2,Downing Renewable Developments LLP,Energy Storage System,PRO-003447,https://www.neso.energy/data-portal/transmission-entry-capacity-tec-register,51.606359,-1.245999,Didcot,Town/locality proxy,Low,75.0,https://www.openstreetmap.org/node/267769544,OpenStreetMap named town: Didcot,"Town/locality proxy; score 75.0/100; next-candidate margin 75.0. Coordinates are a geographic proxy, not the confirmed electrical asset."
Didcot 132kV Substation,Sutton Courtenay,RWE Generation UK Plc,Demand;Energy Storage System,PRO-004276,https://www.neso.energy/data-portal/transmission-entry-capacity-tec-register,51.625544,-1.259350,DIDCOT 400KV S/S,Exact normalized name,High,100.0,https://doi.org/10.5285/0eed5c99-f409-4329-a98e-47f496bb88a2,Lovett & Sünnenberg GB substations dataset; DIDCOT 400KV S/S; NATIONAL GRID; TRANS,Exact normalized name; score 100.0/100; next-candidate margin 0.0. Coordinates represent the matched mapped feature.
DIDCOT 400/132KV SUBSTATION,Didcot Battery,DIDCOT BATTERY LIMITED,Demand;Energy Storage System,PRO-001468,https://www.neso.energy/data-portal/transmission-entry-capacity-tec-register,51.625544,-1.259350,DIDCOT 400KV S/S,Exact normalized name,High,100.0,https://doi.org/10.5285/0eed5c99-f409-4329-a98e-47f496bb88a2,Lovett & Sünnenberg GB substations dataset; DIDCOT 400KV S/S; NATIONAL GRID; TRANS,Exact normalized name; score 100.0/100; next-candidate margin 0.0. Coordinates represent the matched mapped feature.
Didcot 400kV Substation,Didcot A GTs | Didcot B | Didcot Energy Park | Didcot Road,RWE Generation UK Plc | BROCKWELL STORAGE & SOLAR LIMITED | TBC 001 LIMITED,OCGT (Open Cycle Gas Turbine) | CCGT (Combined Cycle Gas Turbine);Energy Storage System | Energy Storage System,PRO-000121 | PRO-000122 | PRO-002382 | PRO-002336,https://www.neso.energy/data-portal/transmission-entry-capacity-tec-register,51.625544,-1.259350,DIDCOT 400KV S/S,Exact normalized name,High,100.0,https://doi.org/10.5285/0eed5c99-f409-4329-a98e-47f496bb88a2,Lovett & Sünnenberg GB substations dataset; DIDCOT 400KV S/S; NATIONAL GRID; TRANS,Exact normalized name; score 100.0/100; next-candidate margin 0.0. Coordinates represent the matched mapped feature.
Dinorwig 400kV Substation,Dinorwig,First Hydro Company,Pump Storage,PRO-000054,https://www.neso.energy/data-portal/transmission-entry-capacity-tec-register,53.121460,-4.100059,DINORWIG 400KV S/S,Exact normalized name,High,100.0,https://doi.org/10.5285/0eed5c99-f409-4329-a98e-47f496bb88a2,Lovett & Sünnenberg GB substations dataset; DINORWIG 400KV S/S; NATIONAL GRID; TRANS,Exact normalized name; score 100.0/100; next-candidate margin 0.0. Coordinates represent the matched mapped feature.
Divot Hill 132/33 kV Substation,Divot Hill Wind Farm,ENERGYFARM DIVOT HILL LTD,Energy Storage System;Wind Onshore,PRO-004664,https://www.neso.energy/data-portal/transmission-entry-capacity-tec-register,55.141833,-4.110010,Divot Hill Wind Farm,TEC project matched to DESNZ REPD,Medium,100.0,https://www.gov.uk/government/publications/renewable-energy-planning-database-quarterly-extract,"DESNZ REPD ref 13646: Divot Hill Wind Farm; Margree Area, 7km To The Ne/O St Johns Town Of Dalry, Castle Douglas; planning ref 23/0368/FUL",TEC project matched to DESNZ REPD; score 100.0/100; next-candidate margin 100.0. Coordinates represent the matched mapped feature.
Dogger Bank 220kV Offshores,Dogger Bank Project 4 (Dogger Bank B) | Dogger Bank Project A,DOGGERBANK OFFSHORE WIND FARM PROJECT 2 PROJCO LIMITED | DOGGERBANK OFFSHORE WIND FARM PROJECT 1 PROJCO LIMITED,Wind Offshore,PRO-000410 | PRO-000411,https://www.neso.energy/data-portal/transmission-entry-capacity-tec-register,,,,No reliable infrastructure match,Unresolved,57.7,,,Best candidate 'Dogger Bank C Wind Farm Converter station' scored 57.7; below reliability threshold.
Dorenell 132/33kV Substation,Dorenell Windfarm,DORENELL WINDFARM LIMITED,Wind Onshore,PRO-000522,https://www.neso.energy/data-portal/transmission-entry-capacity-tec-register,57.377836,-3.098501,Dorenell Wind Farm Substation,Exact normalized name,High,100.0,https://www.openstreetmap.org/way/744731469,OpenStreetMap named substation feature: Dorenell Wind Farm Substation,Exact normalized name; score 100.0/100; next-candidate margin 0.0. Coordinates represent the matched mapped feature.
Dorenell BESS 132KV substation,Dorenell Battery,CLASHINDARROCH WINDFARM EXTENSION LIMITED,Wind Onshore,PRO-000427,https://www.neso.energy/data-portal/transmission-entry-capacity-tec-register,57.377836,-3.098501,Dorenell Wind Farm Substation,Exact normalized name,High,100.0,https://www.openstreetmap.org/way/744731469,OpenStreetMap named substation feature: Dorenell Wind Farm Substation,Exact normalized name; score 100.0/100; next-candidate margin 0.0. Coordinates represent the matched mapped feature.
Dorenell Extension Wind Farm 400kV Substation,Dorenell Windfarm Extension,DORENELL WINDFARM EXTENSION LIMITED,Wind Onshore,PRO-002415,https://www.neso.energy/data-portal/transmission-entry-capacity-tec-register,57.377836,-3.098501,Dorenell Wind Farm Substation,Exact normalized name,High,100.0,https://www.openstreetmap.org/way/744731469,OpenStreetMap named substation feature: Dorenell Wind Farm Substation,Exact normalized name; score 100.0/100; next-candidate margin 0.0. Coordinates represent the matched mapped feature.
Douglas West Extension Windfarm,Douglas West Extension,DOUGLAS WEST EXTENSION LTD,Wind Onshore,PRO-000422,https://www.neso.energy/data-portal/transmission-entry-capacity-tec-register,55.557989,-3.871997,DOUGLAS WEST,Exact normalized name,High,100.0,https://doi.org/10.5285/0eed5c99-f409-4329-a98e-47f496bb88a2,Lovett & Sünnenberg GB substations dataset; DOUGLAS WEST; SP ENERGY NETWORKS; PSS,Exact normalized name; score 100.0/100; next-candidate margin 0.0. Coordinates represent the matched mapped feature.
DOUNREAY 2 275 kV SUBSTATION,Brae House Farm,QAIR RENEWABLES UK LIMITED,Energy Storage System,PRO-004292,https://www.neso.energy/data-portal/transmission-entry-capacity-tec-register,58.579912,-3.726081,DOUNREAY ,Strong name match,High,100.0,https://doi.org/10.5285/0eed5c99-f409-4329-a98e-47f496bb88a2,Lovett & Sünnenberg GB substations dataset; DOUNREAY ; SSE NETWORKS; TRANS,Strong name match; score 100.0/100; next-candidate margin 4.0. Coordinates represent the matched mapped feature.
Dounreay 2 275/33kV GSP Substation,Melvich Wind Energy Hub (BEGA),Melvich Wind Energy Hub Limited,Energy Storage System;Wind Onshore,PRO-006005,https://www.neso.energy/data-portal/transmission-entry-capacity-tec-register,58.575173,-3.752349,DOUNREAY,Strong name match,High,100.0,https://doi.org/10.5285/0eed5c99-f409-4329-a98e-47f496bb88a2,Lovett & Sünnenberg GB substations dataset; DOUNREAY; SSE NETWORKS; GSP,Strong name match; score 100.0/100; next-candidate margin 4.0. Coordinates represent the matched mapped feature.
Dounreay GSP,Ackron Wind Farm | Baillie Wind Farm,ACKRON WIND FARM LTD | BAILLIE WINDFARM LIMITED,Wind Onshore,PRO-001446 | PRO-000020,https://www.neso.energy/data-portal/transmission-entry-capacity-tec-register,58.579912,-3.726081,DOUNREAY ,Exact normalized name,High,100.0,https://doi.org/10.5285/0eed5c99-f409-4329-a98e-47f496bb88a2,Lovett & Sünnenberg GB substations dataset; DOUNREAY ; SSE NETWORKS; TRANS,Exact normalized name; score 100.0/100; next-candidate margin 0.0. Coordinates represent the matched mapped feature.
DRAGON GREEN 400kV SUBSTATION,Bolney BESS | Bolney Farm 2,CSE45 LIMITED | DRAGON GREEN 7 RENEWABLES LTD,Energy Storage System | Energy Storage System;PV Array (Photo Voltaic/solar),PRO-004026 | PRO-002733,https://www.neso.energy/data-portal/transmission-entry-capacity-tec-register,50.997721,-0.373049,Dragons Green,Town/locality proxy,Medium,96.0,https://www.openstreetmap.org/node/2864613601,OpenStreetMap named hamlet: Dragons Green,"Town/locality proxy; score 96.0/100; next-candidate margin 12.7. Coordinates are a geographic proxy, not the confirmed electrical asset."
Drakelow 132kV Substation,Drakelow | Oaklands Farm Solar PV | Royle Farm BESS,ENSO GREEN HOLDINGS V LIMITED | OAKLANDS FARM SOLAR LIMITED. | ALUDRA BESS LTD,Energy Storage System | Energy Storage System;PV Array (Photo Voltaic/solar),PRO-000428 | PRO-001004 | PRO-005050,https://www.neso.energy/data-portal/transmission-entry-capacity-tec-register,52.773195,-1.649456,DRAKELOW 132KV S/S,Exact normalized name,High,100.0,https://doi.org/10.5285/0eed5c99-f409-4329-a98e-47f496bb88a2,Lovett & Sünnenberg GB substations dataset; DRAKELOW 132KV S/S; NATIONAL GRID; GSP,Exact normalized name; score 100.0/100; next-candidate margin 0.0. Coordinates represent the matched mapped feature.
Drakelow 400kV Substation,Caldwell Road | Drakelow BESS | Drakelow Green Energy Centre | Drakelow PV & BESS Station | Greta III | Powersite @ Drakelow | Walton Road Energy Project,TAGENERGY DEVELOPMENT UK LIMITED | HARMONY DL LTD | DRAKELOW NG LIMITED | IBV Elford Park Solar Limited | POWERSITE LTD | Lightsource Renewable UK Development Limited,Energy Storage System | Demand;Energy Storage System;PV Array (Photo Voltaic/solar) | Energy Storage System;PV Array (Photo Voltaic/solar) | CCGT (Combined Cycle Gas Turbine),PRO-002710 | PRO-002033 | PRO-001693-1 | PRO-001693-2 | PRO-003238 | PRO-001803 | PRO-000364 | PRO-002225,https://www.neso.energy/data-portal/transmission-entry-capacity-tec-register,52.773781,-1.652980,DRAKELOW 400KV S/S,Exact normalized name,High,100.0,https://doi.org/10.5285/0eed5c99-f409-4329-a98e-47f496bb88a2,Lovett & Sünnenberg GB substations dataset; DRAKELOW 400KV S/S; NATIONAL GRID; TRANS,Exact normalized name; score 100.0/100; next-candidate margin 0.0. Coordinates represent the matched mapped feature.
Drax 132kV Substation,Drax | Lakeside Energy Drax,ENSO GREEN HOLDINGS D LIMITED | LAKESIDE ENERGY STORAGE LIMITED,Energy Storage System;PV Array (Photo Voltaic/solar) | Energy Storage System,PRO-001355 | PRO-001522,https://www.neso.energy/data-portal/transmission-entry-capacity-tec-register,53.732475,-0.992566,DRAX 132KV S/S,Exact normalized name,High,100.0,https://doi.org/10.5285/0eed5c99-f409-4329-a98e-47f496bb88a2,Lovett & Sünnenberg GB substations dataset; DRAX 132KV S/S; NATIONAL GRID; GSP,Exact normalized name; score 100.0/100; next-candidate margin 0.0. Coordinates represent the matched mapped feature.
Drax 400kV Substation,Drax BECCS | Drax Power Station | Drax Solar,Drax Power Limited | DRAX POWER LIMITED | East Yorkshire Solar Farm Limited,Biomass;Demand | Biomass | PV Array (Photo Voltaic/solar),PRO-002629 | PRO-000129 | PRO-001759,https://www.neso.energy/data-portal/transmission-entry-capacity-tec-register,53.736204,-0.992416,DRAX 400KV S/S,Exact normalized name,High,100.0,https://doi.org/10.5285/0eed5c99-f409-4329-a98e-47f496bb88a2,Lovett & Sünnenberg GB substations dataset; DRAX 400KV S/S; NATIONAL GRID; TRANS,Exact normalized name; score 100.0/100; next-candidate margin 0.0. Coordinates represent the matched mapped feature.
DRUM OF CLUNAS WIND 275KV SUBSTATION,Drum of Clunas Wind and Solar Park,BROADHAVEN DISTRIBUTION LIMITED,Wind Onshore,PRO-003970,https://www.neso.energy/data-portal/transmission-entry-capacity-tec-register,,,,No reliable infrastructure match,Unresolved,56.4,,,Best candidate 'Plascow wind cluster' scored 56.4; below reliability threshold.
Drumchapel 275/33kV,Whitehill 60MW BESS,GPC 013 LTD,Energy Storage System,PRO-003420,https://www.neso.energy/data-portal/transmission-entry-capacity-tec-register,55.914990,-4.350008,DRUMCHAPEL,Exact normalized name,High,100.0,https://doi.org/10.5285/0eed5c99-f409-4329-a98e-47f496bb88a2,Lovett & Sünnenberg GB substations dataset; DRUMCHAPEL; SP ENERGY NETWORKS; GSP,Exact normalized name; score 100.0/100; next-candidate margin 0.0. Coordinates represent the matched mapped feature.
Drummuir Windfarm at Keith 33kV Grid Supply Point,Hill of Towie/Drummuir,HILL OF TOWIE LIMITED,Wind Onshore,PRO-000234,https://www.neso.energy/data-portal/transmission-entry-capacity-tec-register,57.622834,-3.341046,Hill of Towie (Drummuir),TEC project matched to DESNZ REPD,Medium,100.0,https://www.gov.uk/government/publications/renewable-energy-planning-database-quarterly-extract,"DESNZ REPD ref 4014: Hill of Towie (Drummuir); Hill of Towie, Knockan and McHattie's Cairn, Drummuir, Keith, Banffshire, Moray; planning ref 02/02099/EIA",TEC project matched to DESNZ REPD; score 100.0/100; next-candidate margin 100.0. Coordinates represent the matched mapped feature.
Dumfries 132/33kV,Dalswinton | Kellwood Road BESS | Mosspark Energy Park,DALSWINTON WINDFARM (SCOTLAND) LIMITED | Geocore (Kellwood) Ltd | REG Power Developments Limited,Wind Onshore | Energy Storage System | Energy Storage System;PV Array (Photo Voltaic/solar),PRO-000118 | PRO-003710 | PRO-004879,https://www.neso.energy/data-portal/transmission-entry-capacity-tec-register,55.067995,-3.590997,DUMFRIES,Exact normalized name,High,100.0,https://doi.org/10.5285/0eed5c99-f409-4329-a98e-47f496bb88a2,Lovett & Sünnenberg GB substations dataset; DUMFRIES; SP ENERGY NETWORKS; PSS,Exact normalized name; score 100.0/100; next-candidate margin 0.0. Coordinates represent the matched mapped feature.
Dumfries North 400/132kV substation,Balgray Wind Farm,FRED OLSEN RENEWABLES LIMITED,Energy Storage System;Wind Onshore,PRO-005816,https://www.neso.energy/data-portal/transmission-entry-capacity-tec-register,51.803124,-0.804375,North Drive Substation,Candidate infrastructure match,Low,80.0,https://www.openstreetmap.org/way/517468604,OpenStreetMap named substation feature: North Drive Substation,Candidate infrastructure match; score 80.0/100; next-candidate margin 3.3. Coordinates represent the matched mapped feature.
Dumfries North 400kV,Kellhead,GREENTECH PROJECTS HOLDING UK LIMITED,Energy Storage System;PV Array (Photo Voltaic/solar),PRO-006055,https://www.neso.energy/data-portal/transmission-entry-capacity-tec-register,51.803124,-0.804375,North Drive Substation,Candidate infrastructure match,Low,80.0,https://www.openstreetmap.org/way/517468604,OpenStreetMap named substation feature: North Drive Substation,Candidate infrastructure match; score 80.0/100; next-candidate margin 7.3. Coordinates represent the matched mapped feature.
Dun Hill 132/33kV,Windy Standard 1 Repower | Windy Standard II (Brockloch Rig) Wind Farm | Windy Standard III Wind Farm,FRED OLSEN RENEWABLES LIMITED | BROCKLOCH RIG WINDFARM LIMITED | Windy Standard III Limited,Wind Onshore,PRO-006071 | PRO-000233 | PRO-000359-1 | PRO-000359-2,https://www.neso.energy/data-portal/transmission-entry-capacity-tec-register,55.313023,-4.203340,Dun Hill Substation,Exact normalized name,High,100.0,https://www.openstreetmap.org/way/820196441,OpenStreetMap named substation feature: Dun Hill Substation,Exact normalized name; score 100.0/100; next-candidate margin 100.0. Coordinates represent the matched mapped feature.
DUNACH WIND 132KV SUBSTATION,Dunach Wind Farm,GALILEO 04 LIMITED,Wind Onshore,PRO-002754,https://www.neso.energy/data-portal/transmission-entry-capacity-tec-register,56.371648,-5.451574,Dunach Farm,TEC project geocoded-area proxy,Low,100.0,https://www.openstreetmap.org/way/946103222,TEC project 'Dunach Wind Farm' matched via OpenStreetMap/Photon to Dunach Farm; Argyll and Bute,"TEC project geocoded-area proxy; score 100.0/100; next-candidate margin 100.0. Coordinates are a geographic proxy, not the confirmed electrical asset."
Dunan Hill 400kV substation,Dunan Hill,PERIGUS ENERGY UK LIMITED,Energy Storage System;Wind Onshore,PRO-004433,https://www.neso.energy/data-portal/transmission-entry-capacity-tec-register,55.313023,-4.203340,Dun Hill Substation,Fuzzy infrastructure match,Medium,88.9,https://www.openstreetmap.org/way/820196441,OpenStreetMap named substation feature: Dun Hill Substation,Fuzzy infrastructure match; score 88.9/100; next-candidate margin 8.9. Coordinates represent the matched mapped feature.
Dunbar 132/33kV,Pitcox BESS,ABEI ENERGY LIMITED,Energy Storage System,PRO-005985,https://www.neso.energy/data-portal/transmission-entry-capacity-tec-register,55.977995,-2.572993,DUNBAR,Exact normalized name,High,100.0,https://doi.org/10.5285/0eed5c99-f409-4329-a98e-47f496bb88a2,Lovett & Sünnenberg GB substations dataset; DUNBAR; SP ENERGY NETWORKS; GSP,Exact normalized name; score 100.0/100; next-candidate margin 0.0. Coordinates represent the matched mapped feature.
Dunfermline 132/33kV,Outh Muir Energy Park,Grupotec Solar UK 4 Ltd,Energy Storage System;PV Array (Photo Voltaic/solar),PRO-002456,https://www.neso.energy/data-portal/transmission-entry-capacity-tec-register,56.089995,-3.448994,DUNFERMLINE,Exact normalized name,High,100.0,https://doi.org/10.5285/0eed5c99-f409-4329-a98e-47f496bb88a2,Lovett & Sünnenberg GB substations dataset; DUNFERMLINE; SP ENERGY NETWORKS; GSP,Exact normalized name; score 100.0/100; next-candidate margin 100.0. Coordinates represent the matched mapped feature.
Dungeness 275kV Substation,Dungeness B,EDF Energy Nuclear Generation Limited,Nuclear,PRO-000133,https://www.neso.energy/data-portal/transmission-entry-capacity-tec-register,50.914211,0.963837,DUNGENESS 275KV S/S,Exact normalized name,High,100.0,https://doi.org/10.5285/0eed5c99-f409-4329-a98e-47f496bb88a2,Lovett & Sünnenberg GB substations dataset; DUNGENESS 275KV S/S; NATIONAL GRID; TRANS,Exact normalized name; score 100.0/100; next-candidate margin 0.0. Coordinates represent the matched mapped feature.
Dungeness 400kV Substation,BLUE PLANET SOLAR | Dungeness Energy Park,BLUE PLANET SOLAR LIMITED | SOUTH KENT ENERGY PARK LIMITED,Energy Storage System;PV Array (Photo Voltaic/solar),PRO-001703 | PRO-001986,https://www.neso.energy/data-portal/transmission-entry-capacity-tec-register,50.914995,0.947424,DUNGENESS 400KV S/S,Exact normalized name,High,100.0,https://doi.org/10.5285/0eed5c99-f409-4329-a98e-47f496bb88a2,Lovett & Sünnenberg GB substations dataset; DUNGENESS 400KV S/S; NATIONAL GRID; TRANS,Exact normalized name; score 100.0/100; next-candidate margin 0.0. Coordinates represent the matched mapped feature.
Dunlaw Extension 132/33kV,Ditcher Law | Dunlaw Extension,E Power Limited | SCOTTISHPOWER RENEWABLES (UK) LIMITED,Energy Storage System;Wind Onshore | Wind Onshore,PRO-006102 | PRO-000061,https://www.neso.energy/data-portal/transmission-entry-capacity-tec-register,55.804806,-2.841630,Dun Law Wind Farm Substation,Candidate infrastructure match,Low,92.3,https://www.openstreetmap.org/way/150705182,OpenStreetMap named substation feature: Dun Law Wind Farm Substation,Candidate infrastructure match; score 92.3/100; next-candidate margin 0.0. Coordinates represent the matched mapped feature.
Dunlop 132kV Substation,Fort Dunlop,WHITETOWER ENERGY LIMITED,OCGT (Open Cycle Gas Turbine),PRO-000160,https://www.neso.energy/data-portal/transmission-entry-capacity-tec-register,52.509792,-1.809607,DUNLOP 132KV,Exact normalized name,High,100.0,https://doi.org/10.5285/0eed5c99-f409-4329-a98e-47f496bb88a2,Lovett & Sünnenberg GB substations dataset; DUNLOP 132KV; WESTERN POWER DISTRIBUTION; BSP,Exact normalized name; score 100.0/100; next-candidate margin 0.0. Coordinates represent the matched mapped feature.
Dunmaglass 132kV Substation,Dunmaglass Wind Farm,DUNMAGLASS WIND FARM LIMITED,Wind Onshore,PRO-000076,https://www.neso.energy/data-portal/transmission-entry-capacity-tec-register,57.270735,-4.307195,Dunmaglass Wind Farm Substation,Exact normalized name,High,100.0,https://www.openstreetmap.org/way/689624523,OpenStreetMap named substation feature: Dunmaglass Wind Farm Substation,Exact normalized name; score 100.0/100; next-candidate margin 0.0. Coordinates represent the matched mapped feature.
Dunoon GSP,Giants Burn Wind Farm,GB WIND FARM LIMITED,Wind Onshore,PRO-002232,https://www.neso.energy/data-portal/transmission-entry-capacity-tec-register,55.955838,-4.930685,DUNOON,Exact normalized name,High,100.0,https://doi.org/10.5285/0eed5c99-f409-4329-a98e-47f496bb88a2,Lovett & Sünnenberg GB substations dataset; DUNOON; SSE NETWORKS; PSS,Exact normalized name; score 100.0/100; next-candidate margin 0.0. Coordinates represent the matched mapped feature.
Dunstable 400kV Substation,Hipsey BESS | Hockliffe GEC (Ethos Green) | Woburn Solar Farm,KONA ASSET 2 LIMITED | HOCKLIFFE GREEN ENERGY CENTRE LTD | SolarThree Ltd,Energy Storage System | Demand;Energy Storage System;PV Array (Photo Voltaic/solar);Reactive Compensation | PV Array (Photo Voltaic/solar),PRO-003051 | PRO-004342 | PRO-003033,https://www.neso.energy/data-portal/transmission-entry-capacity-tec-register,51.885423,-0.523779,DUNSTABLE PRIMARY,Exact normalized name,High,100.0,https://doi.org/10.5285/0eed5c99-f409-4329-a98e-47f496bb88a2,Lovett & Sünnenberg GB substations dataset; DUNSTABLE PRIMARY; UK POWER NETWORKS; PSS,Exact normalized name; score 100.0/100; next-candidate margin 100.0. Coordinates represent the matched mapped feature.
Dunvegan 132/33kV Grid Supply Point Substation,Gleann Eoghainn,Renantis UK Limited,Wind Onshore,PRO-001275,https://www.neso.energy/data-portal/transmission-entry-capacity-tec-register,57.664753,-3.321173,Elgin Grid Supply Point,Candidate infrastructure match,Low,82.1,https://www.openstreetmap.org/way/89893627,OpenStreetMap named substation feature: Elgin Grid Supply Point,Candidate infrastructure match; score 82.1/100; next-candidate margin 3.1. Coordinates represent the matched mapped feature.
Dyce 132/33kV GSP,Kincraig Energy Centre | Perwinnes,KINCRAIG ENERGY CENTRE LIMITED | PERWINNES SOLAR AND BATTERY STORAGE LIMITED,Energy Storage System;PV Array (Photo Voltaic/solar),PRO-001810 | PRO-001934,https://www.neso.energy/data-portal/transmission-entry-capacity-tec-register,57.215795,-2.190057,DYCE,Exact normalized name,High,100.0,https://doi.org/10.5285/0eed5c99-f409-4329-a98e-47f496bb88a2,Lovett & Sünnenberg GB substations dataset; DYCE; SSE NETWORKS; GSP,Exact normalized name; score 100.0/100; next-candidate margin 100.0. Coordinates represent the matched mapped feature.
EA2A and EA2B 275/66kV Offshore Platform,East Anglia Two,EAST ANGLIA TWO LIMITED,Wind Offshore,PRO-000134-1 | PRO-000134-2,https://www.neso.energy/data-portal/transmission-entry-capacity-tec-register,,,,No reliable infrastructure match,Unresolved,56.6,,,Best candidate 'Neart na Gaoithe Offshore Substation Platform South' scored 56.6; below reliability threshold.
Earba PSH Powerhouse Substation,Earba PSH,EARBA LIMITED,Pump Storage,PRO-004030-1 | PRO-004030-2,https://www.neso.energy/data-portal/transmission-entry-capacity-tec-register,,,,No reliable infrastructure match,Unresolved,65.1,,,Best candidate 'Pant yr Afon Powerhouse' scored 65.1; below reliability threshold.
Earl Shilton 275kV,Earl Shilton BESS,Exagen Normanton Energy Reserve Limited,Energy Storage System,PRO-001950,https://www.neso.energy/data-portal/transmission-entry-capacity-tec-register,52.575502,-1.316095,Earl Shilton,Town/locality proxy,Medium,100.0,https://www.openstreetmap.org/node/27042207,OpenStreetMap named town: Earl Shilton,"Town/locality proxy; score 100.0/100; next-candidate margin 100.0. Coordinates are a geographic proxy, not the confirmed electrical asset."
Earl Shilton 400kV Substation,Enderby BESS,EARL SHILTON ENERGY PARK LIMITED,Energy Storage System,PRO-003872,https://www.neso.energy/data-portal/transmission-entry-capacity-tec-register,52.575502,-1.316095,Earl Shilton,Town/locality proxy,Medium,100.0,https://www.openstreetmap.org/node/27042207,OpenStreetMap named town: Earl Shilton,"Town/locality proxy; score 100.0/100; next-candidate margin 100.0. Coordinates are a geographic proxy, not the confirmed electrical asset."
Earraghail 275/33KV Substation,Earraghail Renewable Energy Development (formerly Skipness & Corranbuie),SCOTTISHPOWER RENEWABLES (UK) LIMITED,Energy Storage System;PV Array (Photo Voltaic/solar);Wind Onshore,PRO-001139,https://www.neso.energy/data-portal/transmission-entry-capacity-tec-register,,,,No reliable infrastructure match,Unresolved,64.0,,,Best candidate 'EARLS HALL FARM GENERATION' scored 64.0; below reliability threshold.
East Anglia Connection Node E 400kV Substation,Manor Farm,QAIR RENEWABLES UK LIMITED,Energy Storage System,PRO-004269,https://www.neso.energy/data-portal/transmission-entry-capacity-tec-register,52.073932,1.056683,East Anglia ONE Substation,Candidate infrastructure match,Low,84.8,https://www.openstreetmap.org/way/690336297,OpenStreetMap named substation feature: East Anglia ONE Substation,Candidate infrastructure match; score 84.8/100; next-candidate margin 18.2. Coordinates represent the matched mapped feature.
East Anglia Project Three Offshore Platform,East Anglia Three,EAST ANGLIA THREE LIMITED,Wind Offshore,PRO-000270-1 | PRO-000270-2,https://www.neso.energy/data-portal/transmission-entry-capacity-tec-register,,,,No reliable infrastructure match,Unresolved,68.9,,,Best candidate 'East Anglia THREE Converter Station' scored 68.9; below reliability threshold.
East Claydon 400kV Substation,Alderton PV & BESS Station | East Claydon Green Energy Centre | East Claydon Greener Grid Park | East Claydon High Impact Green Energy Hub (HIGEH) 1 | East Claydon Storage | Rosefield,BNRG ALBION LIMITED | EAST CLAYDON GREEN NG LIMITED | East Claydon Energy Limited | EAST CLAYDON STORAGE LIMITED | Rosefield Energyfarm Limited,Energy Storage System;PV Array (Photo Voltaic/solar) | Demand;Energy Storage System;PV Array (Photo Voltaic/solar) | Energy Storage System | Energy Storage System;Nuclear;PV Array (Photo Voltaic/solar);Reactive Compensation;Wind Onshore,PRO-002764 | PRO-002383-1 | PRO-002383-2 | PRO-002314 | PRO-002652 | PRO-001573 | PRO-001044,https://www.neso.energy/data-portal/transmission-entry-capacity-tec-register,51.926229,-0.907163,EAST CLAYDON 400KV S/S,Exact normalized name,High,100.0,https://doi.org/10.5285/0eed5c99-f409-4329-a98e-47f496bb88a2,Lovett & Sünnenberg GB substations dataset; EAST CLAYDON 400KV S/S; NATIONAL GRID; TRANS,Exact normalized name; score 100.0/100; next-candidate margin 0.0. Coordinates represent the matched mapped feature.
East Claydon GSP (NGED EM),Sulgrave Solar PV,EDF ENERGY RENEWABLES LIMITED,PV Array (Photo Voltaic/solar),PRO-001572,https://www.neso.energy/data-portal/transmission-entry-capacity-tec-register,52.106196,-1.191512,Sulgrave,TEC project-derived locality proxy,Low,96.0,https://www.openstreetmap.org/node/33248786,OpenStreetMap named village: Sulgrave,"TEC project-derived locality proxy; score 96.0/100; next-candidate margin 0.0. Coordinates are a geographic proxy, not the confirmed electrical asset."
East Kent connection node A 400kV Substation,Dungeness Energy Park (Dungeness 400kV) | Fairmead and Yewtree Farm | GF SELLINDGE BESS | Henley Downs Farm BESS | Lightsource Newchurch PV/BESS | Newchurch High Impact Energy Hub | Sellindge West,SOUTH KENT ENERGY PARK LIMITED | QAIR RENEWABLES UK LIMITED | GF Sellindge Energy Ltd | NINFIELD BESS LTD | Lightsource Renewable UK Development Limited | TELIS ENERGY UK LIMITED | Sellindge West 10 Renewables Limited,Energy Storage System;PV Array (Photo Voltaic/solar) | Energy Storage System | Energy Storage System;Nuclear;PV Array (Photo Voltaic/solar);Wind Onshore,PRO-005021 | PRO-004291 | PRO-004228 | PRO-003171 | PRO-003717 | PRO-004525 | PRO-003412,https://www.neso.energy/data-portal/transmission-entry-capacity-tec-register,51.108646,0.988375,Sellindge,TEC project-derived locality proxy,Low,96.0,https://www.openstreetmap.org/node/29165384,OpenStreetMap named village: Sellindge,"TEC project-derived locality proxy; score 96.0/100; next-candidate margin 96.0. Coordinates are a geographic proxy, not the confirmed electrical asset."
EAST KENT CONNECTION NODE B 132KV SUBSTATION,Woodlands Farm BESS,SKY UK DEVELOPMENT LIMITED,Energy Storage System,PRO-004270,https://www.neso.energy/data-portal/transmission-entry-capacity-tec-register,57.624206,-4.408451,Woodlands Wind Farm,TEC project matched to DESNZ REPD,Low,100.0,https://www.gov.uk/government/publications/renewable-energy-planning-database-quarterly-extract,DESNZ REPD ref 4308: Woodlands Wind Farm; Land At Woodlands Farm Dingwall; planning ref 13/04703/FUL,TEC project matched to DESNZ REPD; score 100.0/100; next-candidate margin 0.0. Coordinates represent the matched mapped feature.
East Kent Connection Node B 400kV Substation,Canterbury North | Project Invicta,Canterbury North 10 Renewables Limited | PROJECT INVICTA LIMITED,Energy Storage System;PV Array (Photo Voltaic/solar) | Energy Storage System;PV Array (Photo Voltaic/solar);Wind Onshore,PRO-003414 | PRO-004133,https://www.neso.energy/data-portal/transmission-entry-capacity-tec-register,,,,No reliable infrastructure match,Unresolved,66.7,,,Best candidate 'EAST BEDFONT B' scored 66.7; below reliability threshold.
East Kilbride 275/33kV GSP,Rogerton Cottage BESS,DRAX BESS EK LIMITED,Energy Storage System,PRO-003543,https://www.neso.energy/data-portal/transmission-entry-capacity-tec-register,55.785989,-4.193992,EAST KILBRIDE,Exact normalized name,High,100.0,https://doi.org/10.5285/0eed5c99-f409-4329-a98e-47f496bb88a2,Lovett & Sünnenberg GB substations dataset; EAST KILBRIDE; SP ENERGY NETWORKS; GSP,Exact normalized name; score 100.0/100; next-candidate margin 0.0. Coordinates represent the matched mapped feature.
East Kilbride 275kV Substation,Rutherend Farm,ECOCEL ENERGY (STORAGE) LTD,Energy Storage System,PRO-004530,https://www.neso.energy/data-portal/transmission-entry-capacity-tec-register,55.785989,-4.193992,EAST KILBRIDE,Exact normalized name,High,100.0,https://doi.org/10.5285/0eed5c99-f409-4329-a98e-47f496bb88a2,Lovett & Sünnenberg GB substations dataset; EAST KILBRIDE; SP ENERGY NETWORKS; GSP,Exact normalized name; score 100.0/100; next-candidate margin 0.0. Coordinates represent the matched mapped feature.
East Kilbride B 275/33kV Substation,AGS Nerston 2 BESS | AGS Nerston 3 BESS | AGS Nerston BESS,Advance Grid Solutions Limited,Energy Storage System,PRO-004226 | PRO-004227 | PRO-004216,https://www.neso.energy/data-portal/transmission-entry-capacity-tec-register,55.760574,-4.177663,East Kilbride,Town/locality proxy,Medium,96.0,https://www.openstreetmap.org/node/31918488,OpenStreetMap named town: East Kilbride,"Town/locality proxy; score 96.0/100; next-candidate margin 10.3. Coordinates are a geographic proxy, not the confirmed electrical asset."
Easterhouse 275kV,Whitehill Battery Storage,Whitehill Battery Storage Ltd,Energy Storage System,PRO-002093,https://www.neso.energy/data-portal/transmission-entry-capacity-tec-register,55.879995,-4.075994,EASTERHOUSE,Exact normalized name,High,100.0,https://doi.org/10.5285/0eed5c99-f409-4329-a98e-47f496bb88a2,Lovett & Sünnenberg GB substations dataset; EASTERHOUSE; SP ENERGY NETWORKS; GSP,Exact normalized name; score 100.0/100; next-candidate margin 0.0. Coordinates represent the matched mapped feature.
Eaton Socon 400kV Substation,Eaton Socon High Impact Green Energy Hub (HIGEH) 1 | Eaton Socon PV Storage | Eaton Socon Solar | Little Barford,TELIS ENERGY UK LIMITED | CSE37 Limited | BROCKWELL STORAGE & SOLAR LIMITED | RWE Generation UK Plc,Energy Storage System;Nuclear;PV Array (Photo Voltaic/solar);Reactive Compensation;Wind Onshore | Energy Storage System;PV Array (Photo Voltaic/solar) | CCGT (Combined Cycle Gas Turbine);Energy Storage System,PRO-002656 | PRO-002218 | PRO-001513 | PRO-000125,https://www.neso.energy/data-portal/transmission-entry-capacity-tec-register,52.214964,-0.302403,EATON SOCON 400KV S/S,Exact normalized name,High,100.0,https://doi.org/10.5285/0eed5c99-f409-4329-a98e-47f496bb88a2,Lovett & Sünnenberg GB substations dataset; EATON SOCON 400KV S/S; NATIONAL GRID; TRANS,Exact normalized name; score 100.0/100; next-candidate margin 0.0. Coordinates represent the matched mapped feature.
Eccles 400/132kV,AMP Eccles BESS | Coldstream BESS | Pittlesheugh Farm,Eccles Grid Stability Limited | IGP ENERGY STORAGE 4 LIMITED | Pittlesheugh Farm BESS Limited,Energy Storage System,PRO-003836 | PRO-003572 | PRO-002547,https://www.neso.energy/data-portal/transmission-entry-capacity-tec-register,55.668992,-2.326993,ECCLES,Exact normalized name,High,100.0,https://doi.org/10.5285/0eed5c99-f409-4329-a98e-47f496bb88a2,Lovett & Sünnenberg GB substations dataset; ECCLES; SP ENERGY NETWORKS; GSP,Exact normalized name; score 100.0/100; next-candidate margin 0.0. Coordinates represent the matched mapped feature.
Eccles 400kV Substation,Eccles BESS | Zenobe Eccles Battery Storage,Eccles Energy Centre Limited | ZENOBE ECCLES LIMITED,Energy Storage System,PRO-001470 | PRO-001779,https://www.neso.energy/data-portal/transmission-entry-capacity-tec-register,55.669402,-2.328315,ECCLES ,Exact normalized name,High,100.0,https://doi.org/10.5285/0eed5c99-f409-4329-a98e-47f496bb88a2,Lovett & Sünnenberg GB substations dataset; ECCLES ; SP ENERGY NETWORKS; TRANS,Exact normalized name; score 100.0/100; next-candidate margin 0.0. Coordinates represent the matched mapped feature.
Eccles GSP,Coldstream Solar PV Plant,Conrad Energy (Developments) II Limited,PV Array (Photo Voltaic/solar),PRO-003635,https://www.neso.energy/data-portal/transmission-entry-capacity-tec-register,55.669402,-2.328315,ECCLES ,Exact normalized name,High,100.0,https://doi.org/10.5285/0eed5c99-f409-4329-a98e-47f496bb88a2,Lovett & Sünnenberg GB substations dataset; ECCLES ; SP ENERGY NETWORKS; TRANS,Exact normalized name; score 100.0/100; next-candidate margin 0.0. Coordinates represent the matched mapped feature.
ECOKILWINNING 132KV SUBSTATION,EcoKilwinning,Econergy International Limited,Energy Storage System;PV Array (Photo Voltaic/solar),PRO-003559,https://www.neso.energy/data-portal/transmission-entry-capacity-tec-register,,,,No reliable infrastructure match,Unresolved,54.5,,,Best candidate 'ECKINGTON 33/11KV' scored 54.5; below reliability threshold.
Ecomossmorran 400kV Substation,EcoMossmorran,Econergy International Limited,Energy Storage System;PV Array (Photo Voltaic/solar),PRO-003469,https://www.neso.energy/data-portal/transmission-entry-capacity-tec-register,,,,No reliable infrastructure match,Unresolved,58.3,,,Best candidate 'Exmoor Road S/S' scored 58.3; below reliability threshold.
Edinbane 132/33kV Substation,Edinbane Windfarm | Glenmore,VATTENFALL WIND POWER LTD | AEUK WIND PROJECT II LTD,Energy Storage System;Wind Onshore | Wind Onshore,PRO-000135-1 | PRO-000135-2 | PRO-004445,https://www.neso.energy/data-portal/transmission-entry-capacity-tec-register,57.434458,-6.409634,Edinbane,Exact normalized name,High,100.0,https://www.openstreetmap.org/relation/8041182,OpenStreetMap named plant feature: Edinbane,Exact normalized name; score 100.0/100; next-candidate margin 0.0. Coordinates represent the matched mapped feature.
Eggborough 400kV Substation,Eggborough | Eggborough BESS | Eggborough CCGT - OCGT - BESS,SSE EGGBOROUGH LIMITED | Fig Power Limited | EGGBOROUGH POWER LIMITED,Energy Storage System | CCGT (Combined Cycle Gas Turbine);Energy Storage System;OCGT (Open Cycle Gas Turbine),PRO-002049 | PRO-004997 | PRO-000136-1 | PRO-000136-2,https://www.neso.energy/data-portal/transmission-entry-capacity-tec-register,53.713388,-1.129737,EGGBOROUGH 400KV S/S,Exact normalized name,High,100.0,https://doi.org/10.5285/0eed5c99-f409-4329-a98e-47f496bb88a2,Lovett & Sünnenberg GB substations dataset; EGGBOROUGH 400KV S/S; NATIONAL GRID; TRANS,Exact normalized name; score 100.0/100; next-candidate margin 0.0. Coordinates represent the matched mapped feature.
Elchies 132/33kV Substation,Elchies Wind Farm,ELCHIES WIND LIMITED,Wind Onshore,PRO-000151-1 | PRO-000151-2,https://www.neso.energy/data-portal/transmission-entry-capacity-tec-register,,,,No reliable infrastructure match,Unresolved,62.5,,,Best candidate 'Ely Homes Substation' scored 62.5; below reliability threshold.
Elderslie 132/33kV,Middleton Farm Solar | Well Street Paisley,Bluestone Energy Ltd | Gas Generation Property Limited,PV Array (Photo Voltaic/solar) | Energy Storage System,PRO-003977 | PRO-002265,https://www.neso.energy/data-portal/transmission-entry-capacity-tec-register,55.840990,-4.465002,ELDERSLIE,Exact normalized name,High,100.0,https://doi.org/10.5285/0eed5c99-f409-4329-a98e-47f496bb88a2,Lovett & Sünnenberg GB substations dataset; ELDERSLIE; SP ENERGY NETWORKS; GSP,Exact normalized name; score 100.0/100; next-candidate margin 0.0. Coordinates represent the matched mapped feature.
Elgin GSP,Elgin BESS,GPC 612 Ltd,Energy Storage System,PRO-002650,https://www.neso.energy/data-portal/transmission-entry-capacity-tec-register,57.664929,-3.321545,ELGIN,Exact normalized name,High,100.0,https://doi.org/10.5285/0eed5c99-f409-4329-a98e-47f496bb88a2,Lovett & Sünnenberg GB substations dataset; ELGIN; SSE NETWORKS; PSS,Exact normalized name; score 100.0/100; next-candidate margin 0.0. Coordinates represent the matched mapped feature.
Elland 132kV Substation,Elland BESS,O&G Solar (SPV 39) Limited,Energy Storage System,PRO-003870,https://www.neso.energy/data-portal/transmission-entry-capacity-tec-register,53.694916,-1.822603,ELLAND 132KV S/S,Exact normalized name,High,100.0,https://doi.org/10.5285/0eed5c99-f409-4329-a98e-47f496bb88a2,Lovett & Sünnenberg GB substations dataset; ELLAND 132KV S/S; NATIONAL GRID; GSP,Exact normalized name; score 100.0/100; next-candidate margin 0.0. Coordinates represent the matched mapped feature.
Elmya Grange 400kV,Elmya Grange Road,ELMYA RPC UK GRANGE ROAD LIMITED,Energy Storage System;PV Array (Photo Voltaic/solar),PRO-002340,https://www.neso.energy/data-portal/transmission-entry-capacity-tec-register,,,,No reliable infrastructure match,Unresolved,75.0,,,Best candidate 'Denby Grange Substation' scored 75.0; below reliability threshold.
Elmya Morningside 400kV Substation,Elmya Morningside BESS & PV,ELMYA RPC UK MORNINGSIDE LIMITED,Energy Storage System;PV Array (Photo Voltaic/solar),PRO-004396,https://www.neso.energy/data-portal/transmission-entry-capacity-tec-register,55.929691,-3.211847,Morningside,Town/locality proxy,Low,78.6,https://www.openstreetmap.org/relation/17710459,OpenStreetMap named suburb: Morningside,"Town/locality proxy; score 78.6/100; next-candidate margin 0.0. Coordinates are a geographic proxy, not the confirmed electrical asset."
ELSTREE B 275KV SUBSTATION,Elstree BESS NP,ELSTREE FLEXPOWER LTD,Energy Storage System,PRO-002776,https://www.neso.energy/data-portal/transmission-entry-capacity-tec-register,51.661045,-0.343267,ELSTREE 275KV S/S,Strong name match,High,100.0,https://doi.org/10.5285/0eed5c99-f409-4329-a98e-47f496bb88a2,Lovett & Sünnenberg GB substations dataset; ELSTREE 275KV S/S; NATIONAL GRID; TRANS,Strong name match; score 100.0/100; next-candidate margin 4.0. Coordinates represent the matched mapped feature.
Elton (Merseyside 132kV Substation),Weaver Island 150MW BESS,Weaver Island BESS Ltd,Energy Storage System,PRO-002714,https://www.neso.energy/data-portal/transmission-entry-capacity-tec-register,,,,No reliable infrastructure match,Unresolved,50.0,,,Best candidate 'ELTON 33/11KV' scored 50.0; below reliability threshold.
Elvanfoot 275/132/33kV,Ravengill Renewable Energy Park,RENEWCO POWER LIMITED,Energy Storage System;PV Array (Photo Voltaic/solar);Wind Onshore,PRO-004257,https://www.neso.energy/data-portal/transmission-entry-capacity-tec-register,55.438130,-3.658386,Elvanfoot,Town/locality proxy,Low,81.8,https://www.openstreetmap.org/node/247170380,OpenStreetMap named village: Elvanfoot,"Town/locality proxy; score 81.8/100; next-candidate margin 81.8. Coordinates are a geographic proxy, not the confirmed electrical asset."
Elvanfoot 400/275/33kV,Elvanfoot (9.8 MW) Energy Storage,ELVANFOOT ENERGY STORAGE LIMITED,Energy Storage System,PRO-001721,https://www.neso.energy/data-portal/transmission-entry-capacity-tec-register,55.438130,-3.658386,Elvanfoot,Town/locality proxy,Low,81.8,https://www.openstreetmap.org/node/247170380,OpenStreetMap named village: Elvanfoot,"Town/locality proxy; score 81.8/100; next-candidate margin 81.8. Coordinates are a geographic proxy, not the confirmed electrical asset."
ELVANFOOT ENERGY STORAGE 132/33KV COLLECTOR SUBSTATION,Elvanfoot (25MW) Energy Storage | Elvanfoot (50MW) Energy Storage,ELVANFOOT ENERGY STORAGE 3 LIMITED | ELVANFOOT ENERGY STORAGE 2 LIMITED,Energy Storage System,PRO-003278 | PRO-003279,https://www.neso.energy/data-portal/transmission-entry-capacity-tec-register,55.438130,-3.658386,Elvanfoot,Town/locality proxy,Low,64.3,https://www.openstreetmap.org/node/247170380,OpenStreetMap named village: Elvanfoot,"Town/locality proxy; score 64.3/100; next-candidate margin 64.3. Coordinates are a geographic proxy, not the confirmed electrical asset."
Elvanfoot substation,Priestgill Wind Farm,PRIESTGILL WIND FARM LIMITED,Wind Onshore,PRO-000448,https://www.neso.energy/data-portal/transmission-entry-capacity-tec-register,55.436309,-3.673103,ELVANFOOT ,Exact normalized name,High,100.0,https://doi.org/10.5285/0eed5c99-f409-4329-a98e-47f496bb88a2,Lovett & Sünnenberg GB substations dataset; ELVANFOOT ; SP ENERGY NETWORKS; TRANS,Exact normalized name; score 100.0/100; next-candidate margin 0.0. Coordinates represent the matched mapped feature.
Enderby 400kV Substation,Enderby (Akira) | Enderby Green Energy Centre | Enderby Tertiary | Rugby High Impact Green Energy Hub (HIGEH) 1,ENDERBY BATTERY STORAGE LIMITED | ENDERBY BESS LIMITED | CLUMP FARM SOLAR LIMITED | TELIS ENERGY UK LIMITED,Energy Storage System | Energy Storage System;PV Array (Photo Voltaic/solar) | PV Array (Photo Voltaic/solar) | Energy Storage System;Nuclear;PV Array (Photo Voltaic/solar);Wind Onshore,PRO-000426 | PRO-002177 | PRO-000430 | PRO-003626,https://www.neso.energy/data-portal/transmission-entry-capacity-tec-register,52.597617,-1.217057,ENDERBY 400KV S/S,Exact normalized name,High,100.0,https://doi.org/10.5285/0eed5c99-f409-4329-a98e-47f496bb88a2,Lovett & Sünnenberg GB substations dataset; ENDERBY 400KV S/S; NATIONAL GRID; TRANS,Exact normalized name; score 100.0/100; next-candidate margin 0.0. Coordinates represent the matched mapped feature.
Energy Isles 132kV Substation,Energy Isles,ENERGY ISLES SHETLAND LIMITED,Wind Onshore,PRO-000447,https://www.neso.energy/data-portal/transmission-entry-capacity-tec-register,60.704098,-1.089709,Energy Isles Wind Farm,TEC project matched to DESNZ REPD,Medium,100.0,https://www.gov.uk/government/publications/renewable-energy-planning-database-quarterly-extract,"DESNZ REPD ref 14999: Energy Isles Wind Farm; West Of Cullivoe South Of Gloup, Yell, Shetland; planning ref ECU00001844",TEC project matched to DESNZ REPD; score 100.0/100; next-candidate margin 100.0. Coordinates represent the matched mapped feature.
Enoch Hill 132/33kV Substation,Enoch Hill,RWE Renewables UK Onshore Wind Limited,Energy Storage System;Wind Onshore,PRO-000152,https://www.neso.energy/data-portal/transmission-entry-capacity-tec-register,55.354087,-4.281970,Enoch Hill substation,Exact normalized name,High,100.0,https://www.openstreetmap.org/way/1421788789,OpenStreetMap named substation feature: Enoch Hill substation,Exact normalized name; score 100.0/100; next-candidate margin 0.0. Coordinates represent the matched mapped feature.
Enoch Hill 2 Wind Farm 33kV Substation,Enoch Hill 2 Wind Farm,RWE Renewables UK Onshore Wind Limited,Energy Storage System;Wind Onshore,PRO-000478,https://www.neso.energy/data-portal/transmission-entry-capacity-tec-register,55.354087,-4.281970,Enoch Hill substation,Candidate infrastructure match,Low,96.0,https://www.openstreetmap.org/way/1421788789,OpenStreetMap named substation feature: Enoch Hill substation,Candidate infrastructure match; score 96.0/100; next-candidate margin 0.0. Coordinates represent the matched mapped feature.
EQUINOR 66KV OFFSHORE SUBSTATION,Equinor Celtic Sea 2,EQUINOR NEW ENERGY LIMITED,Wind Offshore,PRO-004038,https://www.neso.energy/data-portal/transmission-entry-capacity-tec-register,,,,No reliable infrastructure match,Unresolved,66.7,,,Best candidate 'Edintore' scored 66.7; below reliability threshold.
Er Bbr Energy 132kV Substation,ER BBR Energy,ER PROJECT DEVELOPMENT CO LIMITED,Energy Storage System;PV Array (Photo Voltaic/solar),PRO-003508,https://www.neso.energy/data-portal/transmission-entry-capacity-tec-register,,,,No reliable infrastructure match,Unresolved,66.7,,,Best candidate 'Kings Barn Farm - Energy Barn' scored 66.7; below reliability threshold.
Er Msm Energy 132kV Substation,ER MSM Energy,ER PROJECT DEVELOPMENT CO LIMITED,Energy Storage System;PV Array (Photo Voltaic/solar);Wind Onshore,PRO-003480,https://www.neso.energy/data-portal/transmission-entry-capacity-tec-register,,,,No reliable infrastructure match,Unresolved,72.0,,,Best candidate 'Energy Works' scored 72.0; below reliability threshold.
ERBYSHIRE CONNECTION NODE E 132kV  SUBSTATION,Drakelow Power Station 3 BESS,Bluestone Energy Ltd,Energy Storage System,PRO-004713,https://www.neso.energy/data-portal/transmission-entry-capacity-tec-register,52.774241,-1.653480,Drakelow Solar Farm,TEC project matched to DESNZ REPD,Medium,96.0,https://www.gov.uk/government/publications/renewable-energy-planning-database-quarterly-extract,"DESNZ REPD ref 5145: Drakelow Solar Farm;  Land At, Walton Road, Drakelow, Burton-On-Trent, Staffordshire; planning ref 9/2015/0256",TEC project matched to DESNZ REPD; score 96.0/100; next-candidate margin 96.0. Coordinates represent the matched mapped feature.
Eredine GSP,An Suidhe Wind Farm - Argyll (SRO),AN SUIDHE WIND FARM LIMITED,Wind Onshore,PRO-000009,https://www.neso.energy/data-portal/transmission-entry-capacity-tec-register,56.235398,-5.278139,EREDINE,Exact normalized name,High,100.0,https://doi.org/10.5285/0eed5c99-f409-4329-a98e-47f496bb88a2,Lovett & Sünnenberg GB substations dataset; EREDINE; SSE NETWORKS; PSS,Exact normalized name; score 100.0/100; next-candidate margin 100.0. Coordinates represent the matched mapped feature.
Errochty 132kV Substation,Errochty,SSE Generation Limited,Hydro,PRO-001541,https://www.neso.energy/data-portal/transmission-entry-capacity-tec-register,56.764022,-4.105530,Errochty Dam,Geographic feature proxy,Low,80.0,https://www.openstreetmap.org/way/74388231,OpenStreetMap/Photon geographic feature: Errochty Dam; Perth and Kinross,"Geographic feature proxy; score 80.0/100; next-candidate margin 80.0. Coordinates are a geographic proxy, not the confirmed electrical asset."
Erskine 132/33kV,Care Erskine BEGA,CARE POWER (ERSKINE) LIMITED,Energy Storage System,PRO-006782,https://www.neso.energy/data-portal/transmission-entry-capacity-tec-register,55.903997,-4.460008,ERSKINE,Exact normalized name,High,100.0,https://doi.org/10.5285/0eed5c99-f409-4329-a98e-47f496bb88a2,Lovett & Sünnenberg GB substations dataset; ERSKINE; SP ENERGY NETWORKS; PSS,Exact normalized name; score 100.0/100; next-candidate margin 0.0. Coordinates represent the matched mapped feature.
Euchanhead 132kV Substation,Euchanhead Wind Farm,SCOTTISHPOWER RENEWABLES (UK) LIMITED,Wind Onshore,PRO-001011,https://www.neso.energy/data-portal/transmission-entry-capacity-tec-register,55.313105,-4.107500,Euchanhead Wind Farm,TEC project matched to DESNZ REPD,Low,100.0,https://www.gov.uk/government/publications/renewable-energy-planning-database-quarterly-extract,"DESNZ REPD ref 7775: Euchanhead Wind Farm; App 10km To The SW Of Sanquhar, Euchanhead Renewable Energy De, Sanquhar,; planning ref  ECU00002141",TEC project matched to DESNZ REPD; score 100.0/100; next-candidate margin 0.0. Coordinates represent the matched mapped feature.
Ewehill 132/33kV,Ewe Hill,SCOTTISHPOWER RENEWABLES (UK) LIMITED,Wind Onshore,PRO-001368,https://www.neso.energy/data-portal/transmission-entry-capacity-tec-register,55.142115,-3.178428,Ewe Hill Wind Farm Substation,Candidate infrastructure match,Low,93.3,https://www.openstreetmap.org/way/840111603,OpenStreetMap named substation feature: Ewe Hill Wind Farm Substation,Candidate infrastructure match; score 93.3/100; next-candidate margin 0.0. Coordinates represent the matched mapped feature.
Exeter 132kV Substation,Peak Gen Makro Exeter,PEAK GEN POWER 14 LIMITED,Reactive Compensation,PRO-003904,https://www.neso.energy/data-portal/transmission-entry-capacity-tec-register,50.766535,-3.405939,EXETER 132KV S/S,Exact normalized name,High,100.0,https://doi.org/10.5285/0eed5c99-f409-4329-a98e-47f496bb88a2,Lovett & Sünnenberg GB substations dataset; EXETER 132KV S/S; NATIONAL GRID; GSP,Exact normalized name; score 100.0/100; next-candidate margin 0.0. Coordinates represent the matched mapped feature.
Exeter 400kV Substation,Exeter (Tertiary) | Exeter BESS | Exeter Main | Exeter Main Tertiary,PIVOTED POWER LLP | Exeter Storage Limited | ENSO GREEN HOLDINGS X LIMITED | EXETER MAIN BATTERY LIMITED,Energy Storage System;PV Array (Photo Voltaic/solar) | Energy Storage System | Thermal,PRO-001047-1 | PRO-001047-2 | PRO-001666-1 | PRO-001666-2 | PRO-002082 | PRO-000452,https://www.neso.energy/data-portal/transmission-entry-capacity-tec-register,50.767524,-3.405189,EXETER 400KV S/S,Exact normalized name,High,100.0,https://doi.org/10.5285/0eed5c99-f409-4329-a98e-47f496bb88a2,Lovett & Sünnenberg GB substations dataset; EXETER 400KV S/S; NATIONAL GRID; TRANS,Exact normalized name; score 100.0/100; next-candidate margin 0.0. Coordinates represent the matched mapped feature.
Exeter GSP,Tale Lane Solar / A008 Langford | Water Lane,JBM SOLAR PROJECTS 2 LTD | VIRIDIS 178 LIMITED,Energy Storage System;PV Array (Photo Voltaic/solar) | CHP (Combined Heat and Power),PRO-004476 | PRO-000241,https://www.neso.energy/data-portal/transmission-entry-capacity-tec-register,50.767524,-3.405189,EXETER 400KV S/S,Exact normalized name,High,100.0,https://doi.org/10.5285/0eed5c99-f409-4329-a98e-47f496bb88a2,Lovett & Sünnenberg GB substations dataset; EXETER 400KV S/S; NATIONAL GRID; TRANS,Exact normalized name; score 100.0/100; next-candidate margin 0.0. Coordinates represent the matched mapped feature.
Exeter Main 400kV Substation,Exeter BESS and PV (Post-Interactivity Revised Offer),Broadclyst Energy Storage Limited,Energy Storage System;PV Array (Photo Voltaic/solar),PRO-001827,https://www.neso.energy/data-portal/transmission-entry-capacity-tec-register,50.766389,-3.406105,EXETER MAIN BSP,Exact normalized name,High,100.0,https://doi.org/10.5285/0eed5c99-f409-4329-a98e-47f496bb88a2,Lovett & Sünnenberg GB substations dataset; EXETER MAIN BSP; WESTERN POWER DISTRIBUTION; BSP,Exact normalized name; score 100.0/100; next-candidate margin 100.0. Coordinates represent the matched mapped feature.
Fairburn Extension 132/33kV Substation,Fairburn Extension Wind Farm,SSE Renewables Services (UK) Limited,Wind Onshore,PRO-004012,https://www.neso.energy/data-portal/transmission-entry-capacity-tec-register,57.533394,-4.644765,Fairburn,Exact normalized name,High,100.0,https://www.openstreetmap.org/relation/8835806,OpenStreetMap named plant feature: Fairburn,Exact normalized name; score 100.0/100; next-candidate margin 100.0. Coordinates represent the matched mapped feature.
Fallago 400/33kV,Dunside Wind Farm (Formally Fallago Rig 2 Wind Farm) | Fallago Rig Wind Farm | Shielburn Energy Park,EDF ENERGY RENEWABLES LIMITED | FALLAGO RIG WINDFARM LIMITED | SUNLAWS DEVELOPMENT COMPANY LIMITED,Wind Onshore | Energy Storage System,PRO-000526 | PRO-000155 | PRO-005863,https://www.neso.energy/data-portal/transmission-entry-capacity-tec-register,55.825035,-2.664906,Fallago Substation,Exact normalized name,High,100.0,https://www.openstreetmap.org/way/262532045,OpenStreetMap named substation feature: Fallago Substation,Exact normalized name; score 100.0/100; next-candidate margin 100.0. Coordinates represent the matched mapped feature.
FARR WIND FARM 132/33KV SUBSTATION,Farr WindFarm,FARR WINDFARM LIMITED,Wind Onshore,PRO-004381,https://www.neso.energy/data-portal/transmission-entry-capacity-tec-register,57.336146,-4.160369,Farr Wind Farm Substation,Exact normalized name,High,100.0,https://www.openstreetmap.org/way/127019389,OpenStreetMap named substation feature: Farr Wind Farm Substation,Exact normalized name; score 100.0/100; next-candidate margin 0.0. Coordinates represent the matched mapped feature.
Fasnakyle GSP,Fasnakyle G1 & G2 | Fasnakyle G3 & G4,SSE Generation Limited,Hydro,PRO-000077 | PRO-000078,https://www.neso.energy/data-portal/transmission-entry-capacity-tec-register,57.329457,-4.793103,FASNAKYLE,Exact normalized name,High,100.0,https://doi.org/10.5285/0eed5c99-f409-4329-a98e-47f496bb88a2,Lovett & Sünnenberg GB substations dataset; FASNAKYLE; SSE NETWORKS; PSS,Exact normalized name; score 100.0/100; next-candidate margin 0.0. Coordinates represent the matched mapped feature.
Fawley 132kV Substation,Copper Nose BESS | KXP Alpha One | KXP Alpha Three | KXP Alpha Two,Copper Nose Energy Ltd | KXP ALPHA I LIMITED | KXP ALPHA III LIMITED | KXP ALPHA II LIMITED,Energy Storage System,PRO-002356 | PRO-002348 | PRO-002351 | PRO-002349,https://www.neso.energy/data-portal/transmission-entry-capacity-tec-register,50.821010,-1.329727,FAWLEY 132KV S/S,Exact normalized name,High,100.0,https://doi.org/10.5285/0eed5c99-f409-4329-a98e-47f496bb88a2,Lovett & Sünnenberg GB substations dataset; FAWLEY 132KV S/S; NATIONAL GRID; GSP,Exact normalized name; score 100.0/100; next-candidate margin 0.0. Coordinates represent the matched mapped feature.
Fawley 400kV Substation,Cowes | Fawley CHP | Lynes Common,"RWE Generation UK Plc | ESSO PETROLEUM COMPANY,LIMITED | RWE COGEN UK (HYTHE) LIMITED",OCGT (Open Cycle Gas Turbine) | CHP (Combined Heat and Power),PRO-000107 | PRO-000157 | PRO-000231,https://www.neso.energy/data-portal/transmission-entry-capacity-tec-register,50.821732,-1.328553,FAWLEY 400KV S/S,Exact normalized name,High,100.0,https://doi.org/10.5285/0eed5c99-f409-4329-a98e-47f496bb88a2,Lovett & Sünnenberg GB substations dataset; FAWLEY 400KV S/S; NATIONAL GRID; TRANS,Exact normalized name; score 100.0/100; next-candidate margin 0.0. Coordinates represent the matched mapped feature.
Fawley GSP,Manor Farm Solar Park,CSE42 LIMITED,Energy Storage System;PV Array (Photo Voltaic/solar),PRO-002337,https://www.neso.energy/data-portal/transmission-entry-capacity-tec-register,50.821732,-1.328553,FAWLEY 400KV S/S,Exact normalized name,High,100.0,https://doi.org/10.5285/0eed5c99-f409-4329-a98e-47f496bb88a2,Lovett & Sünnenberg GB substations dataset; FAWLEY 400KV S/S; NATIONAL GRID; TRANS,Exact normalized name; score 100.0/100; next-candidate margin 0.0. Coordinates represent the matched mapped feature.
Fearna Pump Storage Hydro 2 400/15kV Substation,Fearna PSH 2,FEARNA PSH LIMITED,Pump Storage,PRO-004391,https://www.neso.energy/data-portal/transmission-entry-capacity-tec-register,,,,No reliable infrastructure match,Unresolved,47.1,,,Best candidate 'EARLSTOUN HYDRO' scored 47.1; below reliability threshold.
Feckenham 400kV Substation,Boom Power Feckenham Generation Hub | Feckenham | Feckenham Energy Park | Feckenham Green Energy Centre | Feckenham Greener Grid Park | Feckenham PV & BESS Station,Wheaten Hill BESS Limited | ENSO GREEN HOLDINGS X LIMITED | IGP SOLAR 14 LIMITED | GREEN ENERGY MAB LTD | FECKENHAM GREEN NG LIMITED | Statkraft UK Ltd | IB VOGT UK LTD,Energy Storage System;PV Array (Photo Voltaic/solar) | Demand;Energy Storage System;PV Array (Photo Voltaic/solar) | Energy Storage System,PRO-002312 | PRO-002189 | PRO-001600 | PRO-002378 | PRO-001767 | PRO-001008-1 | PRO-001008-2 | PRO-003233,https://www.neso.energy/data-portal/transmission-entry-capacity-tec-register,52.249903,-1.971934,FECKENHAM 400KV S/S,Exact normalized name,High,100.0,https://doi.org/10.5285/0eed5c99-f409-4329-a98e-47f496bb88a2,Lovett & Sünnenberg GB substations dataset; FECKENHAM 400KV S/S; NATIONAL GRID; TRANS,Exact normalized name; score 100.0/100; next-candidate margin 0.0. Coordinates represent the matched mapped feature.
Feckenham GSP,Feckenham 100MW BESS | Redditch,ENERGYCOG LTD | CINERGY GLOBAL POWER (UK) LIMITED,Energy Storage System | CCGT (Combined Cycle Gas Turbine),PRO-005111 | PRO-000198,https://www.neso.energy/data-portal/transmission-entry-capacity-tec-register,52.252402,-1.972152,FECKENHAM 66KV S/S,Exact normalized name,High,100.0,https://doi.org/10.5285/0eed5c99-f409-4329-a98e-47f496bb88a2,Lovett & Sünnenberg GB substations dataset; FECKENHAM 66KV S/S; NATIONAL GRID; GSP,Exact normalized name; score 100.0/100; next-candidate margin 0.0. Coordinates represent the matched mapped feature.
Ferrybridge B 132kV Substation,Ferrybridge B BESS & Solar Substation | NEL Tiger | SSE Ferrybridge BESS,O&G Solar (SPV 19) Limited | UE 1 LTD | SSE FERRYBRIDGE BATTERY LIMITED,Energy Storage System;PV Array (Photo Voltaic/solar) | Energy Storage System | Demand;Energy Storage System,PRO-002521 | PRO-002815 | PRO-001614,https://www.neso.energy/data-portal/transmission-entry-capacity-tec-register,53.722140,-1.278181,FERRYBRIDGE B 132KV S/S,Exact normalized name,High,100.0,https://doi.org/10.5285/0eed5c99-f409-4329-a98e-47f496bb88a2,Lovett & Sünnenberg GB substations dataset; FERRYBRIDGE B 132KV S/S; NATIONAL GRID; GSP,Exact normalized name; score 100.0/100; next-candidate margin 0.0. Coordinates represent the matched mapped feature.
Ferrybridge C 275kV Substation,Ferrybridge C PV & BESS Substation | Ferrybridge D,O&G Solar (SPV 19) Limited | Keadby Generation Limited,Energy Storage System;PV Array (Photo Voltaic/solar) | CCGT (Combined Cycle Gas Turbine);Demand;Energy Storage System;Hydrogen;OCGT (Open Cycle Gas Turbine),PRO-003632 | PRO-001020-1 | PRO-001020-2,https://www.neso.energy/data-portal/transmission-entry-capacity-tec-register,53.717863,-1.282861,FERRYBRIDGE C 275KV S/S,Exact normalized name,High,100.0,https://doi.org/10.5285/0eed5c99-f409-4329-a98e-47f496bb88a2,Lovett & Sünnenberg GB substations dataset; FERRYBRIDGE C 275KV S/S; NATIONAL GRID; TRANS,Exact normalized name; score 100.0/100; next-candidate margin 0.0. Coordinates represent the matched mapped feature.
Fetteresso 132kV substation,Colmealie Wind - Solar - BESS Farm | Fasque Windfarm | GALILEO 12 LIMITED,Galileo 21 Limited | SCOTTISHPOWER RENEWABLES (UK) LIMITED | GALILEO 12 LIMITED,Energy Storage System;PV Array (Photo Voltaic/solar);Wind Onshore | PV Array (Photo Voltaic/solar);Wind Onshore,PRO-006136 | PRO-001009 | PRO-004804,https://www.neso.energy/data-portal/transmission-entry-capacity-tec-register,56.954410,-2.371662,FETTERESSO ,Exact normalized name,High,100.0,https://doi.org/10.5285/0eed5c99-f409-4329-a98e-47f496bb88a2,Lovett & Sünnenberg GB substations dataset; FETTERESSO ; SSE NETWORKS; TRANS,Exact normalized name; score 100.0/100; next-candidate margin 0.0. Coordinates represent the matched mapped feature.
Fetteresso GSP,Craigneil Wind Farm | Drumlithie Battery Storage,ESB ASSET DEVELOPMENT UK LIMITED | DRUMLITHIE BATTERY LIMITED,Wind Onshore | Energy Storage System,PRO-004670 | PRO-002299,https://www.neso.energy/data-portal/transmission-entry-capacity-tec-register,56.954410,-2.371662,FETTERESSO ,Exact normalized name,High,100.0,https://doi.org/10.5285/0eed5c99-f409-4329-a98e-47f496bb88a2,Lovett & Sünnenberg GB substations dataset; FETTERESSO ; SSE NETWORKS; TRANS,Exact normalized name; score 100.0/100; next-candidate margin 0.0. Coordinates represent the matched mapped feature.
Ffestiniog 275kV Substation,Ffestiniog,First Hydro Company,Pump Storage,PRO-000055,https://www.neso.energy/data-portal/transmission-entry-capacity-tec-register,52.980753,-3.968917,FFESTINIOG 275KV S/S,Exact normalized name,High,100.0,https://doi.org/10.5285/0eed5c99-f409-4329-a98e-47f496bb88a2,Lovett & Sünnenberg GB substations dataset; FFESTINIOG 275KV S/S; NATIONAL GRID; TRANS,Exact normalized name; score 100.0/100; next-candidate margin 0.0. Coordinates represent the matched mapped feature.
Fiddes GSP,Brownieleys | Fiddes Battery Storage | Meetlaw BESS | Nether Pitforthie BESS | Twinshiels (Tullo 2) Wind Farm,BROWNIELEYS RENEWABLES LLP | FIDDES BATTERY LIMITED | CARRAVINDOON LIMITED | Opdenergy UK 14 Limited | TWINSHIELS WIND FARM LTD,Wind Onshore | Energy Storage System,PRO-000086 | PRO-001831 | PRO-001966 | PRO-003226 | PRO-000895,https://www.neso.energy/data-portal/transmission-entry-capacity-tec-register,56.924611,-2.302089,FIDDES,Exact normalized name,High,100.0,https://doi.org/10.5285/0eed5c99-f409-4329-a98e-47f496bb88a2,Lovett & Sünnenberg GB substations dataset; FIDDES; SSE NETWORKS; GSP,Exact normalized name; score 100.0/100; next-candidate margin 0.0. Coordinates represent the matched mapped feature.
Fiddlers Ferry 275kV Substation,Fiddlers Ferry BESS | Penketh Hall Farm | SSE Fiddlers Ferry Battery Energy Storage,FIDDLERS FERRY LTD | Net Zero One Ltd | SSE FIDDLERS FERRY BATTERY LIMITED,Demand;Energy Storage System | Energy Storage System,PRO-003897-1 | PRO-003897-2 | PRO-003897-3 | PRO-001932 | PRO-001762,https://www.neso.energy/data-portal/transmission-entry-capacity-tec-register,53.371274,-2.689089,FIDDLERS FERRY 275KV S/S,Exact normalized name,High,100.0,https://doi.org/10.5285/0eed5c99-f409-4329-a98e-47f496bb88a2,Lovett & Sünnenberg GB substations dataset; FIDDLERS FERRY 275KV S/S; NATIONAL GRID; TRANS,Exact normalized name; score 100.0/100; next-candidate margin 0.0. Coordinates represent the matched mapped feature.
FIELD GLENNISTON BESS 132KV SUBSTATION,Field Glenniston BESS,FIELD DEVCO LTD,Energy Storage System,PRO-004754,https://www.neso.energy/data-portal/transmission-entry-capacity-tec-register,56.111993,-3.270992,GLENNISTON,Candidate infrastructure match,Low,80.9,https://doi.org/10.5285/0eed5c99-f409-4329-a98e-47f496bb88a2,Lovett & Sünnenberg GB substations dataset; GLENNISTON; SP ENERGY NETWORKS; GSP,Candidate infrastructure match; score 80.9/100; next-candidate margin 4.0. Coordinates represent the matched mapped feature.
Fife Energy Centre 132kV substation,Fife Energy Centre,CAMBRIDGE POWER LIMITED,Energy Storage System,PRO-001868,https://www.neso.energy/data-portal/transmission-entry-capacity-tec-register,55.838540,-4.219967,ENERGY CENTRE,Candidate infrastructure match,Low,96.0,https://doi.org/10.5285/0eed5c99-f409-4329-a98e-47f496bb88a2,Lovett & Sünnenberg GB substations dataset; ENERGY CENTRE; SP ENERGY NETWORKS; TRANS,Candidate infrastructure match; score 96.0/100; next-candidate margin 0.0. Coordinates represent the matched mapped feature.
Fife Grid Services Facility 275kV Substation,Fife Grid Services | Kincardine Battery Storage Facility | Kincardine Energy Storage Facility,KINCARDINE GRID 3 LTD | KINCARDINE GRID 1 LTD,Reactive Compensation | Energy Storage System,PRO-000453 | PRO-000856 | PRO-001653,https://www.neso.energy/data-portal/transmission-entry-capacity-tec-register,,,,No reliable infrastructure match,Unresolved,65.3,,,Best candidate 'Derriford Research Facility Substation' scored 65.3; below reliability threshold.
Finnieston 132/33kV Substation,SEC 1 BESS,Bluestone Energy Ltd,Energy Storage System,PRO-003198,https://www.neso.energy/data-portal/transmission-entry-capacity-tec-register,55.864994,-4.285997,FINNIESTON,Exact normalized name,High,100.0,https://doi.org/10.5285/0eed5c99-f409-4329-a98e-47f496bb88a2,Lovett & Sünnenberg GB substations dataset; FINNIESTON; SP ENERGY NETWORKS; GSP,Exact normalized name; score 100.0/100; next-candidate margin 0.0. Coordinates represent the matched mapped feature.
Finstown (Orkney) GSP,Costa Head | Hesta Head,COSTA HEAD WIND FARM LIMITED | HESTA HEAD WIND FARM LIMITED,Wind Onshore,PRO-005102 | PRO-005100,https://www.neso.energy/data-portal/transmission-entry-capacity-tec-register,59.006658,-3.115407,Finstown,Town/locality proxy,Low,69.6,https://www.openstreetmap.org/node/615929271,OpenStreetMap named village: Finstown,"Town/locality proxy; score 69.6/100; next-candidate margin 21.1. Coordinates are a geographic proxy, not the confirmed electrical asset."
Five Estuaries 220/66 kV Offshore Substation,Five Estuaries Offshore Wind Farm,FIVE ESTUARIES OFFSHORE WIND FARM LIMITED,Wind Offshore,PRO-000450,https://www.neso.energy/data-portal/transmission-entry-capacity-tec-register,51.963653,1.351739,Five Estuaries - Wind Farm,TEC project matched to DESNZ REPD,Medium,100.0,https://www.gov.uk/government/publications/renewable-energy-planning-database-quarterly-extract,DESNZ REPD ref 9803: Five Estuaries - Wind Farm; Five Estuaries Offshore Wind Farm ; planning ref EN010115,TEC project matched to DESNZ REPD; score 100.0/100; next-candidate margin 100.0. Coordinates represent the matched mapped feature.
Fleet 132KV Substation,Peak Gen Bracknell,PEAK GEN POWER 11 LIMITED,Oil & AGT (Advanced Gas Turbine),PRO-003898,https://www.neso.energy/data-portal/transmission-entry-capacity-tec-register,51.250229,-0.881035,FLEET 132KV S/S,Exact normalized name,High,100.0,https://doi.org/10.5285/0eed5c99-f409-4329-a98e-47f496bb88a2,Lovett & Sünnenberg GB substations dataset; FLEET 132KV S/S; NATIONAL GRID; GSP,Exact normalized name; score 100.0/100; next-candidate margin 0.0. Coordinates represent the matched mapped feature.
Fleet 400kV Substation,Fleet (Tertiary) | Fleet EGH (Tertiary) | Fleet Solar PV | Fleet Tertiary,CSE23 LIMITED | FLEET GREEN LIMITED | FLEET SOLAR LIMITED,PV Array (Photo Voltaic/solar) | Energy Storage System;PV Array (Photo Voltaic/solar) | Thermal,PRO-001087 | PRO-000544 | PRO-002814 | PRO-000429,https://www.neso.energy/data-portal/transmission-entry-capacity-tec-register,51.251267,-0.883374,FLEET 400 KV S/S,Exact normalized name,High,100.0,https://doi.org/10.5285/0eed5c99-f409-4329-a98e-47f496bb88a2,Lovett & Sünnenberg GB substations dataset; FLEET 400 KV S/S; NATIONAL GRID; TRANS,Exact normalized name; score 100.0/100; next-candidate margin 0.0. Coordinates represent the matched mapped feature.
Folly Farm 132kV Substation,Patch Elm Solar Substation,VOLTIS PEOPLE LIMITED,Energy Storage System;PV Array (Photo Voltaic/solar),PRO-002347,https://www.neso.energy/data-portal/transmission-entry-capacity-tec-register,51.836450,-0.728972,FOLLY SOLAR FARM,Exact normalized name,High,100.0,https://doi.org/10.5285/0eed5c99-f409-4329-a98e-47f496bb88a2,Lovett & Sünnenberg GB substations dataset; FOLLY SOLAR FARM; UK POWER NETWORKS; PSS,Exact normalized name; score 100.0/100; next-candidate margin 0.0. Coordinates represent the matched mapped feature.
FORSA ENERGY DENNY BESS 132KV GRID SUPPLY POINT SUBSTATION,Forsa Energy Denny BESS,FORSA ENERGY HOLDINGS LIMITED,Energy Storage System,PRO-004971,https://www.neso.energy/data-portal/transmission-entry-capacity-tec-register,,,,No reliable infrastructure match,Unresolved,66.7,,,Best candidate 'Persley Grid Supply Point' scored 66.7; below reliability threshold.
FORT AUGUSTUS 2 400/33kV GRID SUPPLY POINT SUBSTATION,Millennium East,Renantis UK Limited,Wind Onshore,PRO-004010,https://www.neso.energy/data-portal/transmission-entry-capacity-tec-register,57.125394,-4.855591,Millennium East,TEC project matched to DESNZ REPD,Low,100.0,https://www.gov.uk/government/publications/renewable-energy-planning-database-quarterly-extract,"DESNZ REPD ref 15787: Millennium East; Millennium Windfarm, on The Achlain and Invergarry amd Aberchalder Estates, Glengarry Invergarry, Inverness-Shire, (nr Glen Moriston, Fort Augustus); planning ref ECU00005013",TEC project matched to DESNZ REPD; score 100.0/100; next-candidate margin 0.0. Coordinates represent the matched mapped feature.
Fort Augustus 2 400kV Substation,Culachy Wind Farm,FRED OLSEN RENEWABLES LIMITED,Energy Storage System;Wind Onshore,PRO-005184,https://www.neso.energy/data-portal/transmission-entry-capacity-tec-register,57.146687,-4.716378,FORT AUGUSTUS ,Strong name match,High,100.0,https://doi.org/10.5285/0eed5c99-f409-4329-a98e-47f496bb88a2,Lovett & Sünnenberg GB substations dataset; FORT AUGUSTUS ; SSE NETWORKS; TRANS,Strong name match; score 100.0/100; next-candidate margin 4.0. Coordinates represent the matched mapped feature.
Fort Augustus 400kV,Fort Augustus BESS,FIELD DEVCO LTD,Energy Storage System,PRO-004599,https://www.neso.energy/data-portal/transmission-entry-capacity-tec-register,57.146687,-4.716378,FORT AUGUSTUS ,Exact normalized name,High,100.0,https://doi.org/10.5285/0eed5c99-f409-4329-a98e-47f496bb88a2,Lovett & Sünnenberg GB substations dataset; FORT AUGUSTUS ; SSE NETWORKS; TRANS,Exact normalized name; score 100.0/100; next-candidate margin 0.0. Coordinates represent the matched mapped feature.
Fort Augustus GSP,Glendoe,SSE Generation Limited,Hydro,PRO-000081,https://www.neso.energy/data-portal/transmission-entry-capacity-tec-register,57.146687,-4.716378,FORT AUGUSTUS ,Exact normalized name,High,100.0,https://doi.org/10.5285/0eed5c99-f409-4329-a98e-47f496bb88a2,Lovett & Sünnenberg GB substations dataset; FORT AUGUSTUS ; SSE NETWORKS; TRANS,Exact normalized name; score 100.0/100; next-candidate margin 0.0. Coordinates represent the matched mapped feature.
Foyers 275kV Substation,Foyers,SSE Generation Limited,Pump Storage,PRO-000080,https://www.neso.energy/data-portal/transmission-entry-capacity-tec-register,57.255263,-4.492639,FOYERS,Exact normalized name,High,100.0,https://doi.org/10.5285/0eed5c99-f409-4329-a98e-47f496bb88a2,Lovett & Sünnenberg GB substations dataset; FOYERS; SSE NETWORKS; PSS,Exact normalized name; score 100.0/100; next-candidate margin 0.0. Coordinates represent the matched mapped feature.
Friston 400kV Substation,East Anglia One North,EAST ANGLIA ONE NORTH LIMITED,Wind Offshore,PRO-000269-1 | PRO-000269-2,https://www.neso.energy/data-portal/transmission-entry-capacity-tec-register,50.763554,0.200788,Friston,Town/locality proxy,Low,100.0,https://www.openstreetmap.org/node/386055626,OpenStreetMap named village: Friston,"Town/locality proxy; score 100.0/100; next-candidate margin 0.0. Coordinates are a geographic proxy, not the confirmed electrical asset."
Frodsham (Network Rail) GSP,Mersey Reactive 1,MERSEY REACTIVE POWER LIMITED,Reactive Compensation,PRO-001374,https://www.neso.energy/data-portal/transmission-entry-capacity-tec-register,,,,No reliable infrastructure match,Unresolved,75.7,,,Best candidate 'Bow Network Rail' scored 75.7; below reliability threshold.
Frodsham 132kV,Clifton Lane 150MW BSS | Frodsham Solar Park,RENEWABLES NORTH WEST LTD | Frodsham Solar Limited,Energy Storage System | Energy Storage System;PV Array (Photo Voltaic/solar),PRO-003842 | PRO-001952-1 | PRO-001952-2,https://www.neso.energy/data-portal/transmission-entry-capacity-tec-register,53.308516,-2.716203,FRODSHAM 400KV S/S,Exact normalized name,High,100.0,https://doi.org/10.5285/0eed5c99-f409-4329-a98e-47f496bb88a2,Lovett & Sünnenberg GB substations dataset; FRODSHAM 400KV S/S; NATIONAL GRID; TRANS,Exact normalized name; score 100.0/100; next-candidate margin 0.0. Coordinates represent the matched mapped feature.
Frodsham 400kV Substation,Clean Planet Solar | Weaver BESS,Clean Planet Solar Farm Limited | Frodsham Devco Limited,Energy Storage System;PV Array (Photo Voltaic/solar);Reactive Compensation | Energy Storage System,PRO-003519 | PRO-002571,https://www.neso.energy/data-portal/transmission-entry-capacity-tec-register,53.308516,-2.716203,FRODSHAM 400KV S/S,Exact normalized name,High,100.0,https://doi.org/10.5285/0eed5c99-f409-4329-a98e-47f496bb88a2,Lovett & Sünnenberg GB substations dataset; FRODSHAM 400KV S/S; NATIONAL GRID; TRANS,Exact normalized name; score 100.0/100; next-candidate margin 0.0. Coordinates represent the matched mapped feature.
Future Swansea North 132kV,Banc y Celyn Energy Park,Wind 2 Project 2 Limited,Energy Storage System;PV Array (Photo Voltaic/solar);Wind Onshore,PRO-002011,https://www.neso.energy/data-portal/transmission-entry-capacity-tec-register,51.682707,-3.960977,SWANSEA NORTH 132KV S/S,Candidate infrastructure match,Low,82.8,https://doi.org/10.5285/0eed5c99-f409-4329-a98e-47f496bb88a2,Lovett & Sünnenberg GB substations dataset; SWANSEA NORTH 132KV S/S; NATIONAL GRID; GSP,Candidate infrastructure match; score 82.8/100; next-candidate margin 0.0. Coordinates represent the matched mapped feature.
Fyrish 132kV Substation,Fyrish Battery Storage,Field Fyrish Ltd,Energy Storage System,PRO-004515,https://www.neso.energy/data-portal/transmission-entry-capacity-tec-register,57.700820,-4.302127,FYRISH ,Exact normalized name,High,100.0,https://doi.org/10.5285/0eed5c99-f409-4329-a98e-47f496bb88a2,Lovett & Sünnenberg GB substations dataset; FYRISH ; SSE NETWORKS; TRANS,Exact normalized name; score 100.0/100; next-candidate margin 0.0. Coordinates represent the matched mapped feature.
Fyrish 275kV Substation,Scotsburn Road,TBC 002 LIMITED,Energy Storage System,PRO-002376,https://www.neso.energy/data-portal/transmission-entry-capacity-tec-register,57.700820,-4.302127,FYRISH ,Exact normalized name,High,100.0,https://doi.org/10.5285/0eed5c99-f409-4329-a98e-47f496bb88a2,Lovett & Sünnenberg GB substations dataset; FYRISH ; SSE NETWORKS; TRANS,Exact normalized name; score 100.0/100; next-candidate margin 0.0. Coordinates represent the matched mapped feature.
Gabbard 33/132kV Offshore Substation,Greater Gabbard Offshore Wind Farm,GREATER GABBARD OFFSHORE WINDS LIMITED,Wind Offshore,PRO-000168,https://www.neso.energy/data-portal/transmission-entry-capacity-tec-register,51.917637,1.928420,Greater Gabbard Wind Farm,TEC project matched to DESNZ REPD,Medium,100.0,https://www.gov.uk/government/publications/renewable-energy-planning-database-quarterly-extract,DESNZ REPD ref 2510: Greater Gabbard Wind Farm; Near the Suffolk Coast (26km out to sea); planning ref ,TEC project matched to DESNZ REPD; score 100.0/100; next-candidate margin 100.0. Coordinates represent the matched mapped feature.
GALA NORTH 132KV SUBSTATION,Greystone Knowe Windfarm,GREYSTONE KNOWE WINDFARM LIMITED,Demand;Energy Storage System;Wind Onshore,PRO-002370,https://www.neso.energy/data-portal/transmission-entry-capacity-tec-register,51.247284,-0.741267,North Lane,Candidate infrastructure match,Low,80.0,https://www.openstreetmap.org/way/1115474001,OpenStreetMap named substation feature: North Lane,Candidate infrastructure match; score 80.0/100; next-candidate margin 1.7. Coordinates represent the matched mapped feature.
Gala North 400/132kV Substation,Lightsource Threepwood | Scawd Law Wind Farm | Woodheads Energy Park,Lightsource Renewable UK Development Limited | FRED OLSEN RENEWABLES LIMITED | ABO ENERGY UNITED KINGDOM LTD,Energy Storage System | Energy Storage System;Wind Onshore | Energy Storage System;PV Array (Photo Voltaic/solar),PRO-004168 | PRO-005865 | PRO-005912,https://www.neso.energy/data-portal/transmission-entry-capacity-tec-register,51.247284,-0.741267,North Lane,Candidate infrastructure match,Low,80.0,https://www.openstreetmap.org/way/1115474001,OpenStreetMap named substation feature: North Lane,Candidate infrastructure match; score 80.0/100; next-candidate margin 1.7. Coordinates represent the matched mapped feature.
Galashiels 132/33kV,Leithenwater Wind Farm,LEITHENWATER WIND ENERGY HUB LIMITED,Energy Storage System;Wind Onshore,PRO-001914,https://www.neso.energy/data-portal/transmission-entry-capacity-tec-register,55.609994,-2.774996,GALASHIELS,Exact normalized name,High,100.0,https://doi.org/10.5285/0eed5c99-f409-4329-a98e-47f496bb88a2,Lovett & Sünnenberg GB substations dataset; GALASHIELS; SP ENERGY NETWORKS; GSP,Exact normalized name; score 100.0/100; next-candidate margin 0.0. Coordinates represent the matched mapped feature.
Galawhistle 132/33kV Substation,Galawhistle Wind Farm,GALAWHISTLE WIND FARM LIMITED,Wind Onshore,PRO-000161,https://www.neso.energy/data-portal/transmission-entry-capacity-tec-register,55.562817,-3.945933,Galawhistle Wind Farm Substation,Exact normalized name,High,100.0,https://www.openstreetmap.org/way/839073393,OpenStreetMap named substation feature: Galawhistle Wind Farm Substation,Exact normalized name; score 100.0/100; next-candidate margin 0.0. Coordinates represent the matched mapped feature.
GALILEO 07 LIMITED 132KV SUBSTATION,Galileo 07 Limited,GALILEO 07 LIMITED,Energy Storage System;PV Array (Photo Voltaic/solar);Wind Onshore,PRO-005029,https://www.neso.energy/data-portal/transmission-entry-capacity-tec-register,,,,No reliable infrastructure match,Unresolved,60.0,,,Best candidate 'GALILEO' scored 60.0; below reliability threshold.
Galileo 16 132kV Substation,GALILEO 16,GALILEO 16 LIMITED,Energy Storage System;PV Array (Photo Voltaic/solar);Wind Onshore,PRO-005117,https://www.neso.energy/data-portal/transmission-entry-capacity-tec-register,51.552389,-1.848441,GALILEO,Strong name match,High,100.0,https://doi.org/10.5285/0eed5c99-f409-4329-a98e-47f496bb88a2,Lovett & Sünnenberg GB substations dataset; GALILEO; SSE NETWORKS; BSP,Strong name match; score 100.0/100; next-candidate margin 100.0. Coordinates represent the matched mapped feature.
Galloper North 132/33kV Substation,Galloper Wind Farm,GALLOPER WIND FARM LIMITED,Wind Offshore,PRO-000162,https://www.neso.energy/data-portal/transmission-entry-capacity-tec-register,51.879984,2.039993,Galloper Wind Farm,TEC project matched to DESNZ REPD,Medium,100.0,https://www.gov.uk/government/publications/renewable-energy-planning-database-quarterly-extract,"DESNZ REPD ref 2526: Galloper Wind Farm; 30 km from Suffolk coastline, South East Of Sizewell And Aldeburgh; planning ref EN010003",TEC project matched to DESNZ REPD; score 100.0/100; next-candidate margin 100.0. Coordinates represent the matched mapped feature.
Garlogie Production A 275/33kV GSP,Garlogie PV and BESS A-1 | Garlogie PV and BESS A-2,GARLOGIE ENERGY CENTRE LIMITED,Energy Storage System;PV Array (Photo Voltaic/solar),PRO-004636 | PRO-004637,https://www.neso.energy/data-portal/transmission-entry-capacity-tec-register,,,,No reliable infrastructure match,Unresolved,51.9,,,Best candidate 'Boston Energy Production Facility' scored 51.9; below reliability threshold.
Garlogie Production B 275/33kV GSP,Garlogie B-1 | Garlogie B-2,GARLOGIE ENERGY CENTRE LIMITED,Energy Storage System;PV Array (Photo Voltaic/solar),PRO-004640 | PRO-004641,https://www.neso.energy/data-portal/transmission-entry-capacity-tec-register,,,,No reliable infrastructure match,Unresolved,63.0,,,Best candidate 'Boston Energy Production Facility' scored 63.0; below reliability threshold.
Garlogie Production C 275/33kV GSP,Garlogie C-1 | Garlogie C-2,GARLOGIE ENERGY CENTRE LIMITED,Energy Storage System;PV Array (Photo Voltaic/solar),PRO-004642 | PRO-004643,https://www.neso.energy/data-portal/transmission-entry-capacity-tec-register,,,,No reliable infrastructure match,Unresolved,51.9,,,Best candidate 'Boston Energy Production Facility' scored 51.9; below reliability threshold.
Garscadden Park 275kV Substation,Garscadden Park,GARSCADDEN PARK LIMITED,Energy Storage System,PRO-004103,https://www.neso.energy/data-portal/transmission-entry-capacity-tec-register,,,,No reliable infrastructure match,Unresolved,75.0,,,Best candidate 'Garn Farm 33kv Solar Park' scored 75.0; below reliability threshold.
GARTCLASH COLLECTOR 275KV SUBSTATION,Woodcock Faulds Battery Storage,Woodcock Faulds Battery Storage Limited,Energy Storage System,PRO-002663,https://www.neso.energy/data-portal/transmission-entry-capacity-tec-register,,,,No reliable infrastructure match,Unresolved,56.4,,,Best candidate 'Cumberhead Collector Substation' scored 56.4; below reliability threshold.
Garvary 132kV Substation,Garvary Wind Farm,GARVARY WIND FARM LIMITED,Wind Onshore,PRO-001927,https://www.neso.energy/data-portal/transmission-entry-capacity-tec-register,54.310864,-7.687471,Garvary,Town/locality proxy,Low,100.0,https://www.openstreetmap.org/relation/3910653,OpenStreetMap named locality: Garvary,"Town/locality proxy; score 100.0/100; next-candidate margin 0.0. Coordinates are a geographic proxy, not the confirmed electrical asset."
GH DEVCO KINCARDINE BESS 132kV SUBSTATION,GH DEVCO Kincardine BESS,Kincardine Storage Limited,Energy Storage System,PRO-003173,https://www.neso.energy/data-portal/transmission-entry-capacity-tec-register,,,,No reliable infrastructure match,Unresolved,69.0,,,Best candidate 'KINCARDINE ' scored 69.0; below reliability threshold.
Giffnock 275/33kV,Glasgow Road 40MW BESS,GPC 1137 Ltd,Energy Storage System,PRO-003566,https://www.neso.energy/data-portal/transmission-entry-capacity-tec-register,55.797991,-4.300001,GIFFNOCK,Exact normalized name,High,100.0,https://doi.org/10.5285/0eed5c99-f409-4329-a98e-47f496bb88a2,Lovett & Sünnenberg GB substations dataset; GIFFNOCK; SP ENERGY NETWORKS; GSP,Exact normalized name; score 100.0/100; next-candidate margin 0.0. Coordinates represent the matched mapped feature.
Giffordland 400/132kV,GIFFORDLAND 200MW FIELD BESS | Sand Quarry Old Glasgow Road BESS,VIRMATI ENERGY LTD | GPC 1134 Ltd,Energy Storage System | Demand;Energy Storage System,PRO-005986 | PRO-002706,https://www.neso.energy/data-portal/transmission-entry-capacity-tec-register,,,,No reliable infrastructure match,Unresolved,72.0,,,Best candidate 'Gussiford Lane Substation' scored 72.0; below reliability threshold.
Gills Bay 132kV,Quintfall Forest Hybrid Wind and BESS 1 | Rigifa BESS,VOLTALIA UK LTD | FIELD RIGIFA LIMITED,Energy Storage System;Wind Onshore | Energy Storage System,PRO-006032 | PRO-002758,https://www.neso.energy/data-portal/transmission-entry-capacity-tec-register,58.834305,-2.972631,Gill Bay,Town/locality proxy,Low,94.1,https://www.openstreetmap.org/node/8264608859,OpenStreetMap named locality: Gill Bay,"Town/locality proxy; score 94.1/100; next-candidate margin 20.4. Coordinates are a geographic proxy, not the confirmed electrical asset."
Gills Bay GSP,MeyGen Tidal,Meygrid Limited,Energy Storage System;Tidal,PRO-000336-1 | PRO-000336-2 | PRO-000336-3 | PRO-000336-4 | PRO-000336-5,https://www.neso.energy/data-portal/transmission-entry-capacity-tec-register,58.834305,-2.972631,Gill Bay,Town/locality proxy,Low,94.1,https://www.openstreetmap.org/node/8264608859,OpenStreetMap named locality: Gill Bay,"Town/locality proxy; score 94.1/100; next-candidate margin 20.4. Coordinates are a geographic proxy, not the confirmed electrical asset."
Glen App 33kV,Glen App Windfarm,SCOTTISHPOWER RENEWABLES (UK) LIMITED,Wind Onshore,PRO-000063,https://www.neso.energy/data-portal/transmission-entry-capacity-tec-register,55.022262,-5.005676,Glen App Wind Farm Substation,Exact normalized name,High,100.0,https://www.openstreetmap.org/way/917802178,OpenStreetMap named substation feature: Glen App Wind Farm Substation,Exact normalized name; score 100.0/100; next-candidate margin 0.0. Coordinates represent the matched mapped feature.
Glen Earrach PSH 400kV substation,Glen Earrach PSH,GLEN EARRACH ENERGY LIMITED,Pump Storage,PRO-004903,https://www.neso.energy/data-portal/transmission-entry-capacity-tec-register,,,,No reliable infrastructure match,Unresolved,69.0,,,Best candidate 'GLEN APPROACH' scored 69.0; below reliability threshold.
Glen Kyllachy Wind Farm Substation,Glen Kyllachy Wind Farm,GLEN KYLLACHY WIND FARM LIMITED,Wind Onshore,PRO-000165,https://www.neso.energy/data-portal/transmission-entry-capacity-tec-register,57.315293,-4.087233,Glen Kyllachy Substation,Exact normalized name,High,100.0,https://www.openstreetmap.org/way/1116523670,OpenStreetMap named substation feature: Glen Kyllachy Substation,Exact normalized name; score 100.0/100; next-candidate margin 0.0. Coordinates represent the matched mapped feature.
Glen Lednock 132kV Substation,Glen Lednock,Glen Lednock Wind Farm Limited,Energy Storage System;Wind Onshore,PRO-004520,https://www.neso.energy/data-portal/transmission-entry-capacity-tec-register,56.420738,-4.048298,Glen Lednock,Geographic feature proxy,Low,100.0,https://www.openstreetmap.org/way/1385657232,OpenStreetMap/Photon geographic feature: Glen Lednock; Perth and Kinross,"Geographic feature proxy; score 100.0/100; next-candidate margin 100.0. Coordinates are a geographic proxy, not the confirmed electrical asset."
Glen Ullinish 132/33kV Substation,Glen Ullinish Wind Farm,GLEN ULLINISH WF LIMITED,Wind Onshore,PRO-000298,https://www.neso.energy/data-portal/transmission-entry-capacity-tec-register,57.351990,-6.448742,Ullinish,Town/locality proxy,Low,76.2,https://www.openstreetmap.org/node/960726074,OpenStreetMap named hamlet: Ullinish,"Town/locality proxy; score 76.2/100; next-candidate margin 6.6. Coordinates are a geographic proxy, not the confirmed electrical asset."
Glen Ullinish Extension 132/33kV Substation,Glen Ullinish Extension,GLEN ULLINISH WF 2 LTD,Wind Onshore,PRO-001346,https://www.neso.energy/data-portal/transmission-entry-capacity-tec-register,57.351990,-6.448742,Ullinish,Town/locality proxy,Low,76.2,https://www.openstreetmap.org/node/960726074,OpenStreetMap named hamlet: Ullinish,"Town/locality proxy; score 76.2/100; next-candidate margin 6.6. Coordinates are a geographic proxy, not the confirmed electrical asset."
Glendye Wind Farm Substation,Glendye Wind Farm,GLENDYE WIND FARM LIMITED,Wind Onshore,PRO-001389-1 | PRO-001389-2,https://www.neso.energy/data-portal/transmission-entry-capacity-tec-register,57.142993,-4.644938,GLENDOE,Candidate infrastructure match,Low,85.7,https://doi.org/10.5285/0eed5c99-f409-4329-a98e-47f496bb88a2,Lovett & Sünnenberg GB substations dataset; GLENDOE; SSE NETWORKS; PSS,Candidate infrastructure match; score 85.7/100; next-candidate margin 5.7. Coordinates represent the matched mapped feature.
Glenglass 132/33kV,Cloud Hill Windfarm | Twentyshilling Wind Farm | Whiteside Hill Wind Farm,Cloud Hill Windfarm Limited | TWENTYSHILLING LIMITED | WHITESIDE HILL WINDFARM (SCOTLAND) LIMITED,Energy Storage System;Wind Onshore | Wind Onshore,PRO-001938-1 | PRO-001938-2 | PRO-001365 | PRO-000267,https://www.neso.energy/data-portal/transmission-entry-capacity-tec-register,55.337101,-4.018033,Glenglass Substation,Exact normalized name,High,100.0,https://www.openstreetmap.org/way/820223835,OpenStreetMap named substation feature: Glenglass Substation,Exact normalized name; score 100.0/100; next-candidate margin 100.0. Coordinates represent the matched mapped feature.
Glenluce 132/33kV,D&G 2 | Glenchamber Wind Farm,Greyland Energy Park Limited | GLENCHAMBER WIND ENERGY LIMITED,Wind Onshore,PRO-004772 | PRO-000043,https://www.neso.energy/data-portal/transmission-entry-capacity-tec-register,54.881995,-4.807994,GLENLUCE,Exact normalized name,High,100.0,https://doi.org/10.5285/0eed5c99-f409-4329-a98e-47f496bb88a2,Lovett & Sünnenberg GB substations dataset; GLENLUCE; SP ENERGY NETWORKS; PSS,Exact normalized name; score 100.0/100; next-candidate margin 0.0. Coordinates represent the matched mapped feature.
Glenmoriston GSP,Glenmoriston (part of the Moriston Cascade) | Livishie (part of the Moriston Cascade),SSE Generation Limited,Hydro,PRO-000083 | PRO-000173,https://www.neso.energy/data-portal/transmission-entry-capacity-tec-register,57.201746,-4.719845,Glenmoriston Substation,Exact normalized name,High,100.0,https://www.openstreetmap.org/way/562892209,OpenStreetMap named substation feature: Glenmoriston Substation,Exact normalized name; score 100.0/100; next-candidate margin 0.0. Coordinates represent the matched mapped feature.
Glenmuckloch 132/33kV,Glenmuckloch Wind Farm,GLENMUCKLOCH RENEWABLE ENERGY LIMITED,Wind Onshore,PRO-000300,https://www.neso.energy/data-portal/transmission-entry-capacity-tec-register,55.417892,-4.051046,Glenmuckloch Wind Farm,TEC project matched to DESNZ REPD,Medium,100.0,https://www.gov.uk/government/publications/renewable-energy-planning-database-quarterly-extract,DESNZ REPD ref 4492: Glenmuckloch Wind Farm; Glenmuckloch Surface Coal Mine; planning ref 15/P/3/0236,TEC project matched to DESNZ REPD; score 100.0/100; next-candidate margin 100.0. Coordinates represent the matched mapped feature.
Glenmuckloch 132kV Substation,Glenmuckloch Pumped Storage | Lagrae Battery Storage | The Drum Wind Farm,GLENMUCKLOCH PUMPED STORAGE HYDRO LIMITED | LAGRAE BATTERY STORAGE LIMITED | WIND ESTATE (UK) LIMITED,Pump Storage | Energy Storage System | Wind Onshore,PRO-000299 | PRO-004214 | PRO-006069,https://www.neso.energy/data-portal/transmission-entry-capacity-tec-register,55.396683,-4.077742,Glenmuckloch Hall,Geographic feature proxy,Low,96.0,https://www.openstreetmap.org/way/382202854,OpenStreetMap/Photon geographic feature: Glenmuckloch Hall; Dumfries and Galloway,"Geographic feature proxy; score 96.0/100; next-candidate margin 96.0. Coordinates are a geographic proxy, not the confirmed electrical asset."
Glenmuir Windfarm 132kV Substation,Glenmuir Windfarm,BROCKWELL ENERGY LIMITED,Wind Onshore,PRO-004058,https://www.neso.energy/data-portal/transmission-entry-capacity-tec-register,55.940936,-3.300334,GYLEMUIR,Candidate infrastructure match,Low,87.5,https://doi.org/10.5285/0eed5c99-f409-4329-a98e-47f496bb88a2,Lovett & Sünnenberg GB substations dataset; GYLEMUIR; SP ENERGY NETWORKS; PSS,Candidate infrastructure match; score 87.5/100; next-candidate margin 0.0. Coordinates represent the matched mapped feature.
Glennifer Road BESS 132kV substation,Glennifer Road BESS,Drax BESS Neilston Limited,Energy Storage System,PRO-003600,https://www.neso.energy/data-portal/transmission-entry-capacity-tec-register,50.385835,-4.143076,Glendowner Road Substation,Candidate infrastructure match,Low,82.8,https://www.openstreetmap.org/node/13168991781,OpenStreetMap named substation feature: Glendowner Road Substation,Candidate infrastructure match; score 82.8/100; next-candidate margin 4.2. Coordinates represent the matched mapped feature.
Glenniston GSP,Little Raith BES,HEIT LR LIMITED,Energy Storage System,PRO-000887,https://www.neso.energy/data-portal/transmission-entry-capacity-tec-register,56.111993,-3.270992,GLENNISTON,Exact normalized name,High,100.0,https://doi.org/10.5285/0eed5c99-f409-4329-a98e-47f496bb88a2,Lovett & Sünnenberg GB substations dataset; GLENNISTON; SP ENERGY NETWORKS; GSP,Exact normalized name; score 100.0/100; next-candidate margin 0.0. Coordinates represent the matched mapped feature.
Glenrothes 275/33kV,Glenrothes BESS,GLENROTHES BESS LTD,Energy Storage System,PRO-002089,https://www.neso.energy/data-portal/transmission-entry-capacity-tec-register,56.206994,-3.199993,GLENROTHES,Exact normalized name,High,100.0,https://doi.org/10.5285/0eed5c99-f409-4329-a98e-47f496bb88a2,Lovett & Sünnenberg GB substations dataset; GLENROTHES; SP ENERGY NETWORKS; GSP,Exact normalized name; score 100.0/100; next-candidate margin 0.0. Coordinates represent the matched mapped feature.
Glenrothes GSP,Markinch (Rothes) Biomass CHP Plant | Roaring Hill Energy Storage Facility,RWE MARKINCH LIMITED | ROARING HILL ENERGY STORAGE LTD,Biomass | Energy Storage System,PRO-000126 | PRO-001272,https://www.neso.energy/data-portal/transmission-entry-capacity-tec-register,56.206994,-3.199993,GLENROTHES,Exact normalized name,High,100.0,https://doi.org/10.5285/0eed5c99-f409-4329-a98e-47f496bb88a2,Lovett & Sünnenberg GB substations dataset; GLENROTHES; SP ENERGY NETWORKS; GSP,Exact normalized name; score 100.0/100; next-candidate margin 0.0. Coordinates represent the matched mapped feature.
GLENTAGGART 150MW BESS 132kV SUBSTATION,Glentaggart 150MW BESS,BROCKWELL ENERGY LIMITED,Energy Storage System,PRO-004145,https://www.neso.energy/data-portal/transmission-entry-capacity-tec-register,,,,No reliable infrastructure match,Unresolved,51.4,,,Best candidate 'GRANTHAM NORTH 132/25/11KV' scored 51.4; below reliability threshold.
Glentaggart WF 33kV Substation,Glentaggart 42MW BESS,GLENTAGGART WIND LIMITED,Energy Storage System,PRO-001595,https://www.neso.energy/data-portal/transmission-entry-capacity-tec-register,,,,No reliable infrastructure match,Unresolved,58.5,,,Best candidate 'GLENGALL' scored 58.5; below reliability threshold.
GLENTARKEN WIND FARM 132/33KV SUBSTATION,Glentarken Wind Farm,SSE Renewables Services (UK) Limited,Wind Onshore,PRO-003627,https://www.neso.energy/data-portal/transmission-entry-capacity-tec-register,56.437271,-4.183643,Glentarken Wind Farm,TEC project matched to DESNZ REPD,Low,100.0,https://www.gov.uk/government/publications/renewable-energy-planning-database-quarterly-extract,"DESNZ REPD ref 13002: Glentarken Wind Farm; Drummond Estate, Drummond, Perth; planning ref ECU00004700",TEC project matched to DESNZ REPD; score 100.0/100; next-candidate margin 0.0. Coordinates represent the matched mapped feature.
Glenvernoch 132kV,Glenvernoch,ENERGYFARM UK GLENVERNOCH LTD,Energy Storage System;Wind Onshore,PRO-005980,https://www.neso.energy/data-portal/transmission-entry-capacity-tec-register,55.045526,-4.590853,Glenvernoch,Town/locality proxy,Medium,100.0,https://www.openstreetmap.org/node/3854292689,OpenStreetMap named hamlet: Glenvernoch,"Town/locality proxy; score 100.0/100; next-candidate margin 100.0. Coordinates are a geographic proxy, not the confirmed electrical asset."
Gordonbush GSP,Gordonbush Wind Farm,SSE Generation Limited,Wind Onshore,PRO-000518,https://www.neso.energy/data-portal/transmission-entry-capacity-tec-register,58.114716,-3.944715,GORDONBUSH WIND FARM ,Exact normalized name,High,100.0,https://doi.org/10.5285/0eed5c99-f409-4329-a98e-47f496bb88a2,Lovett & Sünnenberg GB substations dataset; GORDONBUSH WIND FARM ; SSE NETWORKS; TRANS,Exact normalized name; score 100.0/100; next-candidate margin 0.0. Coordinates represent the matched mapped feature.
Gorstage 400kV Substation,StrataStore - Cheshire Energy Storage Facility,KISTOS ENERGY STORAGE LTD,Energy Storage System;Reactive Compensation,PRO-003978,https://www.neso.energy/data-portal/transmission-entry-capacity-tec-register,53.248960,-2.584212,Gorstage,Town/locality proxy,Medium,100.0,https://www.openstreetmap.org/node/6458861179,OpenStreetMap named locality: Gorstage,"Town/locality proxy; score 100.0/100; next-candidate margin 100.0. Coordinates are a geographic proxy, not the confirmed electrical asset."
Govan 132/33kV,Helen Street BESS,Vital Energi Solutions Limited,Energy Storage System,PRO-003168,https://www.neso.energy/data-portal/transmission-entry-capacity-tec-register,55.854996,-4.315992,GOVAN,Exact normalized name,High,100.0,https://doi.org/10.5285/0eed5c99-f409-4329-a98e-47f496bb88a2,Lovett & Sünnenberg GB substations dataset; GOVAN; SP ENERGY NETWORKS; GSP,Exact normalized name; score 100.0/100; next-candidate margin 0.0. Coordinates represent the matched mapped feature.
Grain 400kV Substation,Grain | Medway Power Station,Uniper UK Limited | MEDWAY POWER LIMITED,CCGT (Combined Cycle Gas Turbine);Reactive Compensation | CCGT (Combined Cycle Gas Turbine),PRO-000049 | PRO-000203,https://www.neso.energy/data-portal/transmission-entry-capacity-tec-register,51.445028,0.715739,GRAIN 400KV S/S,Exact normalized name,High,100.0,https://doi.org/10.5285/0eed5c99-f409-4329-a98e-47f496bb88a2,Lovett & Sünnenberg GB substations dataset; GRAIN 400KV S/S; NATIONAL GRID; TRANS,Exact normalized name; score 100.0/100; next-candidate margin 0.0. Coordinates represent the matched mapped feature.
Grain West 400kV Substation,EcoGrainWest,Econergy International Limited,Energy Storage System;PV Array (Photo Voltaic/solar),PRO-002223,https://www.neso.energy/data-portal/transmission-entry-capacity-tec-register,51.589859,-0.102999,WEST GRN PRIMARY,Fuzzy infrastructure match,Medium,88.9,https://doi.org/10.5285/0eed5c99-f409-4329-a98e-47f496bb88a2,Lovett & Sünnenberg GB substations dataset; WEST GRN PRIMARY; UK POWER NETWORKS; PSS,Fuzzy infrastructure match; score 88.9/100; next-candidate margin 7.1. Coordinates represent the matched mapped feature.
Grangemouth Ineos GSP,Grangemouth CHP,GRANGEMOUTH CHP LIMITED,CHP (Combined Heat and Power),PRO-001283,https://www.neso.energy/data-portal/transmission-entry-capacity-tec-register,56.017278,-3.707956,Grangemouth,Town/locality proxy,Low,78.6,https://www.openstreetmap.org/relation/19690877,OpenStreetMap named town: Grangemouth,"Town/locality proxy; score 78.6/100; next-candidate margin 0.0. Coordinates are a geographic proxy, not the confirmed electrical asset."
Grantham 400KV,Grantham Solar Farm - RSL,SOUTH GRANTHAM ENERGY CENTRE LIMITED,Energy Storage System;PV Array (Photo Voltaic/solar),PRO-005045,https://www.neso.energy/data-portal/transmission-entry-capacity-tec-register,52.924892,-0.588395,GRANTHAM 132/33KV,Exact normalized name,High,100.0,https://doi.org/10.5285/0eed5c99-f409-4329-a98e-47f496bb88a2,Lovett & Sünnenberg GB substations dataset; GRANTHAM 132/33KV; WESTERN POWER DISTRIBUTION; BSP,Exact normalized name; score 100.0/100; next-candidate margin 0.0. Coordinates represent the matched mapped feature.
Gravity 400kV Substation,Somerset Energy Park,Low Carbon Solar Park 35 Limited,Energy Storage System;PV Array (Photo Voltaic/solar),PRO-003512,https://www.neso.energy/data-portal/transmission-entry-capacity-tec-register,,,,No reliable infrastructure match,Unresolved,76.9,,,Best candidate 'Gaiety Substation' scored 76.9; below reliability threshold.
Greenburn Mixed Technology 132kV Substation,Greenburn Mixed Technology,REG GREENBURN LIMITED,Wind Onshore,PRO-001006,https://www.neso.energy/data-portal/transmission-entry-capacity-tec-register,,,,No reliable infrastructure match,Unresolved,60.5,,,Best candidate 'Technology Centre Substation' scored 60.5; below reliability threshold.
Greenock Road 275kV Substation,Greenock Road BESS,Pulse Clean Energy Limited,Energy Storage System,PRO-004761,https://www.neso.energy/data-portal/transmission-entry-capacity-tec-register,50.829912,-1.213585,Green Road Substation,Fuzzy infrastructure match,Medium,87.0,https://www.openstreetmap.org/way/909452508,OpenStreetMap named substation feature: Green Road Substation,Fuzzy infrastructure match; score 87.0/100; next-candidate margin 5.1. Coordinates represent the matched mapped feature.
Greens 400kV Substation,Caledonia Offshore Wind Farm | Stromar Offshore Windfarm,CALEDONIA OFFSHORE WIND FARM LIMITED | Stromar Offshore Wind Farm Limited,Wind Offshore,PRO-001436-1 | PRO-001436-2 | PRO-001530-1 | PRO-001530-2,https://www.neso.energy/data-portal/transmission-entry-capacity-tec-register,51.915674,1.154846,Green Farm,Strong name match,High,96.0,https://www.openstreetmap.org/way/386370289,OpenStreetMap named plant feature: Green Farm,Strong name match; score 96.0/100; next-candidate margin 10.3. Coordinates represent the matched mapped feature.
Grendon 132kV Substation,Gammidge PV & BESS Park,CS UK HOLDINGS III LIMITED,Energy Storage System,PRO-001649,https://www.neso.energy/data-portal/transmission-entry-capacity-tec-register,52.243355,-0.725684,GRENDON 132KV S/S,Exact normalized name,High,100.0,https://doi.org/10.5285/0eed5c99-f409-4329-a98e-47f496bb88a2,Lovett & Sünnenberg GB substations dataset; GRENDON 132KV S/S; NATIONAL GRID; GSP,Exact normalized name; score 100.0/100; next-candidate margin 0.0. Coordinates represent the matched mapped feature.
Grendon 400kV Substation,Grendon Solar & BESS,Green Hill Solar Farm Limited,Energy Storage System;PV Array (Photo Voltaic/solar),PRO-001568,https://www.neso.energy/data-portal/transmission-entry-capacity-tec-register,52.243102,-0.728914,GRENDON 400KV S/S,Exact normalized name,High,100.0,https://doi.org/10.5285/0eed5c99-f409-4329-a98e-47f496bb88a2,Lovett & Sünnenberg GB substations dataset; GRENDON 400KV S/S; NATIONAL GRID; TRANS,Exact normalized name; score 100.0/100; next-candidate margin 0.0. Coordinates represent the matched mapped feature.
Gresham House Dalmarnock Bess 132kv Substation,Gresham House Dalmarnock BESS,ENERGYHUBDEVELOPMENTS LIMITED,Energy Storage System,PRO-002809,https://www.neso.energy/data-portal/transmission-entry-capacity-tec-register,,,,No reliable infrastructure match,Unresolved,66.7,,,Best candidate 'Redhall House Dr No.1' scored 66.7; below reliability threshold.
Gresham House Gretna 400/132kv Substation,GH DEVCO Gretna Green BESS | Gresham House Gretna BESS,GRETNA ENERGY STORAGE LIMITED | ALBUSIA LTD,Energy Storage System,PRO-003096 | PRO-002367,https://www.neso.energy/data-portal/transmission-entry-capacity-tec-register,,,,No reliable infrastructure match,Unresolved,68.9,,,"Best candidate 'NEAR SEAT HOUSE FARM, SEATON' scored 68.9; below reliability threshold."
Gresham House Kincardine BESS 275/132kV substation,Gresham House Kincardine BESS,FLAVUSIA LTD,Energy Storage System,PRO-002368,https://www.neso.energy/data-portal/transmission-entry-capacity-tec-register,,,,No reliable infrastructure match,Unresolved,65.1,,,Best candidate 'Bath House Cardigan Substation' scored 65.1; below reliability threshold.
Gretna 400/132kV,Gretna Synchronous Compensation,GRETNA GRID SERVICES LIMITED,Reactive Compensation,PRO-001444,https://www.neso.energy/data-portal/transmission-entry-capacity-tec-register,55.037398,-3.026465,GRETNA ,Exact normalized name,High,100.0,https://doi.org/10.5285/0eed5c99-f409-4329-a98e-47f496bb88a2,Lovett & Sünnenberg GB substations dataset; GRETNA ; SP ENERGY NETWORKS; TRANS,Exact normalized name; score 100.0/100; next-candidate margin 0.0. Coordinates represent the matched mapped feature.
Greystones A 275kV Substation,Wilton CCGT Project 2 | Wilton Lion BESS,SEMBCORP UTILITIES (UK) LIMITED | SEMBCORP (WILTON BESS) LIMITED,CCGT (Combined Cycle Gas Turbine) | Energy Storage System,PRO-006735 | PRO-001048,https://www.neso.energy/data-portal/transmission-entry-capacity-tec-register,54.575269,-1.124721,GREYSTONES A 275KV S/S,Exact normalized name,High,100.0,https://doi.org/10.5285/0eed5c99-f409-4329-a98e-47f496bb88a2,Lovett & Sünnenberg GB substations dataset; GREYSTONES A 275KV S/S; NATIONAL GRID; TRANS,Exact normalized name; score 100.0/100; next-candidate margin 0.0. Coordinates represent the matched mapped feature.
Greystones B 275kV Substation,Wilton CCGT Project 1,SEMBCORP UTILITIES (UK) LIMITED,CCGT (Combined Cycle Gas Turbine),PRO-006733,https://www.neso.energy/data-portal/transmission-entry-capacity-tec-register,54.574124,-1.129232,GREYSTONES B 275KV S/S,Exact normalized name,High,100.0,https://doi.org/10.5285/0eed5c99-f409-4329-a98e-47f496bb88a2,Lovett & Sünnenberg GB substations dataset; GREYSTONES B 275KV S/S; NATIONAL GRID; TRANS,Exact normalized name; score 100.0/100; next-candidate margin 0.0. Coordinates represent the matched mapped feature.
Griffin 132/33kV Substation,Griffin Wind Farm,GRIFFIN WIND FARM LIMITED,Wind Onshore,PRO-000169,https://www.neso.energy/data-portal/transmission-entry-capacity-tec-register,56.563614,-3.775477,Griffin Wind Farm Substation,Exact normalized name,High,100.0,https://www.openstreetmap.org/way/233349818,OpenStreetMap named substation feature: Griffin Wind Farm Substation,Exact normalized name; score 100.0/100; next-candidate margin 0.0. Coordinates represent the matched mapped feature.
Grimsby West 132kV Substation,West Grimsby Farm,ELGIN ENERGY ES CO LIMITED,PV Array (Photo Voltaic/solar),PRO-004434,https://www.neso.energy/data-portal/transmission-entry-capacity-tec-register,53.565960,-0.150761,GRIMSBY WEST 132KV S/S,Exact normalized name,High,100.0,https://doi.org/10.5285/0eed5c99-f409-4329-a98e-47f496bb88a2,Lovett & Sünnenberg GB substations dataset; GRIMSBY WEST 132KV S/S; NATIONAL GRID; GSP,Exact normalized name; score 100.0/100; next-candidate margin 0.0. Coordinates represent the matched mapped feature.
Grimsby West 400/132 GSP,KXP Immingham,KXP IMMINGHAM LIMITED,Energy Storage System,PRO-005115,https://www.neso.energy/data-portal/transmission-entry-capacity-tec-register,53.615996,-0.213673,Immingham,TEC project geocoded-area proxy,Low,81.8,https://www.openstreetmap.org/relation/611139,TEC project 'KXP Immingham' matched via OpenStreetMap/Photon to Immingham; North East Lincolnshire,"TEC project geocoded-area proxy; score 81.8/100; next-candidate margin 0.0. Coordinates are a geographic proxy, not the confirmed electrical asset."
Grimsby West 400kV Substation,Bute Hydrogen Project 3 | Carbon Free 2030 | EcoGrimsbyWest | Great Coates BESS | Grimsby BESS | STALLINGBOROUGH CARBON CAPTURE CCGT | Stallingborough PV & BESS Station,HALDANE ENERGY PROJECT 3 LIMITED | CARBON FREE 2030 ENERGY LIMITED | Econergy International Limited | BRUTON ONE BESS LIMITED | Shama BESS Limited | RWE Generation UK Plc | STALLINGBOROUGH ENERGY PROJECT LIMITED,CCGT (Combined Cycle Gas Turbine) | Energy Storage System;PV Array (Photo Voltaic/solar) | Energy Storage System | CCGT (Combined Cycle Gas Turbine);Demand,PRO-004126 | PRO-003047 | PRO-002251 | PRO-003960 | PRO-002633 | PRO-003867 | PRO-003021,https://www.neso.energy/data-portal/transmission-entry-capacity-tec-register,53.565256,-0.152317,GRIMSBY WEST 400KV S/S,Exact normalized name,High,100.0,https://doi.org/10.5285/0eed5c99-f409-4329-a98e-47f496bb88a2,Lovett & Sünnenberg GB substations dataset; GRIMSBY WEST 400KV S/S; NATIONAL GRID; TRANS,Exact normalized name; score 100.0/100; next-candidate margin 0.0. Coordinates represent the matched mapped feature.
Grimsby West GSP,North Ray Solar Farm 2,NORTH RAY SOLAR FARM 2 LTD,PV Array (Photo Voltaic/solar),PRO-004502,https://www.neso.energy/data-portal/transmission-entry-capacity-tec-register,53.565256,-0.152317,GRIMSBY WEST 400KV S/S,Exact normalized name,High,100.0,https://doi.org/10.5285/0eed5c99-f409-4329-a98e-47f496bb88a2,Lovett & Sünnenberg GB substations dataset; GRIMSBY WEST 400KV S/S; NATIONAL GRID; TRANS,Exact normalized name; score 100.0/100; next-candidate margin 0.0. Coordinates represent the matched mapped feature.
Grimshader Wind Farm Substation132 KV,Grimshader Wind Farm,RWE Renewables UK Onshore Wind Limited,Wind Onshore,PRO-003258,https://www.neso.energy/data-portal/transmission-entry-capacity-tec-register,,,,No reliable infrastructure match,Unresolved,58.3,,,Best candidate 'Gower RidgeSubstation' scored 58.3; below reliability threshold.
Grudie Bridge GSP,Achanalt Battery Storage,ADTEK LIMITED,Energy Storage System,PRO-004221,https://www.neso.energy/data-portal/transmission-entry-capacity-tec-register,57.619438,-4.831230,GRUDIE BRIDGE,Exact normalized name,High,100.0,https://doi.org/10.5285/0eed5c99-f409-4329-a98e-47f496bb88a2,Lovett & Sünnenberg GB substations dataset; GRUDIE BRIDGE; SSE NETWORKS; GSP,Exact normalized name; score 100.0/100; next-candidate margin 0.0. Coordinates represent the matched mapped feature.
Gunfleet Sands 33/132kV Offshore,Gunfleet Sands II Offshore Wind Farm | Gunfleet Sands Offshore Wind Farm,Gunfleet Sands II Ltd | GUNFLEET SANDS LIMITED,Wind Offshore,PRO-000229 | PRO-000224,https://www.neso.energy/data-portal/transmission-entry-capacity-tec-register,51.729061,1.238289,Gunfleet Sands Wind Farm,Exact normalized name,High,100.0,https://www.openstreetmap.org/relation/2932605,OpenStreetMap named plant feature: Gunfleet Sands Wind Farm,Exact normalized name; score 100.0/100; next-candidate margin 100.0. Coordinates represent the matched mapped feature.
Gwyddelwern 400kV Substation,Derwydd Bach Energy Park | Gaerwen Wind Farm | Mwdwl Eithin Energy Park,CONSTANTINE WIND ENERGY LIMITED | RWE Renewables UK Onshore Wind Limited | MOEL CHWA ENERGY PARK LIMITED,PV Array (Photo Voltaic/solar);Wind Onshore | Wind Onshore,PRO-005044 | PRO-001550 | PRO-001511,https://www.neso.energy/data-portal/transmission-entry-capacity-tec-register,53.010423,-3.381586,Gwyddelwern,Town/locality proxy,Medium,100.0,https://www.openstreetmap.org/node/1258657733,OpenStreetMap named village: Gwyddelwern,"Town/locality proxy; score 100.0/100; next-candidate margin 100.0. Coordinates are a geographic proxy, not the confirmed electrical asset."
Gwynt y Mor 132/33kV Offshore Substation,Gwynt Y Mor Offshore Wind Farm,GWYNT Y MOR OFFSHORE WIND FARM LIMITED,Wind Offshore,PRO-000208,https://www.neso.energy/data-portal/transmission-entry-capacity-tec-register,53.453380,-3.571771,Gwynt y Môr Offshore Wind Farm,Fuzzy infrastructure match,Medium,90.9,https://www.openstreetmap.org/relation/5474028,OpenStreetMap named plant feature: Gwynt y Môr Offshore Wind Farm,Fuzzy infrastructure match; score 90.9/100; next-candidate margin 9.4. Coordinates represent the matched mapped feature.
Hadleigh 400kV Substation,Ardleigh Solar & BESS,Nembus BESS Limited,Energy Storage System;PV Array (Photo Voltaic/solar),PRO-002644,https://www.neso.energy/data-portal/transmission-entry-capacity-tec-register,52.046274,0.960964,HADLEIGH PRIMARY,Exact normalized name,High,100.0,https://doi.org/10.5285/0eed5c99-f409-4329-a98e-47f496bb88a2,Lovett & Sünnenberg GB substations dataset; HADLEIGH PRIMARY; UK POWER NETWORKS; PSS,Exact normalized name; score 100.0/100; next-candidate margin 100.0. Coordinates represent the matched mapped feature.
Haggs Road GSP,Kennishead,STARLIGHT ENERGY UK LIMITED,Energy Storage System,PRO-004373,https://www.neso.energy/data-portal/transmission-entry-capacity-tec-register,55.828993,-4.294997,HAGGS ROAD,Exact normalized name,High,100.0,https://doi.org/10.5285/0eed5c99-f409-4329-a98e-47f496bb88a2,Lovett & Sünnenberg GB substations dataset; HAGGS ROAD; SP ENERGY NETWORKS; PSS,Exact normalized name; score 100.0/100; next-candidate margin 0.0. Coordinates represent the matched mapped feature.
Hagshaw Hill Wind Farm 33kV Substation,Hagshaw Hill Phase 1 | Hagshaw Hill Phase 2,HAGSHAW HILL REPOWERING LTD,Wind Onshore,PRO-000490 | PRO-000514,https://www.neso.energy/data-portal/transmission-entry-capacity-tec-register,55.553786,-3.911385,Hagshaw Hill Extension Wind Farm,Exact normalized name,High,100.0,https://www.openstreetmap.org/relation/8835793,OpenStreetMap named plant feature: Hagshaw Hill Extension Wind Farm,Exact normalized name; score 100.0/100; next-candidate margin 100.0. Coordinates represent the matched mapped feature.
Hagshaw Repowering Phase 3 132kV,Hagshaw Repowering Phase 3,HAGSHAW REPOWERING 2 LTD,Energy Storage System;PV Array (Photo Voltaic/solar);Wind Onshore,PRO-002306,https://www.neso.energy/data-portal/transmission-entry-capacity-tec-register,55.552017,-3.913804,Hagshaw Hill (Repowering),Candidate infrastructure match,Low,83.7,https://www.openstreetmap.org/relation/19405219,OpenStreetMap named plant feature: Hagshaw Hill (Repowering),Candidate infrastructure match; score 83.7/100; next-candidate margin 27.5. Coordinates represent the matched mapped feature.
Halbeath 132kV Substation,Halbeath,HALBEATH SOLAR LTD,Demand;Energy Storage System;PV Array (Photo Voltaic/solar);Reactive Compensation,PRO-002266,https://www.neso.energy/data-portal/transmission-entry-capacity-tec-register,56.080948,-3.404251,Halbeath,Town/locality proxy,Medium,100.0,https://www.openstreetmap.org/node/29342483,OpenStreetMap named suburb: Halbeath,"Town/locality proxy; score 100.0/100; next-candidate margin 100.0. Coordinates are a geographic proxy, not the confirmed electrical asset."
Hams Hall 400kV Substation,Hams Hall Green Energy Centre | WELBAR ENERGY STORAGE,HAMS HALL NG LIMITED | WELBAR ENERGY STORAGE LIMITED,Demand;Energy Storage System;PV Array (Photo Voltaic/solar) | Energy Storage System,PRO-001765-1 | PRO-001765-2 | PRO-001735-1 | PRO-001735-2,https://www.neso.energy/data-portal/transmission-entry-capacity-tec-register,52.530952,-1.714229,HAMS HALL 400KV S/S,Exact normalized name,High,100.0,https://doi.org/10.5285/0eed5c99-f409-4329-a98e-47f496bb88a2,Lovett & Sünnenberg GB substations dataset; HAMS HALL 400KV S/S; NATIONAL GRID; TRANS,Exact normalized name; score 100.0/100; next-candidate margin 0.0. Coordinates represent the matched mapped feature.
Harburn 132/33kV Grid Supply Point Substation,Gladsmuir Wind Farm,WIND ESTATE (UK) LIMITED,Wind Onshore,PRO-005915,https://www.neso.energy/data-portal/transmission-entry-capacity-tec-register,55.949356,-2.868209,Gladsmuir,TEC project-derived locality proxy,Low,100.0,https://www.openstreetmap.org/node/1278074926,OpenStreetMap named village: Gladsmuir,"TEC project-derived locality proxy; score 100.0/100; next-candidate margin 100.0. Coordinates are a geographic proxy, not the confirmed electrical asset."
Harburn 400kV,West Caulder BESS,GPC Project 13 Ltd,Demand;Energy Storage System,PRO-003234,https://www.neso.energy/data-portal/transmission-entry-capacity-tec-register,55.836664,-3.534493,Harburn,Town/locality proxy,Medium,100.0,https://www.openstreetmap.org/node/347358702,OpenStreetMap named village: Harburn,"Town/locality proxy; score 100.0/100; next-candidate margin 100.0. Coordinates are a geographic proxy, not the confirmed electrical asset."
Hare Craig 33kV Substation,Hare Craig Wind Farm,HARE CRAIG WINDFARM LLP,Wind Onshore,PRO-000940,https://www.neso.energy/data-portal/transmission-entry-capacity-tec-register,54.400296,-3.232602,Hare Crag,Town/locality proxy,Low,94.7,https://www.openstreetmap.org/node/4942095636,OpenStreetMap named locality: Hare Crag,"Town/locality proxy; score 94.7/100; next-candidate margin 0.0. Coordinates are a geographic proxy, not the confirmed electrical asset."
Hare Hill Repowering 132/33kV Substation,Hare Hill Repowering,SCOTTISHPOWER RENEWABLES (UK) LIMITED,Wind Onshore,PRO-003963,https://www.neso.energy/data-portal/transmission-entry-capacity-tec-register,55.552017,-3.913804,Hagshaw Hill (Repowering),Candidate infrastructure match,Low,83.7,https://www.openstreetmap.org/relation/19405219,OpenStreetMap named plant feature: Hagshaw Hill (Repowering),Candidate infrastructure match; score 83.7/100; next-candidate margin 6.4. Coordinates represent the matched mapped feature.
Harestanes West Wind Farm 132/33kV,Harestanes | Harestanes West Wind Farm,SCOTTISHPOWER RENEWABLES (UK) LIMITED,Energy Storage System;Wind Onshore | Wind Onshore,PRO-000064-1 | PRO-000064-2 | PRO-001075-1 | PRO-001075-2,https://www.neso.energy/data-portal/transmission-entry-capacity-tec-register,55.684844,-3.394017,Harestanes,Town/locality proxy,Low,80.0,https://www.openstreetmap.org/node/3623008288,OpenStreetMap named hamlet: Harestanes,"Town/locality proxy; score 80.0/100; next-candidate margin 0.0. Coordinates are a geographic proxy, not the confirmed electrical asset."
Harker 132kV Substation,Barrow,NEW ENERGY PARTNERSHIP LIMITED,Energy Storage System,PRO-004297,https://www.neso.energy/data-portal/transmission-entry-capacity-tec-register,54.941515,-2.964419,HARKER 132KV S/S,Exact normalized name,High,100.0,https://doi.org/10.5285/0eed5c99-f409-4329-a98e-47f496bb88a2,Lovett & Sünnenberg GB substations dataset; HARKER 132KV S/S; NATIONAL GRID; GSP,Exact normalized name; score 100.0/100; next-candidate margin 0.0. Coordinates represent the matched mapped feature.
Harker 400/132KV Substation,Pivot Power Harker Hybrid,PIVOTED POWER LLP,Energy Storage System;PV Array (Photo Voltaic/solar),PRO-001065,https://www.neso.energy/data-portal/transmission-entry-capacity-tec-register,54.941515,-2.964419,HARKER 132KV S/S,Exact normalized name,High,100.0,https://doi.org/10.5285/0eed5c99-f409-4329-a98e-47f496bb88a2,Lovett & Sünnenberg GB substations dataset; HARKER 132KV S/S; NATIONAL GRID; GSP,Exact normalized name; score 100.0/100; next-candidate margin 0.0. Coordinates represent the matched mapped feature.
Harker 400kV Substation,BESS Harker | ESB Harker BESS | Harker Green Energy Centre | Harker PV & BESS Sub | Low Harker BESS | NEL Story,REWE 4 LIMITED | ESB (HARKER) LTD | Blackdyke BESS Limited | HARKER ENERGY PARK LIMITED | Energi Generation 14 Ltd | STORY ENERGY LIMITED,Energy Storage System | Energy Storage System;PV Array (Photo Voltaic/solar);Wind Onshore | Energy Storage System;PV Array (Photo Voltaic/solar),PRO-002010 | PRO-005942 | PRO-001709-1 | PRO-001709-2 | PRO-002615 | PRO-003873 | PRO-003940,https://www.neso.energy/data-portal/transmission-entry-capacity-tec-register,54.941116,-2.961569,HARKER 400KV S/S,Exact normalized name,High,100.0,https://doi.org/10.5285/0eed5c99-f409-4329-a98e-47f496bb88a2,Lovett & Sünnenberg GB substations dataset; HARKER 400KV S/S; NATIONAL GRID; TRANS,Exact normalized name; score 100.0/100; next-candidate margin 0.0. Coordinates represent the matched mapped feature.
Harker GSP,RIGG HOUSE PV FARM,FVS DEAN MOOR LIMITED,PV Array (Photo Voltaic/solar),PRO-004209,https://www.neso.energy/data-portal/transmission-entry-capacity-tec-register,54.941116,-2.961569,HARKER 400KV S/S,Exact normalized name,High,100.0,https://doi.org/10.5285/0eed5c99-f409-4329-a98e-47f496bb88a2,Lovett & Sünnenberg GB substations dataset; HARKER 400KV S/S; NATIONAL GRID; TRANS,Exact normalized name; score 100.0/100; next-candidate margin 0.0. Coordinates represent the matched mapped feature.
Harlaston 400kV Substation,Harlaston,SSE DE SOLAR HOLDCO LIMITED,Energy Storage System;PV Array (Photo Voltaic/solar),PRO-003814,https://www.neso.energy/data-portal/transmission-entry-capacity-tec-register,52.395685,1.290225,HARLESTON PRIMARY,Fuzzy infrastructure match,Medium,88.9,https://doi.org/10.5285/0eed5c99-f409-4329-a98e-47f496bb88a2,Lovett & Sünnenberg GB substations dataset; HARLESTON PRIMARY; UK POWER NETWORKS; PSS,Fuzzy infrastructure match; score 88.9/100; next-candidate margin 6.5. Coordinates represent the matched mapped feature.
Hartlepool 275kV Substation,Hartlepool,EDF Energy Nuclear Generation Limited,Nuclear,PRO-000139,https://www.neso.energy/data-portal/transmission-entry-capacity-tec-register,54.635658,-1.183243,HARTLEPOOL 275KV S/S,Exact normalized name,High,100.0,https://doi.org/10.5285/0eed5c99-f409-4329-a98e-47f496bb88a2,Lovett & Sünnenberg GB substations dataset; HARTLEPOOL 275KV S/S; NATIONAL GRID; TRANS,Exact normalized name; score 100.0/100; next-candidate margin 0.0. Coordinates represent the matched mapped feature.
Hartmoor 275kV Substation,WORSET LANE BESS | Worset PV & BESS Park,FIELD HARTMOOR LTD | Worcestershire Solar 1 Limited,Energy Storage System | Energy Storage System;PV Array (Photo Voltaic/solar),PRO-003650 | PRO-001055,https://www.neso.energy/data-portal/transmission-entry-capacity-tec-register,54.700499,-1.292021,HARTMOOR 275KV S/S,Exact normalized name,High,100.0,https://doi.org/10.5285/0eed5c99-f409-4329-a98e-47f496bb88a2,Lovett & Sünnenberg GB substations dataset; HARTMOOR 275KV S/S; NATIONAL GRID; TRANS,Exact normalized name; score 100.0/100; next-candidate margin 0.0. Coordinates represent the matched mapped feature.
Hartmoor GSP,Martindale Farm,BSR APPLICATIONS LIMITED,Energy Storage System;PV Array (Photo Voltaic/solar);Wind Onshore,PRO-005153,https://www.neso.energy/data-portal/transmission-entry-capacity-tec-register,54.701228,-1.290581,HARTMOOR 66KV S/S,Exact normalized name,High,100.0,https://doi.org/10.5285/0eed5c99-f409-4329-a98e-47f496bb88a2,Lovett & Sünnenberg GB substations dataset; HARTMOOR 66KV S/S; NATIONAL GRID; GSP,Exact normalized name; score 100.0/100; next-candidate margin 0.0. Coordinates represent the matched mapped feature.
Hatfield 33kV Substation,Tollgate 49.5MW BESS,TOLLGATE ENERGY STORAGE LIMITED,Energy Storage System,PRO-002372,https://www.neso.energy/data-portal/transmission-entry-capacity-tec-register,51.737503,-0.240481,HATFIELD PRIMARY,Exact normalized name,High,100.0,https://doi.org/10.5285/0eed5c99-f409-4329-a98e-47f496bb88a2,Lovett & Sünnenberg GB substations dataset; HATFIELD PRIMARY; UK POWER NETWORKS; PSS,Exact normalized name; score 100.0/100; next-candidate margin 0.0. Coordinates represent the matched mapped feature.
Hawick 132kV Substation,Brown Rig Wind Farm | Drinkstone Hybrid | Woodland Ridge,"SSE Renewables Services (UK) Limited | BUCCLEUCH ESTATES, LTD. (THE) | CUBICO UK DEVELOPMENT LIMITED",Wind Onshore | Energy Storage System;PV Array (Photo Voltaic/solar);Wind Onshore | Energy Storage System;Wind Onshore,PRO-004083 | PRO-004534 | PRO-005110,https://www.neso.energy/data-portal/transmission-entry-capacity-tec-register,55.434995,-2.806000,HAWICK,Exact normalized name,High,100.0,https://doi.org/10.5285/0eed5c99-f409-4329-a98e-47f496bb88a2,Lovett & Sünnenberg GB substations dataset; HAWICK; SP ENERGY NETWORKS; GSP,Exact normalized name; score 100.0/100; next-candidate margin 0.0. Coordinates represent the matched mapped feature.
Hawick GSP,Millmoor Rig Wind Farm | Pines Burn Wind Farm,ESB ASSET DEVELOPMENT UK LIMITED | PINES BURN WIND FARM LLP,Wind Onshore,PRO-001936 | PRO-000897,https://www.neso.energy/data-portal/transmission-entry-capacity-tec-register,55.434995,-2.806000,HAWICK,Exact normalized name,High,100.0,https://doi.org/10.5285/0eed5c99-f409-4329-a98e-47f496bb88a2,Lovett & Sünnenberg GB substations dataset; HAWICK; SP ENERGY NETWORKS; GSP,Exact normalized name; score 100.0/100; next-candidate margin 0.0. Coordinates represent the matched mapped feature.
Hawkers Hill,Hawkers Hill Energy Park,HAWKERS HILL ENERGY PARK LIMITED,Energy Storage System,PRO-001751,https://www.neso.energy/data-portal/transmission-entry-capacity-tec-register,59.084984,-3.080047,Hammers Hill,Candidate infrastructure match,Low,83.3,https://www.openstreetmap.org/relation/2396664,OpenStreetMap named plant feature: Hammers Hill,Candidate infrastructure match; score 83.3/100; next-candidate margin 6.4. Coordinates represent the matched mapped feature.
Hawkwood Windfarm 33kV Substation,Hawkwood Wind Farm,WILSON RENEWABLES IV LLP,Wind Onshore,PRO-003450,https://www.neso.energy/data-portal/transmission-entry-capacity-tec-register,51.401463,0.070160,Hawkwood Farm,TEC project geocoded-area proxy,Low,100.0,https://www.openstreetmap.org/way/535520744,TEC project 'Hawkwood Wind Farm' matched via OpenStreetMap/Photon to Hawkwood Farm; England,"TEC project geocoded-area proxy; score 100.0/100; next-candidate margin 100.0. Coordinates are a geographic proxy, not the confirmed electrical asset."
Hawthorn Pit 400kV Substation,ER HTP Energy | Hawthorn Pit Green Energy Centre | Icewind Hawthorn Pit | Isenau Eight | Morven A Offshore Wind Farm (Prev Phoenix 1A),ER PROJECT DEVELOPMENT CO LIMITED | HAWTHORN PIT NG LIMITED | KARI ENERGY LIMITED | Isenau Energy Storage Resources Eight Limited | Morven Offshore Wind Limited,Energy Storage System;PV Array (Photo Voltaic/solar) | Demand;Energy Storage System;PV Array (Photo Voltaic/solar) | Wind Offshore | Energy Storage System,PRO-003722 | PRO-002282 | PRO-001718 | PRO-003164 | PRO-001515,https://www.neso.energy/data-portal/transmission-entry-capacity-tec-register,54.805352,-1.403089,HAWTHORN PIT 400KV S/S,Exact normalized name,High,100.0,https://doi.org/10.5285/0eed5c99-f409-4329-a98e-47f496bb88a2,Lovett & Sünnenberg GB substations dataset; HAWTHORN PIT 400KV S/S; NATIONAL GRID; TRANS,Exact normalized name; score 100.0/100; next-candidate margin 0.0. Coordinates represent the matched mapped feature.
Hawthorn Pit GSP,Hazel Solar,HAZEL SOLAR LTD,Energy Storage System;PV Array (Photo Voltaic/solar),PRO-004981,https://www.neso.energy/data-portal/transmission-entry-capacity-tec-register,54.806243,-1.401614,HAWTHORN PIT 66KV S/S,Exact normalized name,High,100.0,https://doi.org/10.5285/0eed5c99-f409-4329-a98e-47f496bb88a2,Lovett & Sünnenberg GB substations dataset; HAWTHORN PIT 66KV S/S; NATIONAL GRID; GSP,Exact normalized name; score 100.0/100; next-candidate margin 0.0. Coordinates represent the matched mapped feature.
Heastabhal Wind Farm Substation 132 KV,Heastabhal Wind Farm,RWE Renewables UK Onshore Wind Limited,Wind Onshore,PRO-003257,https://www.neso.energy/data-portal/transmission-entry-capacity-tec-register,,,,No reliable infrastructure match,Unresolved,73.7,,,Best candidate 'HEATHHALL' scored 73.7; below reliability threshold.
Heathland 132/33kV Substation,Heathland Wind Farm,EDF ENERGY RENEWABLES LIMITED,Energy Storage System;Wind Onshore,PRO-001156,https://www.neso.energy/data-portal/transmission-entry-capacity-tec-register,50.420900,-3.779917,Hatchlands Farm 33kV Solar,Candidate infrastructure match,Low,84.2,https://www.openstreetmap.org/way/653471735,OpenStreetMap named substation feature: Hatchlands Farm 33kV Solar,Candidate infrastructure match; score 84.2/100; next-candidate margin 0.0. Coordinates represent the matched mapped feature.
Hedon 275kV Substation,Saltend North BESS & PV,EEB74 LIMITED,Energy Storage System,PRO-002236,https://www.neso.energy/data-portal/transmission-entry-capacity-tec-register,53.747392,-0.231522,HEDON 275KV S/S,Exact normalized name,High,100.0,https://doi.org/10.5285/0eed5c99-f409-4329-a98e-47f496bb88a2,Lovett & Sünnenberg GB substations dataset; HEDON 275KV S/S; NATIONAL GRID; TRANS,Exact normalized name; score 100.0/100; next-candidate margin 0.0. Coordinates represent the matched mapped feature.
Helensburgh 132/33kV,Drumfad Battery Storage System,EKU ENERGY FAUNE PROJECTS (UK) LIMITED,Energy Storage System,PRO-002419,https://www.neso.energy/data-portal/transmission-entry-capacity-tec-register,56.023995,-4.709006,HELENSBURGH,Exact normalized name,High,100.0,https://doi.org/10.5285/0eed5c99-f409-4329-a98e-47f496bb88a2,Lovett & Sünnenberg GB substations dataset; HELENSBURGH; SP ENERGY NETWORKS; GSP,Exact normalized name; score 100.0/100; next-candidate margin 0.0. Coordinates represent the matched mapped feature.
Heysham GSP,Heysham Power Station,EDF Energy Nuclear Generation Limited,Nuclear,PRO-000140,https://www.neso.energy/data-portal/transmission-entry-capacity-tec-register,54.032321,-2.891050,HEYSHAM 400KV S/S,Exact normalized name,High,100.0,https://doi.org/10.5285/0eed5c99-f409-4329-a98e-47f496bb88a2,Lovett & Sünnenberg GB substations dataset; HEYSHAM 400KV S/S; NATIONAL GRID; TRANS,Exact normalized name; score 100.0/100; next-candidate margin 0.0. Coordinates represent the matched mapped feature.
HIGH BARDRAIN WOOD & MOOR 132KV SUBSTATION,High Bardrain Wood & Moor,Bluestone Energy Ltd,Energy Storage System,PRO-003792,https://www.neso.energy/data-portal/transmission-entry-capacity-tec-register,55.808172,-4.498067,High Bardrain Wood,Geographic feature proxy,Low,80.0,https://www.openstreetmap.org/way/577312718,OpenStreetMap/Photon geographic feature: High Bardrain Wood; Renfrewshire,"Geographic feature proxy; score 80.0/100; next-candidate margin 80.0. Coordinates are a geographic proxy, not the confirmed electrical asset."
High Constellation 132/33kV Substation,High Constellation Windfarm,HIGH CONSTELLATION WINDFARM LIMITED,Wind Onshore,PRO-000416,https://www.neso.energy/data-portal/transmission-entry-capacity-tec-register,51.482808,-3.158296,Constellation St Substation,Candidate infrastructure match,Low,82.4,https://www.openstreetmap.org/node/13345233418,OpenStreetMap named substation feature: Constellation St Substation,Candidate infrastructure match; score 82.4/100; next-candidate margin 9.6. Coordinates represent the matched mapped feature.
High Marnham 275kV Substation,JG Pears,JG PEARS GRID CONNECTION LIMITED,CHP (Combined Heat and Power);Energy Storage System;PV Array (Photo Voltaic/solar);Wind Onshore,PRO-000250,https://www.neso.energy/data-portal/transmission-entry-capacity-tec-register,53.227953,-0.792655,HIGH MARNHAM 275KV S/S,Exact normalized name,High,100.0,https://doi.org/10.5285/0eed5c99-f409-4329-a98e-47f496bb88a2,Lovett & Sünnenberg GB substations dataset; HIGH MARNHAM 275KV S/S; NATIONAL GRID; TRANS,Exact normalized name; score 100.0/100; next-candidate margin 0.0. Coordinates represent the matched mapped feature.
High Marnham 400kV Substation,High Marnham (Tertiary) | High Marnham 400 | High Marnham BESS | High Marnham Solar Farm | Morton Manor PV & BESS Station | Mosedale Energy | One Earth Solar Farm | Welbeck-Newark Solar Farm - PVDP,ENSO GREEN HOLDINGS K LIMITED | ENSO GREEN HOLDINGS X LIMITED | JG PEARS GRID CONNECTION LIMITED | ANESCO LIMITED | IB VOGT UK LTD | MOSEDALE ENERGY LIMITED | ONE EARTH SOLAR FARM LIMITED | SolarTen Ltd,Energy Storage System;PV Array (Photo Voltaic/solar) | Energy Storage System | PV Array (Photo Voltaic/solar),PRO-000531 | PRO-002194-1 | PRO-002194-2 | PRO-003452 | PRO-001845 | PRO-003827 | PRO-002319 | PRO-001599 | PRO-004138,https://www.neso.energy/data-portal/transmission-entry-capacity-tec-register,53.227922,-0.795772,HIGH MARNHAM 400KV S/S,Exact normalized name,High,100.0,https://doi.org/10.5285/0eed5c99-f409-4329-a98e-47f496bb88a2,Lovett & Sünnenberg GB substations dataset; HIGH MARNHAM 400KV S/S; NATIONAL GRID; TRANS,Exact normalized name; score 100.0/100; next-candidate margin 0.0. Coordinates represent the matched mapped feature.
HIGH MATHERNOCK 132KV SUBSTATION,High Mathernock Battery Storage,Harmony HM Limited,Energy Storage System,PRO-002273,https://www.neso.energy/data-portal/transmission-entry-capacity-tec-register,,,,No reliable infrastructure match,Unresolved,66.7,,,Best candidate 'HIGH MARNHAM 400KV S/S' scored 66.7; below reliability threshold.
Highland BESS 132kV Substation,Highland BESS,Apatura Battery Ltd,Energy Storage System,PRO-003845,https://www.neso.energy/data-portal/transmission-entry-capacity-tec-register,57.484204,-4.229331,Highland Wind Farm - Wind Farm,TEC project matched to DESNZ REPD,Medium,100.0,https://www.gov.uk/government/publications/renewable-energy-planning-database-quarterly-extract,"DESNZ REPD ref 16176: Highland Wind Farm - Wind Farm;  4.2 km
west of Aviemore and 25 km south west of Inverness,; planning ref ECU00005082",TEC project matched to DESNZ REPD; score 100.0/100; next-candidate margin 100.0. Coordinates represent the matched mapped feature.
Highland Wind Farm 132/33kV substation,Highland Wind Farm,HIGHLAND WIND FARM LIMITED,Energy Storage System;Wind Onshore,PRO-004390,https://www.neso.energy/data-portal/transmission-entry-capacity-tec-register,57.484204,-4.229331,Highland Wind Farm - Wind Farm,TEC project matched to DESNZ REPD,Medium,100.0,https://www.gov.uk/government/publications/renewable-energy-planning-database-quarterly-extract,"DESNZ REPD ref 16176: Highland Wind Farm - Wind Farm;  4.2 km
west of Aviemore and 25 km south west of Inverness,; planning ref ECU00005082",TEC project matched to DESNZ REPD; score 100.0/100; next-candidate margin 100.0. Coordinates represent the matched mapped feature.
Hinkley Point 400kV Substation,Hinkley Point B,EDF Energy Nuclear Generation Limited,Nuclear,PRO-000141,https://www.neso.energy/data-portal/transmission-entry-capacity-tec-register,51.206789,-3.127647,HINKLEY POINT 400KV S/S,Exact normalized name,High,100.0,https://doi.org/10.5285/0eed5c99-f409-4329-a98e-47f496bb88a2,Lovett & Sünnenberg GB substations dataset; HINKLEY POINT 400KV S/S; NATIONAL GRID; TRANS,Exact normalized name; score 100.0/100; next-candidate margin 0.0. Coordinates represent the matched mapped feature.
Hirwaun GSP,Vale of Neath (Rhigos Road),ELGIN ENERGY ES CO LIMITED,Energy Storage System;PV Array (Photo Voltaic/solar),PRO-005895,https://www.neso.energy/data-portal/transmission-entry-capacity-tec-register,51.740995,-3.536997,HIRWAUN PRIMARY,Exact normalized name,High,100.0,https://doi.org/10.5285/0eed5c99-f409-4329-a98e-47f496bb88a2,Lovett & Sünnenberg GB substations dataset; HIRWAUN PRIMARY; WESTERN POWER DISTRIBUTION; BSP,Exact normalized name; score 100.0/100; next-candidate margin 0.0. Coordinates represent the matched mapped feature.
Holes Bay Battery Storage,Holes Bay,HARMONY HB LIMITED,Energy Storage System,PRO-001269,https://www.neso.energy/data-portal/transmission-entry-capacity-tec-register,50.726317,-1.990215,Holes Bay,TEC project matched to DESNZ REPD,Medium,100.0,https://www.gov.uk/government/publications/renewable-energy-planning-database-quarterly-extract,"DESNZ REPD ref 7688: Holes Bay; Land at Sterte Avenue West, Poole; planning ref APP/17/00186/F",TEC project matched to DESNZ REPD; score 100.0/100; next-candidate margin 100.0. Coordinates represent the matched mapped feature.
Hollandmey Renewable Energy Development132/33kV Substation,Hollandmey Renewable Energy Development,SCOTTISHPOWER RENEWABLES (UK) LIMITED,Wind Onshore,PRO-001094,https://www.neso.energy/data-portal/transmission-entry-capacity-tec-register,58.615244,-3.216312,Hollandmey Renewable Energy Development,TEC project matched to DESNZ REPD,Low,100.0,https://www.gov.uk/government/publications/renewable-energy-planning-database-quarterly-extract,"DESNZ REPD ref 10246: Hollandmey Renewable Energy Development; Land At Hollandmey Farm And Ph, Phillips Mains, Mey, Thurso, ; planning ref ECU00003353",TEC project matched to DESNZ REPD; score 100.0/100; next-candidate margin 0.0. Coordinates represent the matched mapped feature.
Holm Hill 132kV Substation,Hoolan Hills Renewable Energy Park,RIDGE CLEAN ENERGY LTD,Wind Onshore,PRO-006001,https://www.neso.energy/data-portal/transmission-entry-capacity-tec-register,54.506418,-1.832056,Holm Hills,Town/locality proxy,Medium,96.0,https://www.openstreetmap.org/node/5234511151,OpenStreetMap named locality: Holm Hills,"Town/locality proxy; score 96.0/100; next-candidate margin 7.1. Coordinates are a geographic proxy, not the confirmed electrical asset."
Hope 400kV Substation,ER LIL Energy,ER PROJECT DEVELOPMENT CO LIMITED,Energy Storage System;PV Array (Photo Voltaic/solar),PRO-003718,https://www.neso.energy/data-portal/transmission-entry-capacity-tec-register,50.211639,-5.365344,Hope Solar Farm,Exact normalized name,High,100.0,https://www.openstreetmap.org/relation/9561079,OpenStreetMap named plant feature: Hope Solar Farm,Exact normalized name; score 100.0/100; next-candidate margin 100.0. Coordinates represent the matched mapped feature.
Hopsrig Collector 132/33kV Substation,Dealanach WLC WF | Hareshaw Rig Wind Farm,DEALANACH LIMITED | HARESHAW RIG WF LIMITED,Wind Onshore,PRO-001722 | PRO-000543,https://www.neso.energy/data-portal/transmission-entry-capacity-tec-register,,,,No reliable infrastructure match,Unresolved,59.5,,,Best candidate 'Cumberhead Collector Substation' scored 59.5; below reliability threshold.
Hopsrig Collector Substation,Hopsrig Wind Farm | Loganhead Windfarm,HOPSRIG WIND FARM LIMITED | LOGANHEAD WF LIMITED,Wind Onshore,PRO-000318 | PRO-000306,https://www.neso.energy/data-portal/transmission-entry-capacity-tec-register,55.185840,-3.126869,Hopsrig Wind Farm,TEC project matched to DESNZ REPD,Low,100.0,https://www.gov.uk/government/publications/renewable-energy-planning-database-quarterly-extract,"DESNZ REPD ref 11065: Hopsrig Wind Farm;  west of the B709, approximately 7.5 km north-west of Langholm and 15 km north-east of Lockerbie; planning ref ECU00002160",TEC project matched to DESNZ REPD; score 100.0/100; next-candidate margin 0.0. Coordinates represent the matched mapped feature.
Hornsea Platform 1A Offshore Substation,Hornsea Power Station 1A,HORNSEA 1 LIMITED,Wind Offshore,PRO-000315,https://www.neso.energy/data-portal/transmission-entry-capacity-tec-register,51.380614,0.520646,Platform 1,Town/locality proxy,Low,69.0,https://www.openstreetmap.org/node/13262019112,OpenStreetMap named locality: Platform 1,"Town/locality proxy; score 69.0/100; next-candidate margin 6.9. Coordinates are a geographic proxy, not the confirmed electrical asset."
Hornsea Platform 1B Offshore Substation,Hornsea Power Station 1B,HORNSEA 1 LIMITED,Wind Offshore,PRO-000331,https://www.neso.energy/data-portal/transmission-entry-capacity-tec-register,51.380614,0.520646,Platform 1,Town/locality proxy,Low,69.0,https://www.openstreetmap.org/node/13262019112,OpenStreetMap named locality: Platform 1,"Town/locality proxy; score 69.0/100; next-candidate margin 6.9. Coordinates are a geographic proxy, not the confirmed electrical asset."
Hornsea Platform 1C Offshore Substation,Hornsea Power Station 1C,HORNSEA 1 LIMITED,Wind Offshore,PRO-000332,https://www.neso.energy/data-portal/transmission-entry-capacity-tec-register,51.380614,0.520646,Platform 1,Town/locality proxy,Low,69.0,https://www.openstreetmap.org/node/13262019112,OpenStreetMap named locality: Platform 1,"Town/locality proxy; score 69.0/100; next-candidate margin 6.9. Coordinates are a geographic proxy, not the confirmed electrical asset."
Hornsea Platform 2A Offshore Substation,Hornsea Power Station 2A,BREESEA LIMITED,Wind Offshore,PRO-000333,https://www.neso.energy/data-portal/transmission-entry-capacity-tec-register,51.380581,0.520313,Platform 2,Town/locality proxy,Low,69.0,https://www.openstreetmap.org/node/13262019113,OpenStreetMap named locality: Platform 2,"Town/locality proxy; score 69.0/100; next-candidate margin 6.9. Coordinates are a geographic proxy, not the confirmed electrical asset."
Hornsea Platform 2B Offshore Substation,Hornsea Power Station 2B,SOUNDMARK WIND LIMITED,Wind Offshore,PRO-000334,https://www.neso.energy/data-portal/transmission-entry-capacity-tec-register,51.380581,0.520313,Platform 2,Town/locality proxy,Low,69.0,https://www.openstreetmap.org/node/13262019113,OpenStreetMap named locality: Platform 2,"Town/locality proxy; score 69.0/100; next-candidate margin 6.9. Coordinates are a geographic proxy, not the confirmed electrical asset."
Hornsea Power Station 2C Offshore platform Substation,Hornsea Power Station 2C,SONNINGMAY WIND LIMITED,Wind Offshore,PRO-000335,https://www.neso.energy/data-portal/transmission-entry-capacity-tec-register,53.913460,-0.168941,Hornsea,TEC project-derived locality proxy,Low,96.0,https://www.openstreetmap.org/node/20628349,OpenStreetMap named town: Hornsea,"TEC project-derived locality proxy; score 96.0/100; next-candidate margin 96.0. Coordinates are a geographic proxy, not the confirmed electrical asset."
Humber Gateway 33/132kV Offshore Substation,Humber Gateway Offshore Wind Farm,RWE RENEWABLES UK HUMBER WIND LIMITED,Wind Offshore,PRO-000214,https://www.neso.energy/data-portal/transmission-entry-capacity-tec-register,53.747031,-0.231719,Humber Gateway onshore substation,Exact normalized name,High,100.0,https://www.openstreetmap.org/way/1393671376,OpenStreetMap named substation feature: Humber Gateway onshore substation,Exact normalized name; score 100.0/100; next-candidate margin 0.0. Coordinates represent the matched mapped feature.
Humber Refinery 400kV Substation,Immingham | VPI Immingham B OCGT,VPI IMMINGHAM LLP | VPI IMMINGHAM B LIMITED,Energy Storage System;Gas Reciprocating | OCGT (Open Cycle Gas Turbine),PRO-000053 | PRO-000854,https://www.neso.energy/data-portal/transmission-entry-capacity-tec-register,53.638400,-0.238475,HUMBER REFINERY 400KV S/S,Exact normalized name,High,100.0,https://doi.org/10.5285/0eed5c99-f409-4329-a98e-47f496bb88a2,Lovett & Sünnenberg GB substations dataset; HUMBER REFINERY 400KV S/S; NATIONAL GRID; TRANS,Exact normalized name; score 100.0/100; next-candidate margin 100.0. Coordinates represent the matched mapped feature.
Hunningley 132kV Substation,Hunningley Stairfoot BESS,CARE POWER (BARNSLEY) LIMITED,Energy Storage System,PRO-001887,https://www.neso.energy/data-portal/transmission-entry-capacity-tec-register,53.548416,-1.449315,Hunningley,Exact normalized name,High,100.0,https://www.openstreetmap.org/way/90539496,OpenStreetMap named substation feature: Hunningley,Exact normalized name; score 100.0/100; next-candidate margin 100.0. Coordinates represent the matched mapped feature.
Hunterston 400/132kV,Elmya Hunterston | Hunterston | Hunterston Hydrogen | Hunterston PARC BESS | Hunterston Wind Farm,ELMYA RPC UK HUNTERSTON LIMITED | NUCLEAR RESTORATION SERVICES LIMITED | STATKRAFT HYDROGEN UK HOLDING LIMITED | Pulse Clean Energy Limited | GALILEO 01 LIMITED,Energy Storage System | Nuclear | Hydrogen | Energy Storage System;Wind Onshore,PRO-003182 | PRO-000143 | PRO-003957 | PRO-003865 | PRO-003165,https://www.neso.energy/data-portal/transmission-entry-capacity-tec-register,55.721996,-4.888000,HUNTERSTON FARM,Exact normalized name,High,100.0,https://doi.org/10.5285/0eed5c99-f409-4329-a98e-47f496bb88a2,Lovett & Sünnenberg GB substations dataset; HUNTERSTON FARM; SP ENERGY NETWORKS; GSP,Exact normalized name; score 100.0/100; next-candidate margin 0.0. Coordinates represent the matched mapped feature.
Hunterston East 400kV,Highview Hunterston East Cryobattery,HVS SITECO LTD,Demand;Energy Storage System;Reactive Compensation,PRO-001348,https://www.neso.energy/data-portal/transmission-entry-capacity-tec-register,55.720043,-4.887247,Hunterston East Substation,Exact normalized name,High,100.0,https://www.openstreetmap.org/way/304620092,OpenStreetMap named substation feature: Hunterston East Substation,Exact normalized name; score 100.0/100; next-candidate margin 100.0. Coordinates represent the matched mapped feature.
Hunterston East 400kV substation,Hunterston Battery Storage Facility,HUNTERSTON GRID 1 LTD,Energy Storage System;Reactive Compensation,PRO-001155,https://www.neso.energy/data-portal/transmission-entry-capacity-tec-register,55.720043,-4.887247,Hunterston East Substation,Exact normalized name,High,100.0,https://www.openstreetmap.org/way/304620092,OpenStreetMap named substation feature: Hunterston East Substation,Exact normalized name; score 100.0/100; next-candidate margin 100.0. Coordinates represent the matched mapped feature.
Hurlie 400kV substation,Bellrock Offshore Wind Farm | Bowdun (ex Cluaran Deas Ear) Offshore Wind Farm | Cerulean Winds INTOG 1,Bellrock Offshore Wind Farm Limited | BOWDUN OFFSHORE WIND FARM LIMITED | CERULEAN WINDS LIMITED,Wind Offshore | Demand;Wind Offshore,PRO-001496-1 | PRO-001496-2 | PRO-002091 | PRO-004330,https://www.neso.energy/data-portal/transmission-entry-capacity-tec-register,,,,No reliable infrastructure match,Unresolved,66.7,,,Best candidate 'HORLEY 33/11KV' scored 66.7; below reliability threshold.
Hurst 275kV Substation,Bexley GEC - Hurst Grid Park  2,BEXLEY GREEN ENERGY CENTRE LTD,Energy Storage System;PV Array (Photo Voltaic/solar),PRO-004546,https://www.neso.energy/data-portal/transmission-entry-capacity-tec-register,51.432592,0.154811,HURST 275KV S/S,Exact normalized name,High,100.0,https://doi.org/10.5285/0eed5c99-f409-4329-a98e-47f496bb88a2,Lovett & Sünnenberg GB substations dataset; HURST 275KV S/S; NATIONAL GRID; TRANS,Exact normalized name; score 100.0/100; next-candidate margin 0.0. Coordinates represent the matched mapped feature.
Hutton 132kV Substation,Sellafield,NUCLEAR DECOMMISSIONING AUTHORITY,CHP (Combined Heat and Power),PRO-000219,https://www.neso.energy/data-portal/transmission-entry-capacity-tec-register,54.297800,-2.672146,HUTTON 132KV S/S,Exact normalized name,High,100.0,https://doi.org/10.5285/0eed5c99-f409-4329-a98e-47f496bb88a2,Lovett & Sünnenberg GB substations dataset; HUTTON 132KV S/S; NATIONAL GRID; GSP,Exact normalized name; score 100.0/100; next-candidate margin 0.0. Coordinates represent the matched mapped feature.
Hutton 400kV Substation,Eskrigg End BESS | Hutton Battery Storage,Energi Generation 6 Ltd | OSSPV001 LIMITED,Energy Storage System,PRO-002804 | PRO-001601,https://www.neso.energy/data-portal/transmission-entry-capacity-tec-register,54.297510,-2.670912,HUTTON 400KV S/S,Exact normalized name,High,100.0,https://doi.org/10.5285/0eed5c99-f409-4329-a98e-47f496bb88a2,Lovett & Sünnenberg GB substations dataset; HUTTON 400KV S/S; NATIONAL GRID; TRANS,Exact normalized name; score 100.0/100; next-candidate margin 0.0. Coordinates represent the matched mapped feature.
ICHRACHAN 132/33KV GRID SUPPLY POINT SUBSTATION,Taigh an Uillt Energy Storage Park,Spingbank Energy Storage Park Limited,Energy Storage System,PRO-005058,https://www.neso.energy/data-portal/transmission-entry-capacity-tec-register,,,,No reliable infrastructure match,Unresolved,75.0,,,Best candidate 'Elgin Grid Supply Point' scored 75.0; below reliability threshold.
Imperial Park 400kV Substation,Imperial Park BESS,KONA ASSET 4 LIMITED,Energy Storage System,PRO-003615,https://www.neso.energy/data-portal/transmission-entry-capacity-tec-register,51.547892,-3.030941,IMPERIAL PARK 400KV S/S,Exact normalized name,High,100.0,https://doi.org/10.5285/0eed5c99-f409-4329-a98e-47f496bb88a2,Lovett & Sünnenberg GB substations dataset; IMPERIAL PARK 400KV S/S; NATIONAL GRID; TRANS,Exact normalized name; score 100.0/100; next-candidate margin 0.0. Coordinates represent the matched mapped feature.
Imperial Park B 400kV Substation,IPC Grid Tremorfa | TH Bridge Farm,IPC GRID CONNECTION LIMITED | FRV Powertek Limited,Energy Storage System,PRO-003765 | PRO-003425,https://www.neso.energy/data-portal/transmission-entry-capacity-tec-register,51.547892,-3.030941,IMPERIAL PARK 400KV S/S,Strong name match,High,100.0,https://doi.org/10.5285/0eed5c99-f409-4329-a98e-47f496bb88a2,Lovett & Sünnenberg GB substations dataset; IMPERIAL PARK 400KV S/S; NATIONAL GRID; TRANS,Strong name match; score 100.0/100; next-candidate margin 4.0. Coordinates represent the matched mapped feature.
IMW01 OFFSHORE 275/66KV OFFSHORE SUBSTATION,Isle of Man Offshore Wind Farm,Mooir Vannin Offshore Wind Farm Limited,Wind Offshore,PRO-003698,https://www.neso.energy/data-portal/transmission-entry-capacity-tec-register,55.063128,-3.555747,Isle of Man,TEC project-derived locality proxy,Low,100.0,https://www.openstreetmap.org/node/8190260832,OpenStreetMap named hamlet: Isle of Man,"TEC project-derived locality proxy; score 100.0/100; next-candidate margin 100.0. Coordinates are a geographic proxy, not the confirmed electrical asset."
Indian Queens 400kV Substation,Indian Queens | Indian Queens Energy Centre | St Dennis Hendra,GRIDMOVE LTD | INDIAN QUEENS POWER LIMITED | PIVOTED POWER LLP | IQ ENERGY CENTRE LIMITED | SAMBAR POWER LIMITED,Energy Storage System;PV Array (Photo Voltaic/solar) | OCGT (Open Cycle Gas Turbine) | Energy Storage System,PRO-001676 | PRO-001372 | PRO-000225 | PRO-001371 | PRO-001133,https://www.neso.energy/data-portal/transmission-entry-capacity-tec-register,50.394936,-4.898911,INDIAN QUEENS 400KV S/S,Exact normalized name,High,100.0,https://doi.org/10.5285/0eed5c99-f409-4329-a98e-47f496bb88a2,Lovett & Sünnenberg GB substations dataset; INDIAN QUEENS 400KV S/S; NATIONAL GRID; TRANS,Exact normalized name; score 100.0/100; next-candidate margin 0.0. Coordinates represent the matched mapped feature.
Invergarry 132kV Substation,Invergarry (part of the Garry Cascade),SSE Generation Limited,Hydro,PRO-000171,https://www.neso.energy/data-portal/transmission-entry-capacity-tec-register,57.068502,-4.807905,INVERGARRY,Exact normalized name,High,100.0,https://doi.org/10.5285/0eed5c99-f409-4329-a98e-47f496bb88a2,Lovett & Sünnenberg GB substations dataset; INVERGARRY; SSE NETWORKS; PSS,Exact normalized name; score 100.0/100; next-candidate margin 0.0. Coordinates represent the matched mapped feature.
Inverkeithing 132/33kV,Balbougie Energy Centre,Balbougie Energy Centre II Limited,Energy Storage System,PRO-002065,https://www.neso.energy/data-portal/transmission-entry-capacity-tec-register,56.041996,-3.390994,INVERKEITHING,Exact normalized name,High,100.0,https://doi.org/10.5285/0eed5c99-f409-4329-a98e-47f496bb88a2,Lovett & Sünnenberg GB substations dataset; INVERKEITHING; SP ENERGY NETWORKS; GSP,Exact normalized name; score 100.0/100; next-candidate margin 0.0. Coordinates represent the matched mapped feature.
Inverkeithing GSP,STOR Field 9 BESS,EKU ENERGY FAUNE PROJECTS (UK) LIMITED,Energy Storage System,PRO-002528,https://www.neso.energy/data-portal/transmission-entry-capacity-tec-register,56.041996,-3.390994,INVERKEITHING,Exact normalized name,High,100.0,https://doi.org/10.5285/0eed5c99-f409-4329-a98e-47f496bb88a2,Lovett & Sünnenberg GB substations dataset; INVERKEITHING; SP ENERGY NETWORKS; GSP,Exact normalized name; score 100.0/100; next-candidate margin 0.0. Coordinates represent the matched mapped feature.
INVERNESS 132/33KV GRID SUPPLY POINT SUBSTATION,Daviot Windfarm BEGA,CUBICO UK DEVELOPMENT LIMITED,Energy Storage System;Wind Onshore,PRO-004874,https://www.neso.energy/data-portal/transmission-entry-capacity-tec-register,,,,No reliable infrastructure match,Unresolved,76.2,,,Best candidate 'Kintore Grid Supply Point' scored 76.2; below reliability threshold.
Inverness GSP,Moy Wind Farm,ENECO MOY LIMITED,Wind Onshore,PRO-000232,https://www.neso.energy/data-portal/transmission-entry-capacity-tec-register,57.453860,-4.246553,INVERNESS,Exact normalized name,High,100.0,https://doi.org/10.5285/0eed5c99-f409-4329-a98e-47f496bb88a2,Lovett & Sünnenberg GB substations dataset; INVERNESS; SSE NETWORKS; PSS,Exact normalized name; score 100.0/100; next-candidate margin 0.0. Coordinates represent the matched mapped feature.
Inveroykel Wind Farm 132kV,Inveroykel Wind Farm,RWE RENEWABLES UK SWINDON LIMITED,Wind Onshore,PRO-002831,https://www.neso.energy/data-portal/transmission-entry-capacity-tec-register,57.971104,-4.600892,Inveroykel,Town/locality proxy,Medium,100.0,https://www.openstreetmap.org/node/13164948406,OpenStreetMap named locality: Inveroykel,"Town/locality proxy; score 100.0/100; next-candidate margin 100.0. Coordinates are a geographic proxy, not the confirmed electrical asset."
Iron Acton 132kV Substation,Larks Green Farm BESS,VOLTALIA UK LTD,Energy Storage System,PRO-003849,https://www.neso.energy/data-portal/transmission-entry-capacity-tec-register,51.568978,-2.481269,IRON ACTON 132KV S/S,Exact normalized name,High,100.0,https://doi.org/10.5285/0eed5c99-f409-4329-a98e-47f496bb88a2,Lovett & Sünnenberg GB substations dataset; IRON ACTON 132KV S/S; NATIONAL GRID; GSP,Exact normalized name; score 100.0/100; next-candidate margin 0.0. Coordinates represent the matched mapped feature.
Iron Acton 275kV Substation,Iron Acton,HD000ACT LTD,Energy Storage System,PRO-000455-1 | PRO-000455-2,https://www.neso.energy/data-portal/transmission-entry-capacity-tec-register,51.569808,-2.480528,IRON ACTON 275KV S/S,Exact normalized name,High,100.0,https://doi.org/10.5285/0eed5c99-f409-4329-a98e-47f496bb88a2,Lovett & Sünnenberg GB substations dataset; IRON ACTON 275KV S/S; NATIONAL GRID; TRANS,Exact normalized name; score 100.0/100; next-candidate margin 0.0. Coordinates represent the matched mapped feature.
Ironbridge 400kV Substation,ELMYA REDNAL | Ironbridge | Ironbridge Green Energy Centre,ELMYA RPC UK REDNAL LIMITED | IGP SOLAR 16 LIMITED | IRONBRIDGE GREEN NG LIMITED,Energy Storage System | Energy Storage System;PV Array (Photo Voltaic/solar),PRO-002526 | PRO-001629 | PRO-001711,https://www.neso.energy/data-portal/transmission-entry-capacity-tec-register,52.631952,-2.514278,IRONBRIDGE 400KV S/S,Exact normalized name,High,100.0,https://doi.org/10.5285/0eed5c99-f409-4329-a98e-47f496bb88a2,Lovett & Sünnenberg GB substations dataset; IRONBRIDGE 400KV S/S; NATIONAL GRID; TRANS,Exact normalized name; score 100.0/100; next-candidate margin 0.0. Coordinates represent the matched mapped feature.
Iver 275kV Substation,Iver,Juniper Energy Limited,Energy Storage System,PRO-001141,https://www.neso.energy/data-portal/transmission-entry-capacity-tec-register,51.543225,-0.497860,IVER 275KV S/S,Exact normalized name,High,100.0,https://doi.org/10.5285/0eed5c99-f409-4329-a98e-47f496bb88a2,Lovett & Sünnenberg GB substations dataset; IVER 275KV S/S; NATIONAL GRID; TRANS,Exact normalized name; score 100.0/100; next-candidate margin 0.0. Coordinates represent the matched mapped feature.
Jersey Farm 400kV Substation,Jersey Farm BESS,CSE39 LIMITED,Energy Storage System,PRO-002264,https://www.neso.energy/data-portal/transmission-entry-capacity-tec-register,51.768226,-0.294905,Jersey Farm,Geographic feature proxy,Low,100.0,https://www.openstreetmap.org/node/1932956247,OpenStreetMap/Photon geographic feature: Jersey Farm; Hertfordshire,"Geographic feature proxy; score 100.0/100; next-candidate margin 0.0. Coordinates are a geographic proxy, not the confirmed electrical asset."
Jonhstone 132/33kV Substation,Scottish Water Linwood STW 60MW BESS,Bluestone Linwood 1 Ltd,Energy Storage System,PRO-002412,https://www.neso.energy/data-portal/transmission-entry-capacity-tec-register,55.836991,-4.504998,JOHNSTONE,Fuzzy infrastructure match,Medium,92.9,https://doi.org/10.5285/0eed5c99-f409-4329-a98e-47f496bb88a2,Lovett & Sünnenberg GB substations dataset; JOHNSTONE; SP ENERGY NETWORKS; PSS,Fuzzy infrastructure match; score 92.9/100; next-candidate margin 4.0. Coordinates represent the matched mapped feature.
Jubilee Farm 275kV Substation,Jubilee Farm | Lightsource Jubilee Farm | Ranby,Starlight Energy SPV 2 Ltd | Lightsource Renewable UK Development Limited | SSE DE SOLAR HOLDCO LIMITED,Energy Storage System;PV Array (Photo Voltaic/solar) | Energy Storage System;PV Array (Photo Voltaic/solar);Wind Onshore,PRO-002545 | PRO-004815 | PRO-002557,https://www.neso.energy/data-portal/transmission-entry-capacity-tec-register,51.071101,-4.073649,Jubilee Substation,Exact normalized name,High,100.0,https://www.openstreetmap.org/node/13333843251,OpenStreetMap named substation feature: Jubilee Substation,Exact normalized name; score 100.0/100; next-candidate margin 100.0. Coordinates represent the matched mapped feature.
Kaimes GSP,Kaimes Energy Park,HP Trotter t/a Printonan Farm,Demand;Energy Storage System,PRO-000942,https://www.neso.energy/data-portal/transmission-entry-capacity-tec-register,55.891213,-3.167297,KAIMES ,Exact normalized name,High,100.0,https://doi.org/10.5285/0eed5c99-f409-4329-a98e-47f496bb88a2,Lovett & Sünnenberg GB substations dataset; KAIMES ; SP ENERGY NETWORKS; TRANS,Exact normalized name; score 100.0/100; next-candidate margin 0.0. Coordinates represent the matched mapped feature.
Keadby 400kV Substation,Brigg | Keadby | Keadby II | Keadby North Power Station | Keadby South Power Station,CBS ENERGY STORAGE ASSETS UK LIMITED | Keadby Generation Limited,CCGT (Combined Cycle Gas Turbine),PRO-000039 | PRO-000199 | PRO-000310 | PRO-001980 | PRO-001962,https://www.neso.energy/data-portal/transmission-entry-capacity-tec-register,53.598048,-0.756199,KEADBY 400KV S/S,Exact normalized name,High,100.0,https://doi.org/10.5285/0eed5c99-f409-4329-a98e-47f496bb88a2,Lovett & Sünnenberg GB substations dataset; KEADBY 400KV S/S; NATIONAL GRID; TRANS,Exact normalized name; score 100.0/100; next-candidate margin 0.0. Coordinates represent the matched mapped feature.
Keadby GSP,Glanford | Keadby,EPR GLANFORD LIMITED | ONE PLANET DEVELOPMENTS LIMITED,Biomass | Energy Storage System,PRO-000164 | PRO-003634,https://www.neso.energy/data-portal/transmission-entry-capacity-tec-register,53.598048,-0.756199,KEADBY 400KV S/S,Exact normalized name,High,100.0,https://doi.org/10.5285/0eed5c99-f409-4329-a98e-47f496bb88a2,Lovett & Sünnenberg GB substations dataset; KEADBY 400KV S/S; NATIONAL GRID; TRANS,Exact normalized name; score 100.0/100; next-candidate margin 0.0. Coordinates represent the matched mapped feature.
Kearsley 132kV substation,Green Frog @ Rake Lane,VIRIDIS 178 LIMITED,CCGT (Combined Cycle Gas Turbine),PRO-001267,https://www.neso.energy/data-portal/transmission-entry-capacity-tec-register,53.539387,-2.359415,KEARSLEY 132KV GSP S/S,Exact normalized name,High,100.0,https://doi.org/10.5285/0eed5c99-f409-4329-a98e-47f496bb88a2,Lovett & Sünnenberg GB substations dataset; KEARSLEY 132KV GSP S/S; NATIONAL GRID; GSP,Exact normalized name; score 100.0/100; next-candidate margin 0.0. Coordinates represent the matched mapped feature.
Kearsley 275kV Substation,Kearsley | Kearsley North Green Energy Centre,PIVOTED POWER LLP | Kearsley North Green NG Limited,Demand;Energy Storage System | Demand;Energy Storage System;PV Array (Photo Voltaic/solar),PRO-001064 | PRO-001793,https://www.neso.energy/data-portal/transmission-entry-capacity-tec-register,53.537659,-2.357439,KEARSLEY 275KV S/S,Exact normalized name,High,100.0,https://doi.org/10.5285/0eed5c99-f409-4329-a98e-47f496bb88a2,Lovett & Sünnenberg GB substations dataset; KEARSLEY 275KV S/S; NATIONAL GRID; TRANS,Exact normalized name; score 100.0/100; next-candidate margin 0.0. Coordinates represent the matched mapped feature.
Kegworth B (Derbyshire Connection Node C) 132kV Substation,Ratcliffe on Soar BESS,FPC ELECTRIC LAND LIMITED,Energy Storage System,PRO-002725,https://www.neso.energy/data-portal/transmission-entry-capacity-tec-register,52.861827,-1.259069,Ratcliffe On Soar Power Station - Solar Farm,TEC project matched to DESNZ REPD,Medium,100.0,https://www.gov.uk/government/publications/renewable-energy-planning-database-quarterly-extract,"DESNZ REPD ref 14507: Ratcliffe On Soar Power Station - Solar Farm; Ratcliffe On Soar Power Station, Green Street, Nottingham; planning ref 22/01339/LDO",TEC project matched to DESNZ REPD; score 100.0/100; next-candidate margin 100.0. Coordinates represent the matched mapped feature.
Keith 1 132/33kV GSP Substation,Keith 132 Greener Grid Park | Keith Battery Storage,KEITH STORAGE SOLUTIONS LIMITED | Field Keith Ltd,Energy Storage System;Reactive Compensation | Energy Storage System,PRO-001129-1 | PRO-001129-2 | PRO-001742,https://www.neso.energy/data-portal/transmission-entry-capacity-tec-register,57.540274,-2.938339,KEITH,Strong name match,High,100.0,https://doi.org/10.5285/0eed5c99-f409-4329-a98e-47f496bb88a2,Lovett & Sünnenberg GB substations dataset; KEITH; SSE NETWORKS; PSS,Strong name match; score 100.0/100; next-candidate margin 4.0. Coordinates represent the matched mapped feature.
Keith 2 132/33kV GSP Substation,Garbet Wind Farm | Hill of Towie 2 Wind Farm,GARBET WIND FARM LLP | GREENHILLS 1 LIMITED,Wind Onshore,PRO-001813-1 | PRO-000938,https://www.neso.energy/data-portal/transmission-entry-capacity-tec-register,57.540274,-2.938339,KEITH,Strong name match,High,100.0,https://doi.org/10.5285/0eed5c99-f409-4329-a98e-47f496bb88a2,Lovett & Sünnenberg GB substations dataset; KEITH; SSE NETWORKS; PSS,Strong name match; score 100.0/100; next-candidate margin 4.0. Coordinates represent the matched mapped feature.
Keith 2 GSP,Drum Farm Energy Storage Facility,Field Drum Farm Ltd,Energy Storage System,PRO-001726,https://www.neso.energy/data-portal/transmission-entry-capacity-tec-register,57.542729,-2.952329,Keith,Town/locality proxy,Medium,96.0,https://www.openstreetmap.org/node/26510354,OpenStreetMap named town: Keith,"Town/locality proxy; score 96.0/100; next-candidate margin 25.4. Coordinates are a geographic proxy, not the confirmed electrical asset."
Keith GSP,Glens of Foudland Wind (SRO),GLENS OF FOUDLAND WIND FARM LIMITED,Wind Onshore,PRO-000258,https://www.neso.energy/data-portal/transmission-entry-capacity-tec-register,57.540228,-2.937252,KEITH ,Exact normalized name,High,100.0,https://doi.org/10.5285/0eed5c99-f409-4329-a98e-47f496bb88a2,Lovett & Sünnenberg GB substations dataset; KEITH ; SSE NETWORKS; TRANS,Exact normalized name; score 100.0/100; next-candidate margin 0.0. Coordinates represent the matched mapped feature.
Keith Hill 33kV,Keith Hill Wind Farm,DIAMOND WIND LIMITED,Wind Onshore,PRO-000251,https://www.neso.energy/data-portal/transmission-entry-capacity-tec-register,55.826359,-2.829020,Keith Hill,Exact normalized name,High,100.0,https://www.openstreetmap.org/relation/9632223,OpenStreetMap named plant feature: Keith Hill,Exact normalized name; score 100.0/100; next-candidate margin 100.0. Coordinates represent the matched mapped feature.
Keith Solar Farm 275kV Substation,Keith Solar Farm,KEITH SOLAR PV LIMITED,Energy Storage System;PV Array (Photo Voltaic/solar),PRO-002699,https://www.neso.energy/data-portal/transmission-entry-capacity-tec-register,57.540228,-2.937252,KEITH ,Exact normalized name,High,100.0,https://doi.org/10.5285/0eed5c99-f409-4329-a98e-47f496bb88a2,Lovett & Sünnenberg GB substations dataset; KEITH ; SSE NETWORKS; TRANS,Exact normalized name; score 100.0/100; next-candidate margin 0.0. Coordinates represent the matched mapped feature.
Kellas Wind Farm 132kV Substation,Kellas Wind Farm,E Power Limited,Wind Onshore,PRO-002271,https://www.neso.energy/data-portal/transmission-entry-capacity-tec-register,56.509116,-2.883832,Kellas,Town/locality proxy,Medium,100.0,https://www.openstreetmap.org/node/1297029358,OpenStreetMap named village: Kellas,"Town/locality proxy; score 100.0/100; next-candidate margin 100.0. Coordinates are a geographic proxy, not the confirmed electrical asset."
Kellingley 400kV Substation,Eggborough PV & BESS Sub,O&G Solar (SPV 47) Limited,Energy Storage System;PV Array (Photo Voltaic/solar),PRO-002597,https://www.neso.energy/data-portal/transmission-entry-capacity-tec-register,53.702708,-1.201582,Kellingley,Exact normalized name,High,100.0,https://www.openstreetmap.org/way/800761318,OpenStreetMap named plant feature: Kellingley,Exact normalized name; score 100.0/100; next-candidate margin 100.0. Coordinates represent the matched mapped feature.
Kellingley IDNO GSP,KELL440MW BESS,CARE POWER (KELLINGLEY) LIMITED,Energy Storage System,PRO-003956,https://www.neso.energy/data-portal/transmission-entry-capacity-tec-register,53.711911,-1.200441,Kellingley,Town/locality proxy,Low,80.0,https://www.openstreetmap.org/node/616836413,OpenStreetMap named village: Kellingley,"Town/locality proxy; score 80.0/100; next-candidate margin 80.0. Coordinates are a geographic proxy, not the confirmed electrical asset."
Kelloe Mains 400kV Substation,Edrom Green Energy Park | Kelloe Mains | Lees Hill Renewable Energy Park,NP SPV 45 LIMITED | TBC 003 LIMITED | FRED OLSEN RENEWABLES LIMITED,Energy Storage System | Energy Storage System;PV Array (Photo Voltaic/solar);Wind Onshore,PRO-005818 | PRO-002425 | PRO-005949,https://www.neso.energy/data-portal/transmission-entry-capacity-tec-register,55.779068,-2.262506,Kelloe Mains,Geographic feature proxy,Low,100.0,https://www.openstreetmap.org/way/374282061,OpenStreetMap/Photon geographic feature: Kelloe Mains; The Scottish Borders,"Geographic feature proxy; score 100.0/100; next-candidate margin 100.0. Coordinates are a geographic proxy, not the confirmed electrical asset."
Kemsley 400kV Substation,Kemsley | Ouse Energy Storage,PIVOTED POWER LLP | Ouse Energy Limited,Energy Storage System,PRO-000235 | PRO-001861,https://www.neso.energy/data-portal/transmission-entry-capacity-tec-register,51.368309,0.741685,KEMSLEY 400KV S/S,Exact normalized name,High,100.0,https://doi.org/10.5285/0eed5c99-f409-4329-a98e-47f496bb88a2,Lovett & Sünnenberg GB substations dataset; KEMSLEY 400KV S/S; NATIONAL GRID; TRANS,Exact normalized name; score 100.0/100; next-candidate margin 0.0. Coordinates represent the matched mapped feature.
Kemsley GSP,Barge Way 120MW BESS | Kemsley,FPC ELECTRIC LAND LIMITED | GROVEHURST ENERGY LIMITED,Energy Storage System | CHP (Combined Heat and Power),PRO-002144 | PRO-001328,https://www.neso.energy/data-portal/transmission-entry-capacity-tec-register,51.368309,0.741685,KEMSLEY 400KV S/S,Exact normalized name,High,100.0,https://doi.org/10.5285/0eed5c99-f409-4329-a98e-47f496bb88a2,Lovett & Sünnenberg GB substations dataset; KEMSLEY 400KV S/S; NATIONAL GRID; TRANS,Exact normalized name; score 100.0/100; next-candidate margin 0.0. Coordinates represent the matched mapped feature.
Kergord GSP,Viking Wind Farm,VIKING ENERGY WIND FARM LLP,Wind Onshore,PRO-000338,https://www.neso.energy/data-portal/transmission-entry-capacity-tec-register,60.339319,-1.208429,Viking Wind Farm ,TEC project matched to DESNZ REPD,Low,100.0,https://www.gov.uk/government/publications/renewable-energy-planning-database-quarterly-extract,"DESNZ REPD ref 6828: Viking Wind Farm ; Lang Kame, Shetland Island; planning ref ECU00000723",TEC project matched to DESNZ REPD; score 100.0/100; next-candidate margin 0.0. Coordinates represent the matched mapped feature.
Kilbraur Wind Farm Substation,Kilbraur North Wind Farm | Kilbraur Wind Farm,EDF ENERGY RENEWABLES LIMITED | KILBRAUR WIND ENERGY LIMITED,Wind Onshore,PRO-003987 | PRO-000226,https://www.neso.energy/data-portal/transmission-entry-capacity-tec-register,58.043204,-4.048411,KILBRAUR WIND FARM ,Exact normalized name,High,100.0,https://doi.org/10.5285/0eed5c99-f409-4329-a98e-47f496bb88a2,Lovett & Sünnenberg GB substations dataset; KILBRAUR WIND FARM ; SSE NETWORKS; TRANS,Exact normalized name; score 100.0/100; next-candidate margin 0.0. Coordinates represent the matched mapped feature.
Kilgallioch 275kV Substation,Kilgallioch Wind Farm,SCOTTISHPOWER RENEWABLES (UK) LIMITED,Wind Onshore,PRO-000065,https://www.neso.energy/data-portal/transmission-entry-capacity-tec-register,55.049358,-4.763673,Kilgallioch Wind Farm Substation,Exact normalized name,High,100.0,https://www.openstreetmap.org/way/676775628,OpenStreetMap named substation feature: Kilgallioch Wind Farm Substation,Exact normalized name; score 100.0/100; next-candidate margin 0.0. Coordinates represent the matched mapped feature.
Killermont 132/33kV,Cleveden Road BESS,Vital Energi Solutions Limited,Energy Storage System,PRO-003174,https://www.neso.energy/data-portal/transmission-entry-capacity-tec-register,55.963992,-4.310003,KILLERMONT,Exact normalized name,High,100.0,https://doi.org/10.5285/0eed5c99-f409-4329-a98e-47f496bb88a2,Lovett & Sünnenberg GB substations dataset; KILLERMONT; SP ENERGY NETWORKS; GSP,Exact normalized name; score 100.0/100; next-candidate margin 0.0. Coordinates represent the matched mapped feature.
Killin 132/11kV Substation,Finlarig,SSE Generation Limited,Hydro,PRO-000079-1 | PRO-000079-2,https://www.neso.energy/data-portal/transmission-entry-capacity-tec-register,56.477024,-4.329640,KILLIN,Exact normalized name,High,100.0,https://doi.org/10.5285/0eed5c99-f409-4329-a98e-47f496bb88a2,Lovett & Sünnenberg GB substations dataset; KILLIN; SSE NETWORKS; GSP,Exact normalized name; score 100.0/100; next-candidate margin 0.0. Coordinates represent the matched mapped feature.
Killin GSP,Boreland BESS | Lubreoch Hydro (Part of Killin Cascade Hydro Scheme),BORELAND ENERGY LTD | SSE Generation Limited,Energy Storage System | Hydro,PRO-004259 | PRO-000893,https://www.neso.energy/data-portal/transmission-entry-capacity-tec-register,56.477024,-4.329640,KILLIN,Exact normalized name,High,100.0,https://doi.org/10.5285/0eed5c99-f409-4329-a98e-47f496bb88a2,Lovett & Sünnenberg GB substations dataset; KILLIN; SSE NETWORKS; GSP,Exact normalized name; score 100.0/100; next-candidate margin 0.0. Coordinates represent the matched mapped feature.
Killingholme 400kV Substation,Killingholme | North Killingholme Power Project | THE CLEAN FUTURE,Uniper UK Limited | THE CLEAN FUTURE RENEWABLES LIMITED,OCGT (Open Cycle Gas Turbine) | CCGT (Combined Cycle Gas Turbine) | Energy Storage System;PV Array (Photo Voltaic/solar),PRO-000148 | PRO-001038 | PRO-002019,https://www.neso.energy/data-portal/transmission-entry-capacity-tec-register,53.655700,-0.257199,KILLINGHOLME 400KV S/S,Exact normalized name,High,100.0,https://doi.org/10.5285/0eed5c99-f409-4329-a98e-47f496bb88a2,Lovett & Sünnenberg GB substations dataset; KILLINGHOLME 400KV S/S; NATIONAL GRID; TRANS,Exact normalized name; score 100.0/100; next-candidate margin 0.0. Coordinates represent the matched mapped feature.
Killoch BESS 132kV Substation,Killoch BESS,Renewable Energy Systems Limited,Energy Storage System,PRO-004171,https://www.neso.energy/data-portal/transmission-entry-capacity-tec-register,55.555038,-4.357558,Killoch,TEC project geocoded-area proxy,Low,100.0,https://www.openstreetmap.org/way/381736340,TEC project 'Killoch BESS' matched via OpenStreetMap/Photon to Killoch; East Ayrshire,"TEC project geocoded-area proxy; score 100.0/100; next-candidate margin 100.0. Coordinates are a geographic proxy, not the confirmed electrical asset."
Kilmarnock South 400kV Substation,Kilmarnock South Battery Storage | Zenobe Kilmarnock South,Kilmarnock Energy Centre Limited | ZENOBE KILMARNOCK SOUTH LIMITED,Energy Storage System,PRO-001809 | PRO-001687,https://www.neso.energy/data-portal/transmission-entry-capacity-tec-register,55.575625,-4.462303,KILMARNOCK SOUTH ,Exact normalized name,High,100.0,https://doi.org/10.5285/0eed5c99-f409-4329-a98e-47f496bb88a2,Lovett & Sünnenberg GB substations dataset; KILMARNOCK SOUTH ; SP ENERGY NETWORKS; TRANS,Exact normalized name; score 100.0/100; next-candidate margin 0.0. Coordinates represent the matched mapped feature.
Kilmarnock Town 275/33kV Substation,Inchbean  Energy Park,BROCKWELL STORAGE & SOLAR LIMITED,Energy Storage System,PRO-002453,https://www.neso.energy/data-portal/transmission-entry-capacity-tec-register,55.597989,-4.495993,KILMARNOCK TOWN,Exact normalized name,High,100.0,https://doi.org/10.5285/0eed5c99-f409-4329-a98e-47f496bb88a2,Lovett & Sünnenberg GB substations dataset; KILMARNOCK TOWN; SP ENERGY NETWORKS; GSP,Exact normalized name; score 100.0/100; next-candidate margin 0.0. Coordinates represent the matched mapped feature.
Kilmorack GSP,Kilmorack (part of the Beauly Cascade),SSE Generation Limited,Hydro,PRO-000172,https://www.neso.energy/data-portal/transmission-entry-capacity-tec-register,57.463256,-4.512041,Kilmorack Power Station,Exact normalized name,High,100.0,https://www.openstreetmap.org/way/100549578,OpenStreetMap named plant feature: Kilmorack Power Station,Exact normalized name; score 100.0/100; next-candidate margin 100.0. Coordinates represent the matched mapped feature.
Kilwinning 132/33kV,Ardoch Farm Battery Storage | Benthead Solar | Flemyland Battery Storage,CAPBAL (KILWINNING) LIMITED | BENTHEAD SOLAR LIMITED | Flemyland Battery Storage Limited,Energy Storage System | Energy Storage System;PV Array (Photo Voltaic/solar),PRO-002431 | PRO-001881 | PRO-002360,https://www.neso.energy/data-portal/transmission-entry-capacity-tec-register,55.665997,-4.681993,KILWINNING,Exact normalized name,High,100.0,https://doi.org/10.5285/0eed5c99-f409-4329-a98e-47f496bb88a2,Lovett & Sünnenberg GB substations dataset; KILWINNING; SP ENERGY NETWORKS; GSP,Exact normalized name; score 100.0/100; next-candidate margin 0.0. Coordinates represent the matched mapped feature.
Kinardochy Substation. 400/275kV,Field Kinardochy BESS,Field Kinardochy Ltd,Energy Storage System,PRO-005104,https://www.neso.energy/data-portal/transmission-entry-capacity-tec-register,56.676921,-4.006060,Kinardochy Substation,Exact normalized name,High,100.0,https://www.openstreetmap.org/way/1177951352,OpenStreetMap named substation feature: Kinardochy Substation,Exact normalized name; score 100.0/100; next-candidate margin 100.0. Coordinates represent the matched mapped feature.
Kincardine North 400kV Substation,EcoKincardine | Hawkhill BESS | Tulliallan BESS,Econergy International Limited | GPC Project 12 Ltd | IGP ENERGY STORAGE 6 LIMITED,Energy Storage System;PV Array (Photo Voltaic/solar) | Energy Storage System,PRO-003557 | PRO-003595 | PRO-003619,https://www.neso.energy/data-portal/transmission-entry-capacity-tec-register,55.407766,-1.645405,Hawkhill,TEC project-derived locality proxy,Low,100.0,https://www.openstreetmap.org/node/333766107,OpenStreetMap named locality: Hawkhill,"TEC project-derived locality proxy; score 100.0/100; next-candidate margin 0.0. Coordinates are a geographic proxy, not the confirmed electrical asset."
Kingsnorth 132kV Substation,Kingsnorth | Rochester Renewable Project,ENSO GREEN HOLDINGS G LIMITED | VATTENFALL WIND POWER LTD,Energy Storage System;PV Array (Photo Voltaic/solar) | Energy Storage System;PV Array (Photo Voltaic/solar);Wind Onshore,PRO-001360 | PRO-002097,https://www.neso.energy/data-portal/transmission-entry-capacity-tec-register,51.420010,0.596217,KINGSNORTH 132KV S/S,Exact normalized name,High,100.0,https://doi.org/10.5285/0eed5c99-f409-4329-a98e-47f496bb88a2,Lovett & Sünnenberg GB substations dataset; KINGSNORTH 132KV S/S; NATIONAL GRID; GSP,Exact normalized name; score 100.0/100; next-candidate margin 0.0. Coordinates represent the matched mapped feature.
Kingsnorth 400kV Substation,Cuxton 49.5MW BESS | Damhead Creek 2 | Kingsnorth BESS NP | Medway 3 Power Station,Cuxton Energy Storage Limited | VPI Power Limited | NORIKER POWER LTD | MEDWAY POWER LIMITED,Energy Storage System | CCGT (Combined Cycle Gas Turbine);Energy Storage System;OCGT (Open Cycle Gas Turbine) | Demand;LAES (Liquid Air Energy Storage),PRO-002373 | PRO-001056 | PRO-002665 | PRO-002578,https://www.neso.energy/data-portal/transmission-entry-capacity-tec-register,51.418568,0.598393,KINGSNORTH 400KV S/S,Exact normalized name,High,100.0,https://doi.org/10.5285/0eed5c99-f409-4329-a98e-47f496bb88a2,Lovett & Sünnenberg GB substations dataset; KINGSNORTH 400KV S/S; NATIONAL GRID; TRANS,Exact normalized name; score 100.0/100; next-candidate margin 0.0. Coordinates represent the matched mapped feature.
KINGSNORTH B 400KV SUBSTATION,Kingsnorth Power Station,QE KINGSNORTH SPV LIMITED,Energy Storage System;PV Array (Photo Voltaic/solar),PRO-004718,https://www.neso.energy/data-portal/transmission-entry-capacity-tec-register,51.418568,0.598393,KINGSNORTH 400KV S/S,Strong name match,High,100.0,https://doi.org/10.5285/0eed5c99-f409-4329-a98e-47f496bb88a2,Lovett & Sünnenberg GB substations dataset; KINGSNORTH 400KV S/S; NATIONAL GRID; TRANS,Strong name match; score 100.0/100; next-candidate margin 4.0. Coordinates represent the matched mapped feature.
Kingsnorth GSP,Damhead Creek,VPI Power Limited,CCGT (Combined Cycle Gas Turbine),PRO-000119,https://www.neso.energy/data-portal/transmission-entry-capacity-tec-register,51.418568,0.598393,KINGSNORTH 400KV S/S,Exact normalized name,High,100.0,https://doi.org/10.5285/0eed5c99-f409-4329-a98e-47f496bb88a2,Lovett & Sünnenberg GB substations dataset; KINGSNORTH 400KV S/S; NATIONAL GRID; TRANS,Exact normalized name; score 100.0/100; next-candidate margin 0.0. Coordinates represent the matched mapped feature.
Kinkell IDNO GSP,KINKHALL266MW BESS BEGA (Kinkell),CARE POWER (KINKHALL) LIMITED,Energy Storage System,PRO-004268,https://www.neso.energy/data-portal/transmission-entry-capacity-tec-register,,,,No reliable infrastructure match,Unresolved,61.5,,,Best candidate 'Cwm Gelli Idno Substation' scored 61.5; below reliability threshold.
Kinmuck BESS 132kV Substation,Kinmuck PV and BESS Station,KINMUCK ENERGY STORAGE LIMITED,Energy Storage System;PV Array (Photo Voltaic/solar),PRO-001700,https://www.neso.energy/data-portal/transmission-entry-capacity-tec-register,57.268911,-2.303633,Kinmuck,Town/locality proxy,Medium,100.0,https://www.openstreetmap.org/node/1333979371,OpenStreetMap named village: Kinmuck,"Town/locality proxy; score 100.0/100; next-candidate margin 100.0. Coordinates are a geographic proxy, not the confirmed electrical asset."
Kintore 132/33kV GSP Substation,Thainstone Energy Park,AGILE ENERGY RECOVERY (INVERURIE) LIMITED,Waste,PRO-001493-1,https://www.neso.energy/data-portal/transmission-entry-capacity-tec-register,57.202666,-2.393172,KINTORE ,Exact normalized name,High,100.0,https://doi.org/10.5285/0eed5c99-f409-4329-a98e-47f496bb88a2,Lovett & Sünnenberg GB substations dataset; KINTORE ; SSE NETWORKS; TRANS,Exact normalized name; score 100.0/100; next-candidate margin 0.0. Coordinates represent the matched mapped feature.
Kintore 275kV,Alcemi Midmill BESS,ALCEMI STORAGE DEVELOPMENTS 2 LIMITED,Energy Storage System,PRO-002014,https://www.neso.energy/data-portal/transmission-entry-capacity-tec-register,57.202666,-2.393172,KINTORE ,Exact normalized name,High,100.0,https://doi.org/10.5285/0eed5c99-f409-4329-a98e-47f496bb88a2,Lovett & Sünnenberg GB substations dataset; KINTORE ; SSE NETWORKS; TRANS,Exact normalized name; score 100.0/100; next-candidate margin 0.0. Coordinates represent the matched mapped feature.
Kintore GSP,North-East Offshore Hybrid Asset,National Grid Interconnector Holdings Limited,Interconnector;Wind Offshore,PRO-004942,https://www.neso.energy/data-portal/transmission-entry-capacity-tec-register,57.202666,-2.393172,KINTORE ,Exact normalized name,High,100.0,https://doi.org/10.5285/0eed5c99-f409-4329-a98e-47f496bb88a2,Lovett & Sünnenberg GB substations dataset; KINTORE ; SSE NETWORKS; TRANS,Exact normalized name; score 100.0/100; next-candidate margin 0.0. Coordinates represent the matched mapped feature.
Kirkby 275/33kV Substation,Kirkby (Tertiary),PIVOTED POWER LLP,Energy Storage System;PV Array (Photo Voltaic/solar),PRO-001083,https://www.neso.energy/data-portal/transmission-entry-capacity-tec-register,53.469219,-2.847724,KIRKBY 275KV S/S,Exact normalized name,High,100.0,https://doi.org/10.5285/0eed5c99-f409-4329-a98e-47f496bb88a2,Lovett & Sünnenberg GB substations dataset; KIRKBY 275KV S/S; NATIONAL GRID; TRANS,Exact normalized name; score 100.0/100; next-candidate margin 0.0. Coordinates represent the matched mapped feature.
Kirkby 275kV Substation,Kirkby | Kirkby Green Energy Centre,KIRKBY BATTERY STORAGE LTD | KIRKBY GREEN NG LIMITED,Energy Storage System | Demand;Energy Storage System;PV Array (Photo Voltaic/solar),PRO-001084-1 | PRO-001084-2 | PRO-001869,https://www.neso.energy/data-portal/transmission-entry-capacity-tec-register,53.469219,-2.847724,KIRKBY 275KV S/S,Exact normalized name,High,100.0,https://doi.org/10.5285/0eed5c99-f409-4329-a98e-47f496bb88a2,Lovett & Sünnenberg GB substations dataset; KIRKBY 275KV S/S; NATIONAL GRID; TRANS,Exact normalized name; score 100.0/100; next-candidate margin 0.0. Coordinates represent the matched mapped feature.
Kirkcaldy BESS 132kV Substation,Kirkcaldy BESS,Apatura Battery Ltd,Energy Storage System,PRO-003743,https://www.neso.energy/data-portal/transmission-entry-capacity-tec-register,56.111022,-3.158230,Kirkcaldy,Town/locality proxy,Medium,100.0,https://www.openstreetmap.org/node/26404211,OpenStreetMap named town: Kirkcaldy,"Town/locality proxy; score 100.0/100; next-candidate margin 100.0. Coordinates are a geographic proxy, not the confirmed electrical asset."
Knockcronal Wind Farm 33kV Substation,Knockcronal Wind Farm,Knockcronal Wind Farm Limited,Wind Onshore,PRO-001801,https://www.neso.energy/data-portal/transmission-entry-capacity-tec-register,55.278831,-4.550827,Knockcronal Wind Farm,TEC project matched to DESNZ REPD,Low,100.0,https://www.gov.uk/government/publications/renewable-energy-planning-database-quarterly-extract,"DESNZ REPD ref 10284: Knockcronal Wind Farm; 4.8 km south of Straiton and 17.4 km east of Girvan, Maybole; planning ref ECU00002181",TEC project matched to DESNZ REPD; score 100.0/100; next-candidate margin 0.0. Coordinates represent the matched mapped feature.
Knocknagael 132kV Substation,Balrobert Farm BESS | Knocknagael BESS,ELGIN ENERGY ES CO LIMITED | FIELD KNOCKNAGAEL LTD,Energy Storage System,PRO-004118 | PRO-003712,https://www.neso.energy/data-portal/transmission-entry-capacity-tec-register,57.421981,-4.245769,Knocknagael Substation,Exact normalized name,High,100.0,https://www.openstreetmap.org/way/820229174,OpenStreetMap named substation feature: Knocknagael Substation,Exact normalized name; score 100.0/100; next-candidate margin 100.0. Coordinates represent the matched mapped feature.
Knocknagael 275kV,Loch na Cathrach Pumped Storage Hydro,STATKRAFT HIGHLANDS PSH LIMITED,Pump Storage,PRO-000570-1 | PRO-000570-2,https://www.neso.energy/data-portal/transmission-entry-capacity-tec-register,57.421981,-4.245769,Knocknagael Substation,Exact normalized name,High,100.0,https://www.openstreetmap.org/way/820229174,OpenStreetMap named substation feature: Knocknagael Substation,Exact normalized name; score 100.0/100; next-candidate margin 100.0. Coordinates represent the matched mapped feature.
Knockodhar Wind Farm 132kV Substation,Knockodhar Wind Farm,REG KNOCKODHAR LIMITED,Wind Onshore,PRO-000483,https://www.neso.energy/data-portal/transmission-entry-capacity-tec-register,55.210795,-4.711160,Knockodhar Wind Farm,TEC project matched to DESNZ REPD,Low,100.0,https://www.gov.uk/government/publications/renewable-energy-planning-database-quarterly-extract,"DESNZ REPD ref 14295: Knockodhar Wind Farm; Knockodhar Wind Farm, 3.5 kilometres SW/O The Village Of Barr, Girvan; planning ref ECU00002153",TEC project matched to DESNZ REPD; score 100.0/100; next-candidate margin 0.0. Coordinates represent the matched mapped feature.
KXP Alpha 3 Ayr BESS 275kV Substation,KXP ALPHA 3 AYR BESS,KXP ALPHA III LIMITED,Energy Storage System,PRO-003672,https://www.neso.energy/data-portal/transmission-entry-capacity-tec-register,,,,No reliable infrastructure match,Unresolved,62.5,,,Best candidate 'Thorpe Park Alpha' scored 62.5; below reliability threshold.
Kynachan BESS 132kV Substation,Kynachan,Geocore Ltd,Energy Storage System,PRO-003502,https://www.neso.energy/data-portal/transmission-entry-capacity-tec-register,,,,No reliable infrastructure match,Unresolved,55.6,,,Best candidate 'Kinardochy Substation' scored 55.6; below reliability threshold.
Kype Muir 132/33kV,Harting Rig Wind Farm,KYPE EXTENSION WIND FARM LIMITED,Wind Onshore,PRO-000303,https://www.neso.energy/data-portal/transmission-entry-capacity-tec-register,55.607105,-4.058002,Kype Muir Wind Farm Extension,Exact normalized name,High,100.0,https://www.openstreetmap.org/relation/20164292,OpenStreetMap named plant feature: Kype Muir Wind Farm Extension,Exact normalized name; score 100.0/100; next-candidate margin 0.0. Coordinates represent the matched mapped feature.
L48 BESS Dams of Craigie,L48 BESS Dams of Craigie,S4 UK DEV LTD,Energy Storage System;PV Array (Photo Voltaic/solar),PRO-003853,https://www.neso.energy/data-portal/transmission-entry-capacity-tec-register,,,,No reliable infrastructure match,Unresolved,72.2,,,Best candidate 'MILTON OF CRAIGIE' scored 72.2; below reliability threshold.
L48 BESS GLEN APP 275/132KV SUBSTATION,L48 BESS Glen App,S4 UK DEV LTD,Energy Storage System,PRO-003058,https://www.neso.energy/data-portal/transmission-entry-capacity-tec-register,55.022262,-5.005676,Glen App Wind Farm Substation,Candidate infrastructure match,Low,80.0,https://www.openstreetmap.org/way/917802178,OpenStreetMap named substation feature: Glen App Wind Farm Substation,Candidate infrastructure match; score 80.0/100; next-candidate margin 0.0. Coordinates represent the matched mapped feature.
Lackenby 400kV Substation,Crathorne Estate BESS and Solar Farm | Dogger Bank Project C | Sofia Offshore Wind Farm,Exagen Development Limited | DOGGERBANK OFFSHORE WIND FARM PROJECT 3 PROJCO LIMITED | SOFIA OFFSHORE WIND FARM LIMITED,Energy Storage System;PV Array (Photo Voltaic/solar) | Wind Offshore,PRO-003831 | PRO-000409 | PRO-000404,https://www.neso.energy/data-portal/transmission-entry-capacity-tec-register,54.566037,-1.130657,LACKENBY 400KV S/S,Exact normalized name,High,100.0,https://doi.org/10.5285/0eed5c99-f409-4329-a98e-47f496bb88a2,Lovett & Sünnenberg GB substations dataset; LACKENBY 400KV S/S; NATIONAL GRID; TRANS,Exact normalized name; score 100.0/100; next-candidate margin 0.0. Coordinates represent the matched mapped feature.
Ladyburn 132kV Substation,Craig Nab Wind Energy Hub | Craiglarie Wind Farm,Craig Nab Wind Energy Hub Limited | Invenergy Development UK Ltd,Energy Storage System;Wind Onshore,PRO-002450 | PRO-005971,https://www.neso.energy/data-portal/transmission-entry-capacity-tec-register,55.940533,-4.719435,Ladyburn,Town/locality proxy,Medium,100.0,https://www.openstreetmap.org/node/6553952104,OpenStreetMap named suburb: Ladyburn,"Town/locality proxy; score 100.0/100; next-candidate margin 100.0. Coordinates are a geographic proxy, not the confirmed electrical asset."
Lairdmannoch Energy Park 132kV substation,Lairdmannoch Energy Park,LAIRDMANNOCH ENERGY PARK LIMITED,Energy Storage System;PV Array (Photo Voltaic/solar);Wind Onshore,PRO-003781,https://www.neso.energy/data-portal/transmission-entry-capacity-tec-register,54.932871,-4.094664,Lairdmannoch Energy Park,TEC project matched to DESNZ REPD,Low,100.0,https://www.gov.uk/government/publications/renewable-energy-planning-database-quarterly-extract,DESNZ REPD ref 14764: Lairdmannoch Energy Park; 7km north east of Gatehouse of Fleet; planning ref ECU00004900,TEC project matched to DESNZ REPD; score 100.0/100; next-candidate margin 0.0. Coordinates represent the matched mapped feature.
Lairg GSP,NAVAS BESS | Strath Tirry,OPDE UK LIMITED | Strath Tirry Wind Energy 2021 Ltd,Energy Storage System | Wind Onshore,PRO-005946 | PRO-001363,https://www.neso.energy/data-portal/transmission-entry-capacity-tec-register,58.030618,-4.392774,LAIRG,Exact normalized name,High,100.0,https://doi.org/10.5285/0eed5c99-f409-4329-a98e-47f496bb88a2,Lovett & Sünnenberg GB substations dataset; LAIRG; SSE NETWORKS; PSS,Exact normalized name; score 100.0/100; next-candidate margin 0.0. Coordinates represent the matched mapped feature.
Lairg II 132kV Substation,Lairg II Wind Farm,LAIRG II LLP,Wind Onshore,PRO-001434,https://www.neso.energy/data-portal/transmission-entry-capacity-tec-register,58.030034,-4.413213,LAIRG,Candidate infrastructure match,Low,80.9,https://doi.org/10.5285/0eed5c99-f409-4329-a98e-47f496bb88a2,Lovett & Sünnenberg GB substations dataset; LAIRG; SSE NETWORKS; GSP,Candidate infrastructure match; score 80.9/100; next-candidate margin 4.0. Coordinates represent the matched mapped feature.
Laleham 132kV Substation,Laleham,Juniper Energy Limited,Demand;Energy Storage System,PRO-001063-1 | PRO-001063-2,https://www.neso.energy/data-portal/transmission-entry-capacity-tec-register,51.424429,-0.469381,LALEHAM 132KV S/S,Exact normalized name,High,100.0,https://doi.org/10.5285/0eed5c99-f409-4329-a98e-47f496bb88a2,Lovett & Sünnenberg GB substations dataset; LALEHAM 132KV S/S; NATIONAL GRID; GSP,Exact normalized name; score 100.0/100; next-candidate margin 0.0. Coordinates represent the matched mapped feature.
Laleham GSP (SEPD),Sunbury BESS,SUNBURY BESS LTD,Energy Storage System,PRO-001883,https://www.neso.energy/data-portal/transmission-entry-capacity-tec-register,51.408901,-0.490266,Laleham,Town/locality proxy,Low,73.7,https://www.openstreetmap.org/node/2669075054,OpenStreetMap named village: Laleham,"Town/locality proxy; score 73.7/100; next-candidate margin 73.7. Coordinates are a geographic proxy, not the confirmed electrical asset."
Lancashire Connection Node B 400kV Substation,Middleshaw BESS | NatPower Penrith Green Energy Park,Harmony MS Limited | LEITH ENERGY LIMITED,Energy Storage System,PRO-004516 | PRO-004278,https://www.neso.energy/data-portal/transmission-entry-capacity-tec-register,55.067637,-3.338716,Middleshaw,TEC project-derived locality proxy,Low,100.0,https://www.openstreetmap.org/node/4637383766,OpenStreetMap named hamlet: Middleshaw,"TEC project-derived locality proxy; score 100.0/100; next-candidate margin 100.0. Coordinates are a geographic proxy, not the confirmed electrical asset."
LAND AT LEITHOLM 132KV SUBSTATION,Land at Leitholm,NOVENTUM POWER SOLAR 6 LIMITED,Energy Storage System;PV Array (Photo Voltaic/solar),PRO-004265,https://www.neso.energy/data-portal/transmission-entry-capacity-tec-register,55.690546,-2.335567,Leitholm,Town/locality proxy,Low,76.2,https://www.openstreetmap.org/node/402901259,OpenStreetMap named village: Leitholm,"Town/locality proxy; score 76.2/100; next-candidate margin 9.5. Coordinates are a geographic proxy, not the confirmed electrical asset."
Landulph 400kV Substation,Landulph,PIVOTED POWER LLP,Energy Storage System;PV Array (Photo Voltaic/solar),PRO-001131-1 | PRO-001131-2,https://www.neso.energy/data-portal/transmission-entry-capacity-tec-register,50.445281,-4.242698,LANDULPH 400KV S/S,Exact normalized name,High,100.0,https://doi.org/10.5285/0eed5c99-f409-4329-a98e-47f496bb88a2,Lovett & Sünnenberg GB substations dataset; LANDULPH 400KV S/S; NATIONAL GRID; TRANS,Exact normalized name; score 100.0/100; next-candidate margin 0.0. Coordinates represent the matched mapped feature.
Landulph GSP,Plymouth Main | Plymouth Rock,VIRIDIS 178 LIMITED,CHP (Combined Heat and Power),PRO-000362 | PRO-000363,https://www.neso.energy/data-portal/transmission-entry-capacity-tec-register,50.445281,-4.242698,LANDULPH 400KV S/S,Exact normalized name,High,100.0,https://doi.org/10.5285/0eed5c99-f409-4329-a98e-47f496bb88a2,Lovett & Sünnenberg GB substations dataset; LANDULPH 400KV S/S; NATIONAL GRID; TRANS,Exact normalized name; score 100.0/100; next-candidate margin 0.0. Coordinates represent the matched mapped feature.
Langage 400kV Substation,Langage | Langage 400 | Langage Battery Storage | Langage Farm,EP LANGAGE LIMITED | ENSO GREEN HOLDINGS X LIMITED | LANGAGE ENERGY PARK LIMITED | Langage 10 Renewables Limited,CCGT (Combined Cycle Gas Turbine) | Energy Storage System;PV Array (Photo Voltaic/solar) | Energy Storage System,PRO-000200 | PRO-002192-1 | PRO-002192-2 | PRO-002192-3 | PRO-002016 | PRO-002561,https://www.neso.energy/data-portal/transmission-entry-capacity-tec-register,50.389039,-4.012679,LANGAGE 400KV S/S,Exact normalized name,High,100.0,https://doi.org/10.5285/0eed5c99-f409-4329-a98e-47f496bb88a2,Lovett & Sünnenberg GB substations dataset; LANGAGE 400KV S/S; NATIONAL GRID; TRANS,Exact normalized name; score 100.0/100; next-candidate margin 0.0. Coordinates represent the matched mapped feature.
Lapwing Fen II (Walpole) IDNO Substation,Lapwing Fen II,ECLIPSE POWER NETWORKS LIMITED,Energy Storage System,PRO-001995,https://www.neso.energy/data-portal/transmission-entry-capacity-tec-register,52.723308,0.171334,"Lapwing Fen II, Crown Farm",TEC project matched to DESNZ REPD,Medium,96.0,https://www.gov.uk/government/publications/renewable-energy-planning-database-quarterly-extract,"DESNZ REPD ref 7606: Lapwing Fen II, Crown Farm; Crown Farm, Mill Road, West Walton, Wisbech, ; planning ref 19/02002/FM",TEC project matched to DESNZ REPD; score 96.0/100; next-candidate margin 96.0. Coordinates represent the matched mapped feature.
LAVENDON 400KV SUBSTATION,Grendon High Impact Green Energy Hub (HIGEH) 1,TELIS ENERGY UK LIMITED,Energy Storage System;Nuclear;PV Array (Photo Voltaic/solar);Reactive Compensation;Wind Onshore,PRO-002651,https://www.neso.energy/data-portal/transmission-entry-capacity-tec-register,52.173412,-0.660332,Lavendon,Town/locality proxy,Medium,100.0,https://www.openstreetmap.org/node/16215891,OpenStreetMap named village: Lavendon,"Town/locality proxy; score 100.0/100; next-candidate margin 100.0. Coordinates are a geographic proxy, not the confirmed electrical asset."
Lawfield and Branxton Energy Park 400kV Substation,Lawfield and Branxton Energy Park,Cairn Duhie Energy Limited,Energy Storage System,PRO-002229,https://www.neso.energy/data-portal/transmission-entry-capacity-tec-register,,,,No reliable infrastructure match,Unresolved,61.8,,,Best candidate 'Shirebrook Energy Park' scored 61.8; below reliability threshold.
Learlielaw Energy Storage 132kV Substation,Learielaw Energy Storage,Learielaw Energy Storage Limited,Energy Storage System,PRO-002531,https://www.neso.energy/data-portal/transmission-entry-capacity-tec-register,55.920850,-3.463207,"Learielaw Farm, Learielaw -  Battery Energy Storage",TEC project matched to DESNZ REPD,Low,100.0,https://www.gov.uk/government/publications/renewable-energy-planning-database-quarterly-extract,"DESNZ REPD ref 13368: Learielaw Farm, Learielaw -  Battery Energy Storage; Learielaw Farm, Learielaw, Broxburn; planning ref ECU00004983",TEC project matched to DESNZ REPD; score 100.0/100; next-candidate margin 0.0. Coordinates represent the matched mapped feature.
LEARNEY BESS 132KV,Learney BESS,IGP SOLAR 22 LIMITED,Energy Storage System,PRO-003241,https://www.neso.energy/data-portal/transmission-entry-capacity-tec-register,50.572006,-4.462641,Lemarne Substation,Candidate infrastructure match,Low,85.7,https://www.openstreetmap.org/node/13595787822,OpenStreetMap named substation feature: Lemarne Substation,Candidate infrastructure match; score 85.7/100; next-candidate margin 2.4. Coordinates represent the matched mapped feature.
Leeds North Connection Node A 400kV Substation,TH Knaresborough,FRV Powertek Limited,Energy Storage System,PRO-004131,https://www.neso.energy/data-portal/transmission-entry-capacity-tec-register,54.007923,-1.466825,Knaresborough,TEC project-derived locality proxy,Low,96.0,https://www.openstreetmap.org/node/53970285,OpenStreetMap named town: Knaresborough,"TEC project-derived locality proxy; score 96.0/100; next-candidate margin 96.0. Coordinates are a geographic proxy, not the confirmed electrical asset."
Leeds North Connection Node B 400kV Substation,Calderdale Wind Farm 312MW | Jackdaw BESS | Lightsource New Eggborough | Pollington Hybrid,CALDERDALE WIND FARM LTD | Downing Renewable Developments LLP | Lightsource Renewable UK Development Limited | EDF ENERGY RENEWABLES LIMITED,Wind Onshore | Energy Storage System | Energy Storage System;Wind Onshore | Energy Storage System;PV Array (Photo Voltaic/solar);Wind Onshore,PRO-004714 | PRO-004351 | PRO-004821 | PRO-005049,https://www.neso.energy/data-portal/transmission-entry-capacity-tec-register,,,,No reliable infrastructure match,Unresolved,75.9,,,Best candidate 'Leeds North Substation' scored 75.9; below reliability threshold.
Leeds North Connection Node C 132kV Substation,Ferrybridge B - NEL Hunter | Fryston Lane 100MW BESS | NEL Conway2,UE 4 LTD | GPC 2008 Ltd | JJS 3 Limited,Energy Storage System,PRO-003608 | PRO-003620 | PRO-005043,https://www.neso.energy/data-portal/transmission-entry-capacity-tec-register,,,,No reliable infrastructure match,Unresolved,75.9,,,Best candidate 'Leeds North Substation' scored 75.9; below reliability threshold.
Leeds North Connection Node C 400kV Substation,Brodsworth High Impact Green Energy Hub (Brodsworth HIGEH) | FCC Thurcroft BESS | NEL Bluebell | NEL Springfield | West Melton PV & BESS Station,TELIS ENERGY UK LIMITED | Downing Renewable Developments LLP | SFEL Bluebell Limited | UE 3 LTD | IBV WEST MELTON SOLAR PARK LIMITED,Energy Storage System;Nuclear;PV Array (Photo Voltaic/solar);Wind Onshore | Energy Storage System | Energy Storage System;PV Array (Photo Voltaic/solar),PRO-004506 | PRO-003268 | PRO-002802 | PRO-003633 | PRO-004061,https://www.neso.energy/data-portal/transmission-entry-capacity-tec-register,51.582405,-0.557506,Springfield Farm,TEC project matched to DESNZ REPD,Medium,96.0,https://www.gov.uk/government/publications/renewable-energy-planning-database-quarterly-extract,"DESNZ REPD ref 640: Springfield Farm; Springfield Farm, Gerrard Cross, Off Junction 12 of the M40; planning ref SBD/8204/06",TEC project matched to DESNZ REPD; score 96.0/100; next-candidate margin 96.0. Coordinates represent the matched mapped feature.
Leeds North Connection Node D 400kV Substation,BlackDyke BESS | Tewitt Farm BESS,ANESCO LIMITED | Apatura Battery Ltd,Energy Storage System,PRO-004671 | PRO-003917,https://www.neso.energy/data-portal/transmission-entry-capacity-tec-register,54.950874,-2.970795,Blackdyke Farm,TEC project matched to DESNZ REPD,Medium,100.0,https://www.gov.uk/government/publications/renewable-energy-planning-database-quarterly-extract,"DESNZ REPD ref 5715: Blackdyke Farm; Blackdyke Farm and Riding Cent, Blackford, Carlisle; planning ref 15/0688",TEC project matched to DESNZ REPD; score 100.0/100; next-candidate margin 100.0. Coordinates represent the matched mapped feature.
Leeds North Connection Node E,Elland BESS,Pulse Clean Energy Limited,Energy Storage System,PRO-003465,https://www.neso.energy/data-portal/transmission-entry-capacity-tec-register,53.685620,-1.838280,Elland,TEC project-derived locality proxy,Low,100.0,https://www.openstreetmap.org/node/29814614,OpenStreetMap named town: Elland,"TEC project-derived locality proxy; score 100.0/100; next-candidate margin 100.0. Coordinates are a geographic proxy, not the confirmed electrical asset."
Leeds North Connection Node E 132KV Substation,Shaw Lane BESS,SHAW LANE BESS LIMITED,Energy Storage System,PRO-004439,https://www.neso.energy/data-portal/transmission-entry-capacity-tec-register,53.873686,-1.693957,Shaw Lane,TEC project-derived locality proxy,Low,100.0,https://www.openstreetmap.org/node/11462576112,OpenStreetMap named suburb: Shaw Lane,"TEC project-derived locality proxy; score 100.0/100; next-candidate margin 100.0. Coordinates are a geographic proxy, not the confirmed electrical asset."
Leeds North Connection Node G,Scotton,HARMONY ENERGY LIMITED,Energy Storage System,PRO-005920,https://www.neso.energy/data-portal/transmission-entry-capacity-tec-register,54.358092,-1.710256,Scotton,TEC project-derived locality proxy,Low,100.0,https://www.openstreetmap.org/node/5270873863,OpenStreetMap named hamlet: Scotton,"TEC project-derived locality proxy; score 100.0/100; next-candidate margin 0.0. Coordinates are a geographic proxy, not the confirmed electrical asset."
Leeds South Connection Node B 132kV Substation,Thurcroft Storage,BSR APPLICATIONS LIMITED,Energy Storage System,PRO-005889,https://www.neso.energy/data-portal/transmission-entry-capacity-tec-register,,,,No reliable infrastructure match,Unresolved,71.4,,,Best candidate 'South Lees Farm' scored 71.4; below reliability threshold.
Leeds South Connection Node C 400kV Substation,Noventum - Stocksbridge,NOVENTUM POWER SOLAR 14 LIMITED,Energy Storage System,PRO-004661,https://www.neso.energy/data-portal/transmission-entry-capacity-tec-register,,,,No reliable infrastructure match,Unresolved,71.4,,,Best candidate 'South Lees Farm' scored 71.4; below reliability threshold.
Legacy 400kV Substation,Legacy 400 | Legacy Green Energy Centre | Legacy Tertiary Connection | Plas Power Estate North Tertiary,ENSO GREEN HOLDINGS LIMITED | LEGACY GREEN ENERGY LIMITED | HD639LEG LIMITED | LIGHTSOURCE SPV 192 LIMITED,Energy Storage System;PV Array (Photo Voltaic/solar);Wind Onshore | Energy Storage System | Energy Storage System;PV Array (Photo Voltaic/solar),PRO-002193 | PRO-001662-1 | PRO-001662-2 | PRO-001171 | PRO-001050,https://www.neso.energy/data-portal/transmission-entry-capacity-tec-register,53.028519,-3.053770,LEGACY 400KV S/S,Exact normalized name,High,100.0,https://doi.org/10.5285/0eed5c99-f409-4329-a98e-47f496bb88a2,Lovett & Sünnenberg GB substations dataset; LEGACY 400KV S/S; NATIONAL GRID; TRANS,Exact normalized name; score 100.0/100; next-candidate margin 0.0. Coordinates represent the matched mapped feature.
Leslie 200MW BESS 275kV Substation,Leslie 200MW BESS,Apatura Battery Ltd,Energy Storage System,PRO-003609,https://www.neso.energy/data-portal/transmission-entry-capacity-tec-register,57.311196,-2.668865,Leslie,Town/locality proxy,Low,66.7,https://www.openstreetmap.org/node/8872868418,OpenStreetMap named village: Leslie,"Town/locality proxy; score 66.7/100; next-candidate margin 0.0. Coordinates are a geographic proxy, not the confirmed electrical asset."
Lessnessock,Lessnessock Energy Park,RENEWCO POWER LIMITED,Energy Storage System,PRO-005033,https://www.neso.energy/data-portal/transmission-entry-capacity-tec-register,,,,No reliable infrastructure match,Unresolved,66.7,,,Best candidate 'Lednock Power Station' scored 66.7; below reliability threshold.
Letchmore Heath 132kV Substation,Elstree Energy Storage,ELSTREE BATTERY STORAGE LIMITED,Energy Storage System,PRO-003205,https://www.neso.energy/data-portal/transmission-entry-capacity-tec-register,51.667410,-0.336119,Letchmore Heath,Town/locality proxy,Medium,100.0,https://www.openstreetmap.org/node/2343904433,OpenStreetMap named village: Letchmore Heath,"Town/locality proxy; score 100.0/100; next-candidate margin 100.0. Coordinates are a geographic proxy, not the confirmed electrical asset."
Letham 400/275kV substation,Grangemouth  Hybrid BESS & Solar PV,TAGENERGY DEVELOPMENT UK LIMITED,Energy Storage System;PV Array (Photo Voltaic/solar),PRO-003254,https://www.neso.energy/data-portal/transmission-entry-capacity-tec-register,56.054196,-3.774497,Letham,Town/locality proxy,Low,100.0,https://www.openstreetmap.org/relation/19668036,OpenStreetMap named village: Letham,"Town/locality proxy; score 100.0/100; next-candidate margin 0.0. Coordinates are a geographic proxy, not the confirmed electrical asset."
Lethans Collector 132kV Substation,Lethans Wind Farm Extension,LETHANS EAST WIND FARM LIMITED,Wind Onshore,PRO-003553,https://www.neso.energy/data-portal/transmission-entry-capacity-tec-register,55.420590,-4.081809,Lethans Wind Farm ,TEC project matched to DESNZ REPD,Low,100.0,https://www.gov.uk/government/publications/renewable-energy-planning-database-quarterly-extract,"DESNZ REPD ref 6827: Lethans Wind Farm ; Land to the north east of New Cumnock, Lethans, ; planning ref ECU00001856",TEC project matched to DESNZ REPD; score 100.0/100; next-candidate margin 0.0. Coordinates represent the matched mapped feature.
Lethans Collector Substation,Lethans Wind Farm,Lethans Wind Farm Limited,Wind Onshore,PRO-001367,https://www.neso.energy/data-portal/transmission-entry-capacity-tec-register,55.420590,-4.081809,Lethans Wind Farm ,TEC project matched to DESNZ REPD,Low,100.0,https://www.gov.uk/government/publications/renewable-energy-planning-database-quarterly-extract,"DESNZ REPD ref 6827: Lethans Wind Farm ; Land to the north east of New Cumnock, Lethans, ; planning ref ECU00001856",TEC project matched to DESNZ REPD; score 100.0/100; next-candidate margin 0.0. Coordinates represent the matched mapped feature.
Lethen Wind Farm 132/33kV Substation,Lethen Wind Farm,FRED OLSEN RENEWABLES LIMITED,Wind Onshore,PRO-002307,https://www.neso.energy/data-portal/transmission-entry-capacity-tec-register,57.534443,-3.800376,LETHEN,Exact normalized name,High,100.0,https://doi.org/10.5285/0eed5c99-f409-4329-a98e-47f496bb88a2,Lovett & Sünnenberg GB substations dataset; LETHEN; SSE NETWORKS; PSS,Exact normalized name; score 100.0/100; next-candidate margin 0.0. Coordinates represent the matched mapped feature.
Leuchland Farm IDNO,Leuchland Energy Centre A | Leuchland Energy Centre B,LEUCHLAND ENERGY CENTRE LIMITED,Energy Storage System;PV Array (Photo Voltaic/solar),PRO-005765 | PRO-005767,https://www.neso.energy/data-portal/transmission-entry-capacity-tec-register,,,,No reliable infrastructure match,Unresolved,69.0,,,Best candidate 'Sandy Lane IDNo' scored 69.0; below reliability threshold.
LGB300 400KV Substation,LGB300,LG-B-300,Energy Storage System,PRO-003907,https://www.neso.energy/data-portal/transmission-entry-capacity-tec-register,,,,No reliable infrastructure match,Unresolved,37.5,,,Best candidate 'LONGBRIDGE 132/11KV' scored 37.5; below reliability threshold.
Limekilns 132/33kV substation,Limekiln,Limekiln Extension Limited,Energy Storage System;Wind Onshore,PRO-000515-1 | PRO-000515-2,https://www.neso.energy/data-portal/transmission-entry-capacity-tec-register,56.034392,-3.480491,Limekilns,Town/locality proxy,Medium,100.0,https://www.openstreetmap.org/node/29338432,OpenStreetMap named village: Limekilns,"Town/locality proxy; score 100.0/100; next-candidate margin 100.0. Coordinates are a geographic proxy, not the confirmed electrical asset."
Lincolnshire Coastal Node 400kV Substation,Mablethorpe Storage,THEDDLETHORPE FLEXIBLE GENERATION LIMITED,CCGT (Combined Cycle Gas Turbine);Energy Storage System,PRO-001979,https://www.neso.energy/data-portal/transmission-entry-capacity-tec-register,,,,No reliable infrastructure match,Unresolved,68.2,,,Best candidate 'Lincolnshire Police' scored 68.2; below reliability threshold.
Lincolnshire Coastal Node B 400kV Substation,East Lincolnshire Solar,Statkraft UK Ltd,Energy Storage System;PV Array (Photo Voltaic/solar),PRO-004737,https://www.neso.energy/data-portal/transmission-entry-capacity-tec-register,,,,No reliable infrastructure match,Unresolved,65.2,,,Best candidate 'Lincolnshire Police' scored 65.2; below reliability threshold.
Lincs 33/132kV Offshore Substation,Lincs Offshore Wind Farm,LINCS WIND FARM LIMITED,Wind Offshore,PRO-000215,https://www.neso.energy/data-portal/transmission-entry-capacity-tec-register,53.188548,0.490310,Lincs Wind Farm Substation,Exact normalized name,High,100.0,https://www.openstreetmap.org/way/1392853091,OpenStreetMap named substation feature: Lincs Wind Farm Substation,Exact normalized name; score 100.0/100; next-candidate margin 0.0. Coordinates represent the matched mapped feature.
Linnmill 132/33kV,Andershaw Wind Farm | Auchrobert Wind Farm | Redshaw Energy Park,ANDERSHAW WIND POWER LIMITED | AUCHROBERT WIND ENERGY LIMITED | Redshaw Energy Park Developments LLP,Wind Onshore | Energy Storage System,PRO-000010 | PRO-000016 | PRO-003982,https://www.neso.energy/data-portal/transmission-entry-capacity-tec-register,55.671990,-3.825996,LINNMILL,Exact normalized name,High,100.0,https://doi.org/10.5285/0eed5c99-f409-4329-a98e-47f496bb88a2,Lovett & Sünnenberg GB substations dataset; LINNMILL; SP ENERGY NETWORKS; GSP,Exact normalized name; score 100.0/100; next-candidate margin 0.0. Coordinates represent the matched mapped feature.
Linnmill GSP,Brae WF,WIND 2 LIMITED,Energy Storage System;Wind Onshore,PRO-004633,https://www.neso.energy/data-portal/transmission-entry-capacity-tec-register,55.671990,-3.825996,LINNMILL,Exact normalized name,High,100.0,https://doi.org/10.5285/0eed5c99-f409-4329-a98e-47f496bb88a2,Lovett & Sünnenberg GB substations dataset; LINNMILL; SP ENERGY NETWORKS; GSP,Exact normalized name; score 100.0/100; next-candidate margin 0.0. Coordinates represent the matched mapped feature.
Linwood 400kV Substation,Lightsource Auchans,Lightsource Renewable UK Development Limited,Energy Storage System,PRO-003985,https://www.neso.energy/data-portal/transmission-entry-capacity-tec-register,53.363620,-0.333527,Linwood,Town/locality proxy,Low,100.0,https://www.openstreetmap.org/node/243406335,OpenStreetMap named hamlet: Linwood,"Town/locality proxy; score 100.0/100; next-candidate margin 0.0. Coordinates are a geographic proxy, not the confirmed electrical asset."
Lister Drive 132kV Substation,Lister Drive,ORSTED ESS MERSEY LIMITED,Energy Storage System,PRO-001257,https://www.neso.energy/data-portal/transmission-entry-capacity-tec-register,53.419989,-2.932002,LISTER DRIVE,Exact normalized name,High,100.0,https://doi.org/10.5285/0eed5c99-f409-4329-a98e-47f496bb88a2,Lovett & Sünnenberg GB substations dataset; LISTER DRIVE; SP ENERGY NETWORKS; BSP,Exact normalized name; score 100.0/100; next-candidate margin 0.0. Coordinates represent the matched mapped feature.
Lister Drive 275kV Substation,Lister Battery (formerly Lister Drive) | Lister Drive 275kV | Lister Drive Shaw,LISTER BATTERY LTD | LISTER DRIVE SOLUTIONS LIMITED | Carnegie (BES) Ltd,Energy Storage System | Reactive Compensation,PRO-001088 | PRO-001248 | PRO-001342,https://www.neso.energy/data-portal/transmission-entry-capacity-tec-register,53.418548,-2.924267,LISTER DRIVE 275KV S/S,Exact normalized name,High,100.0,https://doi.org/10.5285/0eed5c99-f409-4329-a98e-47f496bb88a2,Lovett & Sünnenberg GB substations dataset; LISTER DRIVE 275KV S/S; NATIONAL GRID; TRANS,Exact normalized name; score 100.0/100; next-candidate margin 0.0. Coordinates represent the matched mapped feature.
Little Horsted GSP,Little Horsted,CSE34 LIMITED,Energy Storage System;PV Array (Photo Voltaic/solar),PRO-002214,https://www.neso.energy/data-portal/transmission-entry-capacity-tec-register,50.941163,0.120572,Little Horsted Substation,Exact normalized name,High,100.0,https://www.openstreetmap.org/way/555563722,OpenStreetMap named substation feature: Little Horsted Substation,Exact normalized name; score 100.0/100; next-candidate margin 100.0. Coordinates represent the matched mapped feature.
Littlebrook 132kV Substation,Littlebrook BESS | Low Carbon Energy Centre BESS Joyce Green Lane,ECODEV (SOUTH) LTD | NET ZERO MARINE SERVICES LIMITED,Energy Storage System,PRO-001832 | PRO-003540,https://www.neso.energy/data-portal/transmission-entry-capacity-tec-register,51.464671,0.239208,LITTLEBROOK 400KV S/S,Exact normalized name,High,100.0,https://doi.org/10.5285/0eed5c99-f409-4329-a98e-47f496bb88a2,Lovett & Sünnenberg GB substations dataset; LITTLEBROOK 400KV S/S; NATIONAL GRID; TRANS,Exact normalized name; score 100.0/100; next-candidate margin 0.0. Coordinates represent the matched mapped feature.
Littlebrook 400kV Substation,ER LBR Energy,ER PROJECT DEVELOPMENT CO LIMITED,Energy Storage System;PV Array (Photo Voltaic/solar),PRO-003723,https://www.neso.energy/data-portal/transmission-entry-capacity-tec-register,51.464671,0.239208,LITTLEBROOK 400KV S/S,Exact normalized name,High,100.0,https://doi.org/10.5285/0eed5c99-f409-4329-a98e-47f496bb88a2,Lovett & Sünnenberg GB substations dataset; LITTLEBROOK 400KV S/S; NATIONAL GRID; TRANS,Exact normalized name; score 100.0/100; next-candidate margin 0.0. Coordinates represent the matched mapped feature.
Livingston East 132/33kV,Harburnhead Wind Farm,LDV HARBURNHEAD LIMITED,Wind Onshore,PRO-000230,https://www.neso.energy/data-portal/transmission-entry-capacity-tec-register,55.882468,-3.492679,Livingston East Substation,Exact normalized name,High,100.0,https://www.openstreetmap.org/way/124059099,OpenStreetMap named substation feature: Livingston East Substation,Exact normalized name; score 100.0/100; next-candidate margin 100.0. Coordinates represent the matched mapped feature.
Llandyfaelog 132kV Substation,Brechfa Dau Wind Farm | GALILEO 06,TRYDAN GWYRDD CYMRU (Welsh Government) Ltd | Galileo Empower UK Limited,Energy Storage System;Wind Onshore | Wind Onshore,PRO-003847 | PRO-003810,https://www.neso.energy/data-portal/transmission-entry-capacity-tec-register,51.781447,-4.298605,Llandyfaelog,Town/locality proxy,Medium,100.0,https://www.openstreetmap.org/node/3451866541,OpenStreetMap named village: Llandyfaelog,"Town/locality proxy; score 100.0/100; next-candidate margin 100.0. Coordinates are a geographic proxy, not the confirmed electrical asset."
Llandyfaelog 400/132kV Substation,UK105-B Upland Arms,URUK BESS LIMITED,Energy Storage System;PV Array (Photo Voltaic/solar),PRO-004649,https://www.neso.energy/data-portal/transmission-entry-capacity-tec-register,51.781447,-4.298605,Llandyfaelog,Town/locality proxy,Medium,100.0,https://www.openstreetmap.org/node/3451866541,OpenStreetMap named village: Llandyfaelog,"Town/locality proxy; score 100.0/100; next-candidate margin 100.0. Coordinates are a geographic proxy, not the confirmed electrical asset."
Llanteg 400kV Substation,ER TWD Energy,ER PROJECT DEVELOPMENT CO LIMITED,Energy Storage System;Wind Onshore,PRO-003719,https://www.neso.energy/data-portal/transmission-entry-capacity-tec-register,51.761629,-4.636166,Llanteg,Town/locality proxy,Medium,100.0,https://www.openstreetmap.org/node/29121195,OpenStreetMap named hamlet: Llanteg,"Town/locality proxy; score 100.0/100; next-candidate margin 100.0. Coordinates are a geographic proxy, not the confirmed electrical asset."
LLYWELYN EXTENSION OFFSHORE WIND FARM 66/275KV OFFSHORE SUBSTATION,Llywelyn Extension Offshore Wind Farm,Renantis UK Limited,Wind Offshore,PRO-002406,https://www.neso.energy/data-portal/transmission-entry-capacity-tec-register,52.278054,-1.526048,Lewelyn,Candidate infrastructure match,Low,80.0,https://www.openstreetmap.org/node/10021829086,OpenStreetMap named substation feature: Lewelyn,Candidate infrastructure match; score 80.0/100; next-candidate margin 2.2. Coordinates represent the matched mapped feature.
Loch Fearna Pumped Storage 400/18kV Substation,Loch Fearna Pumped Storage,FEARNA PSH LIMITED,Pump Storage,PRO-002569,https://www.neso.energy/data-portal/transmission-entry-capacity-tec-register,,,,No reliable infrastructure match,Unresolved,56.0,,,Best candidate 'Farnham Battery Storage' scored 56.0; below reliability threshold.
LOCH GELLY COLLECTOR 132KV SUBSTATION,Gresham House Mossmoran BESS,MOSSMORRAN ENERGY STORAGE LIMITED,Energy Storage System,PRO-002395,https://www.neso.energy/data-portal/transmission-entry-capacity-tec-register,,,,No reliable infrastructure match,Unresolved,65.0,,,Best candidate 'Cumberhead Collector Substation' scored 65.0; below reliability threshold.
Loch Kemp 275kV Switching Station,Loch Kemp PSH,LOCH KEMP STORAGE LIMITED,Pump Storage,PRO-002285,https://www.neso.energy/data-portal/transmission-entry-capacity-tec-register,53.030314,-1.369395,Loscoe Switching Station,Fuzzy infrastructure match,Medium,86.3,https://www.openstreetmap.org/way/705505222,OpenStreetMap named substation feature: Loscoe Switching Station,Fuzzy infrastructure match; score 86.3/100; next-candidate margin 3.3. Coordinates represent the matched mapped feature.
Loch Liath 132/33kV Substation,Loch Liath Wind Farm,LOCH LIATH WIND FARM LIMITED,Wind Onshore,PRO-001671,https://www.neso.energy/data-portal/transmission-entry-capacity-tec-register,57.328276,-4.484525,Loch Liath Wind Farm,TEC project matched to DESNZ REPD,Medium,100.0,https://www.gov.uk/government/publications/renewable-energy-planning-database-quarterly-extract,DESNZ REPD ref 8482: Loch Liath Wind Farm; 9000M SW Of Glenurquhart High School Balmacaan Road Drumnadrochit; planning ref ECU00002182,TEC project matched to DESNZ REPD; score 100.0/100; next-candidate margin 100.0. Coordinates represent the matched mapped feature.
Loch Luichart Extension II Substation,Loch Luichart Extension II,BLUEBELL WIND FARM LIMITED,Wind Onshore,PRO-000487,https://www.neso.energy/data-portal/transmission-entry-capacity-tec-register,,,,No reliable infrastructure match,Unresolved,66.7,,,Best candidate 'Luichart Substation' scored 66.7; below reliability threshold.
Loch Nan Eun 275/18kV,Fort Augustus Storage,GLENDOE STORAGE LIMITED,Energy Storage System,PRO-002063,https://www.neso.energy/data-portal/transmission-entry-capacity-tec-register,,,,No reliable infrastructure match,Unresolved,50.0,,,Best candidate 'LOCH CARNAN' scored 50.0; below reliability threshold.
Lochay GSP,Lochay (Part of Killin Cascade Hydro Scheme),SSE Generation Limited,Hydro,PRO-000174-1 | PRO-000174-2,https://www.neso.energy/data-portal/transmission-entry-capacity-tec-register,56.484628,-4.364111,Lochay Substation,Exact normalized name,High,100.0,https://www.openstreetmap.org/way/130870157,OpenStreetMap named substation feature: Lochay Substation,Exact normalized name; score 100.0/100; next-candidate margin 0.0. Coordinates represent the matched mapped feature.
London Array 33/150kV Offshore Substations,London Array Offshore Wind Farm,LONDON ARRAY LIMITED,Wind Offshore,PRO-000201,https://www.neso.energy/data-portal/transmission-entry-capacity-tec-register,51.471572,1.040769,London Array Phase 2,TEC project matched to DESNZ REPD,Low,96.0,https://www.gov.uk/government/publications/renewable-energy-planning-database-quarterly-extract,DESNZ REPD ref 2507: London Array Phase 2; 12 miles (20km) off the Kent and Essex coasts; planning ref ,TEC project matched to DESNZ REPD; score 96.0/100; next-candidate margin 0.0. Coordinates represent the matched mapped feature.
London North East Connection Node A,Rye House,RYE HOUSE 10 RENEWABLES LIMITED,Energy Storage System;PV Array (Photo Voltaic/solar),PRO-003413,https://www.neso.energy/data-portal/transmission-entry-capacity-tec-register,52.417755,-0.229099,Red House Farm - Solar Farm,TEC project matched to DESNZ REPD,Low,88.9,https://www.gov.uk/government/publications/renewable-energy-planning-database-quarterly-extract,"DESNZ REPD ref 9518: Red House Farm - Solar Farm; Nw/O Red House Farm On Double, Bank Lane, Sawtry, Huntingdon; planning ref 21/01809/FUL",TEC project matched to DESNZ REPD; score 88.9/100; next-candidate margin 88.9. Coordinates represent the matched mapped feature.
London North East Connection Node A 132kv Substation,Patmores (Mott Street),INNOVA RENEWABLES LIMITED,Energy Storage System,PRO-004452,https://www.neso.energy/data-portal/transmission-entry-capacity-tec-register,,,,No reliable infrastructure match,Unresolved,61.5,,,Best candidate 'London Road TPH' scored 61.5; below reliability threshold.
London North East Connection Node A 400kV,Waltham Cross BESS | Waltham Cross Farm 2,SHAW-ENERGI LTD | Waltham Cross 7 Renewables Limited,Energy Storage System | Demand;Energy Storage System;PV Array (Photo Voltaic/solar),PRO-003665 | PRO-002748,https://www.neso.energy/data-portal/transmission-entry-capacity-tec-register,51.685783,-0.033000,Waltham Cross,TEC project-derived locality proxy,Low,100.0,https://www.openstreetmap.org/node/6247313095,OpenStreetMap named town: Waltham Cross,"TEC project-derived locality proxy; score 100.0/100; next-candidate margin 4.0. Coordinates are a geographic proxy, not the confirmed electrical asset."
London North West Connection Node A 132kV Substation,Amersham Substation,Sandbrook Capital BES Ltd,Energy Storage System,PRO-004598,https://www.neso.energy/data-portal/transmission-entry-capacity-tec-register,51.676685,-0.607692,Amersham,TEC project-derived locality proxy,Low,100.0,https://www.openstreetmap.org/node/368772368,OpenStreetMap named town: Amersham,"TEC project-derived locality proxy; score 100.0/100; next-candidate margin 100.0. Coordinates are a geographic proxy, not the confirmed electrical asset."
London North West Connection Node A 400kV Substation,Amersham Main,Amersham 10 Renewables Limited,Energy Storage System;PV Array (Photo Voltaic/solar),PRO-003404,https://www.neso.energy/data-portal/transmission-entry-capacity-tec-register,51.664969,-0.655909,Amersham Main,TEC project geocoded-area proxy,Low,100.0,https://www.openstreetmap.org/way/41710456,TEC project 'Amersham Main' matched via OpenStreetMap/Photon to Amersham Main; Buckinghamshire,"TEC project geocoded-area proxy; score 100.0/100; next-candidate margin 100.0. Coordinates are a geographic proxy, not the confirmed electrical asset."
London South Connection Node A 132kV Substation,Beddington 1 BESS | Beddington 2 BESS,Bluestone Beddington 1 Ltd | Bluestone Energy Ltd,Energy Storage System,PRO-003170 | PRO-003577,https://www.neso.energy/data-portal/transmission-entry-capacity-tec-register,51.371988,-0.132393,Beddington,TEC project-derived locality proxy,Low,96.0,https://www.openstreetmap.org/node/33758152,OpenStreetMap named suburb: Beddington,"TEC project-derived locality proxy; score 96.0/100; next-candidate margin 0.0. Coordinates are a geographic proxy, not the confirmed electrical asset."
London West Connection Node A 400kV Substation,Tyler Hill Iver,FRV Powertek Limited,Energy Storage System,PRO-004134,https://www.neso.energy/data-portal/transmission-entry-capacity-tec-register,51.307809,1.069309,Tyler Hill,TEC project geocoded-area proxy,Low,80.0,https://www.openstreetmap.org/node/1069054323,TEC project 'Tyler Hill Iver' matched via OpenStreetMap/Photon to Tyler Hill; Kent,"TEC project geocoded-area proxy; score 80.0/100; next-candidate margin 80.0. Coordinates are a geographic proxy, not the confirmed electrical asset."
London West Connection Node B 400kV Substation,TH West Weybridge | West Weybridge,FRV Powertek Limited | West Weybridge 10 Renewables Limited,Energy Storage System | Energy Storage System;PV Array (Photo Voltaic/solar),PRO-003531 | PRO-003410,https://www.neso.energy/data-portal/transmission-entry-capacity-tec-register,,,,No reliable infrastructure match,Unresolved,66.7,,,Best candidate 'London Road TPH' scored 66.7; below reliability threshold.
Long Stratton 400kV,Long Stratton PV & BESS Station,EAST PYE SOLAR LIMITED,Energy Storage System;PV Array (Photo Voltaic/solar),PRO-002297,https://www.neso.energy/data-portal/transmission-entry-capacity-tec-register,52.487826,1.233093,Long Stratton,Town/locality proxy,Medium,100.0,https://www.openstreetmap.org/node/173439383,OpenStreetMap named town: Long Stratton,"Town/locality proxy; score 100.0/100; next-candidate margin 100.0. Coordinates are a geographic proxy, not the confirmed electrical asset."
LONGCROFT ENERGY PARK 132KV SUBSTATION,Longcroft Energy Park,GLENBURNIE ENERGY LIMITED,Energy Storage System;Wind Onshore,PRO-002623,https://www.neso.energy/data-portal/transmission-entry-capacity-tec-register,,,,No reliable infrastructure match,Unresolved,75.0,,,Best candidate 'Gedling Energy Park' scored 75.0; below reliability threshold.
Longmorn Energy Park 275kV Substation,Longmorn Energy Park,ELGIN ENERGY ES CO LIMITED,Energy Storage System;PV Array (Photo Voltaic/solar),PRO-002727,https://www.neso.energy/data-portal/transmission-entry-capacity-tec-register,,,,No reliable infrastructure match,Unresolved,76.9,,,Best candidate 'Gedling Energy Park' scored 76.9; below reliability threshold.
Longside 132kV Substation,Scaraben Offshore Wind Farm | Sinclair Offshore Wind Farm,SCARABEN OFFSHORE WIND FARM LIMITED | SINCLAIR OFFSHORE WIND FARM LIMITED,Wind Offshore,PRO-002401 | PRO-003790,https://www.neso.energy/data-portal/transmission-entry-capacity-tec-register,55.487127,-1.849568,Longside,Town/locality proxy,Low,100.0,https://www.openstreetmap.org/node/317151775,OpenStreetMap named locality: Longside,"Town/locality proxy; score 100.0/100; next-candidate margin 0.0. Coordinates are a geographic proxy, not the confirmed electrical asset."
Longside 400kV Substation,Broadshore Offshore Wind Farm | Marram Wind Offshore Wind Farm | Muir Mhor Offshore Wind Farm | Netherton BESS | Netherton Hub Bess,Broadshore Offshore Wind Farm Limited | Marramwind Limited | MUIR MHÒR OFFSHORE WIND FARM LIMITED | HARMONY ENERGY LIMITED | Field Netherton Ltd,Wind Offshore | Energy Storage System,PRO-002171 | PRO-001406-1 | PRO-001406-2 | PRO-001698 | PRO-004626 | PRO-004753,https://www.neso.energy/data-portal/transmission-entry-capacity-tec-register,55.487127,-1.849568,Longside,Town/locality proxy,Low,100.0,https://www.openstreetmap.org/node/317151775,OpenStreetMap named locality: Longside,"Town/locality proxy; score 100.0/100; next-candidate margin 0.0. Coordinates are a geographic proxy, not the confirmed electrical asset."
Lorg Extension Wind Farm 132/33kV Substation,Lorg Extension Wind Farm,RWE Renewables UK Onshore Wind Limited,Wind Onshore,PRO-002430,https://www.neso.energy/data-portal/transmission-entry-capacity-tec-register,55.289885,-4.155156,Lorg Windfarm,TEC project matched to DESNZ REPD,Low,100.0,https://www.gov.uk/government/publications/renewable-energy-planning-database-quarterly-extract,"DESNZ REPD ref 6036: Lorg Windfarm; Lorg Windfarm, Ayr; planning ref 15/0935/PP",TEC project matched to DESNZ REPD; score 100.0/100; next-candidate margin 0.0. Coordinates represent the matched mapped feature.
Lorg Wind Farm 132/32kV,Lorg Wind Farm,RWE Renewables UK Onshore Wind Limited,Wind Onshore,PRO-000153,https://www.neso.energy/data-portal/transmission-entry-capacity-tec-register,55.289885,-4.155156,Lorg Windfarm,TEC project matched to DESNZ REPD,Low,100.0,https://www.gov.uk/government/publications/renewable-energy-planning-database-quarterly-extract,"DESNZ REPD ref 6036: Lorg Windfarm; Lorg Windfarm, Ayr; planning ref 15/0935/PP",TEC project matched to DESNZ REPD; score 100.0/100; next-candidate margin 0.0. Coordinates represent the matched mapped feature.
Lovedean 132KV Substation,Peak Gen Havant,PEAK GEN POWER 18 LIMITED,Oil & AGT (Advanced Gas Turbine),PRO-003903,https://www.neso.energy/data-portal/transmission-entry-capacity-tec-register,50.916208,-1.040225,LOVEDEAN 132KV S/S,Exact normalized name,High,100.0,https://doi.org/10.5285/0eed5c99-f409-4329-a98e-47f496bb88a2,Lovett & Sünnenberg GB substations dataset; LOVEDEAN 132KV S/S; NATIONAL GRID; GSP,Exact normalized name; score 100.0/100; next-candidate margin 0.0. Coordinates represent the matched mapped feature.
Lovedean 400kV Substation,EcoLovedean | Green Frog @ Down Barn Farm | Lovedean (Tertiary) | Lovedean Greener Grid Park,Econergy International Limited | VIRIDIS 178 LIMITED | LOVEDEAN GREEN LIMITED | Statkraft UK Ltd,Energy Storage System | CCGT (Combined Cycle Gas Turbine) | Energy Storage System;PV Array (Photo Voltaic/solar) | Energy Storage System;Reactive Compensation,PRO-002230 | PRO-001261 | PRO-000484 | PRO-001855,https://www.neso.energy/data-portal/transmission-entry-capacity-tec-register,50.917728,-1.041331,LOVEDEAN 400KV S/S,Exact normalized name,High,100.0,https://doi.org/10.5285/0eed5c99-f409-4329-a98e-47f496bb88a2,Lovett & Sünnenberg GB substations dataset; LOVEDEAN 400KV S/S; NATIONAL GRID; TRANS,Exact normalized name; score 100.0/100; next-candidate margin 0.0. Coordinates represent the matched mapped feature.
Luichart GSP,Luichart (part of the Conon Cascade),SSE Generation Limited,Hydro,PRO-000175,https://www.neso.energy/data-portal/transmission-entry-capacity-tec-register,57.575611,-4.689404,Luichart Substation,Exact normalized name,High,100.0,https://www.openstreetmap.org/way/295169544,OpenStreetMap named substation feature: Luichart Substation,Exact normalized name; score 100.0/100; next-candidate margin 0.0. Coordinates represent the matched mapped feature.
Lunanhead 2 GSP,Carseview Road BESS,Vital Energi Solutions Limited,Energy Storage System,PRO-003169,https://www.neso.energy/data-portal/transmission-entry-capacity-tec-register,56.658432,-2.857072,Lunanhead,Town/locality proxy,Medium,96.0,https://www.openstreetmap.org/node/408608619,OpenStreetMap named village: Lunanhead,"Town/locality proxy; score 96.0/100; next-candidate margin 96.0. Coordinates are a geographic proxy, not the confirmed electrical asset."
Lunanhead GSP,Montreathmont Moor Forest,Montreathmont Energy Centre Limited,Energy Storage System;PV Array (Photo Voltaic/solar),PRO-001849,https://www.neso.energy/data-portal/transmission-entry-capacity-tec-register,56.654402,-2.865325,LUNANHEAD,Exact normalized name,High,100.0,https://doi.org/10.5285/0eed5c99-f409-4329-a98e-47f496bb88a2,Lovett & Sünnenberg GB substations dataset; LUNANHEAD; SSE NETWORKS; PSS,Exact normalized name; score 100.0/100; next-candidate margin 0.0. Coordinates represent the matched mapped feature.
Lyndhurst 132/33kV,Templeton BESS,Templeton Battery Storage Limited,Energy Storage System,PRO-002593-1 | PRO-002593-2,https://www.neso.energy/data-portal/transmission-entry-capacity-tec-register,56.481102,-3.017426,LYNDHURST,Exact normalized name,High,100.0,https://doi.org/10.5285/0eed5c99-f409-4329-a98e-47f496bb88a2,Lovett & Sünnenberg GB substations dataset; LYNDHURST; SSE NETWORKS; PSS,Exact normalized name; score 100.0/100; next-candidate margin 0.0. Coordinates represent the matched mapped feature.
Lynemore Windfarm 132kV Substation,Lynemore Wind Farm,GGE Scotland Ltd,Wind Onshore,PRO-004173,https://www.neso.energy/data-portal/transmission-entry-capacity-tec-register,57.379488,-4.058543,Lynemore,Town/locality proxy,Medium,100.0,https://www.openstreetmap.org/node/13027424837,OpenStreetMap named hamlet: Lynemore,"Town/locality proxy; score 100.0/100; next-candidate margin 100.0. Coordinates are a geographic proxy, not the confirmed electrical asset."
M74 West Wind Farm 132kV,M74 West Wind Farm,RENEWCO POWER LIMITED,Energy Storage System;PV Array (Photo Voltaic/solar);Wind Onshore,PRO-002398,https://www.neso.energy/data-portal/transmission-entry-capacity-tec-register,51.519585,0.001840,WEST HAM 132KV S/S,Candidate infrastructure match,Low,79.0,https://doi.org/10.5285/0eed5c99-f409-4329-a98e-47f496bb88a2,Lovett & Sünnenberg GB substations dataset; WEST HAM 132KV S/S; NATIONAL GRID; GSP,Candidate infrastructure match; score 79.0/100; next-candidate margin 4.0. Coordinates represent the matched mapped feature.
Mablethorpe 400kV Substation,EcoMablethorpe | Mablethorpe Green Energy Centre,Econergy International Limited | MABLETHORPE NG LIMITED,Energy Storage System;PV Array (Photo Voltaic/solar) | Demand;Energy Storage System;PV Array (Photo Voltaic/solar),PRO-002583 | PRO-002255,https://www.neso.energy/data-portal/transmission-entry-capacity-tec-register,53.318149,0.235849,Mablethorpe,Exact normalized name,High,100.0,https://www.openstreetmap.org/relation/2992772,OpenStreetMap named plant feature: Mablethorpe,Exact normalized name; score 100.0/100; next-candidate margin 100.0. Coordinates represent the matched mapped feature.
MacDuff 132/33kV GSP Substation,YAMAL BESS,OPDE UK LIMITED,Energy Storage System,PRO-005918,https://www.neso.energy/data-portal/transmission-entry-capacity-tec-register,57.664059,-2.498401,MACDUFF,Exact normalized name,High,100.0,https://doi.org/10.5285/0eed5c99-f409-4329-a98e-47f496bb88a2,Lovett & Sünnenberg GB substations dataset; MACDUFF; SSE NETWORKS; PSS,Exact normalized name; score 100.0/100; next-candidate margin 0.0. Coordinates represent the matched mapped feature.
Machair 275/66kV Offshore Substation,Machair Offshore Wind Farm,SCOTTISHPOWER RENEWABLES (UK) LIMITED,Wind Offshore,PRO-001392,https://www.neso.energy/data-portal/transmission-entry-capacity-tec-register,,,,No reliable infrastructure match,Unresolved,71.4,,,Best candidate 'MACHRIE' scored 71.4; below reliability threshold.
Maentwrog GSP,Maentwrog,NUCLEAR DECOMMISSIONING AUTHORITY,Hydro,PRO-000261,https://www.neso.energy/data-portal/transmission-entry-capacity-tec-register,52.935994,-4.004026,MAENTWROG,Exact normalized name,High,100.0,https://doi.org/10.5285/0eed5c99-f409-4329-a98e-47f496bb88a2,Lovett & Sünnenberg GB substations dataset; MAENTWROG; SP ENERGY NETWORKS; PSS,Exact normalized name; score 100.0/100; next-candidate margin 0.0. Coordinates represent the matched mapped feature.
Manchester South connection node A 400kv,Daines NP BESS | Siddington BESS Station,Daines Flexpower Limited | IBV BIRTLES HILL ENERGY PARK LTD,Energy Storage System,PRO-003194 | PRO-003942,https://www.neso.energy/data-portal/transmission-entry-capacity-tec-register,53.420305,-2.276268,SOUTH MANCHESTER 275KV S/S,Candidate infrastructure match,Low,82.1,https://doi.org/10.5285/0eed5c99-f409-4329-a98e-47f496bb88a2,Lovett & Sünnenberg GB substations dataset; SOUTH MANCHESTER 275KV S/S; NATIONAL GRID; TRANS,Candidate infrastructure match; score 82.1/100; next-candidate margin 0.0. Coordinates represent the matched mapped feature.
Manchester South Connection Node B 400kV Substation,Cellarhead PV & BESS Station,IB VOGT UK LTD,Energy Storage System;PV Array (Photo Voltaic/solar),PRO-003240,https://www.neso.energy/data-portal/transmission-entry-capacity-tec-register,53.420305,-2.276268,SOUTH MANCHESTER 275KV S/S,Candidate infrastructure match,Low,82.1,https://doi.org/10.5285/0eed5c99-f409-4329-a98e-47f496bb88a2,Lovett & Sünnenberg GB substations dataset; SOUTH MANCHESTER 275KV S/S; NATIONAL GRID; TRANS,Candidate infrastructure match; score 82.1/100; next-candidate margin 0.0. Coordinates represent the matched mapped feature.
Mannington 400kV Substation,Mannington | Mannington Tertiary,BAYWA R.E. UK LIMITED | PIVOTED POWER LLP | MANNINGTON ENERGY CENTRE LIMITED,Energy Storage System;PV Array (Photo Voltaic/solar) | Energy Storage System,PRO-001092 | PRO-001091 | PRO-000464,https://www.neso.energy/data-portal/transmission-entry-capacity-tec-register,50.846870,-1.896017,MANNINGTON 400KV S/S,Exact normalized name,High,100.0,https://doi.org/10.5285/0eed5c99-f409-4329-a98e-47f496bb88a2,Lovett & Sünnenberg GB substations dataset; MANNINGTON 400KV S/S; NATIONAL GRID; TRANS,Exact normalized name; score 100.0/100; next-candidate margin 0.0. Coordinates represent the matched mapped feature.
Manquhill Wind Farm 132/33kV Substation,Manquhill Wind Farm,ENERGYFARM UK MANQUHILL LTD,Energy Storage System;Wind Onshore,PRO-004662,https://www.neso.energy/data-portal/transmission-entry-capacity-tec-register,,,,No reliable infrastructure match,Unresolved,70.7,,,Best candidate 'MANUEL' scored 70.7; below reliability threshold.
Marchwood 400kV Substation,Marchwood | MARCHWOOD ENERGY STORAGE,MARCHWOOD POWER LIMITED | BW ESS DEVELOPMENT UK LIMITED,CCGT (Combined Cycle Gas Turbine) | Energy Storage System,PRO-000202 | PRO-002190,https://www.neso.energy/data-portal/transmission-entry-capacity-tec-register,50.898334,-1.440202,MARCHWOOD 400KV S/S,Exact normalized name,High,100.0,https://doi.org/10.5285/0eed5c99-f409-4329-a98e-47f496bb88a2,Lovett & Sünnenberg GB substations dataset; MARCHWOOD 400KV S/S; NATIONAL GRID; TRANS,Exact normalized name; score 100.0/100; next-candidate margin 0.0. Coordinates represent the matched mapped feature.
Margam 275kV Substation,Y Bryn Wind Farm,Y BRYN WIND FARM LIMITED,Wind Onshore,PRO-002029,https://www.neso.energy/data-portal/transmission-entry-capacity-tec-register,51.562905,-3.753915,MARGAM 275KV S/S,Exact normalized name,High,100.0,https://doi.org/10.5285/0eed5c99-f409-4329-a98e-47f496bb88a2,Lovett & Sünnenberg GB substations dataset; MARGAM 275KV S/S; NATIONAL GRID; TRANS,Exact normalized name; score 100.0/100; next-candidate margin 0.0. Coordinates represent the matched mapped feature.
Margam B 400kV Substation,Caegarw Farm,Downing Renewable Developments LLP,Energy Storage System;PV Array (Photo Voltaic/solar),PRO-002605,https://www.neso.energy/data-portal/transmission-entry-capacity-tec-register,51.566991,-3.756699,MARGAM GRID,Strong name match,High,100.0,https://doi.org/10.5285/0eed5c99-f409-4329-a98e-47f496bb88a2,Lovett & Sünnenberg GB substations dataset; MARGAM GRID; WESTERN POWER DISTRIBUTION; BSP,Strong name match; score 100.0/100; next-candidate margin 4.0. Coordinates represent the matched mapped feature.
Margree 132kV Collector Substation,Troston Wind Farm,TROSTON WINDFARM LIMITED,Wind Onshore,PRO-001115,https://www.neso.energy/data-portal/transmission-entry-capacity-tec-register,55.155580,-4.078923,Margree,Town/locality proxy,Low,58.3,https://www.openstreetmap.org/node/528226152,OpenStreetMap named locality: Margree,"Town/locality proxy; score 58.3/100; next-candidate margin 58.3. Coordinates are a geographic proxy, not the confirmed electrical asset."
Mark Hill 275/132kV,Mark Hill Wind Farm,SCOTTISHPOWER RENEWABLES (UK) LIMITED,Wind Onshore,PRO-000066,https://www.neso.energy/data-portal/transmission-entry-capacity-tec-register,55.139037,-4.742273,MARK HILL ,Exact normalized name,High,100.0,https://doi.org/10.5285/0eed5c99-f409-4329-a98e-47f496bb88a2,Lovett & Sünnenberg GB substations dataset; MARK HILL ; SP ENERGY NETWORKS; TRANS,Exact normalized name; score 100.0/100; next-candidate margin 0.0. Coordinates represent the matched mapped feature.
Market Harborough 400kV Substation,Braybrooke | ER MKH Energy | Market Harborough GEC (Ethos Green),SSE DE SOLAR HOLDCO LIMITED | ER PROJECT DEVELOPMENT CO LIMITED | MARKET HARBOROUGH GREEN ENERGY CENTRE LTD,Energy Storage System | Energy Storage System;PV Array (Photo Voltaic/solar);Reactive Compensation | Demand;Energy Storage System;PV Array (Photo Voltaic/solar);Reactive Compensation,PRO-003429 | PRO-002621 | PRO-004343,https://www.neso.energy/data-portal/transmission-entry-capacity-tec-register,52.479092,-0.902501,MARKET HARBOROUGH 33/11KV,Exact normalized name,High,100.0,https://doi.org/10.5285/0eed5c99-f409-4329-a98e-47f496bb88a2,Lovett & Sünnenberg GB substations dataset; MARKET HARBOROUGH 33/11KV; WESTERN POWER DISTRIBUTION; PSS,Exact normalized name; score 100.0/100; next-candidate margin 0.0. Coordinates represent the matched mapped feature.
Marston Vale 400kV Substation,Lightsource Marston Vale 240MW PV+BESS | Millbrook Power,Lightsource Renewable UK Development Limited | MILLBROOK POWER LIMITED,Energy Storage System;PV Array (Photo Voltaic/solar) | OCGT (Open Cycle Gas Turbine),PRO-003981 | PRO-000373,https://www.neso.energy/data-portal/transmission-entry-capacity-tec-register,52.051951,-0.528789,Marston Vale Substation,Exact normalized name,High,100.0,https://www.openstreetmap.org/way/1249349666,OpenStreetMap named substation feature: Marston Vale Substation,Exact normalized name; score 100.0/100; next-candidate margin 100.0. Coordinates represent the matched mapped feature.
Maybole 132/33kV,Assel Valley Wind Farm | Craiginmoddie Wind Farm | Hadyard Hill,ASSEL VALLEY WIND ENERGY LIMITED | ENERGYFARM UK CRAIGINMODDIE LLP | SSE RENEWABLES WIND FARMS (UK) LIMITED,Wind Onshore,PRO-000014 | PRO-003829 | PRO-000170,https://www.neso.energy/data-portal/transmission-entry-capacity-tec-register,55.353991,-4.693001,MAYBOLE,Exact normalized name,High,100.0,https://doi.org/10.5285/0eed5c99-f409-4329-a98e-47f496bb88a2,Lovett & Sünnenberg GB substations dataset; MAYBOLE; SP ENERGY NETWORKS; PSS,Exact normalized name; score 100.0/100; next-candidate margin 0.0. Coordinates represent the matched mapped feature.
Maybole GSP,Assel Valley Extension Wind Farm | Craigdow Hill Wind Farm | Kirk Hill,Renantis UK Limited | ABEI ENERGY LIMITED | KIRK HILL WIND FARM LIMITED,Energy Storage System;Wind Onshore | Wind Onshore,PRO-002632-1 | PRO-002632-2 | PRO-006036 | PRO-000320,https://www.neso.energy/data-portal/transmission-entry-capacity-tec-register,55.353991,-4.693001,MAYBOLE,Exact normalized name,High,100.0,https://doi.org/10.5285/0eed5c99-f409-4329-a98e-47f496bb88a2,Lovett & Sünnenberg GB substations dataset; MAYBOLE; SP ENERGY NETWORKS; PSS,Exact normalized name; score 100.0/100; next-candidate margin 0.0. Coordinates represent the matched mapped feature.
Meadowhead GSP,Caledonian Paper Mill (Meadowhead),UPM-KYMMENE (UK) LIMITED,CCGT (Combined Cycle Gas Turbine),PRO-001308,https://www.neso.energy/data-portal/transmission-entry-capacity-tec-register,55.584107,-4.638171,Meadowhead,Exact normalized name,High,100.0,https://www.openstreetmap.org/way/162051851,OpenStreetMap named substation feature: Meadowhead,Exact normalized name; score 100.0/100; next-candidate margin 100.0. Coordinates represent the matched mapped feature.
Meadowmill 400/132kV Substation,Cockenzie BESS | Gresham House Cockenzie BESS,COCKENZIE STORAGE B LTD | COCKENZIE STORAGE LIMITED,Energy Storage System,PRO-004217 | PRO-002209,https://www.neso.energy/data-portal/transmission-entry-capacity-tec-register,55.953622,-2.957767,Meadowmill,Exact normalized name,High,100.0,https://www.openstreetmap.org/node/6680454620,OpenStreetMap named substation feature: Meadowmill,Exact normalized name; score 100.0/100; next-candidate margin 100.0. Coordinates represent the matched mapped feature.
Melksham 400kV Substation,JBM Solar 13 - Melksham | Melksham | Melksham  (Tertiary) | Melksham BESS & PV | Melksham Grid Park ESS & PV | Melkshem (Cartridge Farm) | South Brook,JBM SOLAR PROJECTS 13 LIMITED | LIME DOWN SOLAR PARK LIMITED | MELKSHAM CALNE GREEN LIMITED | ELEMENTS GREEN LIMITED | JEPIPHANY LIMITED | Queequeg Renewables Ltd | JBM Solar Limited,Energy Storage System;PV Array (Photo Voltaic/solar) | Energy Storage System,PRO-000495 | PRO-001605 | PRO-000463 | PRO-002441 | PRO-004164 | PRO-003193 | PRO-002402,https://www.neso.energy/data-portal/transmission-entry-capacity-tec-register,51.394408,-2.150838,MELKSHAM 400KV S/S,Exact normalized name,High,100.0,https://doi.org/10.5285/0eed5c99-f409-4329-a98e-47f496bb88a2,Lovett & Sünnenberg GB substations dataset; MELKSHAM 400KV S/S; NATIONAL GRID; TRANS,Exact normalized name; score 100.0/100; next-candidate margin 0.0. Coordinates represent the matched mapped feature.
Melksham B 132KV Substation,Gastard BESS | Norrington Gate,SIRIUSECODEV (GASTARD) LTD | ADV 004 LIMITED,Energy Storage System,PRO-003552 | PRO-002329,https://www.neso.energy/data-portal/transmission-entry-capacity-tec-register,51.391810,-2.150384,MELKSHAM 132KV S/S,Strong name match,High,100.0,https://doi.org/10.5285/0eed5c99-f409-4329-a98e-47f496bb88a2,Lovett & Sünnenberg GB substations dataset; MELKSHAM 132KV S/S; NATIONAL GRID; GSP,Strong name match; score 100.0/100; next-candidate margin 4.0. Coordinates represent the matched mapped feature.
Melksham B 400kV Substation,Beanacre BESS,Grenergy Renewables UK Limited,Energy Storage System,PRO-002452,https://www.neso.energy/data-portal/transmission-entry-capacity-tec-register,51.372592,-2.137430,Melksham,Town/locality proxy,Medium,96.0,https://www.openstreetmap.org/node/26243281,OpenStreetMap named town: Melksham,"Town/locality proxy; score 96.0/100; next-candidate margin 24.0. Coordinates are a geographic proxy, not the confirmed electrical asset."
Melvich Community Wind Farm 132/33kV Substation,Melvich Wind Energy Hub,Melvich Wind Energy Hub Limited,Energy Storage System;Wind Onshore,PRO-001688,https://www.neso.energy/data-portal/transmission-entry-capacity-tec-register,58.554085,-3.919253,Melvich Bay - Melvich Wind Energy Hub,TEC project matched to DESNZ REPD,Low,92.0,https://www.gov.uk/government/publications/renewable-energy-planning-database-quarterly-extract,"DESNZ REPD ref 13826: Melvich Bay - Melvich Wind Energy Hub; Melvich Bay, Melvich, Thurso; planning ref ECU00004515",TEC project matched to DESNZ REPD; score 92.0/100; next-candidate margin 0.0. Coordinates represent the matched mapped feature.
MERSEYSIDE CONNECTION NODE A 400KV SUBSTATION,Protos Power Station | Shotwick BESS,Keadby Generation Limited | Shotwick Land Limited,CCGT (Combined Cycle Gas Turbine) | Energy Storage System,PRO-002823 | PRO-003515,https://www.neso.energy/data-portal/transmission-entry-capacity-tec-register,53.240885,-3.022718,Shotwick Solar Farm,TEC project matched to DESNZ REPD,Medium,100.0,https://www.gov.uk/government/publications/renewable-energy-planning-database-quarterly-extract,"DESNZ REPD ref 2347: Shotwick Solar Farm; Weighbridge Road, Sealand, Deeside, Clwyd,; planning ref 51772",TEC project matched to DESNZ REPD; score 100.0/100; next-candidate margin 100.0. Coordinates represent the matched mapped feature.
Mid Hill 132kV Substation,Mid Hill,Invenergy Development UK Ltd,Energy Storage System;Wind Onshore,PRO-005000,https://www.neso.energy/data-portal/transmission-entry-capacity-tec-register,56.959702,-2.460178,Mid Hill Wind Farm Substation,Exact normalized name,High,100.0,https://www.openstreetmap.org/way/636658275,OpenStreetMap named substation feature: Mid Hill Wind Farm Substation,Exact normalized name; score 100.0/100; next-candidate margin 0.0. Coordinates represent the matched mapped feature.
Mid Moile Wind Farm 275/132kV Substatio,Mid Moile Wind Farm,ENERGIEKONTOR UK LTD,Wind Onshore,PRO-004036,https://www.neso.energy/data-portal/transmission-entry-capacity-tec-register,54.986004,-5.028688,Mid Moile Wind Farm,TEC project matched to DESNZ REPD,Low,100.0,https://www.gov.uk/government/publications/renewable-energy-planning-database-quarterly-extract,"DESNZ REPD ref 10537: Mid Moile Wind Farm; Land at Mid Moile, Mid Moile, Stranraer; planning ref ECU00003405",TEC project matched to DESNZ REPD; score 100.0/100; next-candidate margin 0.0. Coordinates represent the matched mapped feature.
Mid Wales Connection Node A,Calon y Gwynt | GALILEO 08 LIMITED,Wind 2 Project 3 Limited | GALILEO 08 LIMITED,Energy Storage System;PV Array (Photo Voltaic/solar);Wind Onshore,PRO-004896 | PRO-004886,https://www.neso.energy/data-portal/transmission-entry-capacity-tec-register,,,,No reliable infrastructure match,Unresolved,70.6,,,Best candidate 'Mid Wales Hospital Substation' scored 70.6; below reliability threshold.
MID WALES CONNECTION NODE A 400KV SUBSTATION,Garn Fach Wind Farm | Lightsource Berthlwyd | Mynydd Y Gwynt,EDF ENERGY RENEWABLES LIMITED | Lightsource Renewable UK Development Limited,Energy Storage System;Wind Onshore | Energy Storage System;PV Array (Photo Voltaic/solar);Wind Onshore,PRO-001157 | PRO-004858 | PRO-006086,https://www.neso.energy/data-portal/transmission-entry-capacity-tec-register,52.413370,-3.394790,Garn Fach Wind Farm,TEC project matched to DESNZ REPD,Low,100.0,https://www.gov.uk/government/publications/renewable-energy-planning-database-quarterly-extract,"DESNZ REPD ref 7704: Garn Fach Wind Farm; Land approximately 2km west of Llaithddu, 5km north-west of the village of Llanbadarn Fynydd and 8km to the south of Newtown, Powys, Wales; planning ref DNS/3244499",TEC project matched to DESNZ REPD; score 100.0/100; next-candidate margin 0.0. Coordinates represent the matched mapped feature.
Mid Wales West 132kV Substation,Carnedd Wen Wind Farm,CARNEDD WEN WIND FARM LIMITED,Wind Onshore,PRO-000090,https://www.neso.energy/data-portal/transmission-entry-capacity-tec-register,52.214371,-3.698602,Mid and West Wales,Geographic feature proxy,Low,87.5,https://www.openstreetmap.org/relation/19178398,OpenStreetMap/Photon geographic feature: Mid and West Wales; Wales,"Geographic feature proxy; score 87.5/100; next-candidate margin 87.5. Coordinates are a geographic proxy, not the confirmed electrical asset."
Middlemuir 132/33kV,Middle Muir Wind Farm,OnPath Energy Limited (MIDDLE MUIR WIND FARM) LIMITED,Wind Onshore,PRO-000321,https://www.neso.energy/data-portal/transmission-entry-capacity-tec-register,55.507605,-3.810520,Middle Muir Wind Farm,Strong name match,High,95.2,https://www.openstreetmap.org/relation/12862506,OpenStreetMap named plant feature: Middle Muir Wind Farm,Strong name match; score 95.2/100; next-candidate margin 11.2. Coordinates represent the matched mapped feature.
Middlemuir Wind Farm Collector Substation,Kennoxhead Wind Farm Extension,KENNOXHEAD WIND FARM LIMITED,Wind Onshore,PRO-000482,https://www.neso.energy/data-portal/transmission-entry-capacity-tec-register,55.497910,-3.946310,Kennoxhead Wind Farm,TEC project matched to DESNZ REPD,Medium,100.0,https://www.gov.uk/government/publications/renewable-energy-planning-database-quarterly-extract,"DESNZ REPD ref 4385: Kennoxhead Wind Farm; Kennoxhead, south of Hagshaw Hill; planning ref  EC00002101",TEC project matched to DESNZ REPD; score 100.0/100; next-candidate margin 4.0. Coordinates represent the matched mapped feature.
Middleton 400KV Substation,Heysham Green Energy Centre | Lightsource Middleton | Middleton BESS,HEYSHAM GREEN NG LIMITED | Lightsource Renewable UK Development Limited | Middleton Energy Storage Limited,Energy Storage System;PV Array (Photo Voltaic/solar) | Energy Storage System;PV Array (Photo Voltaic/solar);Wind Onshore | Energy Storage System,PRO-001710 | PRO-004817 | PRO-002305,https://www.neso.energy/data-portal/transmission-entry-capacity-tec-register,54.034870,-2.885440,MIDDLETON 400KV S/S,Exact normalized name,High,100.0,https://doi.org/10.5285/0eed5c99-f409-4329-a98e-47f496bb88a2,Lovett & Sünnenberg GB substations dataset; MIDDLETON 400KV S/S; NATIONAL GRID; TRANS,Exact normalized name; score 100.0/100; next-candidate margin 0.0. Coordinates represent the matched mapped feature.
Mill Hill 275kV Substation,Mill Hill Tertiary Connection,HB333MIL LTD,Energy Storage System,PRO-000493,https://www.neso.energy/data-portal/transmission-entry-capacity-tec-register,51.617865,-0.208566,MILL HILL 275KV S/S,Exact normalized name,High,100.0,https://doi.org/10.5285/0eed5c99-f409-4329-a98e-47f496bb88a2,Lovett & Sünnenberg GB substations dataset; MILL HILL 275KV S/S; NATIONAL GRID; TRANS,Exact normalized name; score 100.0/100; next-candidate margin 0.0. Coordinates represent the matched mapped feature.
Millennium GSP,Millennium Wind,MILLENNIUM WIND ENERGY LIMITED,Wind Onshore,PRO-000530,https://www.neso.energy/data-portal/transmission-entry-capacity-tec-register,57.135402,-4.846957,Millennium Wind Farm,Exact normalized name,High,100.0,https://www.openstreetmap.org/relation/8039743,OpenStreetMap named plant feature: Millennium Wind Farm,Exact normalized name; score 100.0/100; next-candidate margin 100.0. Coordinates represent the matched mapped feature.
Milligansbush Battery Storage 132kV Substation,Milligansbush Battery Storage,Milligansbush Battery Storage Ltd,Energy Storage System,PRO-003430,https://www.neso.energy/data-portal/transmission-entry-capacity-tec-register,52.417645,0.855569,Storage,Town/locality proxy,Low,50.0,https://www.openstreetmap.org/node/11850530335,OpenStreetMap named locality: Storage,"Town/locality proxy; score 50.0/100; next-candidate margin 50.0. Coordinates are a geographic proxy, not the confirmed electrical asset."
Milton of Craigie GSP,Barns of Wedderburn (ABEI ENERGY GREEN VI) | Pitkerro Road,ABEI ENERGY LIMITED | Vital Energi Solutions Limited,Energy Storage System;PV Array (Photo Voltaic/solar) | Energy Storage System,PRO-005108 | PRO-002457,https://www.neso.energy/data-portal/transmission-entry-capacity-tec-register,56.475313,-2.924801,MILTON OF CRAIGIE,Exact normalized name,High,100.0,https://doi.org/10.5285/0eed5c99-f409-4329-a98e-47f496bb88a2,Lovett & Sünnenberg GB substations dataset; MILTON OF CRAIGIE; SSE NETWORKS; PSS,Exact normalized name; score 100.0/100; next-candidate margin 0.0. Coordinates represent the matched mapped feature.
Minety 400kV Substation,Dog Trap Lane | Fairholme BESS | JBM Solar -Minety | Minety | Pond Hill Farm 1 | Pond Hill Farm 2 BESS | Somerford | Southfields | Southfields Farm,HB411MIN Limited | JBM SOLAR PROJECTS 14 LTD | PD688IRO LTD,Energy Storage System | Energy Storage System;PV Array (Photo Voltaic/solar),PRO-001626 | PRO-001625 | PRO-000432 | PRO-000454 | PRO-001637 | PRO-001635 | PRO-001631 | PRO-001632 | PRO-001852,https://www.neso.energy/data-portal/transmission-entry-capacity-tec-register,51.607738,-2.002566,MINETY 400KV S/S,Exact normalized name,High,100.0,https://doi.org/10.5285/0eed5c99-f409-4329-a98e-47f496bb88a2,Lovett & Sünnenberg GB substations dataset; MINETY 400KV S/S; NATIONAL GRID; TRANS,Exact normalized name; score 100.0/100; next-candidate margin 0.0. Coordinates represent the matched mapped feature.
Minety GSP,Conrad (Swindon) Limited,CONRAD (SWINDON) LIMITED,Energy Storage System,PRO-004385,https://www.neso.energy/data-portal/transmission-entry-capacity-tec-register,51.607738,-2.002566,MINETY 400KV S/S,Exact normalized name,High,100.0,https://doi.org/10.5285/0eed5c99-f409-4329-a98e-47f496bb88a2,Lovett & Sünnenberg GB substations dataset; MINETY 400KV S/S; NATIONAL GRID; TRANS,Exact normalized name; score 100.0/100; next-candidate margin 0.0. Coordinates represent the matched mapped feature.
Minnygryle Burn Energy Park 132kV substation,Minnygryle Burn Energy Park,Wind 2 Project 6 Limited,Energy Storage System;Wind Onshore,PRO-004204,https://www.neso.energy/data-portal/transmission-entry-capacity-tec-register,,,,No reliable infrastructure match,Unresolved,72.7,,,Best candidate 'Glebe Farm Solar Energy Park' scored 72.7; below reliability threshold.
Moffat 132/33kV,Minnygap,MINNYGAP ENERGY LIMITED,Wind Onshore,PRO-000262,https://www.neso.energy/data-portal/transmission-entry-capacity-tec-register,55.321995,-3.429005,MOFFAT,Exact normalized name,High,100.0,https://doi.org/10.5285/0eed5c99-f409-4329-a98e-47f496bb88a2,Lovett & Sünnenberg GB substations dataset; MOFFAT; SP ENERGY NETWORKS; PSS,Exact normalized name; score 100.0/100; next-candidate margin 0.0. Coordinates represent the matched mapped feature.
Moffat 400kV Substation,Moffat BESS,Conrad Energy (Developments) II Limited,Energy Storage System,PRO-004654,https://www.neso.energy/data-portal/transmission-entry-capacity-tec-register,55.321995,-3.429005,MOFFAT,Exact normalized name,High,100.0,https://doi.org/10.5285/0eed5c99-f409-4329-a98e-47f496bb88a2,Lovett & Sünnenberg GB substations dataset; MOFFAT; SP ENERGY NETWORKS; PSS,Exact normalized name; score 100.0/100; next-candidate margin 0.0. Coordinates represent the matched mapped feature.
Monk Fryston 275kV Substation,Kingfisher Farm | Monk Fryston | Monk Fryston BESS | Monk Fryston SSE | Monk Fryston Tertiary Connection,REWE 6 LIMITED | Light Valley Solar Limited | Downing Renewable Developments LLP | HARMONY MF LIMITED | SSE BATTERY MONK FRYSTON LIMITED | HD777FRY LTD,Energy Storage System | Energy Storage System;PV Array (Photo Voltaic/solar),PRO-002555 | PRO-001646 | PRO-003400 | PRO-001619 | PRO-001627 | PRO-000479,https://www.neso.energy/data-portal/transmission-entry-capacity-tec-register,53.757052,-1.266526,MONK FRYSTON 275KV S/S,Exact normalized name,High,100.0,https://doi.org/10.5285/0eed5c99-f409-4329-a98e-47f496bb88a2,Lovett & Sünnenberg GB substations dataset; MONK FRYSTON 275KV S/S; NATIONAL GRID; TRANS,Exact normalized name; score 100.0/100; next-candidate margin 0.0. Coordinates represent the matched mapped feature.
Monk Fryston 400kV Substation,Monk Fryston | Monk Fryston Energy Park,ENSO GREEN HOLDINGS X LIMITED | ELEMENTS GREEN DEVELOPMENT LTD,Energy Storage System;PV Array (Photo Voltaic/solar),PRO-002159 | PRO-002539,https://www.neso.energy/data-portal/transmission-entry-capacity-tec-register,53.756325,-1.266751,MONK FRYSTON 400KV S/S,Exact normalized name,High,100.0,https://doi.org/10.5285/0eed5c99-f409-4329-a98e-47f496bb88a2,Lovett & Sünnenberg GB substations dataset; MONK FRYSTON 400KV S/S; NATIONAL GRID; TRANS,Exact normalized name; score 100.0/100; next-candidate margin 0.0. Coordinates represent the matched mapped feature.
Moray Firth 220/33kV Platform 1 & 2 Offshore Substation,Moray West Offshore Windfarm,MORAY OFFSHORE WINDFARM (WEST) LIMITED,Wind Offshore,PRO-001130,https://www.neso.energy/data-portal/transmission-entry-capacity-tec-register,58.069881,-3.313066,Moray West Offshore Wind Farm Project,TEC project matched to DESNZ REPD,Medium,100.0,https://www.gov.uk/government/publications/renewable-energy-planning-database-quarterly-extract,"DESNZ REPD ref 6158: Moray West Offshore Wind Farm Project; Smith Bank, Moray Firth - 22.5 km off Lybster; planning ref ",TEC project matched to DESNZ REPD; score 100.0/100; next-candidate margin 10.0. Coordinates represent the matched mapped feature.
Mossford GSP,Mossford (part of the Conon Cascade),SSE Generation Limited,Hydro,PRO-000176,https://www.neso.energy/data-portal/transmission-entry-capacity-tec-register,57.547038,-2.706662,Mossford,Geographic feature proxy,Low,100.0,https://www.openstreetmap.org/way/888228529,OpenStreetMap/Photon geographic feature: Mossford; Aberdeenshire,"Geographic feature proxy; score 100.0/100; next-candidate margin 100.0. Coordinates are a geographic proxy, not the confirmed electrical asset."
Mossmorran Storage BESS 132KV Substation,Mossmorran Storage BESS,RUFUSIA LTD,Energy Storage System,PRO-003738,https://www.neso.energy/data-portal/transmission-entry-capacity-tec-register,52.417645,0.855569,Storage,Town/locality proxy,Low,56.0,https://www.openstreetmap.org/node/11850530335,OpenStreetMap named locality: Storage,"Town/locality proxy; score 56.0/100; next-candidate margin 56.0. Coordinates are a geographic proxy, not the confirmed electrical asset."
Mossy Hill 132kV Substation,Mossy Hill Wind Farm,MOSSY HILL SHETLAND LIMITED,Demand;Wind Onshore,PRO-000461,https://www.neso.energy/data-portal/transmission-entry-capacity-tec-register,53.375245,-2.922351,MOSSLEY HILL,Fuzzy infrastructure match,Medium,90.9,https://doi.org/10.5285/0eed5c99-f409-4329-a98e-47f496bb88a2,Lovett & Sünnenberg GB substations dataset; MOSSLEY HILL; SP ENERGY NETWORKS; PSS,Fuzzy infrastructure match; score 90.9/100; next-candidate margin 17.2. Coordinates represent the matched mapped feature.
Muaitheabhal 132/33kV Substation,Muaitheabhal Wind Farm,UISENIS POWER LIMITED,Pump Storage;Wind Onshore,PRO-000272,https://www.neso.energy/data-portal/transmission-entry-capacity-tec-register,,,,No reliable infrastructure match,Unresolved,60.0,,,Best candidate 'Muirhall Wind Farm' scored 60.0; below reliability threshold.
Muckraw IDNO GSP,MCKRAW99MW BESS BEGA,CARE POWER (MUCKRAW) LIMITED,Energy Storage System,PRO-004272,https://www.neso.energy/data-portal/transmission-entry-capacity-tec-register,,,,No reliable infrastructure match,Unresolved,73.7,,,Best candidate 'MUCKRAW' scored 73.7; below reliability threshold.
Mybster 1 GSP,Burn of Whilk Wind Farm,ENECO BURN OF WHILK LIMITED,Wind Onshore,PRO-000087,https://www.neso.energy/data-portal/transmission-entry-capacity-tec-register,58.456484,-3.425928,Mybster,Town/locality proxy,Medium,96.0,https://www.openstreetmap.org/node/1465112867,OpenStreetMap named hamlet: Mybster,"Town/locality proxy; score 96.0/100; next-candidate margin 96.0. Coordinates are a geographic proxy, not the confirmed electrical asset."
Mybster 2 132/33kV Substation,Cogle Moss Wind Farm | SPITTAL,COGLE MOSS RENEWABLES LLP | SPITTAL BATTERY STORAGE LIMITED,Wind Onshore | Energy Storage System,PRO-000973 | PRO-003687,https://www.neso.energy/data-portal/transmission-entry-capacity-tec-register,58.456484,-3.425928,Mybster,Town/locality proxy,Medium,96.0,https://www.openstreetmap.org/node/1465112867,OpenStreetMap named hamlet: Mybster,"Town/locality proxy; score 96.0/100; next-candidate margin 96.0. Coordinates are a geographic proxy, not the confirmed electrical asset."
Mybster 3 132/33kV Substation,Lisa's Battery Storage | Tormsdale Windfarm | Watten Wind Farm,POTENCIA ENERGY LIMITED | ASUK HOLDCO 1 LIMITED | EDF ENERGY RENEWABLES LIMITED,Energy Storage System | Energy Storage System;PV Array (Photo Voltaic/solar) | Wind Onshore,PRO-003280 | PRO-001904 | PRO-001928,https://www.neso.energy/data-portal/transmission-entry-capacity-tec-register,58.456484,-3.425928,Mybster,Town/locality proxy,Medium,96.0,https://www.openstreetmap.org/node/1465112867,OpenStreetMap named hamlet: Mybster,"Town/locality proxy; score 96.0/100; next-candidate margin 96.0. Coordinates are a geographic proxy, not the confirmed electrical asset."
Mybster 3 33kV Substation,Bad a Cheo Wind Farm | Halsary Wind Farm,RWE RENEWABLES UK SWINDON LIMITED | SCOTTISHPOWER RENEWABLES (UK) LIMITED,Wind Onshore,PRO-000018 | PRO-000189,https://www.neso.energy/data-portal/transmission-entry-capacity-tec-register,58.456484,-3.425928,Mybster,Town/locality proxy,Medium,96.0,https://www.openstreetmap.org/node/1465112867,OpenStreetMap named hamlet: Mybster,"Town/locality proxy; score 96.0/100; next-candidate margin 96.0. Coordinates are a geographic proxy, not the confirmed electrical asset."
Mybster 4 132/33kV GSP Substation,Causeymire 2 Wind Farm,HEADWIND DEVELOPMENT SERVICES LIMITED,Wind Onshore,PRO-004778,https://www.neso.energy/data-portal/transmission-entry-capacity-tec-register,58.456484,-3.425928,Mybster,Town/locality proxy,Medium,96.0,https://www.openstreetmap.org/node/1465112867,OpenStreetMap named hamlet: Mybster,"Town/locality proxy; score 96.0/100; next-candidate margin 96.0. Coordinates are a geographic proxy, not the confirmed electrical asset."
Nairn 132/33kV Grid Supply Point Substation,Newton of Park BESS 2,Opdenergy UK 16 Limited,Energy Storage System,PRO-003562,https://www.neso.energy/data-portal/transmission-entry-capacity-tec-register,57.664753,-3.321173,Elgin Grid Supply Point,Candidate infrastructure match,Low,83.3,https://www.openstreetmap.org/way/89893627,OpenStreetMap named substation feature: Elgin Grid Supply Point,Candidate infrastructure match; score 83.3/100; next-candidate margin 4.4. Coordinates represent the matched mapped feature.
Nant 132kV Substation,Nant,SSE Generation Limited,Hydro,PRO-000177,https://www.neso.energy/data-portal/transmission-entry-capacity-tec-register,56.343358,-5.209337,Nant Power Station,Exact normalized name,High,100.0,https://www.openstreetmap.org/way/570076477,OpenStreetMap named plant feature: Nant Power Station,Exact normalized name; score 100.0/100; next-candidate margin 100.0. Coordinates represent the matched mapped feature.
Nant Y Maen 132KV Substation,Nant Y Maen Wind Farm,EDF ENERGY RENEWABLES LIMITED,Wind Onshore,PRO-001158,https://www.neso.energy/data-portal/transmission-entry-capacity-tec-register,53.318541,-3.801152,NANT-Y-GAMAR,Candidate infrastructure match,Low,78.3,https://doi.org/10.5285/0eed5c99-f409-4329-a98e-47f496bb88a2,Lovett & Sünnenberg GB substations dataset; NANT-Y-GAMAR; SP ENERGY NETWORKS; PSS,Candidate infrastructure match; score 78.3/100; next-candidate margin 0.0. Coordinates represent the matched mapped feature.
Narie 400/132kV Substation,Knarie,Invenergy Development UK Ltd,Energy Storage System;Wind Onshore,PRO-004048,https://www.neso.energy/data-portal/transmission-entry-capacity-tec-register,,,,No reliable infrastructure match,Unresolved,75.0,,,Best candidate 'NIE Substation' scored 75.0; below reliability threshold.
NatPower Green Energy Park 400kV Substation,NatPower CoalBurn Green Energy Park,COALBURN ENERGY LIMITED,Energy Storage System,PRO-005041,https://www.neso.energy/data-portal/transmission-entry-capacity-tec-register,,,,No reliable infrastructure match,Unresolved,70.6,,,Best candidate 'Margam Green Energy Plant' scored 70.6; below reliability threshold.
NatPower Harburn Green Energy Park 400kV Substation,NatPower Harburn Green Energy Park,YAXLEY ENERGY LIMITED,Energy Storage System,PRO-005123,https://www.neso.energy/data-portal/transmission-entry-capacity-tec-register,,,,No reliable infrastructure match,Unresolved,64.4,,,Best candidate 'Margam Green Energy Plant' scored 64.4; below reliability threshold.
NATPOWER KINTORE 2 GREEN ENERGY PARK 275KV SUBSTATION,NatPower Kintore2 Green Energy Park,NP SPV 41 LIMITED,Energy Storage System,PRO-004860,https://www.neso.energy/data-portal/transmission-entry-capacity-tec-register,,,,No reliable infrastructure match,Unresolved,60.0,,,Best candidate 'Hawkers Hill Energy Park' scored 60.0; below reliability threshold.
Navenby 132kV Substation,Denton Estate Solar PV and BESS | Forepower Lincoln (250) Ltd | Vicarage Drove BESS Limited,ELGIN ENERGY ES CO LIMITED | FOREPOWER LINCOLN (250) LIMITED | VICARAGE DROVE BESS LIMITED,Energy Storage System;PV Array (Photo Voltaic/solar) | Energy Storage System,PRO-004417 | PRO-004455 | PRO-006002,https://www.neso.energy/data-portal/transmission-entry-capacity-tec-register,53.106618,-0.523917,Navenby,Town/locality proxy,Medium,100.0,https://www.openstreetmap.org/node/12014308,OpenStreetMap named village: Navenby,"Town/locality proxy; score 100.0/100; next-candidate margin 100.0. Coordinates are a geographic proxy, not the confirmed electrical asset."
Navenby 400kV Substation,Bicker Drove | Bicker Fen BESS | Cliff Hill Energy Farm | Ewerby | Housham PV & BESS | Navenby GEC (Ethos Green) | Springwell,REWE 1 LIMITED | O&G Solar (SPV 40) Limited | Cairn Duhie Energy Limited | Leoda Solar Farm Limited | FOSSE GREEN ENERGY LIMITED | NAVENBY GREEN ENERGY CENTRE LTD | SPRINGWELL ENERGYFARM LIMITED,Energy Storage System | Energy Storage System;PV Array (Photo Voltaic/solar) | Demand;Energy Storage System;PV Array (Photo Voltaic/solar) | Demand;Energy Storage System;PV Array (Photo Voltaic/solar);Reactive Compensation,PRO-003874 | PRO-002575 | PRO-003896 | PRO-002017 | PRO-002254 | PRO-003936 | PRO-001850-1 | PRO-001850-2 | PRO-001850-3,https://www.neso.energy/data-portal/transmission-entry-capacity-tec-register,53.106618,-0.523917,Navenby,Town/locality proxy,Medium,100.0,https://www.openstreetmap.org/node/12014308,OpenStreetMap named village: Navenby,"Town/locality proxy; score 100.0/100; next-candidate margin 100.0. Coordinates are a geographic proxy, not the confirmed electrical asset."
Near Branxton 400kV Substation,INTOG 2 | Phoenix 1B Offshore Wind Farm,CERULEAN WINDS LIMITED | Morven Offshore Wind Limited,Wind Offshore,PRO-004514 | PRO-001519,https://www.neso.energy/data-portal/transmission-entry-capacity-tec-register,55.948824,-2.416749,Branxton Substation,Exact normalized name,High,100.0,https://www.openstreetmap.org/way/97551523,OpenStreetMap named substation feature: Branxton Substation,Exact normalized name; score 100.0/100; next-candidate margin 100.0. Coordinates represent the matched mapped feature.
Neart Na Gaoithe 220/66KV Offshore Substation,Neart Na Gaoithe Offshore Wind Farm,NEART NA GAOITHE OFFSHORE WIND LIMITED,Wind Offshore,PRO-000273,https://www.neso.energy/data-portal/transmission-entry-capacity-tec-register,55.917664,-2.539548,Neart na Gaoithe Wind Farm Substation,Exact normalized name,High,100.0,https://www.openstreetmap.org/way/1078525352,OpenStreetMap named substation feature: Neart na Gaoithe Wind Farm Substation,Exact normalized name; score 100.0/100; next-candidate margin 0.0. Coordinates represent the matched mapped feature.
Necton 400kV Substation,Bradenham - Thetford (Necton) GEC (Ethos Green) | Dudgeon Offshore Wind Farm | Necton Greener Grid Park | Norfolk Boreas | Vanguard | Zenobe Necton BESS,NECTON GREEN ENERGY CENTRE LTD | DUDGEON OFFSHORE WIND LIMITED | Necton Grid Solutions Limited | NORFOLK BOREAS LIMITED | NORFOLK VANGUARD WEST LIMITED | Zenobe Energy Limited,Demand;Energy Storage System;PV Array (Photo Voltaic/solar);Reactive Compensation | Wind Offshore | Energy Storage System;Reactive Compensation | Energy Storage System,PRO-004346 | PRO-000132 | PRO-002562-1 | PRO-002562-2 | PRO-000399-1 | PRO-000399-2 | PRO-000459 | PRO-003402,https://www.neso.energy/data-portal/transmission-entry-capacity-tec-register,52.660976,0.792925,NECTON 400KV S/S,Exact normalized name,High,100.0,https://doi.org/10.5285/0eed5c99-f409-4329-a98e-47f496bb88a2,Lovett & Sünnenberg GB substations dataset; NECTON 400KV S/S; NATIONAL GRID; TRANS,Exact normalized name; score 100.0/100; next-candidate margin 0.0. Coordinates represent the matched mapped feature.
Neilston 132kV Substation,Neilston 132,NEILSTON ENERGY LIMITED,Energy Storage System,PRO-001343,https://www.neso.energy/data-portal/transmission-entry-capacity-tec-register,55.806837,-4.482824,NEILSTON ,Exact normalized name,High,100.0,https://doi.org/10.5285/0eed5c99-f409-4329-a98e-47f496bb88a2,Lovett & Sünnenberg GB substations dataset; NEILSTON ; SP ENERGY NETWORKS; TRANS,Exact normalized name; score 100.0/100; next-candidate margin 0.0. Coordinates represent the matched mapped feature.
Neilston 400kV Substation,Hurlet Battery | Middleton Farm BESS | Neilston 400kV Greener Grid Park | Neilston Synchronous Compensation,P-FREQUENCY LTD | Bluestone Energy Ltd | Statkraft UK Ltd | NEILSTON GRID SERVICES LIMITED,Energy Storage System | Reactive Compensation,PRO-004790 | PRO-004120 | PRO-001419 | PRO-001405,https://www.neso.energy/data-portal/transmission-entry-capacity-tec-register,55.806837,-4.482824,NEILSTON ,Exact normalized name,High,100.0,https://doi.org/10.5285/0eed5c99-f409-4329-a98e-47f496bb88a2,Lovett & Sünnenberg GB substations dataset; NEILSTON ; SP ENERGY NETWORKS; TRANS,Exact normalized name; score 100.0/100; next-candidate margin 0.0. Coordinates represent the matched mapped feature.
New Abernethy 132kV,Jamesfield 3,HARMONY ENERGY LIMITED,Energy Storage System,PRO-005991,https://www.neso.energy/data-portal/transmission-entry-capacity-tec-register,56.339754,-3.294070,ABERNETHY,Exact normalized name,High,100.0,https://doi.org/10.5285/0eed5c99-f409-4329-a98e-47f496bb88a2,Lovett & Sünnenberg GB substations dataset; ABERNETHY; SSE NETWORKS; GSP,Exact normalized name; score 100.0/100; next-candidate margin 0.0. Coordinates represent the matched mapped feature.
NEW CARRADALE 132KV SUBSTATION,Tioram Wind Farm,Invenergy Development UK Ltd,Wind Onshore,PRO-005973,https://www.neso.energy/data-portal/transmission-entry-capacity-tec-register,55.590270,-5.502703,CARRADALE,Exact normalized name,High,100.0,https://doi.org/10.5285/0eed5c99-f409-4329-a98e-47f496bb88a2,Lovett & Sünnenberg GB substations dataset; CARRADALE; SSE NETWORKS; GSP,Exact normalized name; score 100.0/100; next-candidate margin 0.0. Coordinates represent the matched mapped feature.
New Connagill 275/132kV Substation,50MW BESS Connagill | Gresham House Connagill BESS,Cerulisia Ltd | ENERGYHUBDEVELOPMENTS LIMITED,Energy Storage System,PRO-004938 | PRO-003434,https://www.neso.energy/data-portal/transmission-entry-capacity-tec-register,58.512123,-3.879166,Connagill Substation,Exact normalized name,High,100.0,https://www.openstreetmap.org/way/567187951,OpenStreetMap named substation feature: Connagill Substation,Exact normalized name; score 100.0/100; next-candidate margin 100.0. Coordinates represent the matched mapped feature.
New Cumnock 275/132kV,South Kyle Wind Farm,SOUTH KYLE WIND FARM LIMITED,Wind Onshore,PRO-000137,https://www.neso.energy/data-portal/transmission-entry-capacity-tec-register,55.377992,-4.216993,NEW CUMNOCK,Exact normalized name,High,100.0,https://doi.org/10.5285/0eed5c99-f409-4329-a98e-47f496bb88a2,Lovett & Sünnenberg GB substations dataset; NEW CUMNOCK; SP ENERGY NETWORKS; PSS,Exact normalized name; score 100.0/100; next-candidate margin 0.0. Coordinates represent the matched mapped feature.
New Cumnock 275/132kV Substation,New Cumnock BESS,NEW CUMNOCK BESS LTD,Energy Storage System;PV Array (Photo Voltaic/solar),PRO-003485,https://www.neso.energy/data-portal/transmission-entry-capacity-tec-register,55.377992,-4.216993,NEW CUMNOCK,Exact normalized name,High,100.0,https://doi.org/10.5285/0eed5c99-f409-4329-a98e-47f496bb88a2,Lovett & Sünnenberg GB substations dataset; NEW CUMNOCK; SP ENERGY NETWORKS; PSS,Exact normalized name; score 100.0/100; next-candidate margin 0.0. Coordinates represent the matched mapped feature.
New Cumnock A 132kV,Breezy Hill Wind Farm,BROCKWELL ENERGY LIMITED,Wind Onshore,PRO-000475,https://www.neso.energy/data-portal/transmission-entry-capacity-tec-register,55.454060,-4.266096,Cumnock,Town/locality proxy,Low,96.0,https://www.openstreetmap.org/node/427141416,OpenStreetMap named town: Cumnock,"Town/locality proxy; score 96.0/100; next-candidate margin 0.0. Coordinates are a geographic proxy, not the confirmed electrical asset."
New Cumnock North 132kV Substation,Upper Beoch Windfarm,BROCKWELL ENERGY LIMITED,Wind Onshore,PRO-004068,https://www.neso.energy/data-portal/transmission-entry-capacity-tec-register,51.610276,-2.634887,Upper Bench,TEC project geocoded-area proxy,Low,90.9,https://www.openstreetmap.org/way/111692632,TEC project 'Upper Beoch Windfarm' matched via OpenStreetMap/Photon to Upper Bench; South Gloucestershire,"TEC project geocoded-area proxy; score 90.9/100; next-candidate margin 90.9. Coordinates are a geographic proxy, not the confirmed electrical asset."
New Dalchork 132kV Substation,Ruith Cnoc,Ruith Cnoc Wind Farm Limited,Wind Onshore,PRO-006147,https://www.neso.energy/data-portal/transmission-entry-capacity-tec-register,58.051612,-4.404095,Dalchork Substation,Exact normalized name,High,100.0,https://www.openstreetmap.org/way/1126346023,OpenStreetMap named substation feature: Dalchork Substation,Exact normalized name; score 100.0/100; next-candidate margin 100.0. Coordinates represent the matched mapped feature.
New Deer 2 132kV Substation,L48 BESS Burnside | UPPER GREENFIELDS BESS,S4 UK DEV LTD,Energy Storage System,PRO-003063 | PRO-003682,https://www.neso.energy/data-portal/transmission-entry-capacity-tec-register,57.490947,-2.284993,New Deer Substation,Candidate infrastructure match,Low,80.0,https://www.openstreetmap.org/way/820231183,OpenStreetMap named substation feature: New Deer Substation,Candidate infrastructure match; score 80.0/100; next-candidate margin 13.3. Coordinates represent the matched mapped feature.
New Deer 2 400kV Substation,New Deer 2 BESS | New Deer Battery Storage | New Deer BESS Station | Peterhead PV and BESS Station,Field New Deer Ltd | NEW DEER ENERGY CENTRE LIMITED | ABBOTSHAUGH ENERGY STORAGE LIMITED | ETP UK 2 LTD,Energy Storage System | Energy Storage System;PV Array (Photo Voltaic/solar),PRO-004758 | PRO-001987 | PRO-001856 | PRO-002775,https://www.neso.energy/data-portal/transmission-entry-capacity-tec-register,57.490947,-2.284993,New Deer Substation,Candidate infrastructure match,Low,80.0,https://www.openstreetmap.org/way/820231183,OpenStreetMap named substation feature: New Deer Substation,Candidate infrastructure match; score 80.0/100; next-candidate margin 13.3. Coordinates represent the matched mapped feature.
New Deer 400kV Substation,Green Volt Offshore Windfarm | Moray East Offshore Wind Farm | Zenobe New Deer Battery Storage,Green Volt Offshore Windfarm Ltd | MORAY OFFSHORE WINDFARM (EAST) LIMITED | Zenobe Energy Limited,Demand;Wind Offshore | Wind Offshore | Energy Storage System,PRO-001469-1 | PRO-001469-2 | PRO-000533 | PRO-001778,https://www.neso.energy/data-portal/transmission-entry-capacity-tec-register,57.490947,-2.284993,New Deer Substation,Exact normalized name,High,100.0,https://www.openstreetmap.org/way/820231183,OpenStreetMap named substation feature: New Deer Substation,Exact normalized name; score 100.0/100; next-candidate margin 100.0. Coordinates represent the matched mapped feature.
New Dounreay 400kV substation,Dounreay BESS | Havbredey,FIELD DEVCO LTD | HAVBREDEY LIMITED,Energy Storage System | Wind Offshore,PRO-004749 | PRO-001628,https://www.neso.energy/data-portal/transmission-entry-capacity-tec-register,58.579912,-3.726081,DOUNREAY ,Exact normalized name,High,100.0,https://doi.org/10.5285/0eed5c99-f409-4329-a98e-47f496bb88a2,Lovett & Sünnenberg GB substations dataset; DOUNREAY ; SSE NETWORKS; TRANS,Exact normalized name; score 100.0/100; next-candidate margin 0.0. Coordinates represent the matched mapped feature.
New East Coast 400kV Substation,Halfway Energy Park,DALRIADA RENEWABLES LIMITED,Energy Storage System;PV Array (Photo Voltaic/solar),PRO-004062,https://www.neso.energy/data-portal/transmission-entry-capacity-tec-register,50.594995,-3.671384,East St Substation,Candidate infrastructure match,Low,82.4,https://www.openstreetmap.org/node/13452448202,OpenStreetMap named substation feature: East St Substation,Candidate infrastructure match; score 82.4/100; next-candidate margin 2.4. Coordinates represent the matched mapped feature.
NEW LIMEKILN 132 KV SUBSTATION,Limekiln Extension 2,BORALEX LIMITED,Energy Storage System;Wind Onshore,PRO-005255,https://www.neso.energy/data-portal/transmission-entry-capacity-tec-register,58.540208,-3.759646,Limekiln Substation,Exact normalized name,High,100.0,https://www.openstreetmap.org/way/1412699529,OpenStreetMap named substation feature: Limekiln Substation,Exact normalized name; score 100.0/100; next-candidate margin 0.0. Coordinates represent the matched mapped feature.
New North East 275kV Substation,Ardonald Wind Farm,Ardonald Renewables Limited,Energy Storage System;PV Array (Photo Voltaic/solar);Wind Onshore,PRO-003491,https://www.neso.energy/data-portal/transmission-entry-capacity-tec-register,51.614592,-2.516667,NORTH EAST RD.,Strong name match,High,96.0,https://www.openstreetmap.org/way/542618757,OpenStreetMap named substation feature: NORTH EAST RD.,Strong name match; score 96.0/100; next-candidate margin 14.2. Coordinates represent the matched mapped feature.
New North East Substation 400kV Substation,Glenfiddich West | Longhaven Energy Storage Centre | Rattray BESS and Solar Plant,BORALEX LIMITED | Hydrostor UK Ltd | GREENTECH PROJECTS HOLDING UK LIMITED,Demand;Energy Storage System;Wind Onshore | Energy Storage System;Pump Storage;Thermal | Energy Storage System;PV Array (Photo Voltaic/solar),PRO-006064 | PRO-006133 | PRO-006056,https://www.neso.energy/data-portal/transmission-entry-capacity-tec-register,51.614592,-2.516667,NORTH EAST RD.,Strong name match,High,96.0,https://www.openstreetmap.org/way/542618757,OpenStreetMap named substation feature: NORTH EAST RD.,Strong name match; score 96.0/100; next-candidate margin 12.0. Coordinates represent the matched mapped feature.
New North West 132kV Substation,Ballach | Meall Dearg,ENERGYFARM UK BALLACH LTD | ENERGYFARM UK MEALL DEARG LTD,Energy Storage System;Wind Onshore,PRO-005977 | PRO-005981,https://www.neso.energy/data-portal/transmission-entry-capacity-tec-register,51.474039,-2.775303,North Weston,Town/locality proxy,Low,96.0,https://www.openstreetmap.org/node/5910172028,OpenStreetMap named village: North Weston,"Town/locality proxy; score 96.0/100; next-candidate margin 0.0. Coordinates are a geographic proxy, not the confirmed electrical asset."
New Spittal 275kV Substation,Achies BESS,IGP ENERGY STORAGE 5 LIMITED,Energy Storage System,PRO-006050,https://www.neso.energy/data-portal/transmission-entry-capacity-tec-register,58.480013,-3.452249,Spittal Substation,Exact normalized name,High,100.0,https://www.openstreetmap.org/way/1262971878,OpenStreetMap named substation feature: Spittal Substation,Exact normalized name; score 100.0/100; next-candidate margin 0.0. Coordinates represent the matched mapped feature.
NEW TAYNUILT 132 KV SUBSTATION,Beinn Dearg,GALILEO 19 LIMITED,Energy Storage System;PV Array (Photo Voltaic/solar);Wind Onshore,PRO-005936,https://www.neso.energy/data-portal/transmission-entry-capacity-tec-register,56.430025,-5.214072,TAYNUILT,Exact normalized name,High,100.0,https://doi.org/10.5285/0eed5c99-f409-4329-a98e-47f496bb88a2,Lovett & Sünnenberg GB substations dataset; TAYNUILT; SSE NETWORKS; GSP,Exact normalized name; score 100.0/100; next-candidate margin 0.0. Coordinates represent the matched mapped feature.
Newarthill 275 kV Substation,Motherwell 400MW BESS (Formerly Castlehill BESS),SPV GPC 3 Ltd,Demand;Energy Storage System,PRO-003500,https://www.neso.energy/data-portal/transmission-entry-capacity-tec-register,55.824993,-3.947003,NEWARTHILL,Exact normalized name,High,100.0,https://doi.org/10.5285/0eed5c99-f409-4329-a98e-47f496bb88a2,Lovett & Sünnenberg GB substations dataset; NEWARTHILL; SP ENERGY NETWORKS; GSP,Exact normalized name; score 100.0/100; next-candidate margin 0.0. Coordinates represent the matched mapped feature.
Newarthill Energy Park 275kV Substation,Newarthill Energy Park,Dalzell (Newarthill) Ltd,Energy Storage System,PRO-002532,https://www.neso.energy/data-portal/transmission-entry-capacity-tec-register,51.013715,-2.208043,Hawkers Hill Energy Park,Candidate infrastructure match,Low,78.3,https://www.openstreetmap.org/way/1148936262,OpenStreetMap named plant feature: Hawkers Hill Energy Park,Candidate infrastructure match; score 78.3/100; next-candidate margin 6.5. Coordinates represent the matched mapped feature.
Newchurch 400kV Substation,Newchurch,SSE Newchurch Solar Limited,Demand;Energy Storage System;PV Array (Photo Voltaic/solar),PRO-002056,https://www.neso.energy/data-portal/transmission-entry-capacity-tec-register,51.789200,-3.201628,Newchurch,Town/locality proxy,Low,100.0,https://www.openstreetmap.org/node/7415067194,OpenStreetMap named suburb: Newchurch,"Town/locality proxy; score 100.0/100; next-candidate margin 0.0. Coordinates are a geographic proxy, not the confirmed electrical asset."
Newlands Hill 132/33kV,Newlands Hill Wind Energy Hub,NEWLANDS HILL WIND ENERGY HUB LIMITED,Energy Storage System;Wind Onshore,PRO-002549,https://www.neso.energy/data-portal/transmission-entry-capacity-tec-register,51.480465,-2.772162,NEWLANDS HILL,Exact normalized name,High,100.0,https://www.openstreetmap.org/node/13033658147,OpenStreetMap named substation feature: NEWLANDS HILL,Exact normalized name; score 100.0/100; next-candidate margin 100.0. Coordinates represent the matched mapped feature.
Newton Stewart 132/33kV,Airies Wind Farm,AIRIES WINDFARM LIMITED,Wind Onshore,PRO-000008,https://www.neso.energy/data-portal/transmission-entry-capacity-tec-register,54.948994,-4.481001,NEWTON STEWART,Exact normalized name,High,100.0,https://doi.org/10.5285/0eed5c99-f409-4329-a98e-47f496bb88a2,Lovett & Sünnenberg GB substations dataset; NEWTON STEWART; SP ENERGY NETWORKS; PSS,Exact normalized name; score 100.0/100; next-candidate margin 0.0. Coordinates represent the matched mapped feature.
Newton Stewart GSP,Killeal,ABEI ENERGY LIMITED,Wind Onshore,PRO-006112,https://www.neso.energy/data-portal/transmission-entry-capacity-tec-register,54.948994,-4.481001,NEWTON STEWART,Exact normalized name,High,100.0,https://doi.org/10.5285/0eed5c99-f409-4329-a98e-47f496bb88a2,Lovett & Sünnenberg GB substations dataset; NEWTON STEWART; SP ENERGY NETWORKS; PSS,Exact normalized name; score 100.0/100; next-candidate margin 0.0. Coordinates represent the matched mapped feature.
Ninfield 400kV Substation,Ninfield Green Energy Centre | Ninfield Greener Grid Park,NINFIELD NG LIMITED | Ninfield Grid Solutions Limited,Demand;Energy Storage System;PV Array (Photo Voltaic/solar) | Energy Storage System;Reactive Compensation,PRO-002163 | PRO-001756-1 | PRO-001756-2 | PRO-001756-3,https://www.neso.energy/data-portal/transmission-entry-capacity-tec-register,50.881442,0.447668,NINFIELD 400KV S/S,Exact normalized name,High,100.0,https://doi.org/10.5285/0eed5c99-f409-4329-a98e-47f496bb88a2,Lovett & Sünnenberg GB substations dataset; NINFIELD 400KV S/S; NATIONAL GRID; TRANS,Exact normalized name; score 100.0/100; next-candidate margin 0.0. Coordinates represent the matched mapped feature.
Ninfield GSP,Catsfield | Saver & Pashley Farm Energy Park,MAS 001 Limited | ELGIN ENERGY ES CO LIMITED,Energy Storage System | Energy Storage System;PV Array (Photo Voltaic/solar),PRO-004143 | PRO-004789,https://www.neso.energy/data-portal/transmission-entry-capacity-tec-register,50.881442,0.447668,NINFIELD 400KV S/S,Exact normalized name,High,100.0,https://doi.org/10.5285/0eed5c99-f409-4329-a98e-47f496bb88a2,Lovett & Sünnenberg GB substations dataset; NINFIELD 400KV S/S; NATIONAL GRID; TRANS,Exact normalized name; score 100.0/100; next-candidate margin 0.0. Coordinates represent the matched mapped feature.
NLEI Windfarm 132/33kV substation,North Lowther Energy Initiative,NLEI LTD,Wind Onshore,PRO-000344,https://www.neso.energy/data-portal/transmission-entry-capacity-tec-register,55.416251,-3.842487,Lowther Hills (North Lowther Energy Initiative),TEC project matched to DESNZ REPD,Low,91.2,https://www.gov.uk/government/publications/renewable-energy-planning-database-quarterly-extract,DESNZ REPD ref 5181: Lowther Hills (North Lowther Energy Initiative); near Wanlockhead and the Muirkirk and North Lowther Uplands special protection area; planning ref ECU00000426,TEC project matched to DESNZ REPD; score 91.2/100; next-candidate margin 91.2. Coordinates represent the matched mapped feature.
North Anglia Connection Node A 132kV Substation,Intwood Farm BESS | Old Stoke Rd BESS | Wacton Road Farm | Wymondham Road Farm,Intwood BESS Ltd | CUBICO UK DEVELOPMENT LIMITED | QAIR RENEWABLES UK LIMITED,Energy Storage System,PRO-003180 | PRO-005896 | PRO-004440 | PRO-004441,https://www.neso.energy/data-portal/transmission-entry-capacity-tec-register,52.590963,1.242402,Intwood,TEC project-derived locality proxy,Low,100.0,https://www.openstreetmap.org/node/741057465,OpenStreetMap named hamlet: Intwood,"TEC project-derived locality proxy; score 100.0/100; next-candidate margin 4.0. Coordinates are a geographic proxy, not the confirmed electrical asset."
North Anglia Connection Node A 400kV,Elmya Gissing BESS & PV | Long Stratton 400 | Long Stratton BESS | Norwich Main BESS | Noventum -Long Stratton | Swainsthorpe,RPC ELMYA CARNATION GISSING LIMITED | ENSO GREEN HOLDINGS X LIMITED | Field Long Stratton Ltd | TASWAY ENERGY PARK LIMITED | Noventum Power Solar 8 Limited | Lightsource Renewable UK Development Limited,Energy Storage System;PV Array (Photo Voltaic/solar) | Energy Storage System,PRO-004657 | PRO-004868 | PRO-004850 | PRO-003894-1 | PRO-003894-2 | PRO-004405 | PRO-006059,https://www.neso.energy/data-portal/transmission-entry-capacity-tec-register,52.487826,1.233093,Long Stratton,TEC project-derived locality proxy,Low,100.0,https://www.openstreetmap.org/node/173439383,OpenStreetMap named town: Long Stratton,"TEC project-derived locality proxy; score 100.0/100; next-candidate margin 0.0. Coordinates are a geographic proxy, not the confirmed electrical asset."
NORTH ANGLIA CONNECTION NODE A 400kV SUBSTATION,GF Norwich BESS,GF Norwich Energy Ltd,Energy Storage System,PRO-003807,https://www.neso.energy/data-portal/transmission-entry-capacity-tec-register,52.628558,1.292395,Norwich,TEC project-derived locality proxy,Low,96.0,https://www.openstreetmap.org/node/11235057,OpenStreetMap named city: Norwich,"TEC project-derived locality proxy; score 96.0/100; next-candidate margin 96.0. Coordinates are a geographic proxy, not the confirmed electrical asset."
North Anglia Connection Node B 400kV Substation,Elmya Ryston BESS & PV | Greta IV (b) | Greta IV (c) | Greta IV (d) | Necton High Impact Energy Hub | Project Number 4,ELMYA ENERGY UK 13 LIMITED | Greta IV Limited | TELIS ENERGY UK LIMITED,Energy Storage System;PV Array (Photo Voltaic/solar) | Energy Storage System | Energy Storage System;Nuclear;PV Array (Photo Voltaic/solar);Wind Onshore,PRO-004923 | PRO-004499 | PRO-004500 | PRO-004501 | PRO-004524 | PRO-002704,https://www.neso.energy/data-portal/transmission-entry-capacity-tec-register,,,,No reliable infrastructure match,Unresolved,66.7,,,Best candidate 'Maingate North' scored 66.7; below reliability threshold.
North Anglia Connection Node C 400kV Substation,NatPower Yaxley Green Energy Park | PVDP Scarning | Scarning,YAXLEY ENERGY LIMITED | SolarFour Ltd | CONNECTID 3 LIMITED,Energy Storage System | Energy Storage System;PV Array (Photo Voltaic/solar) | Demand;Energy Storage System;PV Array (Photo Voltaic/solar);Reactive Compensation,PRO-004371 | PRO-003998 | PRO-003275,https://www.neso.energy/data-portal/transmission-entry-capacity-tec-register,52.671002,0.888898,Scarning,TEC project-derived locality proxy,Low,100.0,https://www.openstreetmap.org/node/29281233,OpenStreetMap named hamlet: Scarning,"TEC project-derived locality proxy; score 100.0/100; next-candidate margin 100.0. Coordinates are a geographic proxy, not the confirmed electrical asset."
North Anglia Connection Node D 132kV Substation,Strawberry Farm | Walsoken Battery,QAIR RENEWABLES UK LIMITED | Walsoken Limited,Energy Storage System,PRO-005077 | PRO-002690,https://www.neso.energy/data-portal/transmission-entry-capacity-tec-register,52.672780,0.185205,Walsoken,TEC project-derived locality proxy,Low,100.0,https://www.openstreetmap.org/node/530611506,OpenStreetMap named village: Walsoken,"TEC project-derived locality proxy; score 100.0/100; next-candidate margin 100.0. Coordinates are a geographic proxy, not the confirmed electrical asset."
North Anglia Connection Node E 400kV Substation,Dove Solar | EPL Suffolk | Lightsource Yaxley PV | Noventum Yaxley | Yaxley | Yaxley BESS | Zenobe Yaxley BESS,RWE Renewables UK Solar and Storage Limited | EPL NEWCO9 LIMITED | Lightsource Renewable UK Development Limited | NOVENTUM POWER SOLAR 3 LIMITED | CONNECTID 2 LIMITED | Field Yaxley  Ltd | Zenobe Energy Limited,Energy Storage System;PV Array (Photo Voltaic/solar) | Demand;Energy Storage System;PV Array (Photo Voltaic/solar);Reactive Compensation | Energy Storage System,PRO-004166 | PRO-003916 | PRO-003837 | PRO-003758 | PRO-003272 | PRO-003964 | PRO-004088,https://www.neso.energy/data-portal/transmission-entry-capacity-tec-register,52.323207,1.110045,Yaxley,TEC project-derived locality proxy,Low,100.0,https://www.openstreetmap.org/node/288141035,OpenStreetMap named village: Yaxley,"TEC project-derived locality proxy; score 100.0/100; next-candidate margin 0.0. Coordinates are a geographic proxy, not the confirmed electrical asset."
North Falls Offshore Platform Substation,North Falls Offshore Wind Farm,NORTH FALLS OFFSHORE WIND FARM LIMITED,Wind Offshore,PRO-000451,https://www.neso.energy/data-portal/transmission-entry-capacity-tec-register,,,,No reliable infrastructure match,Unresolved,66.7,,,Best candidate 'NORTH WALSHAM PRIMARY' scored 66.7; below reliability threshold.
North Humber Connection Node A 400kV Substation,Chapel Rush Solar | GF Thornton Energy BESS,RWE Renewables UK Solar and Storage Limited | THORNTON ENERGY LTD,Energy Storage System;PV Array (Photo Voltaic/solar) | Energy Storage System,PRO-004538 | PRO-003449,https://www.neso.energy/data-portal/transmission-entry-capacity-tec-register,53.819311,-0.671003,Chapel Rush,TEC project geocoded-area proxy,Low,100.0,https://www.openstreetmap.org/way/314868364,TEC project 'Chapel Rush Solar' matched via OpenStreetMap/Photon to Chapel Rush; East Riding of Yorkshire,"TEC project geocoded-area proxy; score 100.0/100; next-candidate margin 100.0. Coordinates are a geographic proxy, not the confirmed electrical asset."
North Humber Connection Node B 132kV Substation,NEL Limes,SFEL Two Limited,Energy Storage System,PRO-004413,https://www.neso.energy/data-portal/transmission-entry-capacity-tec-register,,,,No reliable infrastructure match,Unresolved,66.7,,,Best candidate 'SOUTH HUMBER BANK 400KV S/S' scored 66.7; below reliability threshold.
North Humber Connection Node C 132kV Substation,014 NEP Bransholme,NEW ENERGY PARTNERSHIP LIMITED,Energy Storage System,PRO-004043,https://www.neso.energy/data-portal/transmission-entry-capacity-tec-register,,,,No reliable infrastructure match,Unresolved,72.2,,,Best candidate 'Church Lane North Substation' scored 72.2; below reliability threshold.
North Humber Connection Node C 400kV Substation,Thornton BESS,REWE 9 LIMITED,Energy Storage System,PRO-003684,https://www.neso.energy/data-portal/transmission-entry-capacity-tec-register,53.881940,-2.997502,Thornton Power Station,TEC project matched to DESNZ REPD,Medium,100.0,https://www.gov.uk/government/publications/renewable-energy-planning-database-quarterly-extract,DESNZ REPD ref 44: Thornton Power Station; Wyre; planning ref ,TEC project matched to DESNZ REPD; score 100.0/100; next-candidate margin 100.0. Coordinates represent the matched mapped feature.
North Humber Connection Node E 400kV Substation,Lightsource Overton | Natpower Upsall Green Energy Park | OVERTON440MW BESS,Lightsource Renewable UK Development Limited | BELLMOOR ENERGY PARK LIMITED | CARE POWER (OVERTON) LIMITED,Energy Storage System;PV Array (Photo Voltaic/solar) | Energy Storage System,PRO-003958 | PRO-003739 | PRO-003941,https://www.neso.energy/data-portal/transmission-entry-capacity-tec-register,,,,No reliable infrastructure match,Unresolved,71.0,,,Best candidate 'NORTH HYDE (E)' scored 71.0; below reliability threshold.
North Kent Connection Node A 400kV Substation,Alcemi  Ridham Docks BESF | NatPower-Medway Energy Park,Alcemi Storage Developments 23 Ltd | Old Rides Energy Storage Limited,Energy Storage System,PRO-003211 | PRO-004583,https://www.neso.energy/data-portal/transmission-entry-capacity-tec-register,,,,No reliable infrastructure match,Unresolved,69.2,,,Best candidate 'North End' scored 69.2; below reliability threshold.
North Kent Connection Node B 132kV Substation,Solomons Farm BESS,Solomons BESS Ltd,Energy Storage System,PRO-003181,https://www.neso.energy/data-portal/transmission-entry-capacity-tec-register,51.441482,0.565029,Solomon's Farm,TEC project geocoded-area proxy,Low,94.1,https://www.openstreetmap.org/way/789707459,TEC project 'Solomons Farm BESS' matched via OpenStreetMap/Photon to Solomon's Farm; Medway,"TEC project geocoded-area proxy; score 94.1/100; next-candidate margin 94.1. Coordinates are a geographic proxy, not the confirmed electrical asset."
NORTH KENT CONNECTION NODE C 132KV SUBSTATION,Manor Farm_Sidcup | Upper College Farm BESS,FIRSTWAY SOLAR LTD | Bluestone Energy Ltd,Energy Storage System,PRO-004899 | PRO-004451,https://www.neso.energy/data-portal/transmission-entry-capacity-tec-register,,,,No reliable infrastructure match,Unresolved,69.2,,,Best candidate 'North End' scored 69.2; below reliability threshold.
North Kent Connection Node C 400kV Substation,Hurst BESS,LUMINOUS ENERGY GROUP LIMITED | FIRSTWAY SOLAR LTD,Energy Storage System,PRO-004249 | PRO-004388,https://www.neso.energy/data-portal/transmission-entry-capacity-tec-register,51.728625,-2.507433,Hurst Farm,TEC project matched to DESNZ REPD,Low,100.0,https://www.gov.uk/government/publications/renewable-energy-planning-database-quarterly-extract,"DESNZ REPD ref 1489: Hurst Farm; Hurst Farm, Cross Hands, Lydney, Gloucestershire; planning ref P1358/13/FUL",TEC project matched to DESNZ REPD; score 100.0/100; next-candidate margin 0.0. Coordinates represent the matched mapped feature.
North Kyle 132/33kV substation,North Kyle New Cumnock,NORTH KYLE WIND FARM LIMITED,Wind Onshore,PRO-000474,https://www.neso.energy/data-portal/transmission-entry-capacity-tec-register,55.373584,-4.345500,North Kyle Wind Farm,Exact normalized name,High,100.0,https://www.openstreetmap.org/relation/19453061,OpenStreetMap named plant feature: North Kyle Wind Farm,Exact normalized name; score 100.0/100; next-candidate margin 100.0. Coordinates represent the matched mapped feature.
North Lanrigg Substation,North Lanrigg Battery Storage,North Lanrigg Battery Storage Ltd,Demand;Energy Storage System,PRO-002671,https://www.neso.energy/data-portal/transmission-entry-capacity-tec-register,54.352189,-6.279227,Banbridge North 33 kV Substation,Candidate infrastructure match,Low,78.6,https://www.openstreetmap.org/way/1041509552,OpenStreetMap named substation feature: Banbridge North 33 kV Substation,Candidate infrastructure match; score 78.6/100; next-candidate margin 0.3. Coordinates represent the matched mapped feature.
North Wales connection Node A 400kV Substation,Foel Fach Wind Farm | Gwynt Alwen WF | NatPower Gwyddelwern Green Energy Park | Orddu Energy Park,FOEL FACH WIND FARM LIMITED | BWLCH GWYN WIND FARM LIMITED | GWYDDELWERN ENERGY LIMITED | Orddu Energy Park Limited,Energy Storage System;Wind Onshore | Energy Storage System;PV Array (Photo Voltaic/solar);Reactive Compensation;Wind Onshore | Energy Storage System | Wind Onshore,PRO-004327 | PRO-001545-1 | PRO-001545-2 | PRO-004432 | PRO-003851,https://www.neso.energy/data-portal/transmission-entry-capacity-tec-register,,,,No reliable infrastructure match,Unresolved,76.5,,,Best candidate 'Water Lane North' scored 76.5; below reliability threshold.
Northern Shetland 400kV Substation,ARVEN OFFSHORE WIND FARM | Arven South Offshore Wind Farm | Sealtainn Offshore Wind Farm,ARVEN OFFSHORE WIND FARM LIMITED | ARVEN SOUTH LIMITED | Shetland Offshore Wind Limited,Wind Offshore,PRO-003288 | PRO-004242 | PRO-002670,https://www.neso.energy/data-portal/transmission-entry-capacity-tec-register,,,,No reliable infrastructure match,Unresolved,72.7,,,Best candidate 'Northern Hirwaun Substation' scored 72.7; below reliability threshold.
NorthFleet 400kV Substation,NorthFleet 2 BESS,CSE41 LIMITED,Energy Storage System,PRO-002322,https://www.neso.energy/data-portal/transmission-entry-capacity-tec-register,51.431408,0.342048,Northfleet,Town/locality proxy,Low,100.0,https://www.openstreetmap.org/relation/1465490,OpenStreetMap named town: Northfleet,"Town/locality proxy; score 100.0/100; next-candidate margin 0.0. Coordinates are a geographic proxy, not the confirmed electrical asset."
Northfleet East 132kV,Broadditch BESS,Harmony BD Ltd,Energy Storage System,PRO-002000,https://www.neso.energy/data-portal/transmission-entry-capacity-tec-register,51.427941,0.329726,NORTHFLEET EAST 132KV S/S,Exact normalized name,High,100.0,https://doi.org/10.5285/0eed5c99-f409-4329-a98e-47f496bb88a2,Lovett & Sünnenberg GB substations dataset; NORTHFLEET EAST 132KV S/S; NATIONAL GRID; GSP,Exact normalized name; score 100.0/100; next-candidate margin 0.0. Coordinates represent the matched mapped feature.
Northfleet East 400kV Substation,NorthFleet Tertiary,CSE29 LIMITED,Energy Storage System;PV Array (Photo Voltaic/solar),PRO-002038,https://www.neso.energy/data-portal/transmission-entry-capacity-tec-register,51.428748,0.330300,NORTHFLEET EAST 400KV S/S,Exact normalized name,High,100.0,https://doi.org/10.5285/0eed5c99-f409-4329-a98e-47f496bb88a2,Lovett & Sünnenberg GB substations dataset; NORTHFLEET EAST 400KV S/S; NATIONAL GRID; TRANS,Exact normalized name; score 100.0/100; next-candidate margin 0.0. Coordinates represent the matched mapped feature.
Norton 275kV Substation,Norton,BAYWA R.E. UK LIMITED,Energy Storage System,PRO-001537,https://www.neso.energy/data-portal/transmission-entry-capacity-tec-register,54.592698,-1.364292,NORTON 275KV S/S,Exact normalized name,High,100.0,https://doi.org/10.5285/0eed5c99-f409-4329-a98e-47f496bb88a2,Lovett & Sünnenberg GB substations dataset; NORTON 275KV S/S; NATIONAL GRID; TRANS,Exact normalized name; score 100.0/100; next-candidate margin 0.0. Coordinates represent the matched mapped feature.
Norton 400kV Substation,Al Boum Photo (Norton) | Norton PV and BESS,AL BOUM PHOTO LTD | Darlington Solar 1 Limited,Energy Storage System | Energy Storage System;PV Array (Photo Voltaic/solar),PRO-001651 | PRO-001437,https://www.neso.energy/data-portal/transmission-entry-capacity-tec-register,54.592821,-1.367246,NORTON 400KV S/S,Exact normalized name,High,100.0,https://doi.org/10.5285/0eed5c99-f409-4329-a98e-47f496bb88a2,Lovett & Sünnenberg GB substations dataset; NORTON 400KV S/S; NATIONAL GRID; TRANS,Exact normalized name; score 100.0/100; next-candidate margin 0.0. Coordinates represent the matched mapped feature.
Norton East 400kV Substation,Grindon Grange | Letch Beck Energy Park | Lightsource Norton East PV | Norton | Zenobe Norton,STARLIGHT ENERGY UK LIMITED | Cairn Duhie Energy Limited | Lightsource Renewable UK Development Limited | ENSO GREEN HOLDINGS X LIMITED | Zenobe Energy Limited,Energy Storage System;PV Array (Photo Voltaic/solar) | Demand;Energy Storage System;PV Array (Photo Voltaic/solar) | Energy Storage System,PRO-004028 | PRO-002550 | PRO-003741 | PRO-002157 | PRO-001691,https://www.neso.energy/data-portal/transmission-entry-capacity-tec-register,52.596361,-0.843563,East Norton,Town/locality proxy,Medium,100.0,https://www.openstreetmap.org/node/26852582,OpenStreetMap named village: East Norton,"Town/locality proxy; score 100.0/100; next-candidate margin 13.0. Coordinates are a geographic proxy, not the confirmed electrical asset."
Norton GSP,Hill House Farm Solar and Storage | Norton Solar Farm,BSR APPLICATIONS LIMITED | RWE Renewables UK Solar and Storage Limited,Energy Storage System;PV Array (Photo Voltaic/solar) | PV Array (Photo Voltaic/solar),PRO-004884 | PRO-001875,https://www.neso.energy/data-portal/transmission-entry-capacity-tec-register,54.592821,-1.367246,NORTON 400KV S/S,Exact normalized name,High,100.0,https://doi.org/10.5285/0eed5c99-f409-4329-a98e-47f496bb88a2,Lovett & Sünnenberg GB substations dataset; NORTON 400KV S/S; NATIONAL GRID; TRANS,Exact normalized name; score 100.0/100; next-candidate margin 0.0. Coordinates represent the matched mapped feature.
Norwich GSP,Norwich Yare,ASHGREEN ENERGYFARM LIMITED,Energy Storage System;PV Array (Photo Voltaic/solar),PRO-001076,https://www.neso.energy/data-portal/transmission-entry-capacity-tec-register,52.574081,1.271911,NORWICH 400KV S/S,Exact normalized name,High,100.0,https://doi.org/10.5285/0eed5c99-f409-4329-a98e-47f496bb88a2,Lovett & Sünnenberg GB substations dataset; NORWICH 400KV S/S; NATIONAL GRID; TRANS,Exact normalized name; score 100.0/100; next-candidate margin 100.0. Coordinates represent the matched mapped feature.
Norwich Main 132kV,Great Yarmouth | Norwich 100MW BESS,RWE Generation UK Plc | FLEXION ENERGY SPV 2 LTD,CCGT (Combined Cycle Gas Turbine) | Energy Storage System,PRO-000124 | PRO-002126,https://www.neso.energy/data-portal/transmission-entry-capacity-tec-register,52.575304,1.271574,NORWICH MAIN,Exact normalized name,High,100.0,https://doi.org/10.5285/0eed5c99-f409-4329-a98e-47f496bb88a2,Lovett & Sünnenberg GB substations dataset; NORWICH MAIN; UK POWER NETWORKS; BSP,Exact normalized name; score 100.0/100; next-candidate margin 0.0. Coordinates represent the matched mapped feature.
Norwich Main 400kV Substation,Hornsea Power Station 3 | Norwich | Norwich 2 | Scira-Dudgeon Extension,HORNSEA PROJECT THREE (UK) LIMITED | PIVOTED POWER LLP | EDF ENERGY RENEWABLES LIMITED | SHERINGHAM SHOAL AND DUDGEON EXTENSIONS PROJCO LIMITED,Energy Storage System;Wind Offshore | Energy Storage System;PV Array (Photo Voltaic/solar) | PV Array (Photo Voltaic/solar);Wind Onshore | Wind Offshore,PRO-000434-1 | PRO-000434-2 | PRO-001077 | PRO-002408 | PRO-000507-1 | PRO-000507-2 | PRO-000507-3,https://www.neso.energy/data-portal/transmission-entry-capacity-tec-register,52.575304,1.271574,NORWICH MAIN,Exact normalized name,High,100.0,https://doi.org/10.5285/0eed5c99-f409-4329-a98e-47f496bb88a2,Lovett & Sünnenberg GB substations dataset; NORWICH MAIN; UK POWER NETWORKS; BSP,Exact normalized name; score 100.0/100; next-candidate margin 0.0. Coordinates represent the matched mapped feature.
Norwich Main 400kW Substation,Norwich Green Energy Centre,Norwich NG Limited,Demand;Energy Storage System;PV Array (Photo Voltaic/solar),PRO-001771,https://www.neso.energy/data-portal/transmission-entry-capacity-tec-register,52.575304,1.271574,NORWICH MAIN,Candidate infrastructure match,Low,80.0,https://doi.org/10.5285/0eed5c99-f409-4329-a98e-47f496bb88a2,Lovett & Sünnenberg GB substations dataset; NORWICH MAIN; UK POWER NETWORKS; BSP,Candidate infrastructure match; score 80.0/100; next-candidate margin 0.0. Coordinates represent the matched mapped feature.
Nursling 132kV Substation,Peak Gen Fareham,PEAK GEN POWER 13 LIMITED,Gas Reciprocating,PRO-003901,https://www.neso.energy/data-portal/transmission-entry-capacity-tec-register,50.940890,-1.487940,NURSLING 132KV S/S,Exact normalized name,High,100.0,https://doi.org/10.5285/0eed5c99-f409-4329-a98e-47f496bb88a2,Lovett & Sünnenberg GB substations dataset; NURSLING 132KV S/S; NATIONAL GRID; GSP,Exact normalized name; score 100.0/100; next-candidate margin 0.0. Coordinates represent the matched mapped feature.
Nursling 400kV Substation,EPL Hampshire | NatPower Nursling Energy Park | Nursling Flexible Generation | Nursling Tertiary,EPL NEWCO7 LIMITED | SOUTHAMPTON ENERGY STORAGE LIMITED | SOUTH ENG FLEXIBLE GENERATION LIMITED | NURSLING ENERGY TWO LIMITED,Energy Storage System;PV Array (Photo Voltaic/solar) | Energy Storage System | CCGT (Combined Cycle Gas Turbine),PRO-004533 | PRO-004190 | PRO-004325 | PRO-001051,https://www.neso.energy/data-portal/transmission-entry-capacity-tec-register,50.942404,-1.486671,NURSLING 400KV S/S,Exact normalized name,High,100.0,https://doi.org/10.5285/0eed5c99-f409-4329-a98e-47f496bb88a2,Lovett & Sünnenberg GB substations dataset; NURSLING 400KV S/S; NATIONAL GRID; TRANS,Exact normalized name; score 100.0/100; next-candidate margin 0.0. Coordinates represent the matched mapped feature.
Nursling GSP,Conrad (Winchester) Limited | Peak Gen Southampton,CONRAD (WINCHESTER) LIMITED | W4B RENEWABLE ENERGY LIMITED,Energy Storage System;Gas Reciprocating | Gas Reciprocating,PRO-004022 | PRO-003902,https://www.neso.energy/data-portal/transmission-entry-capacity-tec-register,50.942404,-1.486671,NURSLING 400KV S/S,Exact normalized name,High,100.0,https://doi.org/10.5285/0eed5c99-f409-4329-a98e-47f496bb88a2,Lovett & Sünnenberg GB substations dataset; NURSLING 400KV S/S; NATIONAL GRID; TRANS,Exact normalized name; score 100.0/100; next-candidate margin 0.0. Coordinates represent the matched mapped feature.
Oakley 400kV Substation,Oakley,SSE DE SOLAR HOLDCO LIMITED,Demand;Energy Storage System;PV Array (Photo Voltaic/solar),PRO-003818,https://www.neso.energy/data-portal/transmission-entry-capacity-tec-register,52.463789,-0.730707,OAKLEY 33/11KV,Exact normalized name,High,100.0,https://doi.org/10.5285/0eed5c99-f409-4329-a98e-47f496bb88a2,Lovett & Sünnenberg GB substations dataset; OAKLEY 33/11KV; WESTERN POWER DISTRIBUTION; PSS,Exact normalized name; score 100.0/100; next-candidate margin 0.0. Coordinates represent the matched mapped feature.
Ochill 132kV Substation,Ochill BESS,CARLTON POWER LIMITED,Energy Storage System,PRO-002536,https://www.neso.energy/data-portal/transmission-entry-capacity-tec-register,52.541000,-2.033117,OCKER HILL 132KV S/S,Candidate infrastructure match,Low,79.0,https://doi.org/10.5285/0eed5c99-f409-4329-a98e-47f496bb88a2,Lovett & Sünnenberg GB substations dataset; OCKER HILL 132KV S/S; NATIONAL GRID; GSP,Candidate infrastructure match; score 79.0/100; next-candidate margin 2.1. Coordinates represent the matched mapped feature.
Ocker Hill 275kV Substation,Ocker Hill - Gresham House | Ocker Hill Tertiary Connection,Ocker Hill Storage Limited | HD143OCK LTD,Energy Storage System,PRO-002213 | PRO-000462,https://www.neso.energy/data-portal/transmission-entry-capacity-tec-register,52.541882,-2.029638,OCKER HILL 275KV S/S,Exact normalized name,High,100.0,https://doi.org/10.5285/0eed5c99-f409-4329-a98e-47f496bb88a2,Lovett & Sünnenberg GB substations dataset; OCKER HILL 275KV S/S; NATIONAL GRID; TRANS,Exact normalized name; score 100.0/100; next-candidate margin 0.0. Coordinates represent the matched mapped feature.
Ocker Hill C 132kV GSP,Danks Way BESS,OCKER HILL BESS LIMITED,Energy Storage System,PRO-006863,https://www.neso.energy/data-portal/transmission-entry-capacity-tec-register,52.541000,-2.033117,OCKER HILL 132KV S/S,Strong name match,High,100.0,https://doi.org/10.5285/0eed5c99-f409-4329-a98e-47f496bb88a2,Lovett & Sünnenberg GB substations dataset; OCKER HILL 132KV S/S; NATIONAL GRID; GSP,Strong name match; score 100.0/100; next-candidate margin 4.0. Coordinates represent the matched mapped feature.
Oldbury 275kV Substation,Oldbury (Tertiary),PIVOTED POWER LLP,Energy Storage System,PRO-001074-1 | PRO-001074-2,https://www.neso.energy/data-portal/transmission-entry-capacity-tec-register,52.498597,-2.023716,OLDBURY 275KV S/S,Exact normalized name,High,100.0,https://doi.org/10.5285/0eed5c99-f409-4329-a98e-47f496bb88a2,Lovett & Sünnenberg GB substations dataset; OLDBURY 275KV S/S; NATIONAL GRID; TRANS,Exact normalized name; score 100.0/100; next-candidate margin 0.0. Coordinates represent the matched mapped feature.
Olivers Forest Wind Farm 132kV Substation,Olivers Forest Wind Farm,Oliver Forest Wind Farm Limited,Wind Onshore,PRO-002648,https://www.neso.energy/data-portal/transmission-entry-capacity-tec-register,,,,No reliable infrastructure match,Unresolved,75.9,,,Best candidate 'Forest Holidays Substation' scored 75.9; below reliability threshold.
Ormonde 33/132kV Offshore Substation,Ormonde Offshore Wind Farm,ORMONDE ENERGY LIMITED,Wind Offshore,PRO-000216,https://www.neso.energy/data-portal/transmission-entry-capacity-tec-register,54.032760,-2.887414,Ormonde onshore substation,Exact normalized name,High,100.0,https://www.openstreetmap.org/way/1110287590,OpenStreetMap named substation feature: Ormonde onshore substation,Exact normalized name; score 100.0/100; next-candidate margin 0.0. Coordinates represent the matched mapped feature.
Orrin GSP,Orrin (part of the Conon Cascade) | Statkraft SEWF,SSE Generation Limited | Statkraft UK Ltd,Hydro | Wind Onshore,PRO-000178 | PRO-004828,https://www.neso.energy/data-portal/transmission-entry-capacity-tec-register,57.554078,-4.615392,Orrin Power Station,Exact normalized name,High,100.0,https://www.openstreetmap.org/way/295309163,OpenStreetMap named plant feature: Orrin Power Station,Exact normalized name; score 100.0/100; next-candidate margin 100.0. Coordinates represent the matched mapped feature.
Osbaldwick (North Humber Connection Node E) 132kv Substation,Derwent Solar 2,Derwent Solar 2 Limited,PV Array (Photo Voltaic/solar),PRO-005908,https://www.neso.energy/data-portal/transmission-entry-capacity-tec-register,,,,No reliable infrastructure match,Unresolved,63.8,,,Best candidate 'Osbaldwick Corner' scored 63.8; below reliability threshold.
Osbaldwick 400kV Substation,Monets Garden | Osbaldwick PV & BESS Sub,MONETS GARDEN BATTERY LTD | YORK ENERGY PARK LIMITED,Energy Storage System | Energy Storage System;PV Array (Photo Voltaic/solar),PRO-001082 | PRO-002582,https://www.neso.energy/data-portal/transmission-entry-capacity-tec-register,53.956800,-1.022463,OSBALDWICK 400KV S/S,Exact normalized name,High,100.0,https://doi.org/10.5285/0eed5c99-f409-4329-a98e-47f496bb88a2,Lovett & Sünnenberg GB substations dataset; OSBALDWICK 400KV S/S; NATIONAL GRID; TRANS,Exact normalized name; score 100.0/100; next-candidate margin 0.0. Coordinates represent the matched mapped feature.
Oswestry Substation,Galileo 09,GALILEO 09 LIMITED,Energy Storage System;PV Array (Photo Voltaic/solar);Wind Onshore,PRO-004798,https://www.neso.energy/data-portal/transmission-entry-capacity-tec-register,52.867919,-3.036384,OSWESTRY,Exact normalized name,High,100.0,https://doi.org/10.5285/0eed5c99-f409-4329-a98e-47f496bb88a2,Lovett & Sünnenberg GB substations dataset; OSWESTRY; SP ENERGY NETWORKS; PSS,Exact normalized name; score 100.0/100; next-candidate margin 0.0. Coordinates represent the matched mapped feature.
Ourack Wind Farm 132/33 kV Substation,Ourack Wind Farm,OURACK WIND FARM LLP,Energy Storage System;Wind Onshore,PRO-001490,https://www.neso.energy/data-portal/transmission-entry-capacity-tec-register,57.430249,-3.583832,Ourack,TEC project matched to DESNZ REPD,Low,100.0,https://www.gov.uk/government/publications/renewable-energy-planning-database-quarterly-extract,DESNZ REPD ref 12727: Ourack; 6km north of Granton-on-Spey; planning ref ECU00001999,TEC project matched to DESNZ REPD; score 100.0/100; next-candidate margin 0.0. Coordinates represent the matched mapped feature.
Overhill 132kV Substation,Overhill Wind Farm,ENERGYFARM UK OVERHILL LLP,Wind Onshore,PRO-000472,https://www.neso.energy/data-portal/transmission-entry-capacity-tec-register,57.405684,-2.518466,Overhill BESS,Exact normalized name,High,100.0,https://www.openstreetmap.org/way/1484128931,OpenStreetMap named plant feature: Overhill BESS,Exact normalized name; score 100.0/100; next-candidate margin 100.0. Coordinates represent the matched mapped feature.
Overton 275kV,Overton Green Energy Centre | Overton Solar & Storage Farm,OVERTON NG LIMITED | ELEMENTS GREEN LIMITED,Demand;Energy Storage System;PV Array (Photo Voltaic/solar) | Energy Storage System;PV Array (Photo Voltaic/solar),PRO-002252 | PRO-002175,https://www.neso.energy/data-portal/transmission-entry-capacity-tec-register,52.959444,-2.914741,OVERTON,Exact normalized name,High,100.0,https://doi.org/10.5285/0eed5c99-f409-4329-a98e-47f496bb88a2,Lovett & Sünnenberg GB substations dataset; OVERTON; SP ENERGY NETWORKS; PSS,Exact normalized name; score 100.0/100; next-candidate margin 0.0. Coordinates represent the matched mapped feature.
Oykel Wind Farm 132kV Substation,Coille Beith Wind Farm,COILLE BEITH WIND FARM LIMITED,Wind Onshore,PRO-002711,https://www.neso.energy/data-portal/transmission-entry-capacity-tec-register,,,,No reliable infrastructure match,Unresolved,61.5,,,Best candidate 'OAKFIELD' scored 61.5; below reliability threshold.
Padiham 132kV Substation,Green Frog @ Moorfield Drive,VIRIDIS 178 LIMITED,CCGT (Combined Cycle Gas Turbine),PRO-001313,https://www.neso.energy/data-portal/transmission-entry-capacity-tec-register,53.794519,-2.327438,PADIHAM 132KV S/S,Exact normalized name,High,100.0,https://doi.org/10.5285/0eed5c99-f409-4329-a98e-47f496bb88a2,Lovett & Sünnenberg GB substations dataset; PADIHAM 132KV S/S; NATIONAL GRID; GSP,Exact normalized name; score 100.0/100; next-candidate margin 0.0. Coordinates represent the matched mapped feature.
Paisley GSP,Stanley Water WTW BESS,Bluestone Energy Ltd,Energy Storage System,PRO-002414,https://www.neso.energy/data-portal/transmission-entry-capacity-tec-register,55.840994,-4.415006,PAISLEY,Exact normalized name,High,100.0,https://doi.org/10.5285/0eed5c99-f409-4329-a98e-47f496bb88a2,Lovett & Sünnenberg GB substations dataset; PAISLEY; SP ENERGY NETWORKS; GSP,Exact normalized name; score 100.0/100; next-candidate margin 0.0. Coordinates represent the matched mapped feature.
Partrick GSP,South Street BESS,South Street BESS Limited,Energy Storage System,PRO-004924,https://www.neso.energy/data-portal/transmission-entry-capacity-tec-register,55.869996,-4.316006,PARTICK,Candidate infrastructure match,Low,93.3,https://doi.org/10.5285/0eed5c99-f409-4329-a98e-47f496bb88a2,Lovett & Sünnenberg GB substations dataset; PARTICK; SP ENERGY NETWORKS; GSP,Candidate infrastructure match; score 93.3/100; next-candidate margin 0.0. Coordinates represent the matched mapped feature.
Patford Bridge 400kV Substation,Patford Bridge PV & BESS,NORTHAMPTON ENERGY PARK LIMITED,Energy Storage System;PV Array (Photo Voltaic/solar),PRO-004213,https://www.neso.energy/data-portal/transmission-entry-capacity-tec-register,52.291512,-1.055214,PATFORD BRIDGE 400KV S/S,Exact normalized name,High,100.0,https://doi.org/10.5285/0eed5c99-f409-4329-a98e-47f496bb88a2,Lovett & Sünnenberg GB substations dataset; PATFORD BRIDGE 400KV S/S; NATIONAL GRID; TRANS,Exact normalized name; score 100.0/100; next-candidate margin 0.0. Coordinates represent the matched mapped feature.
Peat Law Renewable Energy Park 132kV Substation,Peat Law Renewable Energy Park,VOLTALIA UK LTD,Energy Storage System;PV Array (Photo Voltaic/solar);Wind Onshore,PRO-005030,https://www.neso.energy/data-portal/transmission-entry-capacity-tec-register,51.636806,-3.593865,Llynfi Renewable Energy Park,Candidate infrastructure match,Low,79.3,https://www.openstreetmap.org/relation/9342555,OpenStreetMap named plant feature: Llynfi Renewable Energy Park,Candidate infrastructure match; score 79.3/100; next-candidate margin 1.9. Coordinates represent the matched mapped feature.
Pelham 400kV Substation,Pelham BESS | Pelham GEC (Ethos Green),PELHAM ENERGY PARK LIMITED | PELHAM GREEN ENERGY CENTRE LTD,Energy Storage System | Demand;Energy Storage System;Reactive Compensation,PRO-002645 | PRO-004021,https://www.neso.energy/data-portal/transmission-entry-capacity-tec-register,51.935063,0.118752,PELHAM 400KV S/S,Exact normalized name,High,100.0,https://doi.org/10.5285/0eed5c99-f409-4329-a98e-47f496bb88a2,Lovett & Sünnenberg GB substations dataset; PELHAM 400KV S/S; NATIONAL GRID; TRANS,Exact normalized name; score 100.0/100; next-candidate margin 0.0. Coordinates represent the matched mapped feature.
Pembroke 132kV Substation,Erebus | Pembroke (spare bay),Blue Gem Wind Limited | Pembroke Green Limited,Wind Offshore | Energy Storage System,PRO-000471 | PRO-000538,https://www.neso.energy/data-portal/transmission-entry-capacity-tec-register,51.682157,-4.987246,PEMBROKE 132KV S/S,Exact normalized name,High,100.0,https://doi.org/10.5285/0eed5c99-f409-4329-a98e-47f496bb88a2,Lovett & Sünnenberg GB substations dataset; PEMBROKE 132KV S/S; NATIONAL GRID; GSP,Exact normalized name; score 100.0/100; next-candidate margin 0.0. Coordinates represent the matched mapped feature.
Pembroke 400kV Substation,Lambeeth 240MW | Llŷr Floating Wind | Llywelyn Floating Offshore Wind Farm | Pembroke BESS | Pembroke BESS and Solar Station | Pembroke Power Station | Valorous Offshore Wind Farm,ECODEV GROUP LTD | Llŷr Floating Wind Limited | Renantis UK Limited | RWE Generation UK Plc | Renesola Hercules Energy 1 Limited | Blue Gem Wind Limited,Energy Storage System | Wind Offshore | Energy Storage System;PV Array (Photo Voltaic/solar) | Demand;Hydrogen,PRO-004361 | PRO-001981 | PRO-001668 | PRO-000337 | PRO-002003 | PRO-000056 | PRO-001383,https://www.neso.energy/data-portal/transmission-entry-capacity-tec-register,51.682120,-4.990455,PEMBROKE 400KV S/S,Exact normalized name,High,100.0,https://doi.org/10.5285/0eed5c99-f409-4329-a98e-47f496bb88a2,Lovett & Sünnenberg GB substations dataset; PEMBROKE 400KV S/S; NATIONAL GRID; TRANS,Exact normalized name; score 100.0/100; next-candidate margin 0.0. Coordinates represent the matched mapped feature.
Pencloe 132/33kV Substation,Pencloe Windfarm,PENCLOE WIND ENERGY LIMITED,Energy Storage System;Wind Onshore,PRO-000323-1 | PRO-000323-2,https://www.neso.energy/data-portal/transmission-entry-capacity-tec-register,51.520993,-3.489896,PENCOED PRIMARY,Candidate infrastructure match,Low,85.7,https://doi.org/10.5285/0eed5c99-f409-4329-a98e-47f496bb88a2,Lovett & Sünnenberg GB substations dataset; PENCOED PRIMARY; WESTERN POWER DISTRIBUTION; BSP,Candidate infrastructure match; score 85.7/100; next-candidate margin 0.0. Coordinates represent the matched mapped feature.
PENINSULA ENERGY PARK 220kV SUBSTATION,Peninsula Energy Park,Renantis UK Limited,Wind Onshore,PRO-004961,https://www.neso.energy/data-portal/transmission-entry-capacity-tec-register,,,,No reliable infrastructure match,Unresolved,75.0,,,Best candidate 'Gedling Energy Park' scored 75.0; below reliability threshold.
Penn 132kV Substation,Penn Renewable BESS & Substation,O&G Solar (SPV 30) Limited,Energy Storage System;PV Array (Photo Voltaic/solar),PRO-002393,https://www.neso.energy/data-portal/transmission-entry-capacity-tec-register,52.556473,-2.208340,PENN 132KV S/S,Exact normalized name,High,100.0,https://doi.org/10.5285/0eed5c99-f409-4329-a98e-47f496bb88a2,Lovett & Sünnenberg GB substations dataset; PENN 132KV S/S; NATIONAL GRID; GSP,Exact normalized name; score 100.0/100; next-candidate margin 0.0. Coordinates represent the matched mapped feature.
Penn 275kV Substation,Penn Battery Storage,ANGLO ENERGY STORAGE LTD,Energy Storage System,PRO-002696,https://www.neso.energy/data-portal/transmission-entry-capacity-tec-register,52.556174,-2.209725,PENN 275KV S/S,Exact normalized name,High,100.0,https://doi.org/10.5285/0eed5c99-f409-4329-a98e-47f496bb88a2,Lovett & Sünnenberg GB substations dataset; PENN 275KV S/S; NATIONAL GRID; TRANS,Exact normalized name; score 100.0/100; next-candidate margin 0.0. Coordinates represent the matched mapped feature.
Penninghame Substation,Penninghame Wind Farm,EDF ENERGY RENEWABLES LIMITED,Wind Onshore,PRO-002830,https://www.neso.energy/data-portal/transmission-entry-capacity-tec-register,54.996914,-4.527881,Penninghame,Geographic feature proxy,Low,100.0,https://www.openstreetmap.org/way/382630457,OpenStreetMap/Photon geographic feature: Penninghame; Dumfries and Galloway,"Geographic feature proxy; score 100.0/100; next-candidate margin 18.5. Coordinates are a geographic proxy, not the confirmed electrical asset."
Penrhos GSP,Menter Mon Morlais Anglesey Marine Energy | Recell at Penrhos (BEGA),Menter Môn Morlais Limited | Recell Energy Bloom Developments Limited,Tidal | Biomass,PRO-001134-1 | PRO-001134-2 | PRO-001134-3 | PRO-001134-4 | PRO-000330-1 | PRO-000330-2,https://www.neso.energy/data-portal/transmission-entry-capacity-tec-register,53.294657,-4.598552,PENRHOS 132KV S/S,Exact normalized name,High,100.0,https://doi.org/10.5285/0eed5c99-f409-4329-a98e-47f496bb88a2,Lovett & Sünnenberg GB substations dataset; PENRHOS 132KV S/S; NATIONAL GRID; GSP,Exact normalized name; score 100.0/100; next-candidate margin 0.0. Coordinates represent the matched mapped feature.
Pentir 400kV Substation,Fferm Solar Pentir | Pentir Green Energy Centre,LIGHTSOURCE SPV 191 LIMITED | INNOVA RENEWABLES LIMITED,Energy Storage System | Demand;Energy Storage System;PV Array (Photo Voltaic/solar),PRO-001049 | PRO-002345,https://www.neso.energy/data-portal/transmission-entry-capacity-tec-register,53.187622,-4.157896,PENTIR 400KV S/S,Exact normalized name,High,100.0,https://doi.org/10.5285/0eed5c99-f409-4329-a98e-47f496bb88a2,Lovett & Sünnenberg GB substations dataset; PENTIR 400KV S/S; NATIONAL GRID; TRANS,Exact normalized name; score 100.0/100; next-candidate margin 0.0. Coordinates represent the matched mapped feature.
Pentir GSP,Dolgarrog,RWE Generation UK Plc,Hydro,PRO-000123,https://www.neso.energy/data-portal/transmission-entry-capacity-tec-register,53.187622,-4.157896,PENTIR 400KV S/S,Exact normalized name,High,100.0,https://doi.org/10.5285/0eed5c99-f409-4329-a98e-47f496bb88a2,Lovett & Sünnenberg GB substations dataset; PENTIR 400KV S/S; NATIONAL GRID; TRANS,Exact normalized name; score 100.0/100; next-candidate margin 0.0. Coordinates represent the matched mapped feature.
Pentland Floating Offshore Wind Farm 132/66kV substation,Pentland Floating Offshore Wind Farm,HIGHLAND WIND LIMITED,Wind Offshore,PRO-001472,https://www.neso.energy/data-portal/transmission-entry-capacity-tec-register,58.596446,-3.523830,Pentland Floating Offshore Wind Farm,TEC project matched to DESNZ REPD,Medium,100.0,https://www.gov.uk/government/publications/renewable-energy-planning-database-quarterly-extract,DESNZ REPD ref 11989: Pentland Floating Offshore Wind Farm; 12 nautical miles 6.5 kilometres off the coast of Dounreay; planning ref NA,TEC project matched to DESNZ REPD; score 100.0/100; next-candidate margin 100.0. Coordinates represent the matched mapped feature.
Penwortham 400kV Substation,Bispham BEGA | Morecambe Offshore Wind Farm | Morgan Offshore Wind Farm | Penwortham BESS | Penwortham Green Energy Centre,CONRAD (BISPHAM) LIMITED | MORECAMBE OFFSHORE WINDFARM LTD | Morgan Offshore Wind Limited | PENWORTHAM (BES) LTD | CSE28 LIMITED | Penwortham NG Limited,Gas Reciprocating | Wind Offshore | Energy Storage System | Demand;Energy Storage System;PV Array (Photo Voltaic/solar),PRO-000945 | PRO-001450 | PRO-001594 | PRO-001804 | PRO-002037 | PRO-001694,https://www.neso.energy/data-portal/transmission-entry-capacity-tec-register,53.743236,-2.756115,PENWORTHAM 400KV S/S,Exact normalized name,High,100.0,https://doi.org/10.5285/0eed5c99-f409-4329-a98e-47f496bb88a2,Lovett & Sünnenberg GB substations dataset; PENWORTHAM 400KV S/S; NATIONAL GRID; TRANS,Exact normalized name; score 100.0/100; next-candidate margin 0.0. Coordinates represent the matched mapped feature.
Penwortham GSP,Penwortham (Redscar),CONRAD (REDSCAR) LIMITED,Energy Storage System,PRO-000914,https://www.neso.energy/data-portal/transmission-entry-capacity-tec-register,53.743236,-2.756115,PENWORTHAM 400KV S/S,Exact normalized name,High,100.0,https://doi.org/10.5285/0eed5c99-f409-4329-a98e-47f496bb88a2,Lovett & Sünnenberg GB substations dataset; PENWORTHAM 400KV S/S; NATIONAL GRID; TRANS,Exact normalized name; score 100.0/100; next-candidate margin 0.0. Coordinates represent the matched mapped feature.
Persley GSP,Persley Croft BESS,Persley Croft BESS Ltd,Energy Storage System,PRO-002546,https://www.neso.energy/data-portal/transmission-entry-capacity-tec-register,57.150945,-2.159362,PERSLEY ,Exact normalized name,High,100.0,https://doi.org/10.5285/0eed5c99-f409-4329-a98e-47f496bb88a2,Lovett & Sünnenberg GB substations dataset; PERSLEY ; SSE NETWORKS; TRANS,Exact normalized name; score 100.0/100; next-candidate margin 0.0. Coordinates represent the matched mapped feature.
Peterhead 132KV Substation,Salamander Offshore Wind Farm,SALAMANDER WIND PROJECT COMPANY LIMITED,Energy Storage System;Wind Offshore,PRO-001512,https://www.neso.energy/data-portal/transmission-entry-capacity-tec-register,57.473442,-1.799789,PETERHEAD,Exact normalized name,High,100.0,https://doi.org/10.5285/0eed5c99-f409-4329-a98e-47f496bb88a2,Lovett & Sünnenberg GB substations dataset; PETERHEAD; SSE NETWORKS; TRANS,Exact normalized name; score 100.0/100; next-candidate margin 0.0. Coordinates represent the matched mapped feature.
Peterhead 2 400kV Busbar Extension,Longside BESS,BAYWA R.E. UK LIMITED,Energy Storage System,PRO-005789,https://www.neso.energy/data-portal/transmission-entry-capacity-tec-register,55.487127,-1.849568,Longside,TEC project-derived locality proxy,Low,100.0,https://www.openstreetmap.org/node/317151775,OpenStreetMap named locality: Longside,"TEC project-derived locality proxy; score 100.0/100; next-candidate margin 0.0. Coordinates are a geographic proxy, not the confirmed electrical asset."
Peterhead 275kV,Peterhead Carbon Capture,SSE THERMAL GENERATION (SCOTLAND) LIMITED,CCGT (Combined Cycle Gas Turbine),PRO-004529,https://www.neso.energy/data-portal/transmission-entry-capacity-tec-register,57.473442,-1.799789,PETERHEAD,Exact normalized name,High,100.0,https://doi.org/10.5285/0eed5c99-f409-4329-a98e-47f496bb88a2,Lovett & Sünnenberg GB substations dataset; PETERHEAD; SSE NETWORKS; TRANS,Exact normalized name; score 100.0/100; next-candidate margin 0.0. Coordinates represent the matched mapped feature.
Peterhead 400kV Substation,Buchan 01 Offshore Wind Farm | CENOS | Stirling BESS,BUCHAN OFFSHORE WIND LIMITED | FLOTATION ENERGY LIMITED | ANESCO LIMITED,Wind Offshore | Demand;Wind Offshore | Energy Storage System,PRO-001528 | PRO-001847 | PRO-004466,https://www.neso.energy/data-portal/transmission-entry-capacity-tec-register,57.473442,-1.799789,PETERHEAD,Exact normalized name,High,100.0,https://doi.org/10.5285/0eed5c99-f409-4329-a98e-47f496bb88a2,Lovett & Sünnenberg GB substations dataset; PETERHEAD; SSE NETWORKS; TRANS,Exact normalized name; score 100.0/100; next-candidate margin 0.0. Coordinates represent the matched mapped feature.
Peterhead Grange GSP,Hywind Wind Farm | Project Flora Peterhead,HYWIND (SCOTLAND) LIMITED | JERA NEX BP NORTH EAST LIMITED,Energy Storage System;Wind Onshore | Wind Offshore,PRO-000350 | PRO-004741,https://www.neso.energy/data-portal/transmission-entry-capacity-tec-register,57.473943,-1.798902,PETERHEAD GRANGE,Exact normalized name,High,100.0,https://doi.org/10.5285/0eed5c99-f409-4329-a98e-47f496bb88a2,Lovett & Sünnenberg GB substations dataset; PETERHEAD GRANGE; SSE NETWORKS; PSS,Exact normalized name; score 100.0/100; next-candidate margin 0.0. Coordinates represent the matched mapped feature.
Peterhead GSP,Peterhead | Peterhead Battery,SSE THERMAL GENERATION (SCOTLAND) LIMITED | PETERHEAD FLEXPOWER LTD,CCGT (Combined Cycle Gas Turbine) | Energy Storage System,PRO-000082 | PRO-001999,https://www.neso.energy/data-portal/transmission-entry-capacity-tec-register,57.473442,-1.799789,PETERHEAD,Exact normalized name,High,100.0,https://doi.org/10.5285/0eed5c99-f409-4329-a98e-47f496bb88a2,Lovett & Sünnenberg GB substations dataset; PETERHEAD; SSE NETWORKS; TRANS,Exact normalized name; score 100.0/100; next-candidate margin 0.0. Coordinates represent the matched mapped feature.
Philipaugh Substation,Philiphaugh Wind Farm,EDF ENERGY RENEWABLES LIMITED,Wind Onshore,PRO-002708,https://www.neso.energy/data-portal/transmission-entry-capacity-tec-register,,,,No reliable infrastructure match,Unresolved,70.6,,,Best candidate 'Philips Solar Farm Substation' scored 70.6; below reliability threshold.
Pitlochry (Clunie Cascade Hydro Scheme),Pitlochry (part of the Clunie Cascade),SSE Generation Limited,Hydro,PRO-000179,https://www.neso.energy/data-portal/transmission-entry-capacity-tec-register,,,,No reliable infrastructure match,Unresolved,64.6,,,Best candidate 'Allt Peitireach Hydro Scheme' scored 64.6; below reliability threshold.
Pitsmoor GSP,Carlisle Road | Petre Street,MERCIA POWER RESPONSE LIMITED,Energy Storage System,PRO-003642 | PRO-003643,https://www.neso.energy/data-portal/transmission-entry-capacity-tec-register,53.400760,-1.443658,PITSMOOR 275KV S/S,Exact normalized name,High,100.0,https://doi.org/10.5285/0eed5c99-f409-4329-a98e-47f496bb88a2,Lovett & Sünnenberg GB substations dataset; PITSMOOR 275KV S/S; NATIONAL GRID; TRANS,Exact normalized name; score 100.0/100; next-candidate margin 0.0. Coordinates represent the matched mapped feature.
Platform EA One 220/66kV Offshore Substation,East Anglia One,EAST ANGLIA ONE LIMITED,Wind Offshore,PRO-000268,https://www.neso.energy/data-portal/transmission-entry-capacity-tec-register,,,,No reliable infrastructure match,Unresolved,56.5,,,Best candidate 'Neart na Gaoithe Offshore Substation Platform North' scored 56.5; below reliability threshold.
Pogbie 33kV,Pogbie Wind Farm,POGBIE WIND FARM (GRID) LIMITED,Wind Onshore,PRO-000263,https://www.neso.energy/data-portal/transmission-entry-capacity-tec-register,55.821371,-2.839521,Pogbie,Exact normalized name,High,100.0,https://www.openstreetmap.org/relation/9632222,OpenStreetMap named plant feature: Pogbie,Exact normalized name; score 100.0/100; next-candidate margin 100.0. Coordinates represent the matched mapped feature.
POLLIE HILL WIND FARM 132KV SUBSTATION,Pollie Hill Wind Farm,POLLIE HILL WIND FARM LIMITED,Wind Onshore,PRO-003767,https://www.neso.energy/data-portal/transmission-entry-capacity-tec-register,51.360629,-2.935411,Pine Hill Substation,Candidate infrastructure match,Low,80.0,https://www.openstreetmap.org/node/13348967369,OpenStreetMap named substation feature: Pine Hill Substation,Candidate infrastructure match; score 80.0/100; next-candidate margin 1.7. Coordinates represent the matched mapped feature.
Pond Flexible Energy Park 132kV Substation,Pond Flexible Energy Park,Pond Flexible Energy Park Limited,Energy Storage System,PRO-003201,https://www.neso.energy/data-portal/transmission-entry-capacity-tec-register,,,,No reliable infrastructure match,Unresolved,76.2,,,Best candidate 'Glebe Farm Solar Energy Park' scored 76.2; below reliability threshold.
Pont Abraham 132KV,Fron Goch,NANT MITHIL ENERGY PARK LIMITED,Wind Onshore,PRO-001563,https://www.neso.energy/data-portal/transmission-entry-capacity-tec-register,51.745579,-4.064359,Pont Abraham,Geographic feature proxy,Low,100.0,https://www.openstreetmap.org/way/815399658,OpenStreetMap/Photon geographic feature: Pont Abraham; Carmarthenshire,"Geographic feature proxy; score 100.0/100; next-candidate margin 100.0. Coordinates are a geographic proxy, not the confirmed electrical asset."
Pont Abraham GSP,BlaenCothi Energy Park | Bryn Glas Energy Park | BrynGwyn Energy Park | Builth Wells | Eppynt Common | Lan Fawr Energy Park | Little Hill | Nant Ceiment Energy Park,BLAENCOTHI ENERGY PARK LIMITED | Bryn Glas Energy Park Limited | BRYNGWYN ENERGY PARK LIMITED | ABEREDW ENERGY PARK LIMITED | GARREG FAWR ENERGY PARK LIMITED | LAN FAWR ENERGY PARK LIMITED | BRYN GILWERN ENERGY PARK LIMITED | NANT CEIMENT ENERGY PARK LIMITED,Wind Onshore,PRO-001920 | PRO-001918 | PRO-001921 | PRO-001564 | PRO-001882 | PRO-001609 | PRO-001556 | PRO-001610,https://www.neso.energy/data-portal/transmission-entry-capacity-tec-register,51.745579,-4.064359,Pont Abraham,Geographic feature proxy,Low,100.0,https://www.openstreetmap.org/way/815399658,OpenStreetMap/Photon geographic feature: Pont Abraham; Carmarthenshire,"Geographic feature proxy; score 100.0/100; next-candidate margin 100.0. Coordinates are a geographic proxy, not the confirmed electrical asset."
Port Ham 132kV Substation,Sudmeadow,VIRIDIS 178 LIMITED,Thermal,PRO-000243,https://www.neso.energy/data-portal/transmission-entry-capacity-tec-register,51.871631,-2.266204,PORT HAM 132KV S/S,Exact normalized name,High,100.0,https://doi.org/10.5285/0eed5c99-f409-4329-a98e-47f496bb88a2,Lovett & Sünnenberg GB substations dataset; PORT HAM 132KV S/S; NATIONAL GRID; GSP,Exact normalized name; score 100.0/100; next-candidate margin 0.0. Coordinates represent the matched mapped feature.
Port Ham GSP,Claydon Solar B (A033),RWE Renewables UK Solar and Storage Limited,Energy Storage System;PV Array (Photo Voltaic/solar),PRO-004759,https://www.neso.energy/data-portal/transmission-entry-capacity-tec-register,51.871631,-2.266204,PORT HAM 132KV S/S,Exact normalized name,High,100.0,https://doi.org/10.5285/0eed5c99-f409-4329-a98e-47f496bb88a2,Lovett & Sünnenberg GB substations dataset; PORT HAM 132KV S/S; NATIONAL GRID; GSP,Exact normalized name; score 100.0/100; next-candidate margin 0.0. Coordinates represent the matched mapped feature.
Pyworthy 400kV Substation,Whiteleigh Farm,QAIR RENEWABLES UK LIMITED,Energy Storage System;PV Array (Photo Voltaic/solar),PRO-002385,https://www.neso.energy/data-portal/transmission-entry-capacity-tec-register,50.794195,-4.408903,PYWORTHY BSP,Exact normalized name,High,100.0,https://doi.org/10.5285/0eed5c99-f409-4329-a98e-47f496bb88a2,Lovett & Sünnenberg GB substations dataset; PYWORTHY BSP; WESTERN POWER DISTRIBUTION; BSP,Exact normalized name; score 100.0/100; next-candidate margin 0.0. Coordinates represent the matched mapped feature.
Quantans Hill 132kV Substation,Cornharrow Wind Farm | Quantans Hill Wind Farm,ENERGYFARM UK CORNHARROW LLP | VATTENFALL WIND POWER LTD,Wind Onshore,PRO-001741 | PRO-001247,https://www.neso.energy/data-portal/transmission-entry-capacity-tec-register,55.228724,-4.228303,Quantan's Hill,Geographic feature proxy,Low,96.3,https://www.openstreetmap.org/node/13687461996,OpenStreetMap/Photon geographic feature: Quantan's Hill; Dumfries and Galloway,"Geographic feature proxy; score 96.3/100; next-candidate margin 96.3. Coordinates are a geographic proxy, not the confirmed electrical asset."
Quoich GSP,Quoich (part of the Garry Cascade),SSE Generation Limited,Hydro,PRO-000180,https://www.neso.energy/data-portal/transmission-entry-capacity-tec-register,57.069510,-5.107652,QUOICH,Exact normalized name,High,100.0,https://doi.org/10.5285/0eed5c99-f409-4329-a98e-47f496bb88a2,Lovett & Sünnenberg GB substations dataset; QUOICH; SSE NETWORKS; PSS,Exact normalized name; score 100.0/100; next-candidate margin 0.0. Coordinates represent the matched mapped feature.
Race Bank 132kV Substation,Race Bank Wind Farm,RACE BANK WIND FARM LIMITED,Wind Offshore,PRO-000213,https://www.neso.energy/data-portal/transmission-entry-capacity-tec-register,52.727235,0.202449,Race Bank Onshore Connection Substation,Exact normalized name,High,100.0,https://www.openstreetmap.org/way/635829123,OpenStreetMap named substation feature: Race Bank Onshore Connection Substation,Exact normalized name; score 100.0/100; next-candidate margin 100.0. Coordinates represent the matched mapped feature.
Rainhill GSP,Sizing John (Rainhill),SIZING JOHN LIMITED,Energy Storage System,PRO-001581-1 | PRO-001581-2,https://www.neso.energy/data-portal/transmission-entry-capacity-tec-register,53.421268,-2.738817,RAINHILL 275KV S/S,Exact normalized name,High,100.0,https://doi.org/10.5285/0eed5c99-f409-4329-a98e-47f496bb88a2,Lovett & Sünnenberg GB substations dataset; RAINHILL 275KV S/S; NATIONAL GRID; TRANS,Exact normalized name; score 100.0/100; next-candidate margin 0.0. Coordinates represent the matched mapped feature.
Rampion 33/132kV Offshore,Rampion Offshore Wind Farm,RAMPION OFFSHORE WIND LIMITED,Wind Offshore,PRO-000248,https://www.neso.energy/data-portal/transmission-entry-capacity-tec-register,50.974823,-0.227860,Rampion Wind Farm Onshore Substation,Exact normalized name,High,100.0,https://www.openstreetmap.org/way/635744120,OpenStreetMap named substation feature: Rampion Wind Farm Onshore Substation,Exact normalized name; score 100.0/100; next-candidate margin 0.0. Coordinates represent the matched mapped feature.
Rannoch GSP,Talladh a Bheithe,MUIRDEN ENERGY LLP,Energy Storage System,PRO-003605,https://www.neso.energy/data-portal/transmission-entry-capacity-tec-register,56.693242,-4.400802,RANNOCH,Exact normalized name,High,100.0,https://doi.org/10.5285/0eed5c99-f409-4329-a98e-47f496bb88a2,Lovett & Sünnenberg GB substations dataset; RANNOCH; SSE NETWORKS; GSP,Exact normalized name; score 100.0/100; next-candidate margin 0.0. Coordinates represent the matched mapped feature.
Rassau 400kV Substation,Rassau | Rassau Stability Services Limited,ENSO GREEN HOLDINGS Q LIMITED | WP Grid Services 16 Limited,Energy Storage System;PV Array (Photo Voltaic/solar);Wind Onshore | Reactive Compensation,PRO-002087 | PRO-003931,https://www.neso.energy/data-portal/transmission-entry-capacity-tec-register,51.808339,-3.226773,RASSAU 400KV S/S,Exact normalized name,High,100.0,https://doi.org/10.5285/0eed5c99-f409-4329-a98e-47f496bb88a2,Lovett & Sünnenberg GB substations dataset; RASSAU 400KV S/S; NATIONAL GRID; TRANS,Exact normalized name; score 100.0/100; next-candidate margin 0.0. Coordinates represent the matched mapped feature.
Rassau GSP,Banc y Celyn Energy Park,PARC YNNI BANC Y CELYN CYF,Energy Storage System;PV Array (Photo Voltaic/solar);Wind Onshore,PRO-004395,https://www.neso.energy/data-portal/transmission-entry-capacity-tec-register,51.808339,-3.226773,RASSAU 400KV S/S,Exact normalized name,High,100.0,https://doi.org/10.5285/0eed5c99-f409-4329-a98e-47f496bb88a2,Lovett & Sünnenberg GB substations dataset; RASSAU 400KV S/S; NATIONAL GRID; TRANS,Exact normalized name; score 100.0/100; next-candidate margin 0.0. Coordinates represent the matched mapped feature.
Ratcliffe GSP,Redfield Road A | Redfield Road B | UK057-B	Whatton Estate,VIRIDIS 178 LIMITED | ENIF BESS LIMITED,CHP (Combined Heat and Power) | Thermal | Energy Storage System;PV Array (Photo Voltaic/solar),PRO-000196 | PRO-000197 | PRO-005079,https://www.neso.energy/data-portal/transmission-entry-capacity-tec-register,52.863289,-1.252702,RATCLIFFE 400/132KV,Exact normalized name,High,100.0,https://doi.org/10.5285/0eed5c99-f409-4329-a98e-47f496bb88a2,Lovett & Sünnenberg GB substations dataset; RATCLIFFE 400/132KV; WESTERN POWER DISTRIBUTION; GSP,Exact normalized name; score 100.0/100; next-candidate margin 100.0. Coordinates represent the matched mapped feature.
Ratcliffe-On-Soar 132kV Substation,EMERGE Centre | Ratcliffe Kegworth Road BEGA | Ratcliffe-on-Soar,Uniper UK Limited | VOLTIS PEOPLE LIMITED | ENSO GREEN HOLDINGS C LIMITED,Waste | Energy Storage System;PV Array (Photo Voltaic/solar),PRO-001462 | PRO-003546 | PRO-001361,https://www.neso.energy/data-portal/transmission-entry-capacity-tec-register,52.863289,-1.252702,RATCLIFFE ON SOAR 132KV S/S,Exact normalized name,High,100.0,https://doi.org/10.5285/0eed5c99-f409-4329-a98e-47f496bb88a2,Lovett & Sünnenberg GB substations dataset; RATCLIFFE ON SOAR 132KV S/S; NATIONAL GRID; GSP,Exact normalized name; score 100.0/100; next-candidate margin 0.0. Coordinates represent the matched mapped feature.
Ratcliffe-On-Soar 400kV Substation,Ratcliffe on Soar | Ratcliffe-on-Soar II,Uniper UK Limited | ENSO GREEN HOLDINGS LIMITED,Energy Storage System;OCGT (Open Cycle Gas Turbine) | Energy Storage System;PV Array (Photo Voltaic/solar),PRO-000050 | PRO-002158,https://www.neso.energy/data-portal/transmission-entry-capacity-tec-register,52.863687,-1.255978,RATCLIFFE ON SOAR 400KV S/S,Exact normalized name,High,100.0,https://doi.org/10.5285/0eed5c99-f409-4329-a98e-47f496bb88a2,Lovett & Sünnenberg GB substations dataset; RATCLIFFE ON SOAR 400KV S/S; NATIONAL GRID; TRANS,Exact normalized name; score 100.0/100; next-candidate margin 0.0. Coordinates represent the matched mapped feature.
Raventhorpe 400kV Substation,Killingholme PV & BESS,O&G Solar (SPV 47) Limited,Energy Storage System;PV Array (Photo Voltaic/solar),PRO-003893,https://www.neso.energy/data-portal/transmission-entry-capacity-tec-register,53.560269,-0.577493,Raventhorpe Solar Farm,Exact normalized name,High,100.0,https://www.openstreetmap.org/way/352173386,OpenStreetMap named plant feature: Raventhorpe Solar Farm,Exact normalized name; score 100.0/100; next-candidate margin 100.0. Coordinates represent the matched mapped feature.
Rayleigh 400kV Substation,Bradwell Energy Park | Gresham House Rayleigh BESS,LOW CARBON SOLAR PARK 28 LIMITED | Rayleigh Storage Limited,Energy Storage System;PV Array (Photo Voltaic/solar);Wind Onshore | Energy Storage System,PRO-004004-1 | PRO-004004-2 | PRO-002115,https://www.neso.energy/data-portal/transmission-entry-capacity-tec-register,51.586884,0.606311,Rayleigh,Town/locality proxy,Medium,100.0,https://www.openstreetmap.org/node/27584854,OpenStreetMap named town: Rayleigh,"Town/locality proxy; score 100.0/100; next-candidate margin 100.0. Coordinates are a geographic proxy, not the confirmed electrical asset."
Rayleigh Main 132kV Substation,Dollymans Storage | Fairgreen Energy Storage,Dollymans Storage Limited | Renewable Energy Systems Limited,Energy Storage System,PRO-002261 | PRO-005899,https://www.neso.energy/data-portal/transmission-entry-capacity-tec-register,51.593637,0.568509,RAYLEIGH MAIN 132KV S/S,Exact normalized name,High,100.0,https://doi.org/10.5285/0eed5c99-f409-4329-a98e-47f496bb88a2,Lovett & Sünnenberg GB substations dataset; RAYLEIGH MAIN 132KV S/S; NATIONAL GRID; GSP,Exact normalized name; score 100.0/100; next-candidate margin 0.0. Coordinates represent the matched mapped feature.
Rayleigh Main 400kV Substation,Rayleigh 1 Tertiary | Rayleigh 2 Tertiary | Rayleigh GP3,RAYLEIGH GREEN LIMITED | ENSO GREEN HOLDINGS J LIMITED,Energy Storage System;PV Array (Photo Voltaic/solar) | Energy Storage System,PRO-000460 | PRO-000466 | PRO-005113,https://www.neso.energy/data-portal/transmission-entry-capacity-tec-register,51.594069,0.566440,RAYLEIGH MAIN 400KV S/S,Exact normalized name,High,100.0,https://doi.org/10.5285/0eed5c99-f409-4329-a98e-47f496bb88a2,Lovett & Sünnenberg GB substations dataset; RAYLEIGH MAIN 400KV S/S; NATIONAL GRID; TRANS,Exact normalized name; score 100.0/100; next-candidate margin 0.0. Coordinates represent the matched mapped feature.
Rayleigh Main GSP,Middlewick Wind,DENGIE MARSHES WIND FARM LIMITED,Wind Onshore,PRO-004940,https://www.neso.energy/data-portal/transmission-entry-capacity-tec-register,51.594069,0.566440,RAYLEIGH MAIN 400KV S/S,Exact normalized name,High,100.0,https://doi.org/10.5285/0eed5c99-f409-4329-a98e-47f496bb88a2,Lovett & Sünnenberg GB substations dataset; RAYLEIGH MAIN 400KV S/S; NATIONAL GRID; TRANS,Exact normalized name; score 100.0/100; next-candidate margin 0.0. Coordinates represent the matched mapped feature.
Red Moss Farm 132kV Substation,Red Moss Farm,QAIR RENEWABLES UK LIMITED,Energy Storage System,PRO-002613,https://www.neso.energy/data-portal/transmission-entry-capacity-tec-register,54.023845,-2.690639,Red Moss,Town/locality proxy,Low,100.0,https://www.openstreetmap.org/node/9664144564,OpenStreetMap named locality: Red Moss,"Town/locality proxy; score 100.0/100; next-candidate margin 0.0. Coordinates are a geographic proxy, not the confirmed electrical asset."
Redmoss GSP,Kincardine Offshore Wind Farm | Kincorth BESS,KINCARDINE OFFSHORE WINDFARM LIMITED | KINCORTH ENERGY STORAGE SYSTEM LTD,Wind Offshore | Energy Storage System,PRO-000277 | PRO-004281,https://www.neso.energy/data-portal/transmission-entry-capacity-tec-register,57.087492,-2.115844,REDMOSS,Exact normalized name,High,100.0,https://doi.org/10.5285/0eed5c99-f409-4329-a98e-47f496bb88a2,Lovett & Sünnenberg GB substations dataset; REDMOSS; SSE NETWORKS; PSS,Exact normalized name; score 100.0/100; next-candidate margin 0.0. Coordinates represent the matched mapped feature.
REDSHAW 132kV B BOARD SUBSTATION,Grayside Wind Farm,GRAYSIDE WF LTD,Wind Onshore,PRO-004563,https://www.neso.energy/data-portal/transmission-entry-capacity-tec-register,55.538087,-3.589297,Grayside Wind Farm,TEC project matched to DESNZ REPD,Low,100.0,https://www.gov.uk/government/publications/renewable-energy-planning-database-quarterly-extract,DESNZ REPD ref 11113: Grayside Wind Farm; Approximately 1.7km south of Lamington and 5.7km north east of Abington; planning ref ECU00003446,TEC project matched to DESNZ REPD; score 100.0/100; next-candidate margin 0.0. Coordinates represent the matched mapped feature.
Redshaw 132kV Substation.,Clyde South Energy Park | Hagshaw LDES,RENEWCO POWER LIMITED | HAGSHAW LDES LTD,Energy Storage System;PV Array (Photo Voltaic/solar);Wind Onshore | Energy Storage System,PRO-006096 | PRO-005957,https://www.neso.energy/data-portal/transmission-entry-capacity-tec-register,54.262498,-2.299454,Redshaw,Geographic feature proxy,Low,100.0,https://www.openstreetmap.org/node/6248257061,OpenStreetMap/Photon geographic feature: Redshaw; North Yorkshire,"Geographic feature proxy; score 100.0/100; next-candidate margin 100.0. Coordinates are a geographic proxy, not the confirmed electrical asset."
Redshaw 400kV,High Netherfauld Farm BESS,ESB (SCOTLAND) LTD,Energy Storage System,PRO-005992,https://www.neso.energy/data-portal/transmission-entry-capacity-tec-register,54.262498,-2.299454,Redshaw,Geographic feature proxy,Low,100.0,https://www.openstreetmap.org/node/6248257061,OpenStreetMap/Photon geographic feature: Redshaw; North Yorkshire,"Geographic feature proxy; score 100.0/100; next-candidate margin 100.0. Coordinates are a geographic proxy, not the confirmed electrical asset."
Rhigos 400kV Substation,East Pit | Hirwaun Power Station | Nant Aman | Pen Y Cymoedd Wind Farm | Tarenni,CS UK HOLDINGS III LIMITED | HIRWAUN POWER LIMITED | NANT AMAN ENERGY PARK LIMITED | PEN Y CYMOEDD WIND FARM LIMITED | TARENNI ENERGY PARK LIMITED,Energy Storage System;PV Array (Photo Voltaic/solar) | OCGT (Open Cycle Gas Turbine) | Wind Onshore,PRO-002736 | PRO-000309 | PRO-001640 | PRO-000217 | PRO-001641,https://www.neso.energy/data-portal/transmission-entry-capacity-tec-register,51.747187,-3.548159,RHIGOS 400KV S/S,Exact normalized name,High,100.0,https://doi.org/10.5285/0eed5c99-f409-4329-a98e-47f496bb88a2,Lovett & Sünnenberg GB substations dataset; RHIGOS 400KV S/S; NATIONAL GRID; TRANS,Exact normalized name; score 100.0/100; next-candidate margin 100.0. Coordinates represent the matched mapped feature.
Rhigos B 400kV Substation,Rhigos BESS,Enviromena Project Management UK Limited,Energy Storage System,PRO-002616,https://www.neso.energy/data-portal/transmission-entry-capacity-tec-register,51.747187,-3.548159,RHIGOS 400KV S/S,Strong name match,High,100.0,https://doi.org/10.5285/0eed5c99-f409-4329-a98e-47f496bb88a2,Lovett & Sünnenberg GB substations dataset; RHIGOS 400KV S/S; NATIONAL GRID; TRANS,Strong name match; score 100.0/100; next-candidate margin 33.3. Coordinates represent the matched mapped feature.
Richborough 400kV Substation,Richborough 1 | Richborough 2 | Sheaf Energy,RICHBOROUGH ENERGY PARK LIMITED | SHEAF ENERGY LIMITED,Energy Storage System,PRO-001165 | PRO-001164 | PRO-001745,https://www.neso.energy/data-portal/transmission-entry-capacity-tec-register,51.310668,1.345762,RICHBOROUGH GRID 33KV,Exact normalized name,High,100.0,https://doi.org/10.5285/0eed5c99-f409-4329-a98e-47f496bb88a2,Lovett & Sünnenberg GB substations dataset; RICHBOROUGH GRID 33KV; UK POWER NETWORKS; PSS,Exact normalized name; score 100.0/100; next-candidate margin 0.0. Coordinates represent the matched mapped feature.
Richborough GSP,Harrington Franklin Limited,EDP RENEWABLES UK LIMITED,Energy Storage System,PRO-004075,https://www.neso.energy/data-portal/transmission-entry-capacity-tec-register,51.310668,1.345762,RICHBOROUGH GRID 33KV,Exact normalized name,High,100.0,https://doi.org/10.5285/0eed5c99-f409-4329-a98e-47f496bb88a2,Lovett & Sünnenberg GB substations dataset; RICHBOROUGH GRID 33KV; UK POWER NETWORKS; PSS,Exact normalized name; score 100.0/100; next-candidate margin 0.0. Coordinates represent the matched mapped feature.
Rivox 132/33kV,Rivox Wind Farm,RIVOX WIND ENERGY HUB LIMITED,Energy Storage System;Wind Onshore,PRO-001944,https://www.neso.energy/data-portal/transmission-entry-capacity-tec-register,55.384380,-3.760321,Rivox Wind Farm - Wind farm,TEC project matched to DESNZ REPD,Low,100.0,https://www.gov.uk/government/publications/renewable-energy-planning-database-quarterly-extract,DESNZ REPD ref 9317: Rivox Wind Farm - Wind farm; Rivox Wind Farm Lowther Hills West Of Moffat; planning ref ECU00003293,TEC project matched to DESNZ REPD; score 100.0/100; next-candidate margin 0.0. Coordinates represent the matched mapped feature.
Robin Rigg East 132/33kV Offshore Substation,Robin Rigg East Offshore Wind Farm,RWE RENEWABLES UK ROBIN RIGG EAST LIMITED,Wind Offshore,PRO-000194,https://www.neso.energy/data-portal/transmission-entry-capacity-tec-register,54.746602,-3.694647,Robin Riggs East,Strong name match,High,96.8,https://www.openstreetmap.org/way/1392651455,OpenStreetMap named substation feature: Robin Riggs East,Strong name match; score 96.8/100; next-candidate margin 6.5. Coordinates represent the matched mapped feature.
Robin Rigg West Offshore Wind Farm Substation,Robin Rigg West Offshore Wind Farm,RWE RENEWABLES UK ROBIN RIGG WEST LIMITED,Wind Offshore,PRO-000195,https://www.neso.energy/data-portal/transmission-entry-capacity-tec-register,54.746555,-3.694694,Robin Riggs West,Strong name match,High,96.8,https://www.openstreetmap.org/way/1392651456,OpenStreetMap named substation feature: Robin Riggs West,Strong name match; score 96.8/100; next-candidate margin 6.5. Coordinates represent the matched mapped feature.
Rochdale 132kV Substation,Green Frog @ Goose House Lane,VIRIDIS 178 LIMITED,CCGT (Combined Cycle Gas Turbine),PRO-001316,https://www.neso.energy/data-portal/transmission-entry-capacity-tec-register,53.621662,-2.215460,ROCHDALE 132KV S/S,Exact normalized name,High,100.0,https://doi.org/10.5285/0eed5c99-f409-4329-a98e-47f496bb88a2,Lovett & Sünnenberg GB substations dataset; ROCHDALE 132KV S/S; NATIONAL GRID; GSP,Exact normalized name; score 100.0/100; next-candidate margin 0.0. Coordinates represent the matched mapped feature.
Rochdale 275kV Substation,Rochdale BESS,Rochdale (BES) Ltd,Energy Storage System,PRO-001805,https://www.neso.energy/data-portal/transmission-entry-capacity-tec-register,53.622028,-2.216883,ROCHDALE 275KV SITE,Exact normalized name,High,100.0,https://doi.org/10.5285/0eed5c99-f409-4329-a98e-47f496bb88a2,Lovett & Sünnenberg GB substations dataset; ROCHDALE 275KV SITE; NATIONAL GRID; TRANS,Exact normalized name; score 100.0/100; next-candidate margin 0.0. Coordinates represent the matched mapped feature.
Rochdale GSP,Calderdale Wind Farm 240 MW,CALDERDALE WIND FARM LTD,Wind Onshore,PRO-004365,https://www.neso.energy/data-portal/transmission-entry-capacity-tec-register,53.621662,-2.215460,ROCHDALE 132KV S/S,Exact normalized name,High,100.0,https://doi.org/10.5285/0eed5c99-f409-4329-a98e-47f496bb88a2,Lovett & Sünnenberg GB substations dataset; ROCHDALE 132KV S/S; NATIONAL GRID; GSP,Exact normalized name; score 100.0/100; next-candidate margin 0.0. Coordinates represent the matched mapped feature.
Rocksavage 400kV Substation,Rocksavage,"ROCKSAVAGE POWER COMPANY, LTD.",CCGT (Combined Cycle Gas Turbine),PRO-000204,https://www.neso.energy/data-portal/transmission-entry-capacity-tec-register,53.314962,-2.724972,ROCKSAVAGE 400KV S/S,Exact normalized name,High,100.0,https://doi.org/10.5285/0eed5c99-f409-4329-a98e-47f496bb88a2,Lovett & Sünnenberg GB substations dataset; ROCKSAVAGE 400KV S/S; NATIONAL GRID; TRANS,Exact normalized name; score 100.0/100; next-candidate margin 0.0. Coordinates represent the matched mapped feature.
Roger Hill Farm 132kV substation,Roger Hill Farm,QAIR RENEWABLES UK LIMITED,Energy Storage System;PV Array (Photo Voltaic/solar),PRO-003708,https://www.neso.energy/data-portal/transmission-entry-capacity-tec-register,51.723605,-1.224698,ROSE HILL,Candidate infrastructure match,Low,84.2,https://doi.org/10.5285/0eed5c99-f409-4329-a98e-47f496bb88a2,Lovett & Sünnenberg GB substations dataset; ROSE HILL; SSE NETWORKS; PSS,Candidate infrastructure match; score 84.2/100; next-candidate margin 4.2. Coordinates represent the matched mapped feature.
Roosecote 132kV Substation,Roosecote,CBS ENERGY STORAGE ASSETS UK LIMITED,Energy Storage System,PRO-000919,https://www.neso.energy/data-portal/transmission-entry-capacity-tec-register,54.104196,-3.189092,Roosecote Battery,Exact normalized name,High,100.0,https://www.openstreetmap.org/way/659490293,OpenStreetMap named plant feature: Roosecote Battery,Exact normalized name; score 100.0/100; next-candidate margin 0.0. Coordinates represent the matched mapped feature.
Rothienorman 2 400/33kV GSP,Overhill BESS,PULSE CLEAN ENERGY SPV WATT LIMITED,Energy Storage System,PRO-001974,https://www.neso.energy/data-portal/transmission-entry-capacity-tec-register,57.409963,-2.516267,Rothienorman Substation,Strong name match,High,96.0,https://www.openstreetmap.org/way/820237569,OpenStreetMap named substation feature: Rothienorman Substation,Strong name match; score 96.0/100; next-candidate margin 41.8. Coordinates represent the matched mapped feature.
Rothienorman 400/33kV Substation,Rothienorman 50MW BESS,ROTHIENORMAN FLEXPOWER LTD,Energy Storage System,PRO-002300,https://www.neso.energy/data-portal/transmission-entry-capacity-tec-register,57.409963,-2.516267,Rothienorman Substation,Exact normalized name,High,100.0,https://www.openstreetmap.org/way/820237569,OpenStreetMap named substation feature: Rothienorman Substation,Exact normalized name; score 100.0/100; next-candidate margin 100.0. Coordinates represent the matched mapped feature.
Rothienorman 400kV Substation,Rothienorman Battery | Rothienorman Sync Comp,BLACKFORD RENEWABLES LTD | ROTHIENORMAN GRID SERVICES LIMITED,Energy Storage System | Reactive Compensation,PRO-001971 | PRO-001445,https://www.neso.energy/data-portal/transmission-entry-capacity-tec-register,57.409963,-2.516267,Rothienorman Substation,Exact normalized name,High,100.0,https://www.openstreetmap.org/way/820237569,OpenStreetMap named substation feature: Rothienorman Substation,Exact normalized name; score 100.0/100; next-candidate margin 100.0. Coordinates represent the matched mapped feature.
Rothienorman GSP,Gordonstown Hill Wind Farm | Stoneyfield,GORDONSTOWN HILL WIND FARM LIMITED | WIND 2 LIMITED,Wind Onshore,PRO-000936 | PRO-004531,https://www.neso.energy/data-portal/transmission-entry-capacity-tec-register,57.409963,-2.516267,Rothienorman Substation,Exact normalized name,High,100.0,https://www.openstreetmap.org/way/820237569,OpenStreetMap named substation feature: Rothienorman Substation,Exact normalized name; score 100.0/100; next-candidate margin 100.0. Coordinates represent the matched mapped feature.
Rowan 275/33kV Substation,Rowan Wind Energyfarm,ENERGYFARM ROWAN LLP,Energy Storage System;Wind Onshore,PRO-003823,https://www.neso.energy/data-portal/transmission-entry-capacity-tec-register,54.233521,-6.810188,Rowan,Town/locality proxy,Medium,100.0,https://www.openstreetmap.org/relation/5191992,OpenStreetMap named locality: Rowan,"Town/locality proxy; score 100.0/100; next-candidate margin 100.0. Coordinates are a geographic proxy, not the confirmed electrical asset."
ROWANCRAIG WIND FARM 33KV SUBSTATION,Rowancraig Wind Farm,Koehler Renewable Energy UK Limited,Wind Onshore,PRO-002455,https://www.neso.energy/data-portal/transmission-entry-capacity-tec-register,,,,No reliable infrastructure match,Unresolved,63.6,,,Best candidate 'Rowland Road' scored 63.6; below reliability threshold.
Rowdown 400kV Substation,Littlebrook GEC (Ethos Green) | Mickleham Energy Storage,LITTLEBROOK GREEN ENERGY CENTRE LTD | BW ESS DEVELOPMENT UK LIMITED,Demand;Energy Storage System;PV Array (Photo Voltaic/solar);Reactive Compensation | Energy Storage System,PRO-003938 | PRO-003573,https://www.neso.energy/data-portal/transmission-entry-capacity-tec-register,51.351925,-0.003538,ROWDOWN 400KV S/S,Exact normalized name,High,100.0,https://doi.org/10.5285/0eed5c99-f409-4329-a98e-47f496bb88a2,Lovett & Sünnenberg GB substations dataset; ROWDOWN 400KV S/S; NATIONAL GRID; TRANS,Exact normalized name; score 100.0/100; next-candidate margin 0.0. Coordinates represent the matched mapped feature.
Rugeley 400kV Substation,Rugeley | Rugeley Battery Storage,IGP SOLAR 17 LIMITED | RUGELEY POWER GENERATION LIMITED,Energy Storage System;PV Array (Photo Voltaic/solar) | Energy Storage System,PRO-001630 | PRO-002215,https://www.neso.energy/data-portal/transmission-entry-capacity-tec-register,52.756674,-1.914966,RUGELEY 400KV S/S,Exact normalized name,High,100.0,https://doi.org/10.5285/0eed5c99-f409-4329-a98e-47f496bb88a2,Lovett & Sünnenberg GB substations dataset; RUGELEY 400KV S/S; NATIONAL GRID; TRANS,Exact normalized name; score 100.0/100; next-candidate margin 0.0. Coordinates represent the matched mapped feature.
Rugeley GSP,Rugeley,RUGELEY POWER GENERATION LIMITED,Coal,PRO-000209,https://www.neso.energy/data-portal/transmission-entry-capacity-tec-register,52.756674,-1.914966,RUGELEY 400KV S/S,Exact normalized name,High,100.0,https://doi.org/10.5285/0eed5c99-f409-4329-a98e-47f496bb88a2,Lovett & Sünnenberg GB substations dataset; RUGELEY 400KV S/S; NATIONAL GRID; TRANS,Exact normalized name; score 100.0/100; next-candidate margin 0.0. Coordinates represent the matched mapped feature.
RWE CELTIC OFFSHORE SUBSTATION,Celtic Offshore Wind Farm,RWE Renewables UK Limited,Wind Offshore,PRO-001760,https://www.neso.energy/data-portal/transmission-entry-capacity-tec-register,51.601466,-3.638047,Celtic Rd Substation,Candidate infrastructure match,Low,84.2,https://www.openstreetmap.org/node/13306150738,OpenStreetMap named substation feature: Celtic Rd Substation,Candidate infrastructure match; score 84.2/100; next-candidate margin 11.5. Coordinates represent the matched mapped feature.
Rye House GSP,Rye House,VPI Power Limited,CCGT (Combined Cycle Gas Turbine),PRO-000191,https://www.neso.energy/data-portal/transmission-entry-capacity-tec-register,51.759021,0.008559,RYE HOUSE 400KV S/S,Exact normalized name,High,100.0,https://doi.org/10.5285/0eed5c99-f409-4329-a98e-47f496bb88a2,Lovett & Sünnenberg GB substations dataset; RYE HOUSE 400KV S/S; NATIONAL GRID; TRANS,Exact normalized name; score 100.0/100; next-candidate margin 0.0. Coordinates represent the matched mapped feature.
Ryhall 400kV Substation,Essendine | Graeme Road Solar & BESS,MALLARD PASS SOLAR FARM LIMITED | GREENTECH PROJECTS HOLDING UK LIMITED,PV Array (Photo Voltaic/solar) | Energy Storage System;PV Array (Photo Voltaic/solar),PRO-001643 | PRO-004375,https://www.neso.energy/data-portal/transmission-entry-capacity-tec-register,52.688300,-0.452478,RYHALL 400KV S/S,Exact normalized name,High,100.0,https://doi.org/10.5285/0eed5c99-f409-4329-a98e-47f496bb88a2,Lovett & Sünnenberg GB substations dataset; RYHALL 400KV S/S; NATIONAL GRID; TRANS,Exact normalized name; score 100.0/100; next-candidate margin 0.0. Coordinates represent the matched mapped feature.
Saltcoats 132/33kV,Meiklelaught Farm BESS | Saltcoats NEP BESS Facility,GPC 1127 Ltd | Rashley New Energy Limited,Energy Storage System,PRO-003631 | PRO-002813,https://www.neso.energy/data-portal/transmission-entry-capacity-tec-register,55.647011,-4.796139,Saltcoats,Exact normalized name,High,100.0,https://www.openstreetmap.org/way/91087476,OpenStreetMap named substation feature: Saltcoats,Exact normalized name; score 100.0/100; next-candidate margin 100.0. Coordinates represent the matched mapped feature.
Saltend North GSP,NEL Suggit,SFEL One Limited,Energy Storage System,PRO-004412,https://www.neso.energy/data-portal/transmission-entry-capacity-tec-register,53.741958,-0.238498,SALTEND NORTH 275KV S/S,Exact normalized name,High,100.0,https://doi.org/10.5285/0eed5c99-f409-4329-a98e-47f496bb88a2,Lovett & Sünnenberg GB substations dataset; SALTEND NORTH 275KV S/S; NATIONAL GRID; TRANS,Exact normalized name; score 100.0/100; next-candidate margin 0.0. Coordinates represent the matched mapped feature.
Saltend South 400kV Substation,Saltend,SALTEND COGENERATION COMPANY LIMITED,CCGT (Combined Cycle Gas Turbine),PRO-000059,https://www.neso.energy/data-portal/transmission-entry-capacity-tec-register,53.737031,-0.242753,SALTEND SOUTH 275KV S/S,Exact normalized name,High,100.0,https://doi.org/10.5285/0eed5c99-f409-4329-a98e-47f496bb88a2,Lovett & Sünnenberg GB substations dataset; SALTEND SOUTH 275KV S/S; NATIONAL GRID; TRANS,Exact normalized name; score 100.0/100; next-candidate margin 0.0. Coordinates represent the matched mapped feature.
Saltholme 275kV Substation,Saltholme BESS,Harmony SH Limited,Energy Storage System,PRO-003057,https://www.neso.energy/data-portal/transmission-entry-capacity-tec-register,54.605484,-1.237768,SALTHOLME 275KV S/S,Exact normalized name,High,100.0,https://doi.org/10.5285/0eed5c99-f409-4329-a98e-47f496bb88a2,Lovett & Sünnenberg GB substations dataset; SALTHOLME 275KV S/S; NATIONAL GRID; TRANS,Exact normalized name; score 100.0/100; next-candidate margin 0.0. Coordinates represent the matched mapped feature.
SANDFORD B 400kV SUBSTATION,SANDFORD,SSE DE SOLAR HOLDCO LIMITED,Energy Storage System;PV Array (Photo Voltaic/solar),PRO-002600,https://www.neso.energy/data-portal/transmission-entry-capacity-tec-register,51.340577,-2.839480,Sandford Substation,Strong name match,High,96.0,https://www.openstreetmap.org/way/1087785232,OpenStreetMap named substation feature: Sandford Substation,Strong name match; score 96.0/100; next-candidate margin 39.8. Coordinates represent the matched mapped feature.
Sandyknowe 132/33kV,Sandy Knowe Wind Farm,SANDY KNOWE WIND FARM LIMITED,Wind Onshore,PRO-000345-1 | PRO-000345-2,https://www.neso.energy/data-portal/transmission-entry-capacity-tec-register,55.368981,-4.056871,Sandy Knowe Wind Farm,Strong name match,High,95.2,https://www.openstreetmap.org/relation/15520957,OpenStreetMap named plant feature: Sandy Knowe Wind Farm,Strong name match; score 95.2/100; next-candidate margin 20.6. Coordinates represent the matched mapped feature.
Sanquhar 132/33kV,Sanquhar Wind Farm,SANQUHAR COMMUNITY WIND COMPANY LIMITED,Wind Onshore,PRO-001366,https://www.neso.energy/data-portal/transmission-entry-capacity-tec-register,55.344569,-4.024258,Sanquhar Wind Farm substation,Exact normalized name,High,100.0,https://www.openstreetmap.org/way/1427744097,OpenStreetMap named substation feature: Sanquhar Wind Farm substation,Exact normalized name; score 100.0/100; next-candidate margin 100.0. Coordinates represent the matched mapped feature.
Sanquhar II Wind Farm Substation,Sanquhar II Wind Farm,SANQUHAR II COMMUNITY WIND CO LTD,Wind Onshore,PRO-000352-1 | PRO-000352-2,https://www.neso.energy/data-portal/transmission-entry-capacity-tec-register,55.345104,-4.060881,Sanquhar II Wind Farm substation,Exact normalized name,High,100.0,https://www.openstreetmap.org/way/1427744102,OpenStreetMap named substation feature: Sanquhar II Wind Farm substation,Exact normalized name; score 100.0/100; next-candidate margin 100.0. Coordinates represent the matched mapped feature.
Scatsta 132kV Substation,Scatsta Greener Grid Park | Scatsta1 Greener Grid Park,STATKRAFT HYDROGEN UK HOLDING LIMITED,Demand;Energy Storage System | Energy Storage System,PRO-001955 | PRO-002669,https://www.neso.energy/data-portal/transmission-entry-capacity-tec-register,,,,No reliable infrastructure match,Unresolved,70.7,,,Best candidate 'SALTCOATS A' scored 70.7; below reliability threshold.
Scaw Law 132kV substation,Scaw Law Wind Farm,PERIGUS ENERGY UK LIMITED,Energy Storage System;Wind Onshore,PRO-004174,https://www.neso.energy/data-portal/transmission-entry-capacity-tec-register,55.306464,-2.789432,Scaw'd Law,Geographic feature proxy,Low,88.9,https://www.openstreetmap.org/node/9285577487,OpenStreetMap/Photon geographic feature: Scaw'd Law; The Scottish Borders,"Geographic feature proxy; score 88.9/100; next-candidate margin 0.0. Coordinates are a geographic proxy, not the confirmed electrical asset."
Sclenteuch Energy Park 132kV,Sclenteuch Energy Park,SCLENTEUCH ENERGY LIMITED,Energy Storage System;Wind Onshore,PRO-002195,https://www.neso.energy/data-portal/transmission-entry-capacity-tec-register,,,,No reliable infrastructure match,Unresolved,76.9,,,Best candidate 'Glebe Farm Solar Energy Park' scored 76.9; below reliability threshold.
Scoop Hill Wind Farm 132kV Substation,Scoop Hill Wind Farm,Community Windpower Limited,Wind Onshore,PRO-000327,https://www.neso.energy/data-portal/transmission-entry-capacity-tec-register,56.924412,-2.401948,Droop hill,Candidate infrastructure match,Low,80.0,https://www.openstreetmap.org/relation/9403842,OpenStreetMap named plant feature: Droop hill,Candidate infrastructure match; score 80.0/100; next-candidate margin 2.2. Coordinates represent the matched mapped feature.
SEABANK 400/33kV SUBSTATION,Seabank (Tertiary),PIVOTED POWER LLP,Energy Storage System,PRO-001068,https://www.neso.energy/data-portal/transmission-entry-capacity-tec-register,51.537103,-2.669968,SEABANK 400KV S/S,Exact normalized name,High,100.0,https://doi.org/10.5285/0eed5c99-f409-4329-a98e-47f496bb88a2,Lovett & Sünnenberg GB substations dataset; SEABANK 400KV S/S; NATIONAL GRID; TRANS,Exact normalized name; score 100.0/100; next-candidate margin 0.0. Coordinates represent the matched mapped feature.
Seabank 400kV Substation,Seabank,SEABANK POWER LIMITED,CCGT (Combined Cycle Gas Turbine),PRO-000052,https://www.neso.energy/data-portal/transmission-entry-capacity-tec-register,51.537103,-2.669968,SEABANK 400KV S/S,Exact normalized name,High,100.0,https://doi.org/10.5285/0eed5c99-f409-4329-a98e-47f496bb88a2,Lovett & Sünnenberg GB substations dataset; SEABANK 400KV S/S; NATIONAL GRID; TRANS,Exact normalized name; score 100.0/100; next-candidate margin 0.0. Coordinates represent the matched mapped feature.
Seabank GSP,Severn Road Avonmouth,FPC ELECTRIC LAND LIMITED,Energy Storage System;Gas Reciprocating,PRO-004255,https://www.neso.energy/data-portal/transmission-entry-capacity-tec-register,51.537103,-2.669968,SEABANK 400KV S/S,Exact normalized name,High,100.0,https://doi.org/10.5285/0eed5c99-f409-4329-a98e-47f496bb88a2,Lovett & Sünnenberg GB substations dataset; SEABANK 400KV S/S; NATIONAL GRID; TRANS,Exact normalized name; score 100.0/100; next-candidate margin 0.0. Coordinates represent the matched mapped feature.
Sealand 400kV Substation,Green Hydrogen Solar Farm,GREEN HYDROGEN SOLAR FARM LIMITED,Energy Storage System;PV Array (Photo Voltaic/solar),PRO-003652,https://www.neso.energy/data-portal/transmission-entry-capacity-tec-register,53.214455,-2.995669,Sealand,Town/locality proxy,Medium,100.0,https://www.openstreetmap.org/node/7683972062,OpenStreetMap named village: Sealand,"Town/locality proxy; score 100.0/100; next-candidate margin 100.0. Coordinates are a geographic proxy, not the confirmed electrical asset."
Seat Hill 132kV Substation,Seat Hill Wind Farm,PERIGUS ENERGY UK LIMITED,Energy Storage System;Wind Onshore,PRO-005850,https://www.neso.energy/data-portal/transmission-entry-capacity-tec-register,53.953286,-1.109124,Hill Street,Candidate infrastructure match,Low,80.0,https://www.openstreetmap.org/way/633123015,OpenStreetMap named substation feature: Hill Street,Candidate infrastructure match; score 80.0/100; next-candidate margin 0.0. Coordinates represent the matched mapped feature.
Sellindge 132kV Substation,Sevington,UK POWER RESERVE LIMITED,CCGT (Combined Cycle Gas Turbine),PRO-000264,https://www.neso.energy/data-portal/transmission-entry-capacity-tec-register,51.106169,0.977549,SELLINDGE 132KV S/S,Exact normalized name,High,100.0,https://doi.org/10.5285/0eed5c99-f409-4329-a98e-47f496bb88a2,Lovett & Sünnenberg GB substations dataset; SELLINDGE 132KV S/S; NATIONAL GRID; GSP,Exact normalized name; score 100.0/100; next-candidate margin 0.0. Coordinates represent the matched mapped feature.
Sellindge 400kV Substation,Partridge Farm BESS | Sellindge (Tertiary) | Sellindge Grid Stability Services,Apatura Battery Ltd | PIVOTED POWER LLP | SELLINDGE GRID SERVICES LIMITED,Energy Storage System | Reactive Compensation,PRO-003445 | PRO-001067-1 | PRO-001067-2 | PRO-002206,https://www.neso.energy/data-portal/transmission-entry-capacity-tec-register,51.106458,0.976082,SELLINDGE 400KV S/S,Exact normalized name,High,100.0,https://doi.org/10.5285/0eed5c99-f409-4329-a98e-47f496bb88a2,Lovett & Sünnenberg GB substations dataset; SELLINDGE 400KV S/S; NATIONAL GRID; TRANS,Exact normalized name; score 100.0/100; next-candidate margin 0.0. Coordinates represent the matched mapped feature.
Severn Connection Node A 132kV Substation,Barry Road Storage | J102A Oldbury BESS,BSR APPLICATIONS LIMITED | RWE Renewables UK Solar and Storage Limited,Energy Storage System,PRO-004261 | PRO-003784,https://www.neso.energy/data-portal/transmission-entry-capacity-tec-register,,,,No reliable infrastructure match,Unresolved,75.9,,,Best candidate 'Severn Road Solar Park' scored 75.9; below reliability threshold.
Severn Connection Node A 400kv Substation,KX Alpha 1 Iron Acton | KX Alpha 2 Iron Acton | KX Alpha 3 Iron Acton | Lightsource Folly Farm | Stockhills Farm,KXP ALPHA I LIMITED | KXP ALPHA II LIMITED | KXP ALPHA III LIMITED | Lightsource Renewable UK Development Limited | BSR APPLICATIONS LIMITED,Energy Storage System | Energy Storage System;Wind Onshore | Energy Storage System;PV Array (Photo Voltaic/solar);Wind Onshore,PRO-003647 | PRO-003648 | PRO-003649 | PRO-004825 | PRO-004323,https://www.neso.energy/data-portal/transmission-entry-capacity-tec-register,,,,No reliable infrastructure match,Unresolved,75.9,,,Best candidate 'Severn Road Solar Park' scored 75.9; below reliability threshold.
Severn Connection Node B 400kV Substation,Beanacre 2 BESS,Grenergy Renewables UK Limited,Energy Storage System,PRO-005945,https://www.neso.energy/data-portal/transmission-entry-capacity-tec-register,51.395826,-2.138610,Beanacre,TEC project-derived locality proxy,Low,96.0,https://www.openstreetmap.org/node/902302778,OpenStreetMap named village: Beanacre,"TEC project-derived locality proxy; score 96.0/100; next-candidate margin 96.0. Coordinates are a geographic proxy, not the confirmed electrical asset."
Shaftesbury 132kV Substation,Shaftesbury Energy Park,TAGENERGY DEVELOPMENT UK LIMITED,Energy Storage System,PRO-002167,https://www.neso.energy/data-portal/transmission-entry-capacity-tec-register,51.013367,-2.208783,SHAFTESBURY,Exact normalized name,High,100.0,https://doi.org/10.5285/0eed5c99-f409-4329-a98e-47f496bb88a2,Lovett & Sünnenberg GB substations dataset; SHAFTESBURY; SSE NETWORKS; BSP,Exact normalized name; score 100.0/100; next-candidate margin 0.0. Coordinates represent the matched mapped feature.
SHAWFAIR 400KV SUBSTATION,Burdiehouse BESS,IBV Burdiehouse Energy Park Limited,Energy Storage System,PRO-004803,https://www.neso.energy/data-portal/transmission-entry-capacity-tec-register,55.894779,-3.161998,Burdiehouse,TEC project-derived locality proxy,Low,100.0,https://www.openstreetmap.org/node/3663131725,OpenStreetMap named suburb: Burdiehouse,"TEC project-derived locality proxy; score 100.0/100; next-candidate margin 0.0. Coordinates are a geographic proxy, not the confirmed electrical asset."
Sheirdrim 132kV Substation,Sheirdrim Wind Farm,SCOTTISHPOWER RENEWABLES (UK) LIMITED,Wind Onshore,PRO-001066,https://www.neso.energy/data-portal/transmission-entry-capacity-tec-register,,,,No reliable infrastructure match,Unresolved,66.7,,,Best candidate 'St Helier Drive Substation' scored 66.7; below reliability threshold.
Shepards Rig 132/33kV,Shepherds Rig Wind Farm,SETT WIND DEVELOPMENT LIMITED,Wind Onshore,PRO-000511,https://www.neso.energy/data-portal/transmission-entry-capacity-tec-register,55.217290,-4.165693,Shepherd's Rig Wind Farm,TEC project matched to DESNZ REPD,Low,96.3,https://www.gov.uk/government/publications/renewable-energy-planning-database-quarterly-extract,"DESNZ REPD ref 3417: Shepherd's Rig Wind Farm; Shepherds Rig Windfarm 5KM E/O, Carsphairn, Castle Douglas, Dumfries and Galloway; planning ref ECU00000735",TEC project matched to DESNZ REPD; score 96.3/100; next-candidate margin 0.0. Coordinates represent the matched mapped feature.
Sheringham Shoal 33/132kV Offshore Substations,Sheringham Shoal Offshore Wind Farm,SCIRA OFFSHORE ENERGY LIMITED,Wind Offshore,PRO-000211,https://www.neso.energy/data-portal/transmission-entry-capacity-tec-register,52.772079,1.150549,SHERINGHAM SHOAL SALL S/S,Candidate infrastructure match,Low,81.6,https://doi.org/10.5285/0eed5c99-f409-4329-a98e-47f496bb88a2,Lovett & Sünnenberg GB substations dataset; SHERINGHAM SHOAL SALL S/S; UK POWER NETWORKS; BSP,Candidate infrastructure match; score 81.6/100; next-candidate margin 7.6. Coordinates represent the matched mapped feature.
Shin 1 GSP,Allt an Tuir Renewable Energy Park | Meall Buidhe Wind Farm | Strath Oykel Wind Farm,ALLT AN TUIR RENEWABLE ENERGY PARK LIMITED | MUIRDEN ENERGY LLP | ENERGYFARM STRATH OYKEL LLP,Energy Storage System;PV Array (Photo Voltaic/solar);Wind Onshore | Wind Onshore | Energy Storage System;Wind Onshore,PRO-001819 | PRO-004198 | PRO-004565,https://www.neso.energy/data-portal/transmission-entry-capacity-tec-register,57.943542,-4.413212,SHIN,Candidate infrastructure match,Low,80.0,https://doi.org/10.5285/0eed5c99-f409-4329-a98e-47f496bb88a2,Lovett & Sünnenberg GB substations dataset; SHIN; SSE NETWORKS; PSS,Candidate infrastructure match; score 80.0/100; next-candidate margin 0.0. Coordinates represent the matched mapped feature.
Shrewsbury 400/33kV Substation,JBM Solar 12 - Shrewsbury Solar,RWE Renewables UK Solar and Storage Limited,Energy Storage System;PV Array (Photo Voltaic/solar),PRO-001146,https://www.neso.energy/data-portal/transmission-entry-capacity-tec-register,52.709595,-2.692898,SHREWSBURY 132/33KV,Exact normalized name,High,100.0,https://doi.org/10.5285/0eed5c99-f409-4329-a98e-47f496bb88a2,Lovett & Sünnenberg GB substations dataset; SHREWSBURY 132/33KV; WESTERN POWER DISTRIBUTION; GSP,Exact normalized name; score 100.0/100; next-candidate margin 0.0. Coordinates represent the matched mapped feature.
Shrewsbury 400kV Substation,Kenwick Solar,ANESCO LIMITED,PV Array (Photo Voltaic/solar),PRO-005989,https://www.neso.energy/data-portal/transmission-entry-capacity-tec-register,52.709012,-2.692770,SHREWSBURY 400KV S/S,Exact normalized name,High,100.0,https://doi.org/10.5285/0eed5c99-f409-4329-a98e-47f496bb88a2,Lovett & Sünnenberg GB substations dataset; SHREWSBURY 400KV S/S; NATIONAL GRID; TRANS,Exact normalized name; score 100.0/100; next-candidate margin 0.0. Coordinates represent the matched mapped feature.
Shurton 400kV Substation,Hinkley Point C,NNB GENERATION COMPANY (HPC) LIMITED,Nuclear,PRO-001674-1 | PRO-001674-2,https://www.neso.energy/data-portal/transmission-entry-capacity-tec-register,51.203248,-3.138196,Shurton Substation,Exact normalized name,High,100.0,https://www.openstreetmap.org/way/1096160079,OpenStreetMap named substation feature: Shurton Substation,Exact normalized name; score 100.0/100; next-candidate margin 100.0. Coordinates represent the matched mapped feature.
Sizewell 132kV Substation,Sizewell B,EDF Energy Nuclear Generation Limited,Nuclear,PRO-000144,https://www.neso.energy/data-portal/transmission-entry-capacity-tec-register,52.211549,1.616690,SIZEWELL 132KV S/S,Exact normalized name,High,100.0,https://doi.org/10.5285/0eed5c99-f409-4329-a98e-47f496bb88a2,Lovett & Sünnenberg GB substations dataset; SIZEWELL 132KV S/S; NATIONAL GRID; GSP,Exact normalized name; score 100.0/100; next-candidate margin 0.0. Coordinates represent the matched mapped feature.
Sizewell 400kV Substation,Sizewell C,Sizewell C Limited,Nuclear,PRO-000145-1 | PRO-000145-2,https://www.neso.energy/data-portal/transmission-entry-capacity-tec-register,52.214990,1.616530,SIZEWELL 400KV S/S,Exact normalized name,High,100.0,https://doi.org/10.5285/0eed5c99-f409-4329-a98e-47f496bb88a2,Lovett & Sünnenberg GB substations dataset; SIZEWELL 400KV S/S; NATIONAL GRID; TRANS,Exact normalized name; score 100.0/100; next-candidate margin 0.0. Coordinates represent the matched mapped feature.
Slickly Wind Farm 132kV Substation,Slickly Wind Farm,Slickly Wind Farm Limited,Energy Storage System;Wind Onshore,PRO-001517,https://www.neso.energy/data-portal/transmission-entry-capacity-tec-register,58.583290,-3.208778,Slickly,Town/locality proxy,Medium,100.0,https://www.openstreetmap.org/node/1458042066,OpenStreetMap named hamlet: Slickly,"Town/locality proxy; score 100.0/100; next-candidate margin 100.0. Coordinates are a geographic proxy, not the confirmed electrical asset."
Slough East 132kV Substation,Laleham BESS,Acorn Power Limited,Energy Storage System,PRO-004277,https://www.neso.energy/data-portal/transmission-entry-capacity-tec-register,51.510831,-0.584378,Slough ATS,Candidate infrastructure match,Low,85.7,https://www.openstreetmap.org/way/1305776807,OpenStreetMap named substation feature: Slough ATS,Candidate infrastructure match; score 85.7/100; next-candidate margin 3.5. Coordinates represent the matched mapped feature.
Sloy GSP,Sloy G1 and G4 | Sloy G2 and G3,SSE Generation Limited,Hydro,PRO-000181 | PRO-000182,https://www.neso.energy/data-portal/transmission-entry-capacity-tec-register,56.251089,-4.711667,SLOY,Exact normalized name,High,100.0,https://doi.org/10.5285/0eed5c99-f409-4329-a98e-47f496bb88a2,Lovett & Sünnenberg GB substations dataset; SLOY; SSE NETWORKS; PSS,Exact normalized name; score 100.0/100; next-candidate margin 0.0. Coordinates represent the matched mapped feature.
Smeaton 400/275kV,Crossgatehall BESS | Smeaton BESS,DE 001 LIMITED | KONA ASSET 3 LIMITED,Energy Storage System,PRO-004668 | PRO-002635,https://www.neso.energy/data-portal/transmission-entry-capacity-tec-register,55.904615,-3.035276,SMEATON ,Exact normalized name,High,100.0,https://doi.org/10.5285/0eed5c99-f409-4329-a98e-47f496bb88a2,Lovett & Sünnenberg GB substations dataset; SMEATON ; SP ENERGY NETWORKS; TRANS,Exact normalized name; score 100.0/100; next-candidate margin 0.0. Coordinates represent the matched mapped feature.
Solent  Connection Node B 132kV Substation.,Pigeon House BESS,Voltwise Power Holdings Limited,Energy Storage System,PRO-005933,https://www.neso.energy/data-portal/transmission-entry-capacity-tec-register,51.249144,-1.268621,Pigeon House Mead,TEC project-derived locality proxy,Low,96.0,https://www.openstreetmap.org/node/13403988666,OpenStreetMap named locality: Pigeon House Mead,"TEC project-derived locality proxy; score 96.0/100; next-candidate margin 96.0. Coordinates are a geographic proxy, not the confirmed electrical asset."
Solent Connection Node A 132kV Substation,West Common Ipers Lane,West Common BESS Limited,Energy Storage System,PRO-004352,https://www.neso.energy/data-portal/transmission-entry-capacity-tec-register,,,,No reliable infrastructure match,Unresolved,75.0,,,Best candidate 'Solent 2 Op 2 Substation' scored 75.0; below reliability threshold.
Solent Connection Node C 400kV,Bute Hydrogen Project 7.1,HALDANE ENERGY PROJECT 7 LIMITED,Energy Storage System,PRO-004666,https://www.neso.energy/data-portal/transmission-entry-capacity-tec-register,,,,No reliable infrastructure match,Unresolved,75.0,,,Best candidate 'Solent 2 Op 2 Substation' scored 75.0; below reliability threshold.
South Anglia Connection Node A 400kV Substation,Alcemi Bramford Battery Energy Storage Facility Phase 2 | Lightsource Bramford PV & BESS,ALCEMI STORAGE DEVELOPMENTS 1 LIMITED | Lightsource Renewable UK Development Limited,Energy Storage System | Energy Storage System;PV Array (Photo Voltaic/solar),PRO-003235 | PRO-003835,https://www.neso.energy/data-portal/transmission-entry-capacity-tec-register,,,,No reliable infrastructure match,Unresolved,70.6,,,Best candidate 'East Anglia ONE Substation' scored 70.6; below reliability threshold.
South Anglia Connection Node B 400kV Substation,Butlers Energy Project | Butlers Wood PV & BESS Station | Great Oak Solar,IG RENEWABLES SPV 1 LTD | IB VOGT UK LTD | RWE Renewables UK Solar and Storage Limited,Energy Storage System;PV Array (Photo Voltaic/solar),PRO-003946 | PRO-004467 | PRO-005093,https://www.neso.energy/data-portal/transmission-entry-capacity-tec-register,51.784015,-2.891648,Great Oak,TEC project-derived locality proxy,Low,100.0,https://www.openstreetmap.org/node/6262075655,OpenStreetMap named hamlet: Great Oak,"TEC project-derived locality proxy; score 100.0/100; next-candidate margin 100.0. Coordinates are a geographic proxy, not the confirmed electrical asset."
South Anglia Connection Node C 400kV Substation,Cold Norton | Coryton | Lacey's Farm BESS | NatPower Tilbury Green Energy Park | Rat Hall Mod App,BSR APPLICATIONS LIMITED | Coryton 10 Renewables Limited | Bluestone Energy Ltd | NATPOWER MARINE UK LIMITED | Kingsway Solar Farm Limited,Energy Storage System;PV Array (Photo Voltaic/solar);Wind Onshore | Demand;PV Array (Photo Voltaic/solar) | Energy Storage System | Energy Storage System;PV Array (Photo Voltaic/solar),PRO-003528 | PRO-003407 | PRO-004095 | PRO-004562 | PRO-003824-1 | PRO-003824-2,https://www.neso.energy/data-portal/transmission-entry-capacity-tec-register,51.671579,0.673232,Cold Norton,TEC project-derived locality proxy,Low,100.0,https://www.openstreetmap.org/node/3361220929,OpenStreetMap named village: Cold Norton,"TEC project-derived locality proxy; score 100.0/100; next-candidate margin 0.0. Coordinates are a geographic proxy, not the confirmed electrical asset."
South Anglia Connection Node D 132kV Substation,Church Road Farm,QAIR RENEWABLES UK LIMITED,Energy Storage System,PRO-005074,https://www.neso.energy/data-portal/transmission-entry-capacity-tec-register,54.209399,-1.224085,Church Farm AD,TEC project matched to DESNZ REPD,Low,90.0,https://www.gov.uk/government/publications/renewable-energy-planning-database-quarterly-extract,"DESNZ REPD ref 4904: Church Farm AD; Land at Church Farm, Kilburn, North Yorkshire; planning ref 14/02534/FUL",TEC project matched to DESNZ REPD; score 90.0/100; next-candidate margin 90.0. Coordinates represent the matched mapped feature.
South Anglia Connection Node D 400kV Substation,Cambridgeshire Energy Storage Centre | Sunnica,Hydrostor UK Ltd | SUNNICA LIMITED,Energy Storage System;Pump Storage;Thermal | Energy Storage System;PV Array (Photo Voltaic/solar),PRO-006115 | PRO-000393,https://www.neso.energy/data-portal/transmission-entry-capacity-tec-register,,,,No reliable infrastructure match,Unresolved,70.6,,,Best candidate 'East Anglia ONE Substation' scored 70.6; below reliability threshold.
South Anglia Connection Node E 400kV Substation,Lime Tree Energy Park | PVDP Woodbridge | Red House Farm - Friston 400kV 249MW connection | Woodbridge - Noventum,BNRG LANGMEAD LIMITED | SolarSeven Ltd | CAMBRIDGE POWER LIMITED | NOVENTUM POWER SOLAR 16 LIMITED,Energy Storage System;PV Array (Photo Voltaic/solar) | Energy Storage System | Demand;Energy Storage System;Reactive Compensation,PRO-004121 | PRO-004000 | PRO-003787 | PRO-004822,https://www.neso.energy/data-portal/transmission-entry-capacity-tec-register,52.094132,1.319938,Woodbridge,TEC project geocoded-area proxy,Low,80.0,https://www.openstreetmap.org/relation/4660853,TEC project 'PVDP Woodbridge' matched via OpenStreetMap/Photon to Woodbridge; Suffolk,"TEC project geocoded-area proxy; score 80.0/100; next-candidate margin 80.0. Coordinates are a geographic proxy, not the confirmed electrical asset."
South Humber Bank 400kV Substation,SHBEC | South Humber Bank,EP SHB LIMITED | EP UK Power Development II Ltd,Waste | CCGT (Combined Cycle Gas Turbine),PRO-001096 | PRO-000366,https://www.neso.energy/data-portal/transmission-entry-capacity-tec-register,53.601370,-0.146147,SOUTH HUMBER BANK 400KV S/S,Exact normalized name,High,100.0,https://doi.org/10.5285/0eed5c99-f409-4329-a98e-47f496bb88a2,Lovett & Sünnenberg GB substations dataset; SOUTH HUMBER BANK 400KV S/S; NATIONAL GRID; TRANS,Exact normalized name; score 100.0/100; next-candidate margin 0.0. Coordinates represent the matched mapped feature.
South Humber Connection Node A,Sweet Briar Energy Park,SWEET BRIAR 2 ENERGY PARK LIMITED,Energy Storage System;PV Array (Photo Voltaic/solar),PRO-005055,https://www.neso.energy/data-portal/transmission-entry-capacity-tec-register,,,,No reliable infrastructure match,Unresolved,77.8,,,Best candidate 'SOUTH HUMBER BANK 400KV S/S' scored 77.8; below reliability threshold.
SOUTH HUMBER CONNECTION NODE A 132kV,Butt Lane - Grimsby BESS,Bluestone Butt Lane 1 Ltd,Energy Storage System,PRO-004491,https://www.neso.energy/data-portal/transmission-entry-capacity-tec-register,,,,No reliable infrastructure match,Unresolved,77.8,,,Best candidate 'SOUTH HUMBER BANK 400KV S/S' scored 77.8; below reliability threshold.
South Humber Connection Node A 400kV,Crawcroft Lane Solar and Storage | Killingholme Energy Park | Lincolnshire Energy Park,BSR APPLICATIONS LIMITED | EXAGEN GROUP LIMITED | WIND 2 LIMITED,Energy Storage System;PV Array (Photo Voltaic/solar) | Energy Storage System;PV Array (Photo Voltaic/solar);Reactive Compensation;Wind Onshore,PRO-005897 | PRO-004935 | PRO-006033,https://www.neso.energy/data-portal/transmission-entry-capacity-tec-register,53.601370,-0.146147,SOUTH HUMBER BANK 400KV S/S,Candidate infrastructure match,Low,81.8,https://doi.org/10.5285/0eed5c99-f409-4329-a98e-47f496bb88a2,Lovett & Sünnenberg GB substations dataset; SOUTH HUMBER BANK 400KV S/S; NATIONAL GRID; TRANS,Candidate infrastructure match; score 81.8/100; next-candidate margin 4.0. Coordinates represent the matched mapped feature.
South Kyle 2 132/33kV Substation,South Kyle 2 Wind farm,VATTENFALL WIND POWER LTD,Energy Storage System;Wind Onshore,PRO-001963,https://www.neso.energy/data-portal/transmission-entry-capacity-tec-register,55.314459,-4.278804,South Kyle Wind Farm,Strong name match,High,96.0,https://www.openstreetmap.org/relation/17577116,OpenStreetMap named plant feature: South Kyle Wind Farm,Strong name match; score 96.0/100; next-candidate margin 4.3. Coordinates represent the matched mapped feature.
South Wales East Connection Node A 275kV Substation,Llanwern 3,FUTURE ENERGY LLANWERN LIMITED,Energy Storage System;PV Array (Photo Voltaic/solar),PRO-004317,https://www.neso.energy/data-portal/transmission-entry-capacity-tec-register,51.587771,-2.914311,Llanwern,TEC project-derived locality proxy,Low,96.0,https://www.openstreetmap.org/node/29488413,OpenStreetMap named village: Llanwern,"TEC project-derived locality proxy; score 96.0/100; next-candidate margin 96.0. Coordinates are a geographic proxy, not the confirmed electrical asset."
South Wales East Connection Node B 400kV,Wern Tarw Storage,CENIN RENEWABLES LIMITED,Energy Storage System;PV Array (Photo Voltaic/solar);Wind Onshore,PRO-005874,https://www.neso.energy/data-portal/transmission-entry-capacity-tec-register,,,,No reliable infrastructure match,Unresolved,68.2,,,Best candidate 'Prince Of Wales South Substation' scored 68.2; below reliability threshold.
South Wales East Node A 275kV Substation,SAE Usk 1 | Whitson BESS NP,AFON WYSG ENERGY LIMITED | EQUINOR NEW ENERGY LIMITED,Energy Storage System,PRO-003590 | PRO-003102,https://www.neso.energy/data-portal/transmission-entry-capacity-tec-register,51.548469,-2.897230,Whitson,TEC project-derived locality proxy,Low,96.0,https://www.openstreetmap.org/node/391006961,OpenStreetMap named village: Whitson,"TEC project-derived locality proxy; score 96.0/100; next-candidate margin 96.0. Coordinates are a geographic proxy, not the confirmed electrical asset."
SOUTH WALES WEST CONNECTION NODE A 132KV SUBSTATION,Afan Wind Farm and BESS,TRYDAN GWYRDD CYMRU (Welsh Government) Ltd,Energy Storage System;Wind Onshore,PRO-004588,https://www.neso.energy/data-portal/transmission-entry-capacity-tec-register,,,,No reliable infrastructure match,Unresolved,68.2,,,Best candidate 'Prince Of Wales South Substation' scored 68.2; below reliability threshold.
South Wales West Connection Node A 400kV Substation,Lightsource Rhigos BESS | Nant Helen | Rhigos BESS | Swansea North-Rhigos Solar& BESS & Wind | TH Maes Melin,Lightsource Renewable UK Development Limited | SOLAR SECURITIES LIMITED | REWE 11 Limited | KONA ASSET 4 LIMITED | TYLER HILL CONSULTING LIMITED | FRV Powertek Limited,Energy Storage System | Demand;Energy Storage System;PV Array (Photo Voltaic/solar) | Energy Storage System;PV Array (Photo Voltaic/solar);Wind Onshore,PRO-003726 | PRO-002766 | PRO-004109 | PRO-003613 | PRO-004099 | PRO-003424,https://www.neso.energy/data-portal/transmission-entry-capacity-tec-register,51.739023,-3.563640,Rhigos,TEC project-derived locality proxy,Low,100.0,https://www.openstreetmap.org/node/346182065,OpenStreetMap named village: Rhigos,"TEC project-derived locality proxy; score 100.0/100; next-candidate margin 0.0. Coordinates are a geographic proxy, not the confirmed electrical asset."
South Wales West Connection Node B 400kV Substation,Baglan BESS IPC | Galileo 15,IPC GRID CONNECTION TWO LIMITED | GALILEO 15 LIMITED,Energy Storage System,PRO-004816 | PRO-004537,https://www.neso.energy/data-portal/transmission-entry-capacity-tec-register,,,,No reliable infrastructure match,Unresolved,68.2,,,Best candidate 'Prince Of Wales South Substation' scored 68.2; below reliability threshold.
South Wales West Connection Node C 400kV,Lightsource Ferryside PV | NatPower Llanteg Green Energy Park,Lightsource Renewable UK Development Limited | NP SPV 30 LIMITED,Energy Storage System;PV Array (Photo Voltaic/solar) | Energy Storage System,PRO-003761 | PRO-004806,https://www.neso.energy/data-portal/transmission-entry-capacity-tec-register,,,,No reliable infrastructure match,Unresolved,63.6,,,Best candidate 'Prince Of Wales South Substation' scored 63.6; below reliability threshold.
Southery 400kV Substation,Southery,SSE SOUTHERY SOLAR LIMITED,Energy Storage System;PV Array (Photo Voltaic/solar),PRO-002172,https://www.neso.energy/data-portal/transmission-entry-capacity-tec-register,52.535273,0.370354,SOUTHERY PRIMARY,Exact normalized name,High,100.0,https://doi.org/10.5285/0eed5c99-f409-4329-a98e-47f496bb88a2,Lovett & Sünnenberg GB substations dataset; SOUTHERY PRIMARY; UK POWER NETWORKS; PSS,Exact normalized name; score 100.0/100; next-candidate margin 100.0. Coordinates represent the matched mapped feature.
Spalding North 400kV Substation,Spalding | Spalding Energy Expansion,SPALDING ENERGY COMPANY LTD | SPALDING ENERGY EXPANSION LIMITED,CCGT (Combined Cycle Gas Turbine) | Energy Storage System;OCGT (Open Cycle Gas Turbine),PRO-000206 | PRO-000249-1 | PRO-000249-2,https://www.neso.energy/data-portal/transmission-entry-capacity-tec-register,52.805772,-0.133304,SPALDING NORTH 400KV S/S,Exact normalized name,High,100.0,https://doi.org/10.5285/0eed5c99-f409-4329-a98e-47f496bb88a2,Lovett & Sünnenberg GB substations dataset; SPALDING NORTH 400KV S/S; NATIONAL GRID; TRANS,Exact normalized name; score 100.0/100; next-candidate margin 0.0. Coordinates represent the matched mapped feature.
Spennymoor 400kV Substation,Spennymoor | Spennymoor Greener Grid Park | Spennymoor PV & BESS | Spennymoor PV & BESS Sub,PIVOTED POWER LLP | Spennymoor Grid Solutions Limited | CSE27 LIMITED | O&G Solar (SPV 20) Limited,Energy Storage System | Energy Storage System;Reactive Compensation | Demand;Energy Storage System;PV Array (Photo Voltaic/solar) | Energy Storage System;PV Array (Photo Voltaic/solar),PRO-001138 | PRO-002041-1 | PRO-002041-2 | PRO-002035 | PRO-003049,https://www.neso.energy/data-portal/transmission-entry-capacity-tec-register,54.705300,-1.552749,SPENNYMOOR 400KV S/S,Exact normalized name,High,100.0,https://doi.org/10.5285/0eed5c99-f409-4329-a98e-47f496bb88a2,Lovett & Sünnenberg GB substations dataset; SPENNYMOOR 400KV S/S; NATIONAL GRID; TRANS,Exact normalized name; score 100.0/100; next-candidate margin 0.0. Coordinates represent the matched mapped feature.
Spirebush 132kV Substation,Hagshaw Energy Cluster Western Expansion,Spirebush Ltd,Energy Storage System;PV Array (Photo Voltaic/solar);Wind Onshore,PRO-001692,https://www.neso.energy/data-portal/transmission-entry-capacity-tec-register,55.558447,-3.870259,Hagshaw Energy Cluster – Western Expansion,TEC project matched to DESNZ REPD,Low,100.0,https://www.gov.uk/government/publications/renewable-energy-planning-database-quarterly-extract,DESNZ REPD ref 12284: Hagshaw Energy Cluster – Western Expansion; Hagshaw Hill Farm; planning ref ECU00004623,TEC project matched to DESNZ REPD; score 100.0/100; next-candidate margin 0.0. Coordinates represent the matched mapped feature.
Spittal 132kV Substation,Balvedavist 162 Battery Storage,S4N SPITTAL LTD,Energy Storage System;PV Array (Photo Voltaic/solar),PRO-002024,https://www.neso.energy/data-portal/transmission-entry-capacity-tec-register,58.480013,-3.452249,Spittal Substation,Exact normalized name,High,100.0,https://www.openstreetmap.org/way/1262971878,OpenStreetMap named substation feature: Spittal Substation,Exact normalized name; score 100.0/100; next-candidate margin 0.0. Coordinates represent the matched mapped feature.
Spittal 2 400kV Substation,Spittal BESS Station,IGP ENERGY STORAGE 5 LIMITED,Energy Storage System,PRO-003618,https://www.neso.energy/data-portal/transmission-entry-capacity-tec-register,54.917372,-4.391563,Spittal,Town/locality proxy,Low,96.0,https://www.openstreetmap.org/way/591354637,OpenStreetMap named hamlet: Spittal,"Town/locality proxy; score 96.0/100; next-candidate margin 0.0. Coordinates are a geographic proxy, not the confirmed electrical asset."
Spittal 275kV Substation,Spittal BESS,Field Spittal Ltd,Energy Storage System,PRO-003255,https://www.neso.energy/data-portal/transmission-entry-capacity-tec-register,58.480013,-3.452249,Spittal Substation,Exact normalized name,High,100.0,https://www.openstreetmap.org/way/1262971878,OpenStreetMap named substation feature: Spittal Substation,Exact normalized name; score 100.0/100; next-candidate margin 0.0. Coordinates represent the matched mapped feature.
Spittal 400kV,SSE Spittal Energy Park,SSE DE SOLAR HOLDCO LIMITED,Energy Storage System;PV Array (Photo Voltaic/solar),PRO-003259,https://www.neso.energy/data-portal/transmission-entry-capacity-tec-register,58.480013,-3.452249,Spittal Substation,Exact normalized name,High,100.0,https://www.openstreetmap.org/way/1262971878,OpenStreetMap named substation feature: Spittal Substation,Exact normalized name; score 100.0/100; next-candidate margin 0.0. Coordinates represent the matched mapped feature.
SPR CS1 275/66KV OFFSHORE SUBSTATION,SPR CS1,SCOTTISHPOWER RENEWABLES (UK) LIMITED,Wind Offshore,PRO-003484,https://www.neso.energy/data-portal/transmission-entry-capacity-tec-register,,,,No reliable infrastructure match,Unresolved,63.2,,,Best candidate 'Spruce Close Substation' scored 63.2; below reliability threshold.
SPT Margree collector substation,Fell Wind Farm | Glenshimmeroch Windfarm | Margree Wind Farm,ENERGYFARM UK FELL LLP | ENERGYFARM UK GLENSHIMMEROCH LLP | ENERGYFARM UK MARGREE LLP,Wind Onshore,PRO-001755 | PRO-000440 | PRO-001789,https://www.neso.energy/data-portal/transmission-entry-capacity-tec-register,55.131929,-3.998547,Fell Wind Farm Battery,TEC project matched to DESNZ REPD,Low,100.0,https://www.gov.uk/government/publications/renewable-energy-planning-database-quarterly-extract,"DESNZ REPD ref 7757: Fell Wind Farm Battery; Fell Wind Farm, Moniaive, Thornhill; planning ref 20/0148/FUL",TEC project matched to DESNZ REPD; score 100.0/100; next-candidate margin 0.0. Coordinates represent the matched mapped feature.
St Fergus,St Fergus,IB VOGT UK LTD,Energy Storage System;PV Array (Photo Voltaic/solar),PRO-004557,https://www.neso.energy/data-portal/transmission-entry-capacity-tec-register,57.566397,-1.881395,St Fergus,Exact normalized name,High,100.0,https://www.openstreetmap.org/way/305791401,OpenStreetMap named substation feature: St Fergus,Exact normalized name; score 100.0/100; next-candidate margin 100.0. Coordinates represent the matched mapped feature.
ST FERGUS 132KV SWITCHING STATION,Sheilhill Battery Storage,Sheilhill Battery Storage Limited,Energy Storage System,PRO-002149,https://www.neso.energy/data-portal/transmission-entry-capacity-tec-register,51.074554,-4.061024,BRS Switching Station Substation,Candidate infrastructure match,Low,83.3,https://www.openstreetmap.org/node/13330675733,OpenStreetMap named substation feature: BRS Switching Station Substation,Candidate infrastructure match; score 83.3/100; next-candidate margin 1.9. Coordinates represent the matched mapped feature.
St Fergus Mobil 132/11kV Substation,SAGE,SAGE NORTH SEA LIMITED,Demand;PV Array (Photo Voltaic/solar),PRO-002119,https://www.neso.energy/data-portal/transmission-entry-capacity-tec-register,57.577706,-1.858524,St Fergus Mobil,Exact normalized name,High,100.0,https://www.openstreetmap.org/way/305791400,OpenStreetMap named substation feature: St Fergus Mobil,Exact normalized name; score 100.0/100; next-candidate margin 100.0. Coordinates represent the matched mapped feature.
Staffordshire Connection Node A 400kV Substation,Bradford Solar Farm | Bushbury | Hill Street Solar PV/BESS Station,SolarFour Ltd | Bushbury 10 Renewables Limited | HILL STREET SHELFCO 1 LIMITED,PV Array (Photo Voltaic/solar) | Demand;PV Array (Photo Voltaic/solar) | Energy Storage System;PV Array (Photo Voltaic/solar),PRO-003511 | PRO-003409 | PRO-003744,https://www.neso.energy/data-portal/transmission-entry-capacity-tec-register,52.672865,-2.114331,Staffordshire ERF,Candidate infrastructure match,Low,81.1,https://www.openstreetmap.org/way/687867281,OpenStreetMap named plant feature: Staffordshire ERF,Candidate infrastructure match; score 81.1/100; next-candidate margin 81.1. Coordinates represent the matched mapped feature.
Staffordshire Connection Node B 132kV Substation,Ebstree Road BESS | Orchard BESS,Voltwise Power Holdings Limited | RE Projects Development Limited,Energy Storage System,PRO-004679 | PRO-003762,https://www.neso.energy/data-portal/transmission-entry-capacity-tec-register,52.672865,-2.114331,Staffordshire ERF,Candidate infrastructure match,Low,81.1,https://www.openstreetmap.org/way/687867281,OpenStreetMap named plant feature: Staffordshire ERF,Candidate infrastructure match; score 81.1/100; next-candidate margin 81.1. Coordinates represent the matched mapped feature.
Staffordshire Connection Node C 400Kv Substation,Galileo 14 Ltd,GALILEO 14 LIMITED,Energy Storage System,PRO-006019,https://www.neso.energy/data-portal/transmission-entry-capacity-tec-register,52.672865,-2.114331,Staffordshire ERF,Candidate infrastructure match,Low,81.1,https://www.openstreetmap.org/way/687867281,OpenStreetMap named plant feature: Staffordshire ERF,Candidate infrastructure match; score 81.1/100; next-candidate margin 81.1. Coordinates represent the matched mapped feature.
Staffordshire Connection Node D 132kV Substation,Acton Reynald | Shrewsbury Energy,SOLAR 2 LIMITED | SHREWSBURY ENERGY LTD,Energy Storage System;PV Array (Photo Voltaic/solar),PRO-004437 | PRO-004982,https://www.neso.energy/data-portal/transmission-entry-capacity-tec-register,52.672865,-2.114331,Staffordshire ERF,Candidate infrastructure match,Low,81.1,https://www.openstreetmap.org/way/687867281,OpenStreetMap named plant feature: Staffordshire ERF,Candidate infrastructure match; score 81.1/100; next-candidate margin 81.1. Coordinates represent the matched mapped feature.
Stalybridge 275kV Substation,Zenobe Stalybridge Project,ZENOBE STALYBRIDGE LIMITED,Energy Storage System,PRO-001940-1 | PRO-001940-2,https://www.neso.energy/data-portal/transmission-entry-capacity-tec-register,53.491670,-2.044349,STALYBRIDGE 275KV S/S,Exact normalized name,High,100.0,https://doi.org/10.5285/0eed5c99-f409-4329-a98e-47f496bb88a2,Lovett & Sünnenberg GB substations dataset; STALYBRIDGE 275KV S/S; NATIONAL GRID; TRANS,Exact normalized name; score 100.0/100; next-candidate margin 0.0. Coordinates represent the matched mapped feature.
Staythorpe 400kv,Field Farm,Net Zero One Ltd,Energy Storage System,PRO-001924,https://www.neso.energy/data-portal/transmission-entry-capacity-tec-register,53.077472,-0.868971,STAYTHORPE 400KV S/S,Exact normalized name,High,100.0,https://doi.org/10.5285/0eed5c99-f409-4329-a98e-47f496bb88a2,Lovett & Sünnenberg GB substations dataset; STAYTHORPE 400KV S/S; NATIONAL GRID; TRANS,Exact normalized name; score 100.0/100; next-candidate margin 0.0. Coordinates represent the matched mapped feature.
Staythorpe 400kV Substation,Flash Solar Farm | Staythorpe | Staythorpe (BESS and PV) | Staythorpe C,ELEMENTS GREEN TRENT LTD | ENSO GREEN HOLDINGS X LIMITED | SSE STAYTHORPE POWER LIMITED | RWE Generation UK Plc,Energy Storage System;PV Array (Photo Voltaic/solar) | CCGT (Combined Cycle Gas Turbine);Demand,PRO-001634-1 | PRO-001634-2 | PRO-002083 | PRO-001615 | PRO-000057,https://www.neso.energy/data-portal/transmission-entry-capacity-tec-register,53.077472,-0.868971,STAYTHORPE 400KV S/S,Exact normalized name,High,100.0,https://doi.org/10.5285/0eed5c99-f409-4329-a98e-47f496bb88a2,Lovett & Sünnenberg GB substations dataset; STAYTHORPE 400KV S/S; NATIONAL GRID; TRANS,Exact normalized name; score 100.0/100; next-candidate margin 0.0. Coordinates represent the matched mapped feature.
Stella South GSP,Stella Battery Energy Storage,CAPELLA BESS LTD,Energy Storage System,PRO-005112,https://www.neso.energy/data-portal/transmission-entry-capacity-tec-register,54.974344,-1.732516,STELLA SOUTH 132KV S/S,Exact normalized name,High,100.0,https://doi.org/10.5285/0eed5c99-f409-4329-a98e-47f496bb88a2,Lovett & Sünnenberg GB substations dataset; STELLA SOUTH 132KV S/S; NATIONAL GRID; GSP,Exact normalized name; score 100.0/100; next-candidate margin 0.0. Coordinates represent the matched mapped feature.
Stella West 400kV Substation,Bernicia Energy Park,BAYWA R.E. UK LIMITED,Energy Storage System;PV Array (Photo Voltaic/solar),PRO-004541,https://www.neso.energy/data-portal/transmission-entry-capacity-tec-register,54.977699,-1.742368,STELLA WEST 275KV S/S,Exact normalized name,High,100.0,https://doi.org/10.5285/0eed5c99-f409-4329-a98e-47f496bb88a2,Lovett & Sünnenberg GB substations dataset; STELLA WEST 275KV S/S; NATIONAL GRID; TRANS,Exact normalized name; score 100.0/100; next-candidate margin 100.0. Coordinates represent the matched mapped feature.
Stirling 132/33kV,Touch Energy Park,Naturalis Energy Developments Ltd,Energy Storage System;Wind Onshore,PRO-001816,https://www.neso.energy/data-portal/transmission-entry-capacity-tec-register,56.117283,-3.920678,STIRLING,Exact normalized name,High,100.0,https://doi.org/10.5285/0eed5c99-f409-4329-a98e-47f496bb88a2,Lovett & Sünnenberg GB substations dataset; STIRLING; SP ENERGY NETWORKS; PSS,Exact normalized name; score 100.0/100; next-candidate margin 0.0. Coordinates represent the matched mapped feature.
Stocksbridge 400kV Substation,EcoStocksbridge,Econergy International Limited,Demand;Energy Storage System;PV Array (Photo Voltaic/solar),PRO-003789,https://www.neso.energy/data-portal/transmission-entry-capacity-tec-register,53.487727,-1.601972,STOCKSBRIDGE 400KV S/S,Exact normalized name,High,100.0,https://doi.org/10.5285/0eed5c99-f409-4329-a98e-47f496bb88a2,Lovett & Sünnenberg GB substations dataset; STOCKSBRIDGE 400KV S/S; NATIONAL GRID; TRANS,Exact normalized name; score 100.0/100; next-candidate margin 0.0. Coordinates represent the matched mapped feature.
Stoke Bardolph 400kV Substation,Stoke Bardolph 400,ENSO GREEN HOLDINGS LIMITED,Energy Storage System;PV Array (Photo Voltaic/solar),PRO-002191-1 | PRO-002191-2 | PRO-002191-3,https://www.neso.energy/data-portal/transmission-entry-capacity-tec-register,52.959751,-1.050617,STOKE BARDOLPH 400KV S/S,Exact normalized name,High,100.0,https://doi.org/10.5285/0eed5c99-f409-4329-a98e-47f496bb88a2,Lovett & Sünnenberg GB substations dataset; STOKE BARDOLPH 400KV S/S; NATIONAL GRID; TRANS,Exact normalized name; score 100.0/100; next-candidate margin 0.0. Coordinates represent the matched mapped feature.
Stoke Bardolph GSP,RAF Newton PV solar,Bluestone Energy Ltd,PV Array (Photo Voltaic/solar),PRO-003995,https://www.neso.energy/data-portal/transmission-entry-capacity-tec-register,52.959751,-1.050617,STOKE BARDOLPH 400KV S/S,Exact normalized name,High,100.0,https://doi.org/10.5285/0eed5c99-f409-4329-a98e-47f496bb88a2,Lovett & Sünnenberg GB substations dataset; STOKE BARDOLPH 400KV S/S; NATIONAL GRID; TRANS,Exact normalized name; score 100.0/100; next-candidate margin 0.0. Coordinates represent the matched mapped feature.
Stornoway GSP,Battery Point BESS | Druim Leathann BEGA,Point and Sandwick Power Limited | DRUIM LEATHANN WINDFARM LIMITED,Energy Storage System | Wind Onshore,PRO-002335 | PRO-000966,https://www.neso.energy/data-portal/transmission-entry-capacity-tec-register,58.203183,-6.422969,STORNOWAY GRID,Exact normalized name,High,100.0,https://doi.org/10.5285/0eed5c99-f409-4329-a98e-47f496bb88a2,Lovett & Sünnenberg GB substations dataset; STORNOWAY GRID; SSE NETWORKS; PSS,Exact normalized name; score 100.0/100; next-candidate margin 0.0. Coordinates represent the matched mapped feature.
Stracathro BESS 275kV Substation,Stracathro BESS,Opdenergy UK 8 Limited,Demand;Energy Storage System,PRO-002392,https://www.neso.energy/data-portal/transmission-entry-capacity-tec-register,56.780165,-2.621801,Stracathro,Town/locality proxy,Medium,100.0,https://www.openstreetmap.org/node/5286742386,OpenStreetMap named hamlet: Stracathro,"Town/locality proxy; score 100.0/100; next-candidate margin 100.0. Coordinates are a geographic proxy, not the confirmed electrical asset."
Stranoch Wind 132/33kV Substation,Stranoch Wind Farm,Stranoch Windfarm Limited,Wind Onshore,PRO-000127,https://www.neso.energy/data-portal/transmission-entry-capacity-tec-register,55.026082,-4.872907,Stranoch 2 substation,Candidate infrastructure match,Low,78.3,https://www.openstreetmap.org/way/1421620457,OpenStreetMap named substation feature: Stranoch 2 substation,Candidate infrastructure match; score 78.3/100; next-candidate margin 13.7. Coordinates represent the matched mapped feature.
Strathaven 400/275kV,Devonhill | Lanarkshire BESS | Strathaven BESS,CBS ENERGY STORAGE ASSETS UK LIMITED | CARLTON POWER LIMITED | IGP ENERGY STORAGE 2 LIMITED,Energy Storage System,PRO-004492 | PRO-002183 | PRO-004298,https://www.neso.energy/data-portal/transmission-entry-capacity-tec-register,55.753804,-4.082542,STRATHAVEN ,Exact normalized name,High,100.0,https://doi.org/10.5285/0eed5c99-f409-4329-a98e-47f496bb88a2,Lovett & Sünnenberg GB substations dataset; STRATHAVEN ; SP ENERGY NETWORKS; TRANS,Exact normalized name; score 100.0/100; next-candidate margin 0.0. Coordinates represent the matched mapped feature.
Strathaven GSP 33kV,Crookedstone PV,Enviromena Project Management UK Limited,PV Array (Photo Voltaic/solar),PRO-006119,https://www.neso.energy/data-portal/transmission-entry-capacity-tec-register,55.677995,-4.064005,STRATHAVEN,Exact normalized name,High,100.0,https://doi.org/10.5285/0eed5c99-f409-4329-a98e-47f496bb88a2,Lovett & Sünnenberg GB substations dataset; STRATHAVEN; SP ENERGY NETWORKS; PSS,Exact normalized name; score 100.0/100; next-candidate margin 0.0. Coordinates represent the matched mapped feature.
Strathleven GSP,Murroch BESS,Apatura Battery Ltd,Energy Storage System,PRO-003610,https://www.neso.energy/data-portal/transmission-entry-capacity-tec-register,55.960989,-4.560996,STRATHLEVEN,Exact normalized name,High,100.0,https://doi.org/10.5285/0eed5c99-f409-4329-a98e-47f496bb88a2,Lovett & Sünnenberg GB substations dataset; STRATHLEVEN; SP ENERGY NETWORKS; PSS,Exact normalized name; score 100.0/100; next-candidate margin 0.0. Coordinates represent the matched mapped feature.
Strathy North 132/33kV Substation,Strathy North Wind,STRATHY WIND FARM LIMITED,Wind Onshore,PRO-001553,https://www.neso.energy/data-portal/transmission-entry-capacity-tec-register,58.490440,-4.048349,Strathy North Wind Farm,Exact normalized name,High,100.0,https://www.openstreetmap.org/relation/8087274,OpenStreetMap named plant feature: Strathy North Wind Farm,Exact normalized name; score 100.0/100; next-candidate margin 100.0. Coordinates represent the matched mapped feature.
Strathy South 132/33kV Substation,Strathy South Wind,SSE Generation Limited,Wind Onshore,PRO-000183,https://www.neso.energy/data-portal/transmission-entry-capacity-tec-register,58.490440,-4.048349,Strathy North Wind Farm,Candidate infrastructure match,Low,84.6,https://www.openstreetmap.org/relation/8087274,OpenStreetMap named plant feature: Strathy North Wind Farm,Candidate infrastructure match; score 84.6/100; next-candidate margin 3.1. Coordinates represent the matched mapped feature.
Strathy Wood 132/33kV Substation,Strathy Wood Wind Farm,RWE Renewables UK Onshore Wind Limited,Wind Onshore,PRO-000154-1 | PRO-000154-2,https://www.neso.energy/data-portal/transmission-entry-capacity-tec-register,51.468895,-3.180097,WOOD STREET,Candidate infrastructure match,Low,82.3,https://doi.org/10.5285/0eed5c99-f409-4329-a98e-47f496bb88a2,Lovett & Sünnenberg GB substations dataset; WOOD STREET; WESTERN POWER DISTRIBUTION; PSS,Candidate infrastructure match; score 82.3/100; next-candidate margin 4.0. Coordinates represent the matched mapped feature.
Strichen GSP,Bilbo Farm | Strichen North BESS,LEL BILBO SOLAR LIMITED | MUIRDEN ENERGY LLP,Energy Storage System;PV Array (Photo Voltaic/solar) | Energy Storage System,PRO-001301-1 | PRO-001301-2 | PRO-004177,https://www.neso.energy/data-portal/transmission-entry-capacity-tec-register,57.586229,-2.070213,STRICHEN,Exact normalized name,High,100.0,https://doi.org/10.5285/0eed5c99-f409-4329-a98e-47f496bb88a2,Lovett & Sünnenberg GB substations dataset; STRICHEN; SSE NETWORKS; PSS,Exact normalized name; score 100.0/100; next-candidate margin 0.0. Coordinates represent the matched mapped feature.
Stronelairg 132/33kV Substation,Stronelairg,STRONELAIRG WIND FARM LIMITED,Wind Onshore,PRO-000184,https://www.neso.energy/data-portal/transmission-entry-capacity-tec-register,57.093803,-4.434339,Stronelairg Wind Farm Substation,Exact normalized name,High,100.0,https://www.openstreetmap.org/way/689625676,OpenStreetMap named substation feature: Stronelairg Wind Farm Substation,Exact normalized name; score 100.0/100; next-candidate margin 0.0. Coordinates represent the matched mapped feature.
Sundhope 132kV Substation,Sundhope Wind Farm,Black Knowe Energy Limited,Wind Onshore,PRO-002767,https://www.neso.energy/data-portal/transmission-entry-capacity-tec-register,55.284655,-2.781788,Sundhope,Town/locality proxy,Medium,100.0,https://www.openstreetmap.org/node/9287769228,OpenStreetMap named locality: Sundhope,"Town/locality proxy; score 100.0/100; next-candidate margin 100.0. Coordinates are a geographic proxy, not the confirmed electrical asset."
Sundon 400kV Substation,Fancott | Sundon | Sundon Pivoted Power | Sundon Storage,KONA ASSET 2 LIMITED | SUNDON BATTERY STORAGE LIMITED | PIVOTED POWER LLP | Statera Energy Limited,Energy Storage System | PV Array (Photo Voltaic/solar),PRO-002174 | PRO-001132 | PRO-001123 | PRO-001910,https://www.neso.energy/data-portal/transmission-entry-capacity-tec-register,51.936349,-0.503008,SUNDON 400KV S/S,Exact normalized name,High,100.0,https://doi.org/10.5285/0eed5c99-f409-4329-a98e-47f496bb88a2,Lovett & Sünnenberg GB substations dataset; SUNDON 400KV S/S; NATIONAL GRID; TRANS,Exact normalized name; score 100.0/100; next-candidate margin 0.0. Coordinates represent the matched mapped feature.
Sundon GSP,Chapel Farm Battery Storage Project | Clayhill Farm | Sundon,HARMONY CF LIMITED | ARL O09 LIMITED | SUNDON GREEN LIMITED,Energy Storage System,PRO-001786 | PRO-001270 | PRO-000473,https://www.neso.energy/data-portal/transmission-entry-capacity-tec-register,51.936349,-0.503008,SUNDON 400KV S/S,Exact normalized name,High,100.0,https://doi.org/10.5285/0eed5c99-f409-4329-a98e-47f496bb88a2,Lovett & Sünnenberg GB substations dataset; SUNDON 400KV S/S; NATIONAL GRID; TRANS,Exact normalized name; score 100.0/100; next-candidate margin 0.0. Coordinates represent the matched mapped feature.
Sussex and Romney Connection Node A 400kV Substation,KXP Alpha 1 Little Horsted | KXP Alpha 2 Little Horsted | KXP Alpha 3 Little Horsted | Little Horsted | Little Horsted Energy Park | New Little Horsted 200MW Solar and BESS | Ninfield | Ninfield BESS | STABLE GREEN ENERGY | TH Ninfield | Zenobe Little Horsted BESS,KXP ALPHA I LIMITED | KXP ALPHA II LIMITED | KXP ALPHA III LIMITED | Lightsource Renewable UK Development Limited | ELEMENTS GREEN DEVELOPMENT LTD | PRIVATE ENERGY PARTNERS (UK) LTD | Ninfield 10 Renewables Limited | Kona Energy Limited | LH NGET GRID SERVICES LIMITED | FRV Powertek Limited | Zenobe Energy Limited,Energy Storage System | Energy Storage System;PV Array (Photo Voltaic/solar),PRO-003776 | PRO-003777 | PRO-003778 | PRO-003715 | PRO-003624 | PRO-004783 | PRO-003408 | PRO-005070 | PRO-004254 | PRO-004111 | PRO-004032,https://www.neso.energy/data-portal/transmission-entry-capacity-tec-register,50.945248,0.090860,Little Horsted,TEC project-derived locality proxy,Low,100.0,https://www.openstreetmap.org/node/2237733237,OpenStreetMap named village: Little Horsted,"TEC project-derived locality proxy; score 100.0/100; next-candidate margin 0.0. Coordinates are a geographic proxy, not the confirmed electrical asset."
Sussex and Romney Connection Node B 132kV Substation,Lanehurst Farm BESS,ELGIN ENERGY ES CO LIMITED,Energy Storage System,PRO-005083,https://www.neso.energy/data-portal/transmission-entry-capacity-tec-register,,,,No reliable infrastructure match,Unresolved,57.1,,,Best candidate 'B&Q Swansea Rd Substation' scored 57.1; below reliability threshold.
Sussex and Romney Connection Node B 400kV Substation,DRAGON GREEN BESS | Lightsource Shipley PV | SAVE OUR PLANET | Shipley Road BESS,SHAW-ENERGI LTD | Lightsource Renewable UK Development Limited | SAVE OUR PLANET ENERGY LIMITED | CSE43 LIMITED,Energy Storage System | Energy Storage System;PV Array (Photo Voltaic/solar) | Demand;Energy Storage System;PV Array (Photo Voltaic/solar),PRO-003237 | PRO-003707 | PRO-004613 | PRO-002553,https://www.neso.energy/data-portal/transmission-entry-capacity-tec-register,50.997721,-0.373049,Dragons Green,TEC project-derived locality proxy,Low,96.0,https://www.openstreetmap.org/node/2864613601,OpenStreetMap named hamlet: Dragons Green,"TEC project-derived locality proxy; score 96.0/100; next-candidate margin 96.0. Coordinates are a geographic proxy, not the confirmed electrical asset."
Swaffham 400KV Substation,The Droves (formerly Swaffham PV & BESS),THE DROVES SOLAR FARM LIMITED,Energy Storage System;PV Array (Photo Voltaic/solar),PRO-003754,https://www.neso.energy/data-portal/transmission-entry-capacity-tec-register,52.643190,0.700622,SWAFFHAM GRID,Exact normalized name,High,100.0,https://doi.org/10.5285/0eed5c99-f409-4329-a98e-47f496bb88a2,Lovett & Sünnenberg GB substations dataset; SWAFFHAM GRID; UK POWER NETWORKS; PSS,Exact normalized name; score 100.0/100; next-candidate margin 0.0. Coordinates represent the matched mapped feature.
Swansea North 132kV Substation,Green Frog @ Alcoa,VIRIDIS 178 LIMITED,OCGT (Open Cycle Gas Turbine),PRO-001282,https://www.neso.energy/data-portal/transmission-entry-capacity-tec-register,51.682707,-3.960977,SWANSEA NORTH 132KV S/S,Exact normalized name,High,100.0,https://doi.org/10.5285/0eed5c99-f409-4329-a98e-47f496bb88a2,Lovett & Sünnenberg GB substations dataset; SWANSEA NORTH 132KV S/S; NATIONAL GRID; GSP,Exact normalized name; score 100.0/100; next-candidate margin 0.0. Coordinates represent the matched mapped feature.
Swansea North 400kV Substation,BESS Swan | Hirfynydd and Mynydd Drumaur | Peak Gen Llandarcy | Swansea | Swansea Greener Grid Park - Connection 1 | Swansea Greener Grid Park - Connection 2 | Swansea North | Swansea North Green Energy Centre,REWE 3 LIMITED | EDF ENERGY RENEWABLES LIMITED | PEAK GEN POWER 5 LIMITED | ENSO GREEN HOLDINGS LIMITED | SWANSEA GRID SOLUTIONS LIMITED | SWANSEA NORTH GREEN NG LIMITED,Energy Storage System | Energy Storage System;PV Array (Photo Voltaic/solar);Wind Onshore | Gas Reciprocating | Energy Storage System;PV Array (Photo Voltaic/solar) | Energy Storage System;Reactive Compensation | Reactive Compensation | Demand;Energy Storage System;PV Array (Photo Voltaic/solar);Wind Onshore,PRO-002009 | PRO-001899-1 | PRO-001899-2 | PRO-003900 | PRO-002086 | PRO-001120-1 | PRO-001120-2 | PRO-002044 | PRO-001119 | PRO-001794,https://www.neso.energy/data-portal/transmission-entry-capacity-tec-register,51.690070,-3.956781,SWANSEA NORTH 400KV S/S,Exact normalized name,High,100.0,https://doi.org/10.5285/0eed5c99-f409-4329-a98e-47f496bb88a2,Lovett & Sünnenberg GB substations dataset; SWANSEA NORTH 400KV S/S; NATIONAL GRID; TRANS,Exact normalized name; score 100.0/100; next-candidate margin 0.0. Coordinates represent the matched mapped feature.
Tangy IV 132KV Substation,Tangy IV WF,SSE Renewables Services (UK) Limited,Substation;Wind Onshore,PRO-001408,https://www.neso.energy/data-portal/transmission-entry-capacity-tec-register,55.487409,-5.682545,Tangy,Town/locality proxy,Low,76.9,https://www.openstreetmap.org/node/335526236,OpenStreetMap named hamlet: Tangy,"Town/locality proxy; score 76.9/100; next-candidate margin 76.9. Coordinates are a geographic proxy, not the confirmed electrical asset."
Tarland GSP,Tarland Battery Storage System,Tarland Limited,Energy Storage System,PRO-000922,https://www.neso.energy/data-portal/transmission-entry-capacity-tec-register,57.151935,-2.787241,TARLAND,Exact normalized name,High,100.0,https://doi.org/10.5285/0eed5c99-f409-4329-a98e-47f496bb88a2,Lovett & Sünnenberg GB substations dataset; TARLAND; SSE NETWORKS; GSP,Exact normalized name; score 100.0/100; next-candidate margin 0.0. Coordinates represent the matched mapped feature.
Taunton 400kV Substation,Taunton,PIVOTED POWER LLP,Energy Storage System,PRO-001073-1 | PRO-001073-2,https://www.neso.energy/data-portal/transmission-entry-capacity-tec-register,51.016951,-3.155084,TAUNTON 400KV S/S,Exact normalized name,High,100.0,https://doi.org/10.5285/0eed5c99-f409-4329-a98e-47f496bb88a2,Lovett & Sünnenberg GB substations dataset; TAUNTON 400KV S/S; NATIONAL GRID; TRANS,Exact normalized name; score 100.0/100; next-candidate margin 0.0. Coordinates represent the matched mapped feature.
Taunton GSP,Huntworth,UK POWER RESERVE LIMITED,CCGT (Combined Cycle Gas Turbine),PRO-000254,https://www.neso.energy/data-portal/transmission-entry-capacity-tec-register,51.016951,-3.155084,TAUNTON 400KV S/S,Exact normalized name,High,100.0,https://doi.org/10.5285/0eed5c99-f409-4329-a98e-47f496bb88a2,Lovett & Sünnenberg GB substations dataset; TAUNTON 400KV S/S; NATIONAL GRID; TRANS,Exact normalized name; score 100.0/100; next-candidate margin 0.0. Coordinates represent the matched mapped feature.
Taynuilt GSP,Beinn Ghlas,HEADWIND DEVELOPMENT SERVICES LIMITED,Wind Onshore,PRO-004073,https://www.neso.energy/data-portal/transmission-entry-capacity-tec-register,56.430165,-5.214944,TAYNUILT,Exact normalized name,High,100.0,https://doi.org/10.5285/0eed5c99-f409-4329-a98e-47f496bb88a2,Lovett & Sünnenberg GB substations dataset; TAYNUILT; SSE NETWORKS; PSS,Exact normalized name; score 100.0/100; next-candidate margin 0.0. Coordinates represent the matched mapped feature.
Tealing 132kV Substation,Myreton BESS | South Powrie Farm,GPC 1039 Ltd | QAIR RENEWABLES UK LIMITED,Energy Storage System,PRO-003050 | PRO-004353,https://www.neso.energy/data-portal/transmission-entry-capacity-tec-register,56.537212,-3.017207,TEALING ,Exact normalized name,High,100.0,https://doi.org/10.5285/0eed5c99-f409-4329-a98e-47f496bb88a2,Lovett & Sünnenberg GB substations dataset; TEALING ; SSE NETWORKS; TRANS,Exact normalized name; score 100.0/100; next-candidate margin 0.0. Coordinates represent the matched mapped feature.
Tealing 275/33kV Substation,Akku Tealing Battery Storage | Seagreen 1 Offshore Wind Farm,Akku Tealing Limited | Seagreen Wind Energy Limited,Energy Storage System | Wind Offshore,PRO-003092 | PRO-000527,https://www.neso.energy/data-portal/transmission-entry-capacity-tec-register,56.537212,-3.017207,TEALING ,Exact normalized name,High,100.0,https://doi.org/10.5285/0eed5c99-f409-4329-a98e-47f496bb88a2,Lovett & Sünnenberg GB substations dataset; TEALING ; SSE NETWORKS; TRANS,Exact normalized name; score 100.0/100; next-candidate margin 0.0. Coordinates represent the matched mapped feature.
Tealing 400kV Substation,Tealing Energy Park,ONPATH ENERGY LIMITED,Energy Storage System,PRO-003084,https://www.neso.energy/data-portal/transmission-entry-capacity-tec-register,56.537212,-3.017207,TEALING ,Exact normalized name,High,100.0,https://doi.org/10.5285/0eed5c99-f409-4329-a98e-47f496bb88a2,Lovett & Sünnenberg GB substations dataset; TEALING ; SSE NETWORKS; TRANS,Exact normalized name; score 100.0/100; next-candidate margin 0.0. Coordinates represent the matched mapped feature.
Tealing IDNO 132/33kV GSP,Tealing Solar & Storage,SIRIUS ECODEV (TEALING) LTD,Energy Storage System;PV Array (Photo Voltaic/solar),PRO-001501,https://www.neso.energy/data-portal/transmission-entry-capacity-tec-register,,,,No reliable infrastructure match,Unresolved,73.7,,,Best candidate 'TEALING ' scored 73.7; below reliability threshold.
Teeside Connection Node 2 C 132/400kV Substation,Bute Hydrogen Project 4,HALDANE ENERGY PROJECT 4 LIMITED,CCGT (Combined Cycle Gas Turbine),PRO-004127,https://www.neso.energy/data-portal/transmission-entry-capacity-tec-register,,,,No reliable infrastructure match,Unresolved,62.5,,,Best candidate 'Teesside Aintree' scored 62.5; below reliability threshold.
Teeside Connection Node A 132kV Substation,NEL Lackenby | Tees Renewable Energy Plant,Newton Energi Limited | MGT TEESSIDE LIMITED,Energy Storage System | Biomass,PRO-003658 | PRO-000278,https://www.neso.energy/data-portal/transmission-entry-capacity-tec-register,54.602139,-1.161282,Tees Renewable Energy Plant,TEC project matched to DESNZ REPD,Medium,100.0,https://www.gov.uk/government/publications/renewable-energy-planning-database-quarterly-extract,"DESNZ REPD ref 153: Tees Renewable Energy Plant; Teesport, Teeside, Middlesbrough; planning ref ",TEC project matched to DESNZ REPD; score 100.0/100; next-candidate margin 6.9. Coordinates represent the matched mapped feature.
Teeside Connection Node A 400kV Substation,Lackenby PV & BESS Station | NatPower Teesside Green Energy Park,IB VOGT UK LTD | Old Rides Energy Storage Limited,Energy Storage System;PV Array (Photo Voltaic/solar) | Energy Storage System,PRO-003551 | PRO-004207,https://www.neso.energy/data-portal/transmission-entry-capacity-tec-register,,,,No reliable infrastructure match,Unresolved,73.3,,,Best candidate 'Teesside Aintree' scored 73.3; below reliability threshold.
Teeside Connection Node B,Bute Hydrogen Project 5,HALDANE ENERGY PROJECT 5 LIMITED,CCGT (Combined Cycle Gas Turbine),PRO-004128,https://www.neso.energy/data-portal/transmission-entry-capacity-tec-register,,,,No reliable infrastructure match,Unresolved,66.7,,,Best candidate 'Teesside Aintree' scored 66.7; below reliability threshold.
Teviot 400/132kV Substation,Chesters | Cliffhope | Teviot Wind Farm,Queequeg Renewables Ltd | Invenergy Development UK Ltd | TEVIOT WF LIMITED,Energy Storage System;Wind Onshore | Wind Onshore,PRO-004805 | PRO-006052 | PRO-000855,https://www.neso.energy/data-portal/transmission-entry-capacity-tec-register,55.342954,-2.939226,Teviot Wind Farm,TEC project matched to DESNZ REPD,Low,100.0,https://www.gov.uk/government/publications/renewable-energy-planning-database-quarterly-extract,"DESNZ REPD ref 11441: Teviot Wind Farm; Teviot Wind Farm Land South, East And West Of Priesthaugh ; planning ref ECU00003249",TEC project matched to DESNZ REPD; score 100.0/100; next-candidate margin 0.0. Coordinates represent the matched mapped feature.
TH Renfrwshire 275kV Substation,TH Renfrewshire,FRV Powertek Limited,Energy Storage System,PRO-004188,https://www.neso.energy/data-portal/transmission-entry-capacity-tec-register,,,,No reliable infrastructure match,Unresolved,63.6,,,Best candidate 'Trenwith' scored 63.6; below reliability threshold.
Thanet 33/132kV Offshore Substation,Thanet Offshore Wind Farm,THANET OFFSHORE WIND LIMITED,Wind Offshore,PRO-000212,https://www.neso.energy/data-portal/transmission-entry-capacity-tec-register,51.367900,1.388735,THANET,Exact normalized name,High,100.0,https://doi.org/10.5285/0eed5c99-f409-4329-a98e-47f496bb88a2,Lovett & Sünnenberg GB substations dataset; THANET; UK POWER NETWORKS; BSP,Exact normalized name; score 100.0/100; next-candidate margin 0.0. Coordinates represent the matched mapped feature.
Thetford 400kV Substation,J212 High Grove Solar,RWE Renewables UK Solar and Storage Limited,Energy Storage System;PV Array (Photo Voltaic/solar),PRO-002542,https://www.neso.energy/data-portal/transmission-entry-capacity-tec-register,52.447326,0.721734,THETFORD POWER STATION,Exact normalized name,High,100.0,https://doi.org/10.5285/0eed5c99-f409-4329-a98e-47f496bb88a2,Lovett & Sünnenberg GB substations dataset; THETFORD POWER STATION; UK POWER NETWORKS; PSS,Exact normalized name; score 100.0/100; next-candidate margin 0.0. Coordinates represent the matched mapped feature.
Thormanby 400kV Substation,Poppleton PV & BESS Sub | Sedgeby Solar Farm,YORK ENERGY PARK LIMITED | Sedgeby Solar Limited,Energy Storage System;PV Array (Photo Voltaic/solar),PRO-002642 | PRO-002123,https://www.neso.energy/data-portal/transmission-entry-capacity-tec-register,54.167762,-1.245026,Thormanby,Town/locality proxy,Medium,100.0,https://www.openstreetmap.org/node/251001399,OpenStreetMap named hamlet: Thormanby,"Town/locality proxy; score 100.0/100; next-candidate margin 100.0. Coordinates are a geographic proxy, not the confirmed electrical asset."
Thornton 400kV Substation,Derwent Solar PV Array | Elmya Melbourne BESS | Thornton | Thornton Facility,ANESCO LIMITED | ELMYA RPC UK MELBOURNE LIMITED | IGP SOLAR 19 LIMITED | BALWEN LIMITED,PV Array (Photo Voltaic/solar) | Energy Storage System | Energy Storage System;PV Array (Photo Voltaic/solar),PRO-001648 | PRO-002424-1 | PRO-002424-2 | PRO-001647 | PRO-001484-1 | PRO-001484-2 | PRO-001484-3 | PRO-001484-4,https://www.neso.energy/data-portal/transmission-entry-capacity-tec-register,53.900389,-0.822043,THORNTON 400KV S/S,Exact normalized name,High,100.0,https://doi.org/10.5285/0eed5c99-f409-4329-a98e-47f496bb88a2,Lovett & Sünnenberg GB substations dataset; THORNTON 400KV S/S; NATIONAL GRID; TRANS,Exact normalized name; score 100.0/100; next-candidate margin 0.0. Coordinates represent the matched mapped feature.
Thornton B 400kV Substation,Thornton PV & BESS Sub,O&G Solar (SPV 57) Limited,Energy Storage System;PV Array (Photo Voltaic/solar),PRO-004141,https://www.neso.energy/data-portal/transmission-entry-capacity-tec-register,53.900389,-0.822043,THORNTON 400KV S/S,Strong name match,High,100.0,https://doi.org/10.5285/0eed5c99-f409-4329-a98e-47f496bb88a2,Lovett & Sünnenberg GB substations dataset; THORNTON 400KV S/S; NATIONAL GRID; TRANS,Strong name match; score 100.0/100; next-candidate margin 4.0. Coordinates represent the matched mapped feature.
Thorntonloch 400kV Substation,Elmya Dunbar BESS | Torness BESS Station,ELMYA ENERGY UK 1 LIMITED | IBV Torness Energy Park Limited,Energy Storage System,PRO-002290 | PRO-004904,https://www.neso.energy/data-portal/transmission-entry-capacity-tec-register,55.962618,-2.400826,Thorntonloch,Town/locality proxy,Medium,100.0,https://www.openstreetmap.org/node/368351538,OpenStreetMap named hamlet: Thorntonloch,"Town/locality proxy; score 100.0/100; next-candidate margin 100.0. Coordinates are a geographic proxy, not the confirmed electrical asset."
Thorpe Marsh 400kV Substation,Fenwick Solar Project | Thorpe Marsh 1 (Tertiary) | Thorpe Marsh Energy Park | Thorpe Marsh Green Energy Centre,FENWICK SOLAR PROJECT LIMITED | ENSO GREEN HOLDINGS I LIMITED | THORPE MARSH GREEN ENERGY HUB LIMITED | THORPE MARSH NG LTD,Energy Storage System;PV Array (Photo Voltaic/solar) | Energy Storage System | Demand;Energy Storage System;PV Array (Photo Voltaic/solar);Wind Onshore,PRO-001915 | PRO-000470 | PRO-001620 | PRO-001724-1 | PRO-001724-2,https://www.neso.energy/data-portal/transmission-entry-capacity-tec-register,53.575571,-1.089074,THORPE MARSH 400KV S/S,Exact normalized name,High,100.0,https://doi.org/10.5285/0eed5c99-f409-4329-a98e-47f496bb88a2,Lovett & Sünnenberg GB substations dataset; THORPE MARSH 400KV S/S; NATIONAL GRID; TRANS,Exact normalized name; score 100.0/100; next-candidate margin 0.0. Coordinates represent the matched mapped feature.
Thorpe Marsh GSP,NEL Nicholson,UE 2 LTD,Energy Storage System,PRO-002816,https://www.neso.energy/data-portal/transmission-entry-capacity-tec-register,53.579178,-1.087048,THORPE MARSH 66KV S/S,Exact normalized name,High,100.0,https://doi.org/10.5285/0eed5c99-f409-4329-a98e-47f496bb88a2,Lovett & Sünnenberg GB substations dataset; THORPE MARSH 66KV S/S; NATIONAL GRID; GSP,Exact normalized name; score 100.0/100; next-candidate margin 0.0. Coordinates represent the matched mapped feature.
Thurcroft 275kV Substation,MALTBY DEV. | Thurcroft BESS,Firma Vogt Solar Ltd | HARMONY TC LIMITED,Energy Storage System;PV Array (Photo Voltaic/solar) | Energy Storage System,PRO-003064 | PRO-002313,https://www.neso.energy/data-portal/transmission-entry-capacity-tec-register,53.404903,-1.268503,THURCROFT 275KV S/S,Exact normalized name,High,100.0,https://doi.org/10.5285/0eed5c99-f409-4329-a98e-47f496bb88a2,Lovett & Sünnenberg GB substations dataset; THURCROFT 275KV S/S; NATIONAL GRID; TRANS,Exact normalized name; score 100.0/100; next-candidate margin 0.0. Coordinates represent the matched mapped feature.
Thurso GSP,Thurso South Synchronous Compensation,THURSO GRID SERVICES LIMITED,Reactive Compensation,PRO-001415,https://www.neso.energy/data-portal/transmission-entry-capacity-tec-register,58.574008,-3.511711,THURSO,Exact normalized name,High,100.0,https://doi.org/10.5285/0eed5c99-f409-4329-a98e-47f496bb88a2,Lovett & Sünnenberg GB substations dataset; THURSO; SSE NETWORKS; GSP,Exact normalized name; score 100.0/100; next-candidate margin 100.0. Coordinates represent the matched mapped feature.
Thurso South 132/33kV GSP Substation,Cairnmore Hill Wind Farm,Cairnmore Hill Energy Limited,Wind Onshore,PRO-001304,https://www.neso.energy/data-portal/transmission-entry-capacity-tec-register,58.565889,-3.478387,THURSO SOUTH ,Exact normalized name,High,100.0,https://doi.org/10.5285/0eed5c99-f409-4329-a98e-47f496bb88a2,Lovett & Sünnenberg GB substations dataset; THURSO SOUTH ; SSE NETWORKS; TRANS,Exact normalized name; score 100.0/100; next-candidate margin 0.0. Coordinates represent the matched mapped feature.
Thurso South 275kV Substation’,Farm 100MW BESS | Lythmore | Thurso South BESS,Apatura Battery Ltd | QAIR SCOTLAND LIMITED | WP Grid Storage 3 Limited,Energy Storage System | Energy Storage System;PV Array (Photo Voltaic/solar),PRO-003971 | PRO-005007 | PRO-003655,https://www.neso.energy/data-portal/transmission-entry-capacity-tec-register,58.565889,-3.478387,THURSO SOUTH ,Exact normalized name,High,100.0,https://doi.org/10.5285/0eed5c99-f409-4329-a98e-47f496bb88a2,Lovett & Sünnenberg GB substations dataset; THURSO SOUTH ; SSE NETWORKS; TRANS,Exact normalized name; score 100.0/100; next-candidate margin 0.0. Coordinates represent the matched mapped feature.
Thurso South 400kV Substation,Mybster 2 Battery Storage,POTENCIA ENERGY (MYBSTER) LTD,Energy Storage System,PRO-004479,https://www.neso.energy/data-portal/transmission-entry-capacity-tec-register,58.565889,-3.478387,THURSO SOUTH ,Exact normalized name,High,100.0,https://doi.org/10.5285/0eed5c99-f409-4329-a98e-47f496bb88a2,Lovett & Sünnenberg GB substations dataset; THURSO SOUTH ; SSE NETWORKS; TRANS,Exact normalized name; score 100.0/100; next-candidate margin 0.0. Coordinates represent the matched mapped feature.
Tideford 400kV Substation,Cornwall Energy Park,GREEN ENERGY MAB LTD,Energy Storage System;PV Array (Photo Voltaic/solar),PRO-002379,https://www.neso.energy/data-portal/transmission-entry-capacity-tec-register,50.414382,-4.327917,Tideford,Town/locality proxy,Low,100.0,https://www.openstreetmap.org/node/423819454,OpenStreetMap named village: Tideford,"Town/locality proxy; score 100.0/100; next-candidate margin 0.0. Coordinates are a geographic proxy, not the confirmed electrical asset."
Tilbury 132kV Substation,Tilbury,TILBURY GREEN POWER LIMITED,Biomass,PRO-000238,https://www.neso.energy/data-portal/transmission-entry-capacity-tec-register,51.460286,0.393738,TILBURY 400KV S/S,Exact normalized name,High,100.0,https://doi.org/10.5285/0eed5c99-f409-4329-a98e-47f496bb88a2,Lovett & Sünnenberg GB substations dataset; TILBURY 400KV S/S; NATIONAL GRID; TRANS,Exact normalized name; score 100.0/100; next-candidate margin 0.0. Coordinates represent the matched mapped feature.
Tilbury 275kV Substation,Thurrock Power Station,THURROCK FLEXIBLE GENERATION LIMITED,Energy Storage System;Gas Reciprocating,PRO-000494-1 | PRO-000494-2,https://www.neso.energy/data-portal/transmission-entry-capacity-tec-register,51.460136,0.390535,TILBURY 275KV S/S,Exact normalized name,High,100.0,https://doi.org/10.5285/0eed5c99-f409-4329-a98e-47f496bb88a2,Lovett & Sünnenberg GB substations dataset; TILBURY 275KV S/S; NATIONAL GRID; TRANS,Exact normalized name; score 100.0/100; next-candidate margin 0.0. Coordinates represent the matched mapped feature.
TINNISBURN WIND FARM 132KV SUBSTATION,Tinnisburn Wind Farm,BAYWA R.E. UK LIMITED,Energy Storage System;Wind Onshore,PRO-003997,https://www.neso.energy/data-portal/transmission-entry-capacity-tec-register,,,,No reliable infrastructure match,Unresolved,70.6,,,Best candidate 'TISBURY' scored 70.6; below reliability threshold.
Tod Point 275kV Substation,Net Zero Teesside Power Project,NET ZERO TEESSIDE POWER LIMITED,CCGT (Combined Cycle Gas Turbine);Demand,PRO-001400,https://www.neso.energy/data-portal/transmission-entry-capacity-tec-register,54.606477,-1.116637,TOD POINT 275KV S/S,Exact normalized name,High,100.0,https://doi.org/10.5285/0eed5c99-f409-4329-a98e-47f496bb88a2,Lovett & Sünnenberg GB substations dataset; TOD POINT 275KV S/S; NATIONAL GRID; TRANS,Exact normalized name; score 100.0/100; next-candidate margin 0.0. Coordinates represent the matched mapped feature.
Toddleburn 33kV,Toddleburn Wind Farm,SSE TODDLEBURN LIMITED,Wind Onshore,PRO-000185,https://www.neso.energy/data-portal/transmission-entry-capacity-tec-register,55.769149,-2.873376,Toddleburn,Exact normalized name,High,100.0,https://www.openstreetmap.org/relation/6949310,OpenStreetMap named plant feature: Toddleburn,Exact normalized name; score 100.0/100; next-candidate margin 100.0. Coordinates represent the matched mapped feature.
Tolkien Farm 132kV Substation,Tolkien Solar Farm,Tolkien Solar Farm Limited,Energy Storage System;PV Array (Photo Voltaic/solar),PRO-002294,https://www.neso.energy/data-portal/transmission-entry-capacity-tec-register,,,,No reliable infrastructure match,Unresolved,66.7,,,Best candidate 'TALKE 33/11KV' scored 66.7; below reliability threshold.
Tomatin 132kV Substation Extension,Kyllachy Wind Farm,WIND ESTATE (UK) LIMITED,Energy Storage System;Wind Onshore,PRO-005941,https://www.neso.energy/data-portal/transmission-entry-capacity-tec-register,57.341987,-4.010412,TOMATIN,Exact normalized name,High,100.0,https://doi.org/10.5285/0eed5c99-f409-4329-a98e-47f496bb88a2,Lovett & Sünnenberg GB substations dataset; TOMATIN; SSE NETWORKS; PSS,Exact normalized name; score 100.0/100; next-candidate margin 0.0. Coordinates represent the matched mapped feature.
Tomchrasky Wind Farm 132kV Substation,Tomchrasky Wind Farm,E Power Limited,Wind Onshore,PRO-002270,https://www.neso.energy/data-portal/transmission-entry-capacity-tec-register,,,,No reliable infrastructure match,Unresolved,62.8,,,Best candidate 'TORQUAY BSP' scored 62.8; below reliability threshold.
Tongland 132/33kV Substation,St Marys Isle Solar Farm,GRUPOTEC SOLAR UK 5 LIMITED,Energy Storage System;PV Array (Photo Voltaic/solar),PRO-002789,https://www.neso.energy/data-portal/transmission-entry-capacity-tec-register,54.863991,-4.033995,TONGLAND,Exact normalized name,High,100.0,https://doi.org/10.5285/0eed5c99-f409-4329-a98e-47f496bb88a2,Lovett & Sünnenberg GB substations dataset; TONGLAND; SP ENERGY NETWORKS; GSP,Exact normalized name; score 100.0/100; next-candidate margin 0.0. Coordinates represent the matched mapped feature.
Torfichen Energy Park 132kV Substation,Torfichen Energy Park,Torfichen Energy Limited,Energy Storage System;Wind Onshore,PRO-002598,https://www.neso.energy/data-portal/transmission-entry-capacity-tec-register,,,,No reliable infrastructure match,Unresolved,73.7,,,Best candidate 'Sheaf Energy Park' scored 73.7; below reliability threshold.
Torness 400/132kV,Bridge BESS | Torness,Apatura Battery Ltd | EDF Energy Nuclear Generation Limited,Energy Storage System | Nuclear,PRO-003826 | PRO-000146,https://www.neso.energy/data-portal/transmission-entry-capacity-tec-register,55.966650,-2.412707,TORNESS,Exact normalized name,High,100.0,https://doi.org/10.5285/0eed5c99-f409-4329-a98e-47f496bb88a2,Lovett & Sünnenberg GB substations dataset; TORNESS; SP ENERGY NETWORKS; PSS,Exact normalized name; score 100.0/100; next-candidate margin 0.0. Coordinates represent the matched mapped feature.
Torr Achilty (Conan Cascade Hydro Scheme),Torr Achilty (part of the Conon Cascade),SSE Generation Limited,Hydro,PRO-000186,https://www.neso.energy/data-portal/transmission-entry-capacity-tec-register,,,,No reliable infrastructure match,Unresolved,69.7,,,Best candidate 'Torran-Cuilinn Hydro Scheme' scored 69.7; below reliability threshold.
Torridge Offshore Substation,Torridge Offshore Wind Farm,GWYNT GLAS OFFSHORE WIND FARM LIMITED,Wind Offshore,PRO-001917,https://www.neso.energy/data-portal/transmission-entry-capacity-tec-register,50.388725,-4.108746,Torridge Way Substation,Candidate infrastructure match,Low,80.0,https://www.openstreetmap.org/node/13197987003,OpenStreetMap named substation feature: Torridge Way Substation,Candidate infrastructure match; score 80.0/100; next-candidate margin 80.0. Coordinates represent the matched mapped feature.
Tralorg 33kV,Tralorg Wind Farm,TRALORG WIND FARM LIMITED,Wind Onshore,PRO-000357,https://www.neso.energy/data-portal/transmission-entry-capacity-tec-register,55.234368,-4.788796,Tralorg Wind Farm Substation,Exact normalized name,High,100.0,https://www.openstreetmap.org/way/1253675807,OpenStreetMap named substation feature: Tralorg Wind Farm Substation,Exact normalized name; score 100.0/100; next-candidate margin 0.0. Coordinates represent the matched mapped feature.
Trawsfynydd 275kV Substation,Cwm Dyli | Trawsfynydd B Cwmni Egino,RWE Generation UK Plc | Cwmni Egino,Hydro | Nuclear,PRO-000115 | PRO-004421,https://www.neso.energy/data-portal/transmission-entry-capacity-tec-register,52.927377,-3.947524,TRAWSFYNYDD 275KV S/S,Exact normalized name,High,100.0,https://doi.org/10.5285/0eed5c99-f409-4329-a98e-47f496bb88a2,Lovett & Sünnenberg GB substations dataset; TRAWSFYNYDD 275KV S/S; NATIONAL GRID; TRANS,Exact normalized name; score 100.0/100; next-candidate margin 0.0. Coordinates represent the matched mapped feature.
Trent Valley North Connection Node B 132kV Substation,CRT Keadby 2,Bluestone Energy Ltd,Energy Storage System,PRO-005846,https://www.neso.energy/data-portal/transmission-entry-capacity-tec-register,53.595306,-0.752205,Keadby 2 Power Station,TEC project geocoded-area proxy,Low,80.0,https://www.openstreetmap.org/way/58736682,TEC project 'CRT Keadby 2' matched via OpenStreetMap/Photon to Keadby 2 Power Station; North Lincolnshire,"TEC project geocoded-area proxy; score 80.0/100; next-candidate margin 80.0. Coordinates are a geographic proxy, not the confirmed electrical asset."
Trent Valley North Connection Node B 400kV Substation,Epworth PV & BESS Station | Kinoulton Solar & BESS | Tween Bridge Solar Park,IBV KELFIELD SOLAR LTD | GREENTECH INVEST UK (16) LIMITED | RWE Renewables UK Solar and Storage Limited,Energy Storage System;PV Array (Photo Voltaic/solar),PRO-003644 | PRO-004560 | PRO-001990-1 | PRO-001990-2 | PRO-001990-3,https://www.neso.energy/data-portal/transmission-entry-capacity-tec-register,53.622294,-0.935590,Tween Bridge Windfarm,TEC project matched to DESNZ REPD,Low,96.0,https://www.gov.uk/government/publications/renewable-energy-planning-database-quarterly-extract,"DESNZ REPD ref 3928: Tween Bridge Windfarm; Tween Bridge, Thorne, Doncaster, South Yorks; planning ref 04/0314/P/CIR2",TEC project matched to DESNZ REPD; score 96.0/100; next-candidate margin 0.0. Coordinates represent the matched mapped feature.
Trent Valley North Connection Node F 400kV Substation,NatPower Immingham Green Energy Park,IMMINGHAM ENERGY STORAGE LIMITED,Energy Storage System,PRO-004566,https://www.neso.energy/data-portal/transmission-entry-capacity-tec-register,,,,No reliable infrastructure match,Unresolved,59.1,,,Best candidate 'Silent Valley Waste Substation' scored 59.1; below reliability threshold.
Trent Valley South Connection Node A 400k,BTGBBIK01 - BICKER FEN 400MW BESS,Field Bicker Fen Ltd,Energy Storage System,PRO-005116,https://www.neso.energy/data-portal/transmission-entry-capacity-tec-register,,,,No reliable infrastructure match,Unresolved,57.1,,,Best candidate 'Silent Valley Waste Substation' scored 57.1; below reliability threshold.
Trent Valley South Connection Node A 400kV,CODDINGTON BESS | Leadenham High Impact Green Energy Hub | Vicarage Drove BESS,SHAW-ENERGI LTD | TELIS ENERGY UK LIMITED | UK Transition Power Holdings Limited,Energy Storage System | Energy Storage System;Nuclear;PV Array (Photo Voltaic/solar);Wind Onshore,PRO-003666 | PRO-003815 | PRO-004943,https://www.neso.energy/data-portal/transmission-entry-capacity-tec-register,53.093255,-2.818239,Coddington,TEC project-derived locality proxy,Low,100.0,https://www.openstreetmap.org/node/20612889,OpenStreetMap named hamlet: Coddington,"TEC project-derived locality proxy; score 100.0/100; next-candidate margin 0.0. Coordinates are a geographic proxy, not the confirmed electrical asset."
Trent Valley South Connection Node B 400kV Substation.,Apley Head Farm | Cottam-Ryhall Solar & BESS | NatPower Allington Green Energy Park | Natpower Thimbleby Green Energy Park | Project Number 6 | Project Number 8 | Stack Hill Solar and Storage | TH Stow Manor | Worksop BESS,Queequeg Renewables Ltd | CRH RENEWABLES LIMITED | COTTOM TO RYHALL ENERGY LIMITED | MOWBRAY ENERGY PARK LIMITED | Trent BESS II Limited | Trent BESS I Limited | RWE Renewables UK Solar and Storage Limited | FRV Powertek Limited | ARM Cedar Limited,Energy Storage System;PV Array (Photo Voltaic/solar) | Energy Storage System,PRO-003968 | PRO-004100 | PRO-004387 | PRO-003740 | PRO-003748 | PRO-004072 | PRO-005105 | PRO-003077 | PRO-003657,https://www.neso.energy/data-portal/transmission-entry-capacity-tec-register,53.304236,-1.124617,Worksop,TEC project-derived locality proxy,Low,100.0,https://www.openstreetmap.org/node/26984581,OpenStreetMap named town: Worksop,"TEC project-derived locality proxy; score 100.0/100; next-candidate margin 100.0. Coordinates are a geographic proxy, not the confirmed electrical asset."
Trent Valley South Connection Node C 400kV Substation,Barnby Solar Farm | Bicker Fen | Coddington | Cranwell Solar & BESS Farm | Elmya Foxdale BESS | Grantham Generation | Kinder PV & BESS Station | NatPower Navenby Energy Park | Noventum Navenby | Oak Holt Solar,KS SPV 75 LIMITED | IB VOGT UK LTD | STARLIGHT ENERGY UK LIMITED | TRIO POWER LIMITED | RPC ELMYA CARNATION FOXDALE LIMITED | Aukera Energy Limited | IBV DANETHORPE LANE SOLAR LIMITED | NAVENBY ENERGY LIMITED | NOVENTUM POWER SOLAR 4 LIMITED | RWE Renewables UK Solar and Storage Limited,Energy Storage System;PV Array (Photo Voltaic/solar) | Energy Storage System,PRO-003607 | PRO-004295 | PRO-003750 | PRO-004952 | PRO-004934 | PRO-003230 | PRO-006063 | PRO-005006 | PRO-003915 | PRO-004539,https://www.neso.energy/data-portal/transmission-entry-capacity-tec-register,52.937937,-0.217815,Bicker Fen,TEC project matched to DESNZ REPD,Low,100.0,https://www.gov.uk/government/publications/renewable-energy-planning-database-quarterly-extract,"DESNZ REPD ref 3128: Bicker Fen; Bicker Fen, Bicker, Boston, Lincolnshire; planning ref B/03/0189",TEC project matched to DESNZ REPD; score 100.0/100; next-candidate margin 0.0. Coordinates represent the matched mapped feature.
Trent Valley South Connection Node D 400kV Substation,Bute Hydrogen Project 1 | Noventum - Budby | Stoke Bardolph,HALDANE ENERGY PROJECT 1 LIMITED | NOVENTUM POWER SOLAR 15 LIMITED | Stoke Bardolph 10 Renewables Limited | Source Galileo	Limited,CCGT (Combined Cycle Gas Turbine) | Energy Storage System;PV Array (Photo Voltaic/solar) | Energy Storage System,PRO-004124 | PRO-004652 | PRO-003405 | PRO-004009,https://www.neso.energy/data-portal/transmission-entry-capacity-tec-register,52.975771,-1.043966,Stoke Bardolph Farm,TEC project matched to DESNZ REPD,Low,100.0,https://www.gov.uk/government/publications/renewable-energy-planning-database-quarterly-extract,"DESNZ REPD ref 2753: Stoke Bardolph Farm; Stoke Bardolph Farm, Nottinghamshire; planning ref 2010/0289",TEC project matched to DESNZ REPD; score 100.0/100; next-candidate margin 0.0. Coordinates represent the matched mapped feature.
Trent Valley South Connection Node G 400kV Substation,High Marnham 400MW Field BESS,Field High Marnham Ltd,Energy Storage System,PRO-005938,https://www.neso.energy/data-portal/transmission-entry-capacity-tec-register,,,,No reliable infrastructure match,Unresolved,63.6,,,Best candidate 'Silent Valley Waste Substation' scored 63.6; below reliability threshold.
Triton Knoll Offshore Substation,Triton Knoll Offshore Wind Farm,TRITON KNOLL OFFSHORE WIND FARM LIMITED,Wind Offshore,PRO-000193,https://www.neso.energy/data-portal/transmission-entry-capacity-tec-register,52.944850,-0.226474,Triton Knoll Wind Farm Substation,Exact normalized name,High,100.0,https://www.openstreetmap.org/way/895564309,OpenStreetMap named substation feature: Triton Knoll Wind Farm Substation,Exact normalized name; score 100.0/100; next-candidate margin 100.0. Coordinates represent the matched mapped feature.
Tween Bridge 400kV,ER BR Energy,ER PROJECT DEVELOPMENT CO LIMITED,Energy Storage System;PV Array (Photo Voltaic/solar);Wind Onshore,PRO-003724,https://www.neso.energy/data-portal/transmission-entry-capacity-tec-register,53.612292,-0.908073,Tween Bridge Moor,Strong name match,High,96.0,https://www.openstreetmap.org/relation/2924749,OpenStreetMap named plant feature: Tween Bridge Moor,Strong name match; score 96.0/100; next-candidate margin 16.0. Coordinates represent the matched mapped feature.
Tynemouth 275kV Substation,Don Cossack,Don Cossack Ltd,Energy Storage System,PRO-003875,https://www.neso.energy/data-portal/transmission-entry-capacity-tec-register,55.023550,-1.500663,TYNEMOUTH 275KV S/S,Exact normalized name,High,100.0,https://doi.org/10.5285/0eed5c99-f409-4329-a98e-47f496bb88a2,Lovett & Sünnenberg GB substations dataset; TYNEMOUTH 275KV S/S; NATIONAL GRID; TRANS,Exact normalized name; score 100.0/100; next-candidate margin 0.0. Coordinates represent the matched mapped feature.
Tynemouth GSP (NPG),Chirton Grange,ELAWAN ENERGY UK LIMITED,Energy Storage System;PV Array (Photo Voltaic/solar),PRO-004948,https://www.neso.energy/data-portal/transmission-entry-capacity-tec-register,55.017785,-1.425604,Tynemouth,Town/locality proxy,Low,81.8,https://www.openstreetmap.org/node/27159423,OpenStreetMap named town: Tynemouth,"Town/locality proxy; score 81.8/100; next-candidate margin 81.8. Coordinates are a geographic proxy, not the confirmed electrical asset."
Upper Boat 275kV Substation,GF Upper Boat,PULSE CLEAN ENERGY SPV FRANKLIN LIMITED,Energy Storage System;Reactive Compensation,PRO-003568-1 | PRO-003568-2 | PRO-003568-3,https://www.neso.energy/data-portal/transmission-entry-capacity-tec-register,51.574051,-3.300426,UPPER BOAT 275KV S/S,Exact normalized name,High,100.0,https://doi.org/10.5285/0eed5c99-f409-4329-a98e-47f496bb88a2,Lovett & Sünnenberg GB substations dataset; UPPER BOAT 275KV S/S; NATIONAL GRID; TRANS,Exact normalized name; score 100.0/100; next-candidate margin 0.0. Coordinates represent the matched mapped feature.
Upperboat 132kV Substation,Abedare | Dowlais,UK POWER RESERVE LIMITED | VIRIDIS 178 LIMITED,CCGT (Combined Cycle Gas Turbine) | Thermal,PRO-000001 | PRO-000948,https://www.neso.energy/data-portal/transmission-entry-capacity-tec-register,51.575162,-3.297514,UPPER BOAT 132KV S/S,Candidate infrastructure match,Low,98.7,https://doi.org/10.5285/0eed5c99-f409-4329-a98e-47f496bb88a2,Lovett & Sünnenberg GB substations dataset; UPPER BOAT 132KV S/S; NATIONAL GRID; GSP,Candidate infrastructure match; score 98.7/100; next-candidate margin 0.0. Coordinates represent the matched mapped feature.
Uskmouth 132kV Substation,Solutia | Uskmouth | Uskmouth - New Connection,UK POWER RESERVE LIMITED | USKMOUTH ENERGY STORAGE LIMITED | AW1 ENERGY STORAGE LIMITED,CCGT (Combined Cycle Gas Turbine) | Energy Storage System,PRO-000265 | PRO-000220 | PRO-001357,https://www.neso.energy/data-portal/transmission-entry-capacity-tec-register,51.548681,-2.975535,USKMOUTH 132KV S/S,Exact normalized name,High,100.0,https://doi.org/10.5285/0eed5c99-f409-4329-a98e-47f496bb88a2,Lovett & Sünnenberg GB substations dataset; USKMOUTH 132KV S/S; NATIONAL GRID; GSP,Exact normalized name; score 100.0/100; next-candidate margin 0.0. Coordinates represent the matched mapped feature.
Uskmouth 275kV Substation,EcoUskmouth | Severn Power,AW2 ENERGY STORAGE LIMITED | SEVERN POWER LIMITED,Energy Storage System | CCGT (Combined Cycle Gas Turbine);Demand,PRO-002052 | PRO-000205,https://www.neso.energy/data-portal/transmission-entry-capacity-tec-register,51.548681,-2.975535,USKMOUTH 132KV S/S,Exact normalized name,High,100.0,https://doi.org/10.5285/0eed5c99-f409-4329-a98e-47f496bb88a2,Lovett & Sünnenberg GB substations dataset; USKMOUTH 132KV S/S; NATIONAL GRID; GSP,Exact normalized name; score 100.0/100; next-candidate margin 0.0. Coordinates represent the matched mapped feature.
Vale of Leven 132kV substation,Vale of Leven Wind Farm,Vale of Leven Wind Farm Limited,Wind Onshore,PRO-003214,https://www.neso.energy/data-portal/transmission-entry-capacity-tec-register,55.924373,-4.452767,Vale of Leven Wind Farm,TEC project matched to DESNZ REPD,Low,100.0,https://www.gov.uk/government/publications/renewable-energy-planning-database-quarterly-extract,"DESNZ REPD ref 11110: Vale of Leven Wind Farm; Kilpatrick Hills, Bonhill, Alexandria; planning ref ECU00003468",TEC project matched to DESNZ REPD; score 100.0/100; next-candidate margin 0.0. Coordinates represent the matched mapped feature.
Vanguard East 275/66kV Offshore Substation,Vanguard East,Norfolk Vanguard East Ltd,Wind Offshore,PRO-000580-1 | PRO-000580-2,https://www.neso.energy/data-portal/transmission-entry-capacity-tec-register,51.693280,-4.948419,East Hangar Substation,Candidate infrastructure match,Low,83.3,https://www.openstreetmap.org/node/12292555516,OpenStreetMap named substation feature: East Hangar Substation,Candidate infrastructure match; score 83.3/100; next-candidate margin 6.4. Coordinates represent the matched mapped feature.
Wakeleys 400kV,Wakeleys BESS,EPL NEWCO6 LIMITED,Energy Storage System;PV Array (Photo Voltaic/solar),PRO-003921,https://www.neso.energy/data-portal/transmission-entry-capacity-tec-register,,,,No reliable infrastructure match,Unresolved,75.0,,,Best candidate 'New Waverley' scored 75.0; below reliability threshold.
Walham 400kV Substation,Walham 700MW BESS | Walham PV & BESS Sub,GPC 1154 Ltd | GLOUCESTER ENERGY PARK LIMITED,Energy Storage System | Energy Storage System;PV Array (Photo Voltaic/solar),PRO-002551 | PRO-002522,https://www.neso.energy/data-portal/transmission-entry-capacity-tec-register,51.879084,-2.253900,WALHAM 400KV S/S,Exact normalized name,High,100.0,https://doi.org/10.5285/0eed5c99-f409-4329-a98e-47f496bb88a2,Lovett & Sünnenberg GB substations dataset; WALHAM 400KV S/S; NATIONAL GRID; TRANS,Exact normalized name; score 100.0/100; next-candidate margin 0.0. Coordinates represent the matched mapped feature.
Walney 1 33/132kV Offshore Substation,Walney I Offshore Wind Farm,WALNEY (UK) OFFSHORE WINDFARMS LIMITED,Wind Offshore,PRO-000221,https://www.neso.energy/data-portal/transmission-entry-capacity-tec-register,54.035078,-2.880694,Walney Wind Farm Extension Substation,Candidate infrastructure match,Low,96.0,https://www.openstreetmap.org/way/583363406,OpenStreetMap named substation feature: Walney Wind Farm Extension Substation,Candidate infrastructure match; score 96.0/100; next-candidate margin 0.0. Coordinates represent the matched mapped feature.
Walney 2 33/132kV Substation,Walney II Offshore Wind Farm,WALNEY (UK) OFFSHORE WINDFARMS LIMITED,Wind Offshore,PRO-000222,https://www.neso.energy/data-portal/transmission-entry-capacity-tec-register,54.035078,-2.880694,Walney Wind Farm Extension Substation,Candidate infrastructure match,Low,96.0,https://www.openstreetmap.org/way/583363406,OpenStreetMap named substation feature: Walney Wind Farm Extension Substation,Candidate infrastructure match; score 96.0/100; next-candidate margin 0.0. Coordinates represent the matched mapped feature.
Walney 3 Offshore Substation,Walney 3 Offshore Wind Farm,WALNEY EXTENSION LIMITED,Wind Offshore,PRO-000239,https://www.neso.energy/data-portal/transmission-entry-capacity-tec-register,54.035078,-2.880694,Walney Wind Farm Extension Substation,Candidate infrastructure match,Low,96.0,https://www.openstreetmap.org/way/583363406,OpenStreetMap named substation feature: Walney Wind Farm Extension Substation,Candidate infrastructure match; score 96.0/100; next-candidate margin 0.0. Coordinates represent the matched mapped feature.
Walney 4 Offshore Substation,Walney 4 Offshore Wind Farm,WALNEY EXTENSION LIMITED,Wind Offshore,PRO-000240,https://www.neso.energy/data-portal/transmission-entry-capacity-tec-register,54.035078,-2.880694,Walney Wind Farm Extension Substation,Candidate infrastructure match,Low,96.0,https://www.openstreetmap.org/way/583363406,OpenStreetMap named substation feature: Walney Wind Farm Extension Substation,Candidate infrastructure match; score 96.0/100; next-candidate margin 0.0. Coordinates represent the matched mapped feature.
Walpole 132kV Substation,Kings Lynn A | Peak Gen BEGA | Peterborough | Walpole 2 (tertiary),RWE Generation UK Plc | PEAK GEN POWER 2 LIMITED | RIVER NENE POWER LIMITED | ENSO GREEN HOLDINGS R LIMITED,CCGT (Combined Cycle Gas Turbine) | Oil & AGT (Advanced Gas Turbine) | Energy Storage System;PV Array (Photo Voltaic/solar),PRO-000138 | PRO-001302 | PRO-000218 | PRO-000505,https://www.neso.energy/data-portal/transmission-entry-capacity-tec-register,52.727674,0.198891,WALPOLE 132KV S/S,Exact normalized name,High,100.0,https://doi.org/10.5285/0eed5c99-f409-4329-a98e-47f496bb88a2,Lovett & Sünnenberg GB substations dataset; WALPOLE 132KV S/S; NATIONAL GRID; GSP,Exact normalized name; score 100.0/100; next-candidate margin 0.0. Coordinates represent the matched mapped feature.
Walpole 400kV Substation,Norfolk001 | Sutton Bridge | Walpole 1 (Tertiary) | Walpole Flexible Generation | Walpole Grid Services Facility,EPL NEWCO1 LIMITED | SUTTON BRIDGE POWER GENERATION | WALPOLE GREEN LIMITED | FLEXIBLE GENERATION 1 LTD | Conrad (Walpole) Limited,Energy Storage System;PV Array (Photo Voltaic/solar) | CCGT (Combined Cycle Gas Turbine) | CCGT (Combined Cycle Gas Turbine);Energy Storage System | Reactive Compensation,PRO-001996 | PRO-000207 | PRO-000556 | PRO-002440 | PRO-003728,https://www.neso.energy/data-portal/transmission-entry-capacity-tec-register,52.726600,0.198096,WALPOLE 400KV S/S,Exact normalized name,High,100.0,https://doi.org/10.5285/0eed5c99-f409-4329-a98e-47f496bb88a2,Lovett & Sünnenberg GB substations dataset; WALPOLE 400KV S/S; NATIONAL GRID; TRANS,Exact normalized name; score 100.0/100; next-candidate margin 0.0. Coordinates represent the matched mapped feature.
Walpole 400kV substations,Walpole,HOLLYGREEN ENERGYFARM LIMITED,Energy Storage System;PV Array (Photo Voltaic/solar),PRO-001114-1 | PRO-001114-2,https://www.neso.energy/data-portal/transmission-entry-capacity-tec-register,51.170223,-2.991715,Walpole,TEC project-derived locality proxy,Low,100.0,https://www.openstreetmap.org/node/1194352319,OpenStreetMap named hamlet: Walpole,"TEC project-derived locality proxy; score 100.0/100; next-candidate margin 0.0. Coordinates are a geographic proxy, not the confirmed electrical asset."
Waltham Cross 400kV Substation,Waltham Cross Farm,Waltham Cross 2 Renewables Limited,Energy Storage System;PV Array (Photo Voltaic/solar),PRO-002687,https://www.neso.energy/data-portal/transmission-entry-capacity-tec-register,51.714861,-0.011089,WALTHAM CROSS 400KV S/S,Exact normalized name,High,100.0,https://doi.org/10.5285/0eed5c99-f409-4329-a98e-47f496bb88a2,Lovett & Sünnenberg GB substations dataset; WALTHAM CROSS 400KV S/S; NATIONAL GRID; TRANS,Exact normalized name; score 100.0/100; next-candidate margin 0.0. Coordinates represent the matched mapped feature.
Waltham Cross B 400kV Substation,Waltham Cross PV & BESS Sub,EPPING ENERGY PARK LIMITED,Energy Storage System;PV Array (Photo Voltaic/solar),PRO-005801,https://www.neso.energy/data-portal/transmission-entry-capacity-tec-register,51.714861,-0.011089,WALTHAM CROSS 400KV S/S,Strong name match,High,100.0,https://doi.org/10.5285/0eed5c99-f409-4329-a98e-47f496bb88a2,Lovett & Sünnenberg GB substations dataset; WALTHAM CROSS 400KV S/S; NATIONAL GRID; TRANS,Strong name match; score 100.0/100; next-candidate margin 4.0. Coordinates represent the matched mapped feature.
Warley 132kV Substation,Clay Tye Farm Phase 1 | Clay Tye Farm Phase 2 | St. Marys Lane - Upminster BESS | Upminster Warley 3,HARMONY CTF LIMITED | Harmony CTF 2 Limited | Bluestone Energy Ltd,Energy Storage System,PRO-001857 | PRO-001854 | PRO-003947 | PRO-005848,https://www.neso.energy/data-portal/transmission-entry-capacity-tec-register,51.553022,0.298534,WARLEY GRID,Exact normalized name,High,100.0,https://doi.org/10.5285/0eed5c99-f409-4329-a98e-47f496bb88a2,Lovett & Sünnenberg GB substations dataset; WARLEY GRID; UK POWER NETWORKS; BSP,Exact normalized name; score 100.0/100; next-candidate margin 0.0. Coordinates represent the matched mapped feature.
Warley 275kV Substation,Blanket’s Farm | Codham Hall BESS | Lebanon Farm 2 BESS | Warley | Warley (tertiary) | Warley Battery Energy Storage | Warley PV & BESS,Noventum Power Solar 9 Limited | Pulse Clean Energy Limited | CEDARTECH ENERGY LTD | WARLEY BATTERY STORAGE LIMITED | WARLEY GREEN LIMITED | LONDON AND ESSEX ENERGY LIMITED | O&G Solar (SPV 36) Limited,Energy Storage System | Energy Storage System;PV Array (Photo Voltaic/solar),PRO-004469 | PRO-003972 | PRO-003939 | PRO-001113 | PRO-000555 | PRO-002321 | PRO-002537,https://www.neso.energy/data-portal/transmission-entry-capacity-tec-register,51.552813,0.301380,WARLEY 275KV S/S,Exact normalized name,High,100.0,https://doi.org/10.5285/0eed5c99-f409-4329-a98e-47f496bb88a2,Lovett & Sünnenberg GB substations dataset; WARLEY 275KV S/S; NATIONAL GRID; TRANS,Exact normalized name; score 100.0/100; next-candidate margin 0.0. Coordinates represent the matched mapped feature.
Warwickshire Connection Node A 400kV Substation,Bellbroughton Energy Park | Dunclent Battery Storage | Mount Pleasant,ELGIN ENERGY ES CO LIMITED | Firma Vogt Solar Ltd | HARMONY ENERGY LIMITED,Energy Storage System;PV Array (Photo Voltaic/solar) | Energy Storage System,PRO-002826 | PRO-002827 | PRO-005962,https://www.neso.energy/data-portal/transmission-entry-capacity-tec-register,51.564637,-1.686145,Mount Pleasant Farm - Solar Farm,TEC project matched to DESNZ REPD,Low,100.0,https://www.gov.uk/government/publications/renewable-energy-planning-database-quarterly-extract,"DESNZ REPD ref 19159: Mount Pleasant Farm - Solar Farm; Mount Pleasant Farm, Mount Pleasant Farm Lane, Horpit, Swindon; planning ref S/25/0666",TEC project matched to DESNZ REPD; score 100.0/100; next-candidate margin 0.0. Coordinates represent the matched mapped feature.
Warwickshire Connection Node D 132kV Substation,Tyler Hill Ansty,FRV Tyler Hill BESS 1 Ltd,Energy Storage System,PRO-004603,https://www.neso.energy/data-portal/transmission-entry-capacity-tec-register,,,,No reliable infrastructure match,Unresolved,64.9,,,Best candidate 'Warwick Gates No. 3' scored 64.9; below reliability threshold.
Warwickshire Connection Node F 132kV Substation,Water Orton,Voltwise Power Holdings Limited,Energy Storage System,PRO-004564,https://www.neso.energy/data-portal/transmission-entry-capacity-tec-register,52.517139,-1.739945,Water Orton,TEC project-derived locality proxy,Low,100.0,https://www.openstreetmap.org/node/97985465,OpenStreetMap named village: Water Orton,"TEC project-derived locality proxy; score 100.0/100; next-candidate margin 100.0. Coordinates are a geographic proxy, not the confirmed electrical asset."
Warwickshire Connection Node F 400kV Substation,Perry Barr BESS,Perry Barr Limited,Energy Storage System,PRO-004745,https://www.neso.energy/data-portal/transmission-entry-capacity-tec-register,52.516903,-1.901240,Perry Barr,TEC project-derived locality proxy,Low,100.0,https://www.openstreetmap.org/node/27457935,OpenStreetMap named suburb: Perry Barr,"TEC project-derived locality proxy; score 100.0/100; next-candidate margin 100.0. Coordinates are a geographic proxy, not the confirmed electrical asset."
Washway Farm GSP,Steel Point (aka Project Lithium),Skelmersdale Energy Storage Limited,Energy Storage System,PRO-002057,https://www.neso.energy/data-portal/transmission-entry-capacity-tec-register,53.562592,-2.819530,WASHWAY FARM 275KV S/S,Exact normalized name,High,100.0,https://doi.org/10.5285/0eed5c99-f409-4329-a98e-47f496bb88a2,Lovett & Sünnenberg GB substations dataset; WASHWAY FARM 275KV S/S; NATIONAL GRID; TRANS,Exact normalized name; score 100.0/100; next-candidate margin 0.0. Coordinates represent the matched mapped feature.
Watchman 132kV Substation,Watchman Energy Park,RENEWCO POWER LIMITED,Energy Storage System;PV Array (Photo Voltaic/solar);Wind Onshore,PRO-004258,https://www.neso.energy/data-portal/transmission-entry-capacity-tec-register,55.332771,-3.658568,Watchman Energy Park,TEC project matched to DESNZ REPD,Low,100.0,https://www.gov.uk/government/publications/renewable-energy-planning-database-quarterly-extract,"DESNZ REPD ref 17557: Watchman Energy Park; 10 km south of Crawford and 7 km south of Elvanfoot, Biggar; planning ref ECU00006030",TEC project matched to DESNZ REPD; score 100.0/100; next-candidate margin 0.0. Coordinates represent the matched mapped feature.
Wearside Connection Node A 275kV Substation,NatPower Hartlepool Green Energy Park | Zenobe Hartmoor BESS,NP SPV 34 LIMITED | Zenobe Energy Limited,Energy Storage System,PRO-004818 | PRO-003696,https://www.neso.energy/data-portal/transmission-entry-capacity-tec-register,,,,No reliable infrastructure match,Unresolved,75.9,,,Best candidate 'Wearside Drive' scored 75.9; below reliability threshold.
Wearside Connection Node B 2 400kV Substation,Hylton Bridge - Sunderland | Lightsource Offerton,SSE ENTERPRISE LIMITED | Lightsource Renewable UK Development Limited,Demand;Energy Storage System | Energy Storage System;PV Array (Photo Voltaic/solar),PRO-005802 | PRO-004808,https://www.neso.energy/data-portal/transmission-entry-capacity-tec-register,,,,No reliable infrastructure match,Unresolved,71.0,,,Best candidate 'Wearside Drive' scored 71.0; below reliability threshold.
Wearside Connection Node B 400kV Substation,Hawthorn BESS | Lightsource Hawthorne Pit | NatPower Hawthorn Pit Green Energy Park | Noventum Hawthorn Pit | Zenobe Hawthorn Pit BESS,REWE 8 LIMITED | Lightsource Renewable UK Development Limited | NP SPV 29 LIMITED | NOVENTUM POWER SOLAR 2 LIMITED | Zenobe Energy Limited,Energy Storage System | Energy Storage System;PV Array (Photo Voltaic/solar),PRO-003492 | PRO-003844 | PRO-004820 | PRO-003757 | PRO-004086,https://www.neso.energy/data-portal/transmission-entry-capacity-tec-register,54.807902,-1.370722,Hawthorn Wind Farm,TEC project matched to DESNZ REPD,Medium,100.0,https://www.gov.uk/government/publications/renewable-energy-planning-database-quarterly-extract,"DESNZ REPD ref 3058: Hawthorn Wind Farm; Is located between the villages of Hawthorn, Murton and Cold Hesledon; planning ref PLAN/2008/0319",TEC project matched to DESNZ REPD; score 100.0/100; next-candidate margin 100.0. Coordinates represent the matched mapped feature.
Wearside Connection Node B2 400kV substation,Offerton 200MW BESS,Decerna Limited,Energy Storage System,PRO-004910,https://www.neso.energy/data-portal/transmission-entry-capacity-tec-register,,,,No reliable infrastructure match,Unresolved,73.3,,,Best candidate 'Wearside Drive' scored 73.3; below reliability threshold.
Wearside Connection Node C 400kV Substation,Bewley BESS,Apatura Project 35 Ltd,Energy Storage System,PRO-003993,https://www.neso.energy/data-portal/transmission-entry-capacity-tec-register,,,,No reliable infrastructure match,Unresolved,75.9,,,Best candidate 'Wearside Drive' scored 75.9; below reliability threshold.
Wearside Connection Node D 400kV Substation,Overton Grange BESS | Redhall BESS | Spennymoor BESS Station | Zenobe Spennymoor BESS,ANESCO LIMITED | IGP INTERNATIONAL PROSPECTING LIMITED | Zenobe Energy Limited,Energy Storage System,PRO-004580 | PRO-004487 | PRO-003681 | PRO-003692,https://www.neso.energy/data-portal/transmission-entry-capacity-tec-register,55.852019,-2.096313,Redhall,TEC project-derived locality proxy,Low,100.0,https://www.openstreetmap.org/node/2578955108,OpenStreetMap named hamlet: Redhall,"TEC project-derived locality proxy; score 100.0/100; next-candidate margin 0.0. Coordinates are a geographic proxy, not the confirmed electrical asset."
West Andershaw 132kV Substation,West Andershaw Wind Farm,WEST ANDERSHAW WIND FARM LIMITED,Wind Onshore,PRO-002584,https://www.neso.energy/data-portal/transmission-entry-capacity-tec-register,55.507212,-3.831047,Andershaw Wind Farm,Candidate infrastructure match,Low,78.3,https://www.openstreetmap.org/relation/8835792,OpenStreetMap named plant feature: Andershaw Wind Farm,Candidate infrastructure match; score 78.3/100; next-candidate margin 4.2. Coordinates represent the matched mapped feature.
West Anglia Connection Node A 400kV Substation,Dunstable | Leighton Buzzard,Connectid 9 Limited | Leighton Buzzard 10 Renewables Limited,Demand;Energy Storage System;PV Array (Photo Voltaic/solar);Reactive Compensation | Demand;PV Array (Photo Voltaic/solar),PRO-003418 | PRO-003411,https://www.neso.energy/data-portal/transmission-entry-capacity-tec-register,52.073932,1.056683,East Anglia ONE Substation,Candidate infrastructure match,Low,78.8,https://www.openstreetmap.org/way/690336297,OpenStreetMap named substation feature: East Anglia ONE Substation,Candidate infrastructure match; score 78.8/100; next-candidate margin 12.1. Coordinates represent the matched mapped feature.
WEST ANGLIA CONNECTION NODE B 400KV SUBSTATION,Ashbrook Lane BESS | Wymondley Farm,Downing Renewable Developments LLP | Wymondley 10 Renewables Ltd,Energy Storage System | Demand;Energy Storage System;PV Array (Photo Voltaic/solar),PRO-003534 | PRO-002552,https://www.neso.energy/data-portal/transmission-entry-capacity-tec-register,52.073932,1.056683,East Anglia ONE Substation,Candidate infrastructure match,Low,78.8,https://www.openstreetmap.org/way/690336297,OpenStreetMap named substation feature: East Anglia ONE Substation,Candidate infrastructure match; score 78.8/100; next-candidate margin 12.1. Coordinates represent the matched mapped feature.
West Anglia Connection Node C 400kV Substation,Lightsource Grendon PV+BESS | NatPower Kinoulton Green Energy Park | Noventum - Astwood,Lightsource Renewable UK Development Limited | DALBY ENERGY LIMITED | NOVENTUM POWER SOLAR 12 LIMITED,Energy Storage System;PV Array (Photo Voltaic/solar) | Energy Storage System,PRO-003742 | PRO-004333 | PRO-004635,https://www.neso.energy/data-portal/transmission-entry-capacity-tec-register,52.073932,1.056683,East Anglia ONE Substation,Candidate infrastructure match,Low,78.8,https://www.openstreetmap.org/way/690336297,OpenStreetMap named substation feature: East Anglia ONE Substation,Candidate infrastructure match; score 78.8/100; next-candidate margin 12.1. Coordinates represent the matched mapped feature.
West Anglia Connection Node D 400kV Substation,Cottered | Cottered - PVDP | Huntington Solar PV | Noventum Cottered,SSE COTTERED SOLAR LIMITED | SolarNine Ltd | EDF ENERGY RENEWABLES LIMITED | NOVENTUM POWER SOLAR 5 LIMITED,Energy Storage System;PV Array (Photo Voltaic/solar) | PV Array (Photo Voltaic/solar),PRO-002173 | PRO-003999 | PRO-005118 | PRO-004092,https://www.neso.energy/data-portal/transmission-entry-capacity-tec-register,52.073932,1.056683,East Anglia ONE Substation,Candidate infrastructure match,Low,78.8,https://www.openstreetmap.org/way/690336297,OpenStreetMap named substation feature: East Anglia ONE Substation,Candidate infrastructure match; score 78.8/100; next-candidate margin 12.1. Coordinates represent the matched mapped feature.
West Anglia Connection Node E 400kV Substation,Pelham 400 | TH Stocking Pelham,ENSO GREEN HOLDINGS X LIMITED | FRV Powertek Limited,Energy Storage System;PV Array (Photo Voltaic/solar) | Energy Storage System,PRO-004867 | PRO-002791,https://www.neso.energy/data-portal/transmission-entry-capacity-tec-register,52.073932,1.056683,East Anglia ONE Substation,Candidate infrastructure match,Low,78.8,https://www.openstreetmap.org/way/690336297,OpenStreetMap named substation feature: East Anglia ONE Substation,Candidate infrastructure match; score 78.8/100; next-candidate margin 12.1. Coordinates represent the matched mapped feature.
West Anglia Connection Node F 400kV Substation,Lightsource Braybrooke | Little Harrowden | Market Harborough | Market Harborough Green Energy Hub | Nethercourt Solar & BESS Farm | Noventum Market Harborough,Lightsource Renewable UK Development Limited | Little Harrowden 10 Renewables Limited | CONNECTID 1 LIMITED | TELIS ENERGY UK LIMITED | Greentech Invest UK (15) Limited | NOVENTUM POWER SOLAR 1 LIMITED,Energy Storage System;PV Array (Photo Voltaic/solar) | Demand;PV Array (Photo Voltaic/solar) | Demand;Energy Storage System;PV Array (Photo Voltaic/solar);Reactive Compensation | Energy Storage System;Hydro;Nuclear;PV Array (Photo Voltaic/solar);Wind Onshore,PRO-003989 | PRO-003416 | PRO-003271 | PRO-003623 | PRO-003437 | PRO-003759,https://www.neso.energy/data-portal/transmission-entry-capacity-tec-register,52.073932,1.056683,East Anglia ONE Substation,Candidate infrastructure match,Low,78.8,https://www.openstreetmap.org/way/690336297,OpenStreetMap named substation feature: East Anglia ONE Substation,Candidate infrastructure match; score 78.8/100; next-candidate margin 12.1. Coordinates represent the matched mapped feature.
West Anglia Connection Node G 400kV Substation,Astwood  Solar Farm GEC | Ryhall PV & BESS | Spalding High Impact Energy Hub,ASTWOOD GREEN ENERGY LTD | Kilnside Energy Park Limited | TELIS ENERGY UK LIMITED,Demand;Energy Storage System;PV Array (Photo Voltaic/solar);Reactive Compensation | Energy Storage System;PV Array (Photo Voltaic/solar) | Energy Storage System;Nuclear;PV Array (Photo Voltaic/solar);Wind Onshore,PRO-004799 | PRO-004379 | PRO-004517,https://www.neso.energy/data-portal/transmission-entry-capacity-tec-register,52.073932,1.056683,East Anglia ONE Substation,Candidate infrastructure match,Low,78.8,https://www.openstreetmap.org/way/690336297,OpenStreetMap named substation feature: East Anglia ONE Substation,Candidate infrastructure match; score 78.8/100; next-candidate margin 12.1. Coordinates represent the matched mapped feature.
West Anglia Connection Node H 400kVSubstation,Huntingdon High Impact Energy Hub 1 | Huntingdon High Impact Energy Hub 2,TELIS ENERGY UK LIMITED,Energy Storage System;Nuclear;PV Array (Photo Voltaic/solar);Wind Onshore,PRO-004507 | PRO-004508,https://www.neso.energy/data-portal/transmission-entry-capacity-tec-register,,,,No reliable infrastructure match,Unresolved,60.9,,,Best candidate 'East Anglia THREE Converter Station' scored 60.9; below reliability threshold.
West Anglia Connection Node I 400kV substation,Melton Mowbray High Impact Energy Hub 1 | Melton Mowbray High Impact Energy Hub 2 | Melton Mowbray Solar,TELIS ENERGY UK LIMITED | CUBICO UK DEVELOPMENT LIMITED,Energy Storage System;Nuclear;PV Array (Photo Voltaic/solar);Wind Onshore | Energy Storage System;PV Array (Photo Voltaic/solar),PRO-004509 | PRO-004510 | PRO-005004,https://www.neso.energy/data-portal/transmission-entry-capacity-tec-register,52.073932,1.056683,East Anglia ONE Substation,Candidate infrastructure match,Low,78.8,https://www.openstreetmap.org/way/690336297,OpenStreetMap named substation feature: East Anglia ONE Substation,Candidate infrastructure match; score 78.8/100; next-candidate margin 12.1. Coordinates represent the matched mapped feature.
West Burton 132kV Substation,West Burton,ENSO GREEN HOLDINGS A LIMITED,Energy Storage System;PV Array (Photo Voltaic/solar),PRO-001323,https://www.neso.energy/data-portal/transmission-entry-capacity-tec-register,53.360376,-0.807173,WEST BURTON 132KV S/S,Exact normalized name,High,100.0,https://doi.org/10.5285/0eed5c99-f409-4329-a98e-47f496bb88a2,Lovett & Sünnenberg GB substations dataset; WEST BURTON 132KV S/S; NATIONAL GRID; GSP,Exact normalized name; score 100.0/100; next-candidate margin 0.0. Coordinates represent the matched mapped feature.
West Burton 400kV Substation,Steeple Solar Farm | West Burton B | West Burton Solar Project,Steeple Solar Farm Limited | WEST BURTON B LIMITED | WEST BURTON SOLAR PROJECT LIMITED,Energy Storage System;PV Array (Photo Voltaic/solar) | CCGT (Combined Cycle Gas Turbine);Energy Storage System,PRO-001945 | PRO-000369-1 | PRO-000369-2 | PRO-000561,https://www.neso.energy/data-portal/transmission-entry-capacity-tec-register,53.359185,-0.809415,WEST BURTON 400KV S/S,Exact normalized name,High,100.0,https://doi.org/10.5285/0eed5c99-f409-4329-a98e-47f496bb88a2,Lovett & Sünnenberg GB substations dataset; WEST BURTON 400KV S/S; NATIONAL GRID; TRANS,Exact normalized name; score 100.0/100; next-candidate margin 0.0. Coordinates represent the matched mapped feature.
West Country Connection Node A 400kV Substation,Lightsource Pyworthy,Lightsource Renewable UK Development Limited,Energy Storage System,PRO-004089,https://www.neso.energy/data-portal/transmission-entry-capacity-tec-register,,,,No reliable infrastructure match,Unresolved,76.5,,,Best candidate 'West Country TV Substation' scored 76.5; below reliability threshold.
West Country Connection Node C 400kV Substation,The Beacon,Beacon Solar Limited,Energy Storage System;PV Array (Photo Voltaic/solar),PRO-005046,https://www.neso.energy/data-portal/transmission-entry-capacity-tec-register,50.297928,-3.942761,The Beacon,TEC project-derived locality proxy,Low,100.0,https://www.openstreetmap.org/node/7727061084,OpenStreetMap named locality: The Beacon,"TEC project-derived locality proxy; score 100.0/100; next-candidate margin 100.0. Coordinates are a geographic proxy, not the confirmed electrical asset."
West Country Connection Node D 400kV Substation,Shurton BESS | Wick Moor Drove,Field Shurton Ltd | BSR APPLICATIONS LIMITED,Energy Storage System | Energy Storage System;PV Array (Photo Voltaic/solar);Wind Onshore,PRO-004248 | PRO-004788,https://www.neso.energy/data-portal/transmission-entry-capacity-tec-register,51.192297,-3.142032,Shurton,TEC project-derived locality proxy,Low,100.0,https://www.openstreetmap.org/node/319896350,OpenStreetMap named hamlet: Shurton,"TEC project-derived locality proxy; score 100.0/100; next-candidate margin 100.0. Coordinates are a geographic proxy, not the confirmed electrical asset."
West Country Connection Node E 400kV Substation,EPL Somerset,EPL NEWCO8 LIMITED,Energy Storage System;PV Array (Photo Voltaic/solar),PRO-003905,https://www.neso.energy/data-portal/transmission-entry-capacity-tec-register,51.161751,-3.075387,Somerset,TEC project geocoded-area proxy,Low,80.0,https://www.openstreetmap.org/relation/3125930,TEC project 'EPL Somerset' matched via OpenStreetMap/Photon to Somerset; England,"TEC project geocoded-area proxy; score 80.0/100; next-candidate margin 0.0. Coordinates are a geographic proxy, not the confirmed electrical asset."
West Haddon 400kV Substation,West Haddon,SSE DE SOLAR HOLDCO LIMITED,Energy Storage System;PV Array (Photo Voltaic/solar),PRO-003820,https://www.neso.energy/data-portal/transmission-entry-capacity-tec-register,52.354396,-1.045696,WEST HADDON 33/11KV,Exact normalized name,High,100.0,https://doi.org/10.5285/0eed5c99-f409-4329-a98e-47f496bb88a2,Lovett & Sünnenberg GB substations dataset; WEST HADDON 33/11KV; WESTERN POWER DISTRIBUTION; PSS,Exact normalized name; score 100.0/100; next-candidate margin 100.0. Coordinates represent the matched mapped feature.
West London Connection Node B 132kV substation,Brentford (SSEN-FBT624) -120MW BESS | Grovers Farm BESS,Lightsource Renewable UK Development Limited | Bluestone Energy Ltd,Energy Storage System,PRO-006042 | PRO-003196,https://www.neso.energy/data-portal/transmission-entry-capacity-tec-register,50.988516,0.063458,Grovers Farm,TEC project geocoded-area proxy,Low,100.0,https://www.openstreetmap.org/node/6627544909,TEC project 'Grovers Farm BESS' matched via OpenStreetMap/Photon to Grovers Farm; East Sussex,"TEC project geocoded-area proxy; score 100.0/100; next-candidate margin 100.0. Coordinates are a geographic proxy, not the confirmed electrical asset."
West Melton GSP,Darnall Road,MERCIA POWER RESPONSE LIMITED,Energy Storage System,PRO-003641,https://www.neso.energy/data-portal/transmission-entry-capacity-tec-register,53.501445,-1.376957,WEST MELTON 275KV S/S,Exact normalized name,High,100.0,https://doi.org/10.5285/0eed5c99-f409-4329-a98e-47f496bb88a2,Lovett & Sünnenberg GB substations dataset; WEST MELTON 275KV S/S; NATIONAL GRID; TRANS,Exact normalized name; score 100.0/100; next-candidate margin 0.0. Coordinates represent the matched mapped feature.
West of Duddon Sands 34/155kV Offshore Substation,West of Duddon Sands Offshore Wind Farm,MORECAMBE WIND LIMITED,Wind Offshore,PRO-000210,https://www.neso.energy/data-portal/transmission-entry-capacity-tec-register,54.029784,-2.890340,West of Duddon Sands Wind Farm Substation,Candidate infrastructure match,Low,81.6,https://www.openstreetmap.org/way/635735468,OpenStreetMap named substation feature: West of Duddon Sands Wind Farm Substation,Candidate infrastructure match; score 81.6/100; next-candidate margin 0.0. Coordinates represent the matched mapped feature.
West Saval Substation 132 kV,West Saval Battery Storage,West Saval Battery Storage Ltd,Energy Storage System,PRO-003510,https://www.neso.energy/data-portal/transmission-entry-capacity-tec-register,53.479688,-2.899693,WEST VALE,Candidate infrastructure match,Low,84.2,https://doi.org/10.5285/0eed5c99-f409-4329-a98e-47f496bb88a2,Lovett & Sünnenberg GB substations dataset; WEST VALE; SP ENERGY NETWORKS; PSS,Candidate infrastructure match; score 84.2/100; next-candidate margin 6.4. Coordinates represent the matched mapped feature.
West Weybridge 275kV Substation,West Weybridge | West Weybridge (Tertiary),EL (WEST WEYBRIDGE) LIMITED,Energy Storage System | Energy Storage System;PV Array (Photo Voltaic/solar),PRO-004324 | PRO-000552-1 | PRO-000552-2,https://www.neso.energy/data-portal/transmission-entry-capacity-tec-register,51.352534,-0.480308,WEST WEYBRIDGE 275KV S/S,Exact normalized name,High,100.0,https://doi.org/10.5285/0eed5c99-f409-4329-a98e-47f496bb88a2,Lovett & Sünnenberg GB substations dataset; WEST WEYBRIDGE 275KV S/S; NATIONAL GRID; TRANS,Exact normalized name; score 100.0/100; next-candidate margin 0.0. Coordinates represent the matched mapped feature.
Wester Dod 132kV,Aikengall II Windfarm | Aikengall IIA Wind Farm,AIKENGALL II COMMUNITY WIND COMPANY LIMITED | AIK2A SUSTAINABLE ENERGY LTD,Wind Onshore,PRO-000007 | PRO-000559,https://www.neso.energy/data-portal/transmission-entry-capacity-tec-register,56.577512,-4.082719,WESTER DRUMMOND,Candidate infrastructure match,Low,80.0,https://doi.org/10.5285/0eed5c99-f409-4329-a98e-47f496bb88a2,Lovett & Sünnenberg GB substations dataset; WESTER DRUMMOND; SSE NETWORKS; PSS,Candidate infrastructure match; score 80.0/100; next-candidate margin 13.3. Coordinates represent the matched mapped feature.
Westermost Rough Offshore Substation,Westermost Rough Offshore Wind Farm,WESTERMOST ROUGH LIMITED,Wind Offshore,PRO-000223,https://www.neso.energy/data-portal/transmission-entry-capacity-tec-register,53.805005,0.133145,Westermost Rough Offshore Substation,Exact normalized name,High,100.0,https://www.openstreetmap.org/way/1393796253,OpenStreetMap named substation feature: Westermost Rough Offshore Substation,Exact normalized name; score 100.0/100; next-candidate margin 0.0. Coordinates represent the matched mapped feature.
Western Marsh 400kV,Ossian 2 Offshore Wind Farm | Ossian 3 Offshore Wind Farm,Ossian Offshore Wind Farm Limited,Wind Offshore,PRO-001491 | PRO-001489,https://www.neso.energy/data-portal/transmission-entry-capacity-tec-register,51.619134,-2.958794,Western Metals Substation,Candidate infrastructure match,Low,81.5,https://www.openstreetmap.org/node/13366662522,OpenStreetMap named substation feature: Western Metals Substation,Candidate infrastructure match; score 81.5/100; next-candidate margin 3.2. Coordinates represent the matched mapped feature.
Westfield 132/33kV,Brunt Hill Wind Farm | Fife 2 BESS | Fife Battery Storage | Kirklands Farm BESS | Lochore BESS,Brunt Hill Limited | CARLTON POWER LIMITED | Apatura Battery Ltd | LOCHORE BESS LTD,Energy Storage System;Wind Onshore | Energy Storage System,PRO-004322 | PRO-002184 | PRO-001888 | PRO-003499 | PRO-003483,https://www.neso.energy/data-portal/transmission-entry-capacity-tec-register,56.164994,-3.299008,WESTFIELD,Exact normalized name,High,100.0,https://doi.org/10.5285/0eed5c99-f409-4329-a98e-47f496bb88a2,Lovett & Sünnenberg GB substations dataset; WESTFIELD; SP ENERGY NETWORKS; GSP,Exact normalized name; score 100.0/100; next-candidate margin 0.0. Coordinates represent the matched mapped feature.
Westfield 400kV Substation,Westfield BESS,BROCKWELL ENERGY LIMITED,Energy Storage System,PRO-004210,https://www.neso.energy/data-portal/transmission-entry-capacity-tec-register,56.164994,-3.299008,WESTFIELD,Exact normalized name,High,100.0,https://doi.org/10.5285/0eed5c99-f409-4329-a98e-47f496bb88a2,Lovett & Sünnenberg GB substations dataset; WESTFIELD; SP ENERGY NETWORKS; GSP,Exact normalized name; score 100.0/100; next-candidate margin 0.0. Coordinates represent the matched mapped feature.
Weston Marsh 400kV Substation,GT R4 Wind Farm | Meridian Solar Farm | Spalding PV and BESS Station,GT R4 LIMITED | MERIDIAN SOLAR FARM LIMITED | ETP UK 1 LTD,Wind Offshore | Energy Storage System;PV Array (Photo Voltaic/solar),PRO-000563 | PRO-002399 | PRO-002768,https://www.neso.energy/data-portal/transmission-entry-capacity-tec-register,52.839010,-0.070486,Weston Marsh,Town/locality proxy,Low,100.0,https://www.openstreetmap.org/node/2714360250,OpenStreetMap named locality: Weston Marsh,"Town/locality proxy; score 100.0/100; next-candidate margin 0.0. Coordinates are a geographic proxy, not the confirmed electrical asset."
Wether Hill 132/33KV Substation,Wether Hill,SCOTTISHPOWER RENEWABLES (UK) LIMITED,Wind Onshore,PRO-001527,https://www.neso.energy/data-portal/transmission-entry-capacity-tec-register,55.220655,-4.053172,Wether Hill Wind Farm,Exact normalized name,High,100.0,https://www.openstreetmap.org/relation/8412473,OpenStreetMap named plant feature: Wether Hill Wind Farm,Exact normalized name; score 100.0/100; next-candidate margin 100.0. Coordinates represent the matched mapped feature.
Whitburn 400kV substation,Alcemi Armadale BESS,ALCEMI STORAGE DEVELOPMENTS 8 LTD,Energy Storage System,PRO-004011,https://www.neso.energy/data-portal/transmission-entry-capacity-tec-register,54.952989,-1.366946,Whitburn,Town/locality proxy,Low,100.0,https://www.openstreetmap.org/node/467128727,OpenStreetMap named village: Whitburn,"Town/locality proxy; score 100.0/100; next-candidate margin 0.0. Coordinates are a geographic proxy, not the confirmed electrical asset."
Whitegate 275kV Substation,Whitegate Tertiary Connection,HD144WHI LTD,Energy Storage System,PRO-000512,https://www.neso.energy/data-portal/transmission-entry-capacity-tec-register,53.528728,-2.167243,WHITEGATE 275KV S/S,Exact normalized name,High,100.0,https://doi.org/10.5285/0eed5c99-f409-4329-a98e-47f496bb88a2,Lovett & Sünnenberg GB substations dataset; WHITEGATE 275KV S/S; NATIONAL GRID; TRANS,Exact normalized name; score 100.0/100; next-candidate margin 0.0. Coordinates represent the matched mapped feature.
Whitehill Bess 275/132kV Substation,WHITEHILL BESS,GPC 1210 Ltd,Energy Storage System,PRO-004639,https://www.neso.energy/data-portal/transmission-entry-capacity-tec-register,50.416066,-3.607933,Whitehill Farm Substation,Exact normalized name,High,100.0,https://www.openstreetmap.org/node/13473463711,OpenStreetMap named substation feature: Whitehill Farm Substation,Exact normalized name; score 100.0/100; next-candidate margin 100.0. Coordinates represent the matched mapped feature.
Whitehouse 275kV Substation,Whitehouse BESS station,IGP INTERNATIONAL PROSPECTING LIMITED,Demand;Energy Storage System,PRO-002237,https://www.neso.energy/data-portal/transmission-entry-capacity-tec-register,55.931407,-3.205384,WHITEHOUSE ,Exact normalized name,High,100.0,https://doi.org/10.5285/0eed5c99-f409-4329-a98e-47f496bb88a2,Lovett & Sünnenberg GB substations dataset; WHITEHOUSE ; SP ENERGY NETWORKS; TRANS,Exact normalized name; score 100.0/100; next-candidate margin 0.0. Coordinates represent the matched mapped feature.
Whitelaw Brae 'A' and 'B' 33kV Substations,Whitelaw Brae Windfarm,WHITELAW BRAE WINDFARM LIMITED,Wind Onshore,PRO-000341,https://www.neso.energy/data-portal/transmission-entry-capacity-tec-register,55.478033,-3.488159,Whitelaw Brae Wind farm,TEC project matched to DESNZ REPD,Low,100.0,https://www.gov.uk/government/publications/renewable-energy-planning-database-quarterly-extract,"DESNZ REPD ref 6894: Whitelaw Brae Wind farm; Whitelaw Brae Wind Farm, Tweedsmuir, Biggar, ; planning ref EC00002090",TEC project matched to DESNZ REPD; score 100.0/100; next-candidate margin 0.0. Coordinates represent the matched mapped feature.
Whitelaw Brae BESS  33kV substation,Whitelaw Brae BESS,BUK23 LIMITED,Energy Storage System,PRO-003247,https://www.neso.energy/data-portal/transmission-entry-capacity-tec-register,55.478033,-3.488159,Whitelaw Brae Wind farm,TEC project matched to DESNZ REPD,Low,100.0,https://www.gov.uk/government/publications/renewable-energy-planning-database-quarterly-extract,"DESNZ REPD ref 6894: Whitelaw Brae Wind farm; Whitelaw Brae Wind Farm, Tweedsmuir, Biggar, ; planning ref EC00002090",TEC project matched to DESNZ REPD; score 100.0/100; next-candidate margin 0.0. Coordinates represent the matched mapped feature.
Whitelee 275/33kV,Whitelee,SCOTTISHPOWER RENEWABLES (UK) LIMITED,Wind Onshore,PRO-000067-1 | PRO-000067-2 | PRO-000067-3 | PRO-000067-4,https://www.neso.energy/data-portal/transmission-entry-capacity-tec-register,55.692010,-4.169550,WHITELEE WIND FARM ,Exact normalized name,High,100.0,https://doi.org/10.5285/0eed5c99-f409-4329-a98e-47f496bb88a2,Lovett & Sünnenberg GB substations dataset; WHITELEE WIND FARM ; SP ENERGY NETWORKS; TRANS,Exact normalized name; score 100.0/100; next-candidate margin 0.0. Coordinates represent the matched mapped feature.
Whitelee Extension 275/33kV,Airtnoch BESS | Whitelee Extension,TURBINE MARKETING SPV LIMITED | SCOTTISHPOWER RENEWABLES (UK) LIMITED,Energy Storage System | Energy Storage System;Hydrogen;PV Array (Photo Voltaic/solar);Wind Onshore,PRO-003769 | PRO-000068,https://www.neso.energy/data-portal/transmission-entry-capacity-tec-register,55.692010,-4.169550,WHITELEE WIND FARM ,Exact normalized name,High,100.0,https://doi.org/10.5285/0eed5c99-f409-4329-a98e-47f496bb88a2,Lovett & Sünnenberg GB substations dataset; WHITELEE WIND FARM ; SP ENERGY NETWORKS; TRANS,Exact normalized name; score 100.0/100; next-candidate margin 0.0. Coordinates represent the matched mapped feature.
Whiteminhill 275/33kV Substation,Whiteminhill Renewable Energy Park,VOLTALIA UK LTD,Energy Storage System;PV Array (Photo Voltaic/solar);Wind Onshore,PRO-003693,https://www.neso.energy/data-portal/transmission-entry-capacity-tec-register,52.596222,0.139337,WHITE MILL WIND FARM,Candidate infrastructure match,Low,85.8,https://doi.org/10.5285/0eed5c99-f409-4329-a98e-47f496bb88a2,Lovett & Sünnenberg GB substations dataset; WHITE MILL WIND FARM; UK POWER NETWORKS; PSS,Candidate infrastructure match; score 85.8/100; next-candidate margin 0.1. Coordinates represent the matched mapped feature.
Whitson 275kV Substation,Llanwern Phase 1 | Llanwern Phase 2 | Whitson | Whitson BESS,FUTURE ENERGY LLANWERN LIMITED | PIVOTED POWER LLP | FIELD DEVCO LTD,Energy Storage System;PV Array (Photo Voltaic/solar) | PV Array (Photo Voltaic/solar);Wind Onshore | Energy Storage System,PRO-001124 | PRO-001125 | PRO-001061 | PRO-003862,https://www.neso.energy/data-portal/transmission-entry-capacity-tec-register,51.564818,-2.908622,WHITSON 275KV S/S,Exact normalized name,High,100.0,https://doi.org/10.5285/0eed5c99-f409-4329-a98e-47f496bb88a2,Lovett & Sünnenberg GB substations dataset; WHITSON 275KV S/S; NATIONAL GRID; TRANS,Exact normalized name; score 100.0/100; next-candidate margin 0.0. Coordinates represent the matched mapped feature.
Willesden 132kV Substation,Taylors Lane,Uniper UK Limited,OCGT (Open Cycle Gas Turbine),PRO-000149,https://www.neso.energy/data-portal/transmission-entry-capacity-tec-register,51.534600,-0.257155,WILLESDEN 132KV S/S,Exact normalized name,High,100.0,https://doi.org/10.5285/0eed5c99-f409-4329-a98e-47f496bb88a2,Lovett & Sünnenberg GB substations dataset; WILLESDEN 132KV S/S; NATIONAL GRID; GSP,Exact normalized name; score 100.0/100; next-candidate margin 0.0. Coordinates represent the matched mapped feature.
Willington 132kV Substation,Derwent | Trafalgar Park,UK UTILITY RESERVE LIMITED | VIRIDIS 178 LIMITED,CHP (Combined Heat and Power) | Thermal,PRO-000120 | PRO-000242,https://www.neso.energy/data-portal/transmission-entry-capacity-tec-register,52.856116,-1.548781,WILLINGTON 132KV S/S,Exact normalized name,High,100.0,https://doi.org/10.5285/0eed5c99-f409-4329-a98e-47f496bb88a2,Lovett & Sünnenberg GB substations dataset; WILLINGTON 132KV S/S; NATIONAL GRID; GSP,Exact normalized name; score 100.0/100; next-candidate margin 0.0. Coordinates represent the matched mapped feature.
Willington 400kV Substation,Willington | Willington Energy Park | Willington Green Energy Centre,SSE UTILITY SOLUTIONS LIMITED | BROCKWELL STORAGE & SOLAR LIMITED | WILLINGTON NG LIMITED,Energy Storage System;PV Array (Photo Voltaic/solar) | Demand;Energy Storage System;PV Array (Photo Voltaic/solar),PRO-002257 | PRO-001964 | PRO-001797-1 | PRO-001797-2,https://www.neso.energy/data-portal/transmission-entry-capacity-tec-register,52.855389,-1.546725,WILLINGTON 275KV S/S,Exact normalized name,High,100.0,https://doi.org/10.5285/0eed5c99-f409-4329-a98e-47f496bb88a2,Lovett & Sünnenberg GB substations dataset; WILLINGTON 275KV S/S; NATIONAL GRID; TRANS,Exact normalized name; score 100.0/100; next-candidate margin 0.0. Coordinates represent the matched mapped feature.
Willington East 400kV Substation,Willington | Willington East 1 (Tertiary) | Willington East 2 (Tertiary) | Willington PV & BESS,PIVOTED POWER LLP | ENSO GREEN HOLDINGS U LIMITED | ENSO GREEN HOLDINGS SS LIMITED | WILLINGTON ENERGY PARK LIMITED,Energy Storage System | Energy Storage System;PV Array (Photo Voltaic/solar),PRO-000326 | PRO-000551 | PRO-000548 | PRO-004142,https://www.neso.energy/data-portal/transmission-entry-capacity-tec-register,52.855673,-1.552736,WILLINGTON EAST 400KV S/S,Exact normalized name,High,100.0,https://doi.org/10.5285/0eed5c99-f409-4329-a98e-47f496bb88a2,Lovett & Sünnenberg GB substations dataset; WILLINGTON EAST 400KV S/S; NATIONAL GRID; TRANS,Exact normalized name; score 100.0/100; next-candidate margin 0.0. Coordinates represent the matched mapped feature.
Wilton 66kV Substation,Wilton,SEMBCORP UTILITIES (UK) LIMITED,CCGT (Combined Cycle Gas Turbine),PRO-000228,https://www.neso.energy/data-portal/transmission-entry-capacity-tec-register,54.575742,-1.131781,WILTON 275KV S/S,Exact normalized name,High,100.0,https://doi.org/10.5285/0eed5c99-f409-4329-a98e-47f496bb88a2,Lovett & Sünnenberg GB substations dataset; WILTON 275KV S/S; NATIONAL GRID; TRANS,Exact normalized name; score 100.0/100; next-candidate margin 0.0. Coordinates represent the matched mapped feature.
Windyhill 132kV,WindyHill Energy Storage Facility,Windyhill Grid 1 LTD,Energy Storage System,PRO-001696,https://www.neso.energy/data-portal/transmission-entry-capacity-tec-register,55.932254,-4.410485,WINDYHILL ,Exact normalized name,High,100.0,https://doi.org/10.5285/0eed5c99-f409-4329-a98e-47f496bb88a2,Lovett & Sünnenberg GB substations dataset; WINDYHILL ; SP ENERGY NETWORKS; TRANS,Exact normalized name; score 100.0/100; next-candidate margin 0.0. Coordinates represent the matched mapped feature.
Windyhill 275/132kV,WindyHill BESS2 Facility,Windyhill Grid 2 Ltd,Energy Storage System,PRO-002032,https://www.neso.energy/data-portal/transmission-entry-capacity-tec-register,55.932254,-4.410485,WINDYHILL ,Exact normalized name,High,100.0,https://doi.org/10.5285/0eed5c99-f409-4329-a98e-47f496bb88a2,Lovett & Sünnenberg GB substations dataset; WINDYHILL ; SP ENERGY NETWORKS; TRANS,Exact normalized name; score 100.0/100; next-candidate margin 0.0. Coordinates represent the matched mapped feature.
Wishaw 400/275kV,Wishaw Energy Storage Facility,ZENOBE WISHAW LIMITED,Energy Storage System,PRO-001433,https://www.neso.energy/data-portal/transmission-entry-capacity-tec-register,55.763353,-3.930380,WISHAW ,Exact normalized name,High,100.0,https://doi.org/10.5285/0eed5c99-f409-4329-a98e-47f496bb88a2,Lovett & Sünnenberg GB substations dataset; WISHAW ; SP ENERGY NETWORKS; TRANS,Exact normalized name; score 100.0/100; next-candidate margin 0.0. Coordinates represent the matched mapped feature.
Womblehill BESS Farm 132kV,Womblehill BESS Farm,RE Projects Development Limited,Energy Storage System,PRO-002197,https://www.neso.energy/data-portal/transmission-entry-capacity-tec-register,,,,No reliable infrastructure match,Unresolved,72.7,,,Best candidate 'WOOLLEY HILL WIND FARM' scored 72.7; below reliability threshold.
Woodcock Hill WF Substation,Woodcock Hill Wind Farm,PERIGUS ENERGY UK LIMITED,Energy Storage System;Wind Onshore,PRO-004282,https://www.neso.energy/data-portal/transmission-entry-capacity-tec-register,53.962488,-1.539829,Woodcock Hill,Town/locality proxy,Low,96.0,https://www.openstreetmap.org/node/11365214875,OpenStreetMap named locality: Woodcock Hill,"Town/locality proxy; score 96.0/100; next-candidate margin 0.0. Coordinates are a geographic proxy, not the confirmed electrical asset."
Woolavington 400kV Substation,Icewind Hinkley Point | Noventum- Bridgwater,KARI ENERGY LIMITED | NOVENTUM POWER SOLAR 13 LIMITED,Energy Storage System,PRO-001720 | PRO-004650,https://www.neso.energy/data-portal/transmission-entry-capacity-tec-register,51.180910,-2.926711,Woolavington 33kV Solar Pk,Strong name match,High,96.0,https://www.openstreetmap.org/node/9020770234,OpenStreetMap named substation feature: Woolavington 33kV Solar Pk,Strong name match; score 96.0/100; next-candidate margin 96.0. Coordinates represent the matched mapped feature.
Wrecclesham 33kV,Farnham BESS,Harmony FM Limited,Energy Storage System,PRO-001939,https://www.neso.energy/data-portal/transmission-entry-capacity-tec-register,51.191840,-0.825808,WRECCLESHAM,Exact normalized name,High,100.0,https://doi.org/10.5285/0eed5c99-f409-4329-a98e-47f496bb88a2,Lovett & Sünnenberg GB substations dataset; WRECCLESHAM; SSE NETWORKS; PSS,Exact normalized name; score 100.0/100; next-candidate margin 100.0. Coordinates represent the matched mapped feature.
Wylfa 132kV Substation,Wylfa Substation,WYLFA GREEN LIMITED,Energy Storage System;PV Array (Photo Voltaic/solar),PRO-000506,https://www.neso.energy/data-portal/transmission-entry-capacity-tec-register,53.415229,-4.480254,WYLFA 400KV S/S,Exact normalized name,High,100.0,https://doi.org/10.5285/0eed5c99-f409-4329-a98e-47f496bb88a2,Lovett & Sünnenberg GB substations dataset; WYLFA 400KV S/S; NATIONAL GRID; TRANS,Exact normalized name; score 100.0/100; next-candidate margin 0.0. Coordinates represent the matched mapped feature.
Wylfa 400kV Substation,BOOM Power Llanbabo Generation,Carrog Storage Facility Limited,Energy Storage System,PRO-001540,https://www.neso.energy/data-portal/transmission-entry-capacity-tec-register,53.415229,-4.480254,WYLFA 400KV S/S,Exact normalized name,High,100.0,https://doi.org/10.5285/0eed5c99-f409-4329-a98e-47f496bb88a2,Lovett & Sünnenberg GB substations dataset; WYLFA 400KV S/S; NATIONAL GRID; TRANS,Exact normalized name; score 100.0/100; next-candidate margin 0.0. Coordinates represent the matched mapped feature.
Wylfa South 400kV Substation,Lightsource Mon Solar 2 | Lightsourcebp Amlwch BESS and Hydrogen | Mon Solar Farm,LIGHTSOURCE SPV 204 LIMITED | Lightsource Renewable UK Development Limited,Energy Storage System;PV Array (Photo Voltaic/solar) | Demand;Energy Storage System,PRO-002563 | PRO-004856 | PRO-001480-1 | PRO-001480-2,https://www.neso.energy/data-portal/transmission-entry-capacity-tec-register,,,,No reliable infrastructure match,Unresolved,70.0,,,Best candidate 'Awe South Substation' scored 70.0; below reliability threshold.
Wymondley 2 400kV Substation,EcoWymondley,Econergy International Limited,Demand;Energy Storage System;PV Array (Photo Voltaic/solar),PRO-002529,https://www.neso.energy/data-portal/transmission-entry-capacity-tec-register,51.927136,-0.250222,WYMONDLEY 400KV S/S,Strong name match,High,100.0,https://doi.org/10.5285/0eed5c99-f409-4329-a98e-47f496bb88a2,Lovett & Sünnenberg GB substations dataset; WYMONDLEY 400KV S/S; NATIONAL GRID; TRANS,Strong name match; score 100.0/100; next-candidate margin 4.0. Coordinates represent the matched mapped feature.
Wymondley 400kV Substation,Wymondley | Wymondley BESS Limited | Wymondley GEC (Ethos Green) | Wymondley High Impact Green Energy Hub (HIGEH) 1 | Wymondley Solar Farm,Priory Generation Limited | ENSO GREEN HOLDINGS LIMITED | AGR RENEWABLES LIMITED | WYMONDLEY GREEN ENERGY CENTRE LTD | TELIS ENERGY UK LIMITED | AGR SOLAR 4 LIMITED,Energy Storage System;PV Array (Photo Voltaic/solar) | Energy Storage System | Demand;Energy Storage System;PV Array (Photo Voltaic/solar);Reactive Compensation | Energy Storage System;PV Array (Photo Voltaic/solar);Reactive Compensation;Wind Onshore,PRO-001245 | PRO-002187 | PRO-003496 | PRO-003934 | PRO-002659 | PRO-001105,https://www.neso.energy/data-portal/transmission-entry-capacity-tec-register,51.927136,-0.250222,WYMONDLEY 400KV S/S,Exact normalized name,High,100.0,https://doi.org/10.5285/0eed5c99-f409-4329-a98e-47f496bb88a2,Lovett & Sünnenberg GB substations dataset; WYMONDLEY 400KV S/S; NATIONAL GRID; TRANS,Exact normalized name; score 100.0/100; next-candidate margin 0.0. Coordinates represent the matched mapped feature.
Wymondley GSP,Green Frog @ Letchworth,VIRIDIS 178 LIMITED,OCGT (Open Cycle Gas Turbine),PRO-000246,https://www.neso.energy/data-portal/transmission-entry-capacity-tec-register,51.927136,-0.250222,WYMONDLEY 400KV S/S,Exact normalized name,High,100.0,https://doi.org/10.5285/0eed5c99-f409-4329-a98e-47f496bb88a2,Lovett & Sünnenberg GB substations dataset; WYMONDLEY 400KV S/S; NATIONAL GRID; TRANS,Exact normalized name; score 100.0/100; next-candidate margin 0.0. Coordinates represent the matched mapped feature.
Wyseby Hill Energy Farm 400kV Substation,Wyseby Hill Energy Farm,WYSEBYHILL ENERGY FARM LIMITED,Energy Storage System;PV Array (Photo Voltaic/solar),PRO-001884,https://www.neso.energy/data-portal/transmission-entry-capacity-tec-register,,,,No reliable infrastructure match,Unresolved,66.7,,,Best candidate 'Hawkers Hill Energy Park' scored 66.7; below reliability threshold.
Yaxley 400kV Substation,EcoYaxley1 | Eye Grid Services Facility | Progress Power Station | Yaxley GEC (Ethos Green),Econergy International Limited | CONRAD (EYE) LIMITED | PROGRESS POWER LIMITED | YAXLEY GREEN ENERGY CENTRE LTD,Energy Storage System;PV Array (Photo Voltaic/solar) | Reactive Compensation | OCGT (Open Cycle Gas Turbine) | Demand;Energy Storage System;PV Array (Photo Voltaic/solar);Reactive Compensation,PRO-002053 | PRO-003688 | PRO-000274 | PRO-003935,https://www.neso.energy/data-portal/transmission-entry-capacity-tec-register,52.331976,1.105285,Yaxley Substation,Exact normalized name,High,100.0,https://www.openstreetmap.org/way/1389837653,OpenStreetMap named substation feature: Yaxley Substation,Exact normalized name; score 100.0/100; next-candidate margin 100.0. Coordinates represent the matched mapped feature.
